dataset,public_trajectory_id,original_trajectory_sha256,public_span_id,start_step_index,end_step_index,span_label,hard_negative,productive_iteration_flag,unproductive_cycle_flag,uncertain_flag,unresolved_flag,confidence,step_count
Natural500,Natural500_T000001,f1326d59ca2fef87cb0fccd123b0f766a93d7ed72f537ac45a5e92dfc7f3eb44,S0002782,6,6,productive_iteration,True,True,False,False,False,,1.0
Natural500,Natural500_T000001,f1326d59ca2fef87cb0fccd123b0f766a93d7ed72f537ac45a5e92dfc7f3eb44,S0002783,0,1,productive_iteration,False,True,False,False,False,,2.0
Natural500,Natural500_T000001,f1326d59ca2fef87cb0fccd123b0f766a93d7ed72f537ac45a5e92dfc7f3eb44,S0002784,7,12,productive_iteration,False,True,False,False,False,,6.0
Natural500,Natural500_T000001,f1326d59ca2fef87cb0fccd123b0f766a93d7ed72f537ac45a5e92dfc7f3eb44,S0002785,2,4,productive_iteration,True,True,False,False,False,,3.0
Natural500,Natural500_T000002,1825eb753b89930ee706614d23d1a25654eeb25448f73e04f26cdc0f8f306095,S0002786,0,8,productive_iteration,False,True,False,False,False,,8.0
Natural500,Natural500_T000003,d285e5627e673149dc7a1fff135571251d9f93244cd852b43626f21af865d5b9,S0002787,0,9,productive_iteration,False,True,False,False,False,,10.0
Natural500,Natural500_T000003,d285e5627e673149dc7a1fff135571251d9f93244cd852b43626f21af865d5b9,S0002788,11,12,productive_iteration,False,True,False,False,False,,2.0
Natural500,Natural500_T000004,42c4bd06ec5bfa1f6ee6af35adc79c8adde0a1fc376597a460063e670883f23d,S0002789,4,4,productive_iteration,False,True,False,False,False,,1.0
Natural500,Natural500_T000004,42c4bd06ec5bfa1f6ee6af35adc79c8adde0a1fc376597a460063e670883f23d,S0002790,0,3,productive_iteration,False,True,False,False,False,,4.0
Natural500,Natural500_T000004,42c4bd06ec5bfa1f6ee6af35adc79c8adde0a1fc376597a460063e670883f23d,S0002791,5,9,productive_iteration,False,True,False,False,False,,5.0
Natural500,Natural500_T000005,ab97560f8d220941d7f425e2577890be1210b35acb70a0afd21d6331096b8ae8,S0002792,0,14,productive_iteration,False,True,False,False,False,,15.0
Natural500,Natural500_T000006,64616f21ef2dbb6a43010505f9807bb2de8f1fbb6d8f46a4b51cafb44eb95d04,S0002793,2,11,productive_iteration,False,True,False,False,False,,9.0
Natural500,Natural500_T000007,0400dae36d9679d36453ef887003e3129d9460d19aefa5a9dc5959404a882994,S0002794,12,12,unproductive_cycle,False,False,True,False,False,,1.0
Natural500,Natural500_T000007,0400dae36d9679d36453ef887003e3129d9460d19aefa5a9dc5959404a882994,S0002795,4,10,productive_iteration,False,True,False,False,False,,7.0
Natural500,Natural500_T000008,6df96cb6ddd2aad92e7afdd1ef1c681b88b6745e996bd063e922347fdc4023c8,S0002796,14,22,productive_iteration,True,True,False,False,False,,4.0
Natural500,Natural500_T000008,6df96cb6ddd2aad92e7afdd1ef1c681b88b6745e996bd063e922347fdc4023c8,S0002797,36,45,unproductive_cycle,False,False,True,False,False,,4.0
Natural500,Natural500_T000008,6df96cb6ddd2aad92e7afdd1ef1c681b88b6745e996bd063e922347fdc4023c8,S0002798,3,9,productive_iteration,False,True,False,False,False,,7.0
Natural500,Natural500_T000008,6df96cb6ddd2aad92e7afdd1ef1c681b88b6745e996bd063e922347fdc4023c8,S0002799,15,17,productive_iteration,False,True,False,False,False,,3.0
Natural500,Natural500_T000008,6df96cb6ddd2aad92e7afdd1ef1c681b88b6745e996bd063e922347fdc4023c8,S0002800,24,35,unproductive_cycle,False,False,True,False,False,,12.0
Natural500,Natural500_T000008,6df96cb6ddd2aad92e7afdd1ef1c681b88b6745e996bd063e922347fdc4023c8,S0002801,37,39,unproductive_cycle,False,False,True,False,False,,3.0
Natural500,Natural500_T000008,6df96cb6ddd2aad92e7afdd1ef1c681b88b6745e996bd063e922347fdc4023c8,S0002802,41,43,unproductive_cycle,False,False,True,False,False,,3.0
Natural500,Natural500_T000009,d957f88f866a604e238ef9db7a0c7b1f2c02f6068ad5ea2db342adcae9b7af15,S0002803,0,14,unproductive_cycle,False,False,True,False,False,,15.0
Natural500,Natural500_T000010,8d66651ed7b3ab4f419a084152a6671e469c17282374c18d792bb9bcecca8ffc,S0002804,0,1,productive_iteration,True,True,False,False,False,,2.0
Natural500,Natural500_T000011,0ce822459e0919e12883bb4a4bfdcd56c59e41726d94120dd6ad53d35fca34ac,S0002805,2,4,unproductive_cycle,False,False,True,False,False,,3.0
Natural500,Natural500_T000011,0ce822459e0919e12883bb4a4bfdcd56c59e41726d94120dd6ad53d35fca34ac,S0002806,0,1,productive_iteration,False,True,False,False,False,,2.0
Natural500,Natural500_T000011,0ce822459e0919e12883bb4a4bfdcd56c59e41726d94120dd6ad53d35fca34ac,S0002807,5,6,productive_iteration,False,True,False,False,False,,2.0
Natural500,Natural500_T000012,66bb99ae2a174277b13814806ce66e27114755977d26d6c49227f98e4a86a3c0,S0002808,1,8,productive_iteration,False,True,False,False,False,,8.0
Natural500,Natural500_T000013,ec5c094e6e5db82530d91aa3b8619bc7f66fd8b8a7474e50f28f16115ae1b31f,S0002809,0,5,productive_iteration,False,True,False,False,False,,5.0
Natural500,Natural500_T000014,4cb7b62e0126aca52fe8b209dc0ec5ba3243d5a6a228f27a87d6f87011de8123,S0002810,0,7,productive_iteration,False,True,False,False,False,,8.0
Natural500,Natural500_T000015,79a2a8a21dcbaf876c6dccbc63c6394288dd73f317970af86e99974c8eb113f7,S0002811,3,15,productive_iteration,True,True,False,False,False,,11.0
Natural500,Natural500_T000015,79a2a8a21dcbaf876c6dccbc63c6394288dd73f317970af86e99974c8eb113f7,S0002812,0,2,productive_iteration,False,True,False,False,False,,3.0
Natural500,Natural500_T000015,79a2a8a21dcbaf876c6dccbc63c6394288dd73f317970af86e99974c8eb113f7,S0002813,12,13,productive_iteration,False,True,False,False,False,,2.0
Natural500,Natural500_T000015,79a2a8a21dcbaf876c6dccbc63c6394288dd73f317970af86e99974c8eb113f7,S0002814,16,17,productive_iteration,False,True,False,False,False,,2.0
Natural500,Natural500_T000016,290e272dd4cd437ee0134b7ffe4d15d5a9a77fc403eca9313fa4628c2ed398d6,S0002815,1,6,productive_iteration,False,True,False,False,False,,6.0
Natural500,Natural500_T000016,290e272dd4cd437ee0134b7ffe4d15d5a9a77fc403eca9313fa4628c2ed398d6,S0002816,12,14,productive_iteration,True,True,False,False,False,,3.0
Natural500,Natural500_T000016,290e272dd4cd437ee0134b7ffe4d15d5a9a77fc403eca9313fa4628c2ed398d6,S0002817,9,11,productive_iteration,True,True,False,False,False,,3.0
Natural500,Natural500_T000017,03f22ddc68f0510dda335c705fa8ed9e9b70373757a3dd18ab789cd537be1645,S0002818,0,11,productive_iteration,False,True,False,False,False,,11.0
Natural500,Natural500_T000018,7ea5a82546b68fa8bf05b79f38752f82cac8885691e9891de5ce8af4a6a211f0,S0002819,5,24,productive_iteration,True,True,False,False,False,,4.0
Natural500,Natural500_T000018,7ea5a82546b68fa8bf05b79f38752f82cac8885691e9891de5ce8af4a6a211f0,S0002820,10,20,unproductive_cycle,False,False,True,False,False,,6.0
Natural500,Natural500_T000018,7ea5a82546b68fa8bf05b79f38752f82cac8885691e9891de5ce8af4a6a211f0,S0002821,0,4,productive_iteration,False,True,False,False,False,,5.0
Natural500,Natural500_T000018,7ea5a82546b68fa8bf05b79f38752f82cac8885691e9891de5ce8af4a6a211f0,S0002822,6,8,productive_iteration,True,True,False,False,False,,3.0
Natural500,Natural500_T000018,7ea5a82546b68fa8bf05b79f38752f82cac8885691e9891de5ce8af4a6a211f0,S0002823,15,17,productive_iteration,False,True,False,False,False,,3.0
Natural500,Natural500_T000018,7ea5a82546b68fa8bf05b79f38752f82cac8885691e9891de5ce8af4a6a211f0,S0002824,25,26,productive_iteration,False,True,False,False,False,,1.0
Natural500,Natural500_T000019,5a633ad1598dd4c94f07d8863c17a17794bb5ea5223c711eb1bac60eea4c0b31,S0002825,23,25,unproductive_cycle,False,False,True,False,False,,3.0
Natural500,Natural500_T000019,5a633ad1598dd4c94f07d8863c17a17794bb5ea5223c711eb1bac60eea4c0b31,S0002826,0,7,productive_iteration,False,True,False,False,False,,8.0
Natural500,Natural500_T000019,5a633ad1598dd4c94f07d8863c17a17794bb5ea5223c711eb1bac60eea4c0b31,S0002827,10,14,productive_iteration,False,True,False,False,False,,5.0
Natural500,Natural500_T000019,5a633ad1598dd4c94f07d8863c17a17794bb5ea5223c711eb1bac60eea4c0b31,S0002828,17,18,productive_iteration,False,True,False,False,False,,2.0
Natural500,Natural500_T000019,5a633ad1598dd4c94f07d8863c17a17794bb5ea5223c711eb1bac60eea4c0b31,S0002829,21,22,productive_iteration,False,True,False,False,False,,2.0
Natural500,Natural500_T000020,f722802af6f64bcaa307bdfd6ae670b6929041503a10d06c0cf2a4e935b0d547,S0002830,7,10,productive_iteration,True,True,False,False,False,,2.0
Natural500,Natural500_T000020,f722802af6f64bcaa307bdfd6ae670b6929041503a10d06c0cf2a4e935b0d547,S0002831,0,6,productive_iteration,False,True,False,False,False,,7.0
Natural500,Natural500_T000020,f722802af6f64bcaa307bdfd6ae670b6929041503a10d06c0cf2a4e935b0d547,S0002832,8,9,productive_iteration,True,True,False,False,False,,2.0
Natural500,Natural500_T000021,9ae6cfc30362794be4443c03a9eda58dd22fe1ff83a94329da6e29b897c1d52c,S0002833,0,6,productive_iteration,True,True,False,False,False,,6.0
Natural500,Natural500_T000022,0a4ab49382310d4e35814beb6e7374228a532ca5c102c96c40cd14b8dbd676f0,S0002834,0,3,productive_iteration,False,True,False,False,False,,2.0
Natural500,Natural500_T000022,0a4ab49382310d4e35814beb6e7374228a532ca5c102c96c40cd14b8dbd676f0,S0002835,6,16,unproductive_cycle,False,False,True,False,False,,9.0
Natural500,Natural500_T000022,0a4ab49382310d4e35814beb6e7374228a532ca5c102c96c40cd14b8dbd676f0,S0002836,1,2,productive_iteration,False,True,False,False,False,,2.0
Natural500,Natural500_T000022,0a4ab49382310d4e35814beb6e7374228a532ca5c102c96c40cd14b8dbd676f0,S0002837,4,5,productive_iteration,False,True,False,False,False,,2.0
Natural500,Natural500_T000022,0a4ab49382310d4e35814beb6e7374228a532ca5c102c96c40cd14b8dbd676f0,S0002838,13,14,productive_iteration,False,True,False,False,False,,2.0
Natural500,Natural500_T000023,0a87667b9e354b54a762a76287677eb45be3326b2f1a488873c4864faaed6a04,S0002839,0,1,productive_iteration,False,True,False,False,False,,2.0
Natural500,Natural500_T000023,0a87667b9e354b54a762a76287677eb45be3326b2f1a488873c4864faaed6a04,S0002840,3,6,productive_iteration,False,True,False,False,False,,3.0
Natural500,Natural500_T000024,1afdbba83e961fef7b418a0de42a784789f47e5d78d6ecd26be5d839ae0c68c8,S0002841,0,2,productive_iteration,False,True,False,False,False,,3.0
Natural500,Natural500_T000025,06d478bb8a58ac82a2a2c914f4be9c5b73d93f7abdbc9b3b8a8bbea01c7acc3a,S0002842,7,7,productive_iteration,True,True,False,False,False,,1.0
Natural500,Natural500_T000025,06d478bb8a58ac82a2a2c914f4be9c5b73d93f7abdbc9b3b8a8bbea01c7acc3a,S0002843,0,2,productive_iteration,False,True,False,False,False,,3.0
Natural500,Natural500_T000025,06d478bb8a58ac82a2a2c914f4be9c5b73d93f7abdbc9b3b8a8bbea01c7acc3a,S0002844,4,6,productive_iteration,True,True,False,False,False,,3.0
Natural500,Natural500_T000026,717eccbc496cce5c2fcb86409f19153395e151603ec019c215112c18aba973db,S0002845,0,8,productive_iteration,False,True,False,False,False,,9.0
Natural500,Natural500_T000027,949149d5367c4f2d86147ec9171f1908fed0bb003aa0399c55312a974aedb9d7,S0002846,0,5,productive_iteration,False,True,False,False,False,,6.0
Natural500,Natural500_T000027,949149d5367c4f2d86147ec9171f1908fed0bb003aa0399c55312a974aedb9d7,S0002847,9,13,productive_iteration,False,True,False,False,False,,5.0
Natural500,Natural500_T000027,949149d5367c4f2d86147ec9171f1908fed0bb003aa0399c55312a974aedb9d7,S0002848,6,8,unproductive_cycle,False,False,True,False,False,,3.0
Natural500,Natural500_T000028,6f58313a553730119335a3e5d804247ccf273cc6566348ce943ea72d25da989c,S0002849,5,6,productive_iteration,True,True,False,False,False,,2.0
Natural500,Natural500_T000028,6f58313a553730119335a3e5d804247ccf273cc6566348ce943ea72d25da989c,S0002850,0,4,productive_iteration,False,True,False,False,False,,5.0
Natural500,Natural500_T000028,6f58313a553730119335a3e5d804247ccf273cc6566348ce943ea72d25da989c,S0002851,8,11,productive_iteration,True,True,False,False,False,,4.0
Natural500,Natural500_T000029,943fbd3501b0b3e966940a52db76370cd84d7b39980b3b4e84565d96fb21e93a,S0002852,0,5,productive_iteration,True,True,False,False,False,,5.0
Natural500,Natural500_T000030,4751602520053ccf36350625edab76ac965eb287b8631af64de2190164d7ddaa,S0002853,0,3,productive_iteration,False,True,False,False,False,,4.0
Natural500,Natural500_T000030,4751602520053ccf36350625edab76ac965eb287b8631af64de2190164d7ddaa,S0002854,7,12,productive_iteration,False,True,False,False,False,,5.0
Natural500,Natural500_T000030,4751602520053ccf36350625edab76ac965eb287b8631af64de2190164d7ddaa,S0002855,4,6,unproductive_cycle,False,False,True,False,False,,3.0
Natural500,Natural500_T000031,ca815bb513c3ddb5baa1e567525cab561c5ed1524a07878d4ca7f6fb13257321,S0002856,0,2,productive_iteration,False,True,False,False,False,,3.0
Natural500,Natural500_T000032,9e465c43b099feeeccbbd196deb6df59c867bd64387028cbeaff7d7047c185ba,S0002857,0,10,productive_iteration,False,True,False,False,False,,11.0
Natural500,Natural500_T000033,795c867ba0125b702b2b5d8b4563931d2297729c2f7ec17d71acc0b7473b5f12,S0002858,2,2,productive_iteration,False,True,False,False,False,,1.0
Natural500,Natural500_T000033,795c867ba0125b702b2b5d8b4563931d2297729c2f7ec17d71acc0b7473b5f12,S0002859,0,1,productive_iteration,False,True,False,False,False,,2.0
Natural500,Natural500_T000033,795c867ba0125b702b2b5d8b4563931d2297729c2f7ec17d71acc0b7473b5f12,S0002860,3,7,productive_iteration,True,True,False,False,False,,5.0
Natural500,Natural500_T000034,63ad54e15f17c0670fe76a52891bcf5ed3bcc2c6cfd91201d72115146d647f68,S0002861,4,11,productive_iteration,True,True,False,False,False,,2.0
Natural500,Natural500_T000034,63ad54e15f17c0670fe76a52891bcf5ed3bcc2c6cfd91201d72115146d647f68,S0002862,0,1,productive_iteration,False,True,False,False,False,,2.0
Natural500,Natural500_T000034,63ad54e15f17c0670fe76a52891bcf5ed3bcc2c6cfd91201d72115146d647f68,S0002863,5,8,productive_iteration,False,True,False,False,False,,4.0
Natural500,Natural500_T000034,63ad54e15f17c0670fe76a52891bcf5ed3bcc2c6cfd91201d72115146d647f68,S0002864,13,14,productive_iteration,False,True,False,False,False,,1.0
Natural500,Natural500_T000035,9f25a4131680d90449c9c8f6a25ff0a1aa2c2076b066ac881d5690fea1c0189f,S0002865,7,7,productive_iteration,True,True,False,False,False,,1.0
Natural500,Natural500_T000035,9f25a4131680d90449c9c8f6a25ff0a1aa2c2076b066ac881d5690fea1c0189f,S0002866,8,9,unproductive_cycle,False,False,True,False,False,,2.0
Natural500,Natural500_T000035,9f25a4131680d90449c9c8f6a25ff0a1aa2c2076b066ac881d5690fea1c0189f,S0002867,4,6,productive_iteration,False,True,False,False,False,,3.0
Natural500,Natural500_T000035,9f25a4131680d90449c9c8f6a25ff0a1aa2c2076b066ac881d5690fea1c0189f,S0002868,10,12,productive_iteration,False,True,False,False,False,,3.0
Natural500,Natural500_T000036,465943517bec156055cfafe0143322aa7e8ea1fecbd27a8bf6f7e8e33b0d40ca,S0002869,0,2,productive_iteration,False,True,False,False,False,,3.0
Natural500,Natural500_T000036,465943517bec156055cfafe0143322aa7e8ea1fecbd27a8bf6f7e8e33b0d40ca,S0002870,4,6,productive_iteration,False,True,False,False,False,,3.0
Natural500,Natural500_T000037,b5e970654350c518f28f9ce831afdfeb4688ab4083d88698f24a29006540eedf,S0002871,0,4,productive_iteration,False,True,False,False,False,,5.0
Natural500,Natural500_T000037,b5e970654350c518f28f9ce831afdfeb4688ab4083d88698f24a29006540eedf,S0002872,6,9,productive_iteration,False,True,False,False,False,,4.0
Natural500,Natural500_T000038,e4e366e1fee168b7010cb12557c70c71841fe9b05cd56d8053b6e5cfc9a09404,S0002873,0,4,unproductive_cycle,False,False,True,False,False,,5.0
Natural500,Natural500_T000039,0852ec7e5e31eadc95d77f9a812a520b5551b4e2aa575dcb26a966f42c065014,S0002874,6,6,productive_iteration,False,True,False,False,False,,1.0
Natural500,Natural500_T000039,0852ec7e5e31eadc95d77f9a812a520b5551b4e2aa575dcb26a966f42c065014,S0002875,1,2,productive_iteration,False,True,False,False,False,,2.0
Natural500,Natural500_T000039,0852ec7e5e31eadc95d77f9a812a520b5551b4e2aa575dcb26a966f42c065014,S0002876,4,5,productive_iteration,False,True,False,False,False,,2.0
Natural500,Natural500_T000039,0852ec7e5e31eadc95d77f9a812a520b5551b4e2aa575dcb26a966f42c065014,S0002877,7,9,productive_iteration,False,True,False,False,False,,3.0
Natural500,Natural500_T000040,06907df4b7ea5eacc1eebd4ea5b2c1120e4320641edba235f1ed43215f95f41c,S0002878,12,12,productive_iteration,True,True,False,False,False,,1.0
Natural500,Natural500_T000040,06907df4b7ea5eacc1eebd4ea5b2c1120e4320641edba235f1ed43215f95f41c,S0002879,4,11,productive_iteration,False,True,False,False,False,,8.0
Natural500,Natural500_T000040,06907df4b7ea5eacc1eebd4ea5b2c1120e4320641edba235f1ed43215f95f41c,S0002880,13,14,productive_iteration,False,True,False,False,False,,2.0
Natural500,Natural500_T000041,208557a61b5a54745670f964c3b9bf3bd61f29ad558a422365ad215c03d93190,S0002881,4,4,productive_iteration,False,True,False,False,False,,1.0
Natural500,Natural500_T000041,208557a61b5a54745670f964c3b9bf3bd61f29ad558a422365ad215c03d93190,S0002882,0,3,productive_iteration,False,True,False,False,False,,4.0
Natural500,Natural500_T000041,208557a61b5a54745670f964c3b9bf3bd61f29ad558a422365ad215c03d93190,S0002883,5,11,productive_iteration,False,True,False,False,False,,6.0
Natural500,Natural500_T000042,1840d2e3cf60768be51e9f9522f32408fa7aa1b50fea459cf6ff59d4498c269f,S0002884,0,10,productive_iteration,True,True,False,False,False,,11.0
Natural500,Natural500_T000043,84e76cb34293bd3fb16a512a51930b92245219d0069bdd2ee3520fb088abe880,S0002885,0,2,productive_iteration,True,True,False,False,False,,3.0
Natural500,Natural500_T000043,84e76cb34293bd3fb16a512a51930b92245219d0069bdd2ee3520fb088abe880,S0002886,4,11,productive_iteration,False,True,False,False,False,,8.0
Natural500,Natural500_T000044,7097dbcd78f8a4b1db2286b8c7eda771bc2cb7726138ac77919f623c03d4b71d,S0002887,0,11,productive_iteration,False,True,False,False,False,,12.0
Natural500,Natural500_T000045,71904eed1aebc7b7dbff6983914581f7ca0a60f3a3fbf524717657c3dc9d1fa3,S0002888,3,35,productive_iteration,True,True,False,False,False,,10.0
Natural500,Natural500_T000045,71904eed1aebc7b7dbff6983914581f7ca0a60f3a3fbf524717657c3dc9d1fa3,S0002889,36,49,unproductive_cycle,False,False,True,False,False,,14.0
Natural500,Natural500_T000045,71904eed1aebc7b7dbff6983914581f7ca0a60f3a3fbf524717657c3dc9d1fa3,S0002890,0,2,productive_iteration,False,True,False,False,False,,3.0
Natural500,Natural500_T000045,71904eed1aebc7b7dbff6983914581f7ca0a60f3a3fbf524717657c3dc9d1fa3,S0002891,5,7,productive_iteration,False,True,False,False,False,,3.0
Natural500,Natural500_T000045,71904eed1aebc7b7dbff6983914581f7ca0a60f3a3fbf524717657c3dc9d1fa3,S0002892,12,13,productive_iteration,False,True,False,False,False,,2.0
Natural500,Natural500_T000045,71904eed1aebc7b7dbff6983914581f7ca0a60f3a3fbf524717657c3dc9d1fa3,S0002893,8,11,productive_iteration,True,True,False,False,False,,2.0
Natural500,Natural500_T000045,71904eed1aebc7b7dbff6983914581f7ca0a60f3a3fbf524717657c3dc9d1fa3,S0002894,28,33,unproductive_cycle,False,False,True,False,False,,1.0
Natural500,Natural500_T000046,6b346c694c77746df33aae44d111b3ce0966a619155fb1ba6a82f62662a81461,S0002895,0,7,productive_iteration,False,True,False,False,False,,8.0
Natural500,Natural500_T000047,248242c5afe163f201374e18741057e7f6e559d1cfef27d7f67e44af3098fdac,S0002896,0,3,productive_iteration,False,True,False,False,False,,4.0
Natural500,Natural500_T000048,e0a1b88f87e0893891fe408a663ba48d904ff77b8b8daf3b7d535152564db8fb,S0002897,0,3,productive_iteration,False,True,False,False,False,,4.0
Natural500,Natural500_T000048,e0a1b88f87e0893891fe408a663ba48d904ff77b8b8daf3b7d535152564db8fb,S0002898,6,7,productive_iteration,True,True,False,False,False,,2.0
Natural500,Natural500_T000049,9d87e40620c3106f4509ae3fa4041fa5211430d5fdd6ba9d1143333c315d7c26,S0002899,0,12,productive_iteration,False,True,False,False,False,,13.0
Natural500,Natural500_T000050,327b48cd3318eaeb6d293c3ceea373e388bdfb2c1d80a266c8e5e60fc04cb6a8,S0002900,3,11,productive_iteration,False,True,False,False,False,,8.0
Natural500,Natural500_T000051,c48bce85c0cb46717c15f754aa85f48b8d76607958a7a74fd619f853cb00f776,S0002901,0,1,productive_iteration,False,True,False,False,False,,2.0
Natural500,Natural500_T000051,c48bce85c0cb46717c15f754aa85f48b8d76607958a7a74fd619f853cb00f776,S0002902,3,8,productive_iteration,False,True,False,False,False,,6.0
Natural500,Natural500_T000051,c48bce85c0cb46717c15f754aa85f48b8d76607958a7a74fd619f853cb00f776,S0002903,10,11,productive_iteration,False,True,False,False,False,,2.0
Natural500,Natural500_T000052,81ffe41c1b5b026b3fd8e75c5d6c16adfab4524c96506dc769a773cbaae5eddf,S0002904,0,2,productive_iteration,False,True,False,False,False,,3.0
Natural500,Natural500_T000053,af2dfe21c1355b316b96160c65bef9f0120ef3f7f8fdaeab729c1eb131346246,S0002905,0,3,productive_iteration,False,True,False,False,False,,4.0
Natural500,Natural500_T000053,af2dfe21c1355b316b96160c65bef9f0120ef3f7f8fdaeab729c1eb131346246,S0002906,5,9,productive_iteration,False,True,False,False,False,,5.0
Natural500,Natural500_T000054,04b3e7a6c6cb0d4869f563970c46f682835e9052e20f64f89dbe2dbcde7a20c1,S0002907,0,7,productive_iteration,False,True,False,False,False,,7.0
Natural500,Natural500_T000055,2987e4afb63a0a03c76c8e45339e745f5a0bb46071ec16125ebbdbc33d2893df,S0002908,5,20,productive_iteration,True,True,False,False,False,,9.0
Natural500,Natural500_T000055,2987e4afb63a0a03c76c8e45339e745f5a0bb46071ec16125ebbdbc33d2893df,S0002909,0,4,productive_iteration,False,True,False,False,False,,5.0
Natural500,Natural500_T000055,2987e4afb63a0a03c76c8e45339e745f5a0bb46071ec16125ebbdbc33d2893df,S0002910,7,9,productive_iteration,False,True,False,False,False,,3.0
Natural500,Natural500_T000055,2987e4afb63a0a03c76c8e45339e745f5a0bb46071ec16125ebbdbc33d2893df,S0002911,12,13,productive_iteration,False,True,False,False,False,,2.0
Natural500,Natural500_T000056,1a907c864c4df0b5fa24ca2e302ef13b4b62c9f816ecb781a101c7c640791bee,S0002912,0,1,productive_iteration,False,True,False,False,False,,2.0
Natural500,Natural500_T000056,1a907c864c4df0b5fa24ca2e302ef13b4b62c9f816ecb781a101c7c640791bee,S0002913,3,4,productive_iteration,False,True,False,False,False,,2.0
Natural500,Natural500_T000057,f7bebdd201dac201b6e0daf4353b045a8371b26140af8b54c1358cf8b017e05a,S0002914,0,13,productive_iteration,False,True,False,False,False,,14.0
Natural500,Natural500_T000058,da6fcb556e532325cc65429b913413c2eb698b2fdba0179a5ae7d4c4aa14829d,S0002915,0,4,productive_iteration,False,True,False,False,False,,5.0
Natural500,Natural500_T000058,da6fcb556e532325cc65429b913413c2eb698b2fdba0179a5ae7d4c4aa14829d,S0002916,6,8,productive_iteration,False,True,False,False,False,,3.0
Natural500,Natural500_T000059,781a03d03cff5dc5eb67f73b1ddb14b3006997b3c50c17b0d4f1c4a546b22310,S0002917,0,1,productive_iteration,False,True,False,False,False,,2.0
Natural500,Natural500_T000059,781a03d03cff5dc5eb67f73b1ddb14b3006997b3c50c17b0d4f1c4a546b22310,S0002918,4,53,unproductive_cycle,False,False,True,False,False,,49.0
Natural500,Natural500_T000060,a5ff95b8369ec3281561845e4a12b113348037ad37af627dcb1b8825c91662e4,S0002919,18,18,productive_iteration,True,True,False,False,False,,1.0
Natural500,Natural500_T000060,a5ff95b8369ec3281561845e4a12b113348037ad37af627dcb1b8825c91662e4,S0002920,23,27,unproductive_cycle,False,False,True,False,False,,4.0
Natural500,Natural500_T000060,a5ff95b8369ec3281561845e4a12b113348037ad37af627dcb1b8825c91662e4,S0002921,0,17,productive_iteration,False,True,False,False,False,,18.0
Natural500,Natural500_T000060,a5ff95b8369ec3281561845e4a12b113348037ad37af627dcb1b8825c91662e4,S0002922,21,22,productive_iteration,False,True,False,False,False,,2.0
Natural500,Natural500_T000060,a5ff95b8369ec3281561845e4a12b113348037ad37af627dcb1b8825c91662e4,S0002923,29,33,productive_iteration,False,True,False,False,False,,5.0
Natural500,Natural500_T000061,7bc550a332d8e2faf13917eb54608a435d34863fa3e4514c19332994406510ec,S0002924,0,4,productive_iteration,False,True,False,False,False,,5.0
Natural500,Natural500_T000061,7bc550a332d8e2faf13917eb54608a435d34863fa3e4514c19332994406510ec,S0002925,6,9,productive_iteration,True,True,False,False,False,,4.0
Natural500,Natural500_T000062,4f7a3dd6eac7e76e2b10155ce611f17710fb4596e82492496e019510fe835b60,S0002926,0,4,productive_iteration,False,True,False,False,False,,5.0
Natural500,Natural500_T000062,4f7a3dd6eac7e76e2b10155ce611f17710fb4596e82492496e019510fe835b60,S0002927,6,11,productive_iteration,False,True,False,False,False,,6.0
Natural500,Natural500_T000062,4f7a3dd6eac7e76e2b10155ce611f17710fb4596e82492496e019510fe835b60,S0002928,13,14,productive_iteration,False,True,False,False,False,,2.0
Natural500,Natural500_T000063,5f01170db1b7b931646d8cd84312a5adf8e77e189651f2aee5c589c5064d78a2,S0002929,0,3,productive_iteration,False,True,False,False,False,,4.0
Natural500,Natural500_T000063,5f01170db1b7b931646d8cd84312a5adf8e77e189651f2aee5c589c5064d78a2,S0002930,7,12,productive_iteration,False,True,False,False,False,,6.0
Natural500,Natural500_T000064,54f1678f09331923aff74710c37aa361ed619bb86ef2df2b158376cb3b17751b,S0002931,0,9,productive_iteration,True,True,False,False,False,,10.0
Natural500,Natural500_T000065,fbc185deabce95b358347d0889e4bed3ead8f9c71567f53ffbb95f0c8a068d75,S0002932,0,13,productive_iteration,False,True,False,False,False,,14.0
Natural500,Natural500_T000065,fbc185deabce95b358347d0889e4bed3ead8f9c71567f53ffbb95f0c8a068d75,S0002933,15,16,productive_iteration,False,True,False,False,False,,2.0
Natural500,Natural500_T000066,d519e19209f101ec1faba40b31d1fd6d54eff96fbd0475d28cdd06b23791c223,S0002934,0,1,productive_iteration,False,True,False,False,False,,2.0
Natural500,Natural500_T000066,d519e19209f101ec1faba40b31d1fd6d54eff96fbd0475d28cdd06b23791c223,S0002935,3,8,productive_iteration,False,True,False,False,False,,5.0
Natural500,Natural500_T000067,cf890ee49deeed2e171aed6b301fe0133ccecc9772129a78a5bf6b5f2b6f7d8c,S0002936,0,2,productive_iteration,False,True,False,False,False,,3.0
Natural500,Natural500_T000067,cf890ee49deeed2e171aed6b301fe0133ccecc9772129a78a5bf6b5f2b6f7d8c,S0002937,4,7,productive_iteration,True,True,False,False,False,,4.0
Natural500,Natural500_T000068,037396ccd6c9ee7fc50614a273fe33b933a59ee3a4cb676456e51f6218eda123,S0002938,0,6,productive_iteration,False,True,False,False,False,,7.0
Natural500,Natural500_T000068,037396ccd6c9ee7fc50614a273fe33b933a59ee3a4cb676456e51f6218eda123,S0002939,9,11,productive_iteration,False,True,False,False,False,,3.0
Natural500,Natural500_T000069,4174dd801d4089e6cd17e9c65f8205e1e9f542788a34027928fb60df3f313fd7,S0002940,10,10,productive_iteration,True,True,False,False,False,,1.0
Natural500,Natural500_T000069,4174dd801d4089e6cd17e9c65f8205e1e9f542788a34027928fb60df3f313fd7,S0002941,0,9,productive_iteration,False,True,False,False,False,,10.0
Natural500,Natural500_T000070,aa2159a45558bb3f0507d11e100a429fed2aa66530be7e3d24726079339797cd,S0002942,0,2,productive_iteration,False,True,False,False,False,,3.0
Natural500,Natural500_T000070,aa2159a45558bb3f0507d11e100a429fed2aa66530be7e3d24726079339797cd,S0002943,4,16,productive_iteration,True,True,False,False,False,,13.0
Natural500,Natural500_T000071,7fca0cf2438d4acf9c5c9ead70259db4b5ab09be9d929b4dfb25a80ea8bfd672,S0002944,0,1,productive_iteration,False,True,False,False,False,,2.0
Natural500,Natural500_T000071,7fca0cf2438d4acf9c5c9ead70259db4b5ab09be9d929b4dfb25a80ea8bfd672,S0002945,3,113,unproductive_cycle,False,False,True,False,False,,111.0
Natural500,Natural500_T000072,3b23c9635a3466d8783d702cca35e5cc8c25b7b4a53c3c8c6bd5d85508630730,S0002946,0,7,productive_iteration,True,True,False,False,False,,8.0
Natural500,Natural500_T000073,6bf37a80ea6fe42a35b634d9c30c9ded8f29663157fa4130164fe5277609edc0,S0002947,1,7,productive_iteration,False,True,False,False,False,,7.0
Natural500,Natural500_T000074,546195c822deee5169ea8087efe673df79c616cbc9ad254d30a3d7f25abc9867,S0002948,3,6,productive_iteration,True,True,False,False,False,,4.0
Natural500,Natural500_T000074,546195c822deee5169ea8087efe673df79c616cbc9ad254d30a3d7f25abc9867,S0002949,0,2,productive_iteration,False,True,False,False,False,,3.0
Natural500,Natural500_T000074,546195c822deee5169ea8087efe673df79c616cbc9ad254d30a3d7f25abc9867,S0002950,7,12,productive_iteration,False,True,False,False,False,,6.0
Natural500,Natural500_T000074,546195c822deee5169ea8087efe673df79c616cbc9ad254d30a3d7f25abc9867,S0002951,16,19,productive_iteration,False,True,False,False,False,,3.0
Natural500,Natural500_T000075,8f2d9592fbfe1907c1d6af07cefe9cada16a43930f244c161258014c873e3201,S0002952,4,10,productive_iteration,True,True,False,False,False,,2.0
Natural500,Natural500_T000075,8f2d9592fbfe1907c1d6af07cefe9cada16a43930f244c161258014c873e3201,S0002953,2,3,unproductive_cycle,False,False,True,False,False,,2.0
Natural500,Natural500_T000075,8f2d9592fbfe1907c1d6af07cefe9cada16a43930f244c161258014c873e3201,S0002954,11,20,productive_iteration,False,True,False,False,False,,10.0
Natural500,Natural500_T000075,8f2d9592fbfe1907c1d6af07cefe9cada16a43930f244c161258014c873e3201,S0002955,6,8,unproductive_cycle,False,False,True,False,False,,3.0
Natural500,Natural500_T000076,d1ffe04d3ea162d428ef640e08eb122cfdd0d0237f71a2da039f6eb8fd434a9e,S0002956,0,12,productive_iteration,False,True,False,False,False,,13.0
Natural500,Natural500_T000077,aa28dd3a608edd745bfdfbd05b813294f29be31d597786d71ebd59834e201a23,S0002957,0,9,productive_iteration,False,True,False,False,False,,10.0
Natural500,Natural500_T000078,952abd278759c4985cb26b3d417aa8631a6a0da995f130bb6362ac52e7f0dea3,S0002958,0,12,productive_iteration,False,True,False,False,False,,13.0
Natural500,Natural500_T000079,9ef01e6b8c3f867c4357ff652cc9cc152100d1aca0f0ea4291219b26de18233b,S0002959,7,15,productive_iteration,True,True,False,False,False,,3.0
Natural500,Natural500_T000079,9ef01e6b8c3f867c4357ff652cc9cc152100d1aca0f0ea4291219b26de18233b,S0002960,0,2,productive_iteration,False,True,False,False,False,,3.0
Natural500,Natural500_T000079,9ef01e6b8c3f867c4357ff652cc9cc152100d1aca0f0ea4291219b26de18233b,S0002961,8,13,productive_iteration,False,True,False,False,False,,6.0
Natural500,Natural500_T000079,9ef01e6b8c3f867c4357ff652cc9cc152100d1aca0f0ea4291219b26de18233b,S0002962,16,17,productive_iteration,False,True,False,False,False,,2.0
Natural500,Natural500_T000079,9ef01e6b8c3f867c4357ff652cc9cc152100d1aca0f0ea4291219b26de18233b,S0002963,3,6,unproductive_cycle,False,False,True,False,False,,4.0
Natural500,Natural500_T000080,3861e7b17f2a1833418a0ccb7138a41989ccd27b7009aa68da800bc8d62cf385,S0002964,0,9,productive_iteration,True,True,False,False,False,,10.0
Natural500,Natural500_T000081,adc4cdf7ae23730a024d55f790b6c88049e7afdf56a1df0bf238b0908113203d,S0002965,0,6,productive_iteration,False,True,False,False,False,,7.0
Natural500,Natural500_T000082,b8bc02d41e1c5b99099b82deae96c7255d302c49c9bcd2f54b0a683734baf34e,S0002966,0,2,productive_iteration,False,True,False,False,False,,3.0
Natural500,Natural500_T000082,b8bc02d41e1c5b99099b82deae96c7255d302c49c9bcd2f54b0a683734baf34e,S0002967,6,18,productive_iteration,False,True,False,False,False,,13.0
Natural500,Natural500_T000083,4d64e5eb679bed36fa4748ef0a973eeb08e5803e2eea6d71e0b7a74bbd59172e,S0002968,2,10,productive_iteration,False,True,False,False,False,,9.0
Natural500,Natural500_T000083,4d64e5eb679bed36fa4748ef0a973eeb08e5803e2eea6d71e0b7a74bbd59172e,S0002969,12,14,productive_iteration,False,True,False,False,False,,3.0
Natural500,Natural500_T000083,4d64e5eb679bed36fa4748ef0a973eeb08e5803e2eea6d71e0b7a74bbd59172e,S0002970,16,18,productive_iteration,False,True,False,False,False,,3.0
Natural500,Natural500_T000083,4d64e5eb679bed36fa4748ef0a973eeb08e5803e2eea6d71e0b7a74bbd59172e,S0002971,20,23,productive_iteration,True,True,False,False,False,,4.0
Natural500,Natural500_T000084,1f36118a82f7948333017178a2ee223f7531ed251d3b6ce6902ddc57aa194f19,S0002972,0,7,productive_iteration,False,True,False,False,False,,8.0
Natural500,Natural500_T000085,742670fc0f521f1c5ab8aacfd0ed8ceb2b2f5592aae25bdda7b9e4f47bbf8b36,S0002973,6,12,productive_iteration,True,True,False,False,False,,5.0
Natural500,Natural500_T000085,742670fc0f521f1c5ab8aacfd0ed8ceb2b2f5592aae25bdda7b9e4f47bbf8b36,S0002974,4,5,productive_iteration,False,True,False,False,False,,2.0
Natural500,Natural500_T000085,742670fc0f521f1c5ab8aacfd0ed8ceb2b2f5592aae25bdda7b9e4f47bbf8b36,S0002975,10,11,productive_iteration,False,True,False,False,False,,2.0
Natural500,Natural500_T000085,742670fc0f521f1c5ab8aacfd0ed8ceb2b2f5592aae25bdda7b9e4f47bbf8b36,S0002976,13,15,productive_iteration,False,True,False,False,False,,3.0
Natural500,Natural500_T000085,742670fc0f521f1c5ab8aacfd0ed8ceb2b2f5592aae25bdda7b9e4f47bbf8b36,S0002977,19,20,productive_iteration,False,True,False,False,False,,2.0
Natural500,Natural500_T000086,ba2e1600d7a86c4f2030998ff78f03f8f72928e354e6179827be595cb0f40e22,S0002978,0,3,productive_iteration,False,True,False,False,False,,4.0
Natural500,Natural500_T000086,ba2e1600d7a86c4f2030998ff78f03f8f72928e354e6179827be595cb0f40e22,S0002979,5,6,productive_iteration,False,True,False,False,False,,2.0
Natural500,Natural500_T000087,effe31a2070c75d4275135cfa47bc2db123f717bd3537054988cff2bb381783e,S0002980,3,8,productive_iteration,False,True,False,False,False,,6.0
Natural500,Natural500_T000088,45edd1a0280c8856209624e1bf67da1bcfc8b489d60ab38556920c576446fb2b,S0002981,6,6,productive_iteration,True,True,False,False,False,,1.0
Natural500,Natural500_T000088,45edd1a0280c8856209624e1bf67da1bcfc8b489d60ab38556920c576446fb2b,S0002982,1,4,productive_iteration,False,True,False,False,False,,4.0
Natural500,Natural500_T000088,45edd1a0280c8856209624e1bf67da1bcfc8b489d60ab38556920c576446fb2b,S0002983,7,12,productive_iteration,False,True,False,False,False,,6.0
Natural500,Natural500_T000089,14d092626ed256734fa002e072ddfdbe67611545808666713c138205b71883a7,S0002984,22,22,unproductive_cycle,False,False,True,False,False,,1.0
Natural500,Natural500_T000089,14d092626ed256734fa002e072ddfdbe67611545808666713c138205b71883a7,S0002985,3,21,productive_iteration,True,True,False,False,False,,2.0
Natural500,Natural500_T000089,14d092626ed256734fa002e072ddfdbe67611545808666713c138205b71883a7,S0002986,3,21,unproductive_cycle,False,False,True,False,False,,17.0
Natural500,Natural500_T000090,749cdd818aabd4237b84eb43413540f1922a5334b77073af4b13005361cdc334,S0002987,3,5,productive_iteration,True,True,False,False,False,,3.0
Natural500,Natural500_T000090,749cdd818aabd4237b84eb43413540f1922a5334b77073af4b13005361cdc334,S0002988,7,7,unproductive_cycle,False,False,True,False,False,,1.0
Natural500,Natural500_T000090,749cdd818aabd4237b84eb43413540f1922a5334b77073af4b13005361cdc334,S0002989,0,2,productive_iteration,False,True,False,False,False,,3.0
Natural500,Natural500_T000091,d9cc2e669f2dd2cbbb5603421d58a8bfa6142e8db5860aee22429c90905c6608,S0002990,1,4,productive_iteration,False,True,False,False,False,,4.0
Natural500,Natural500_T000091,d9cc2e669f2dd2cbbb5603421d58a8bfa6142e8db5860aee22429c90905c6608,S0002991,9,11,productive_iteration,False,True,False,False,False,,2.0
Natural500,Natural500_T000092,57f9008c16005e1ad9814bbee3aad7a34dddadd5870489b74f4d3d5451c90c2f,S0002992,0,9,productive_iteration,False,True,False,False,False,,9.0
Natural500,Natural500_T000093,4b836f82331f2edee2771a07c3fb96271456bd4438f8986558e1330583909591,S0002993,0,6,productive_iteration,False,True,False,False,False,,7.0
Natural500,Natural500_T000093,4b836f82331f2edee2771a07c3fb96271456bd4438f8986558e1330583909591,S0002994,8,11,productive_iteration,False,True,False,False,False,,4.0
Natural500,Natural500_T000094,48190b9c9f27a6a5911a59a8fa50ea225096e6c869b122b11cecbc53beccc57d,S0002995,12,12,productive_iteration,True,True,False,False,False,,1.0
Natural500,Natural500_T000094,48190b9c9f27a6a5911a59a8fa50ea225096e6c869b122b11cecbc53beccc57d,S0002996,22,37,unproductive_cycle,False,False,True,False,False,,2.0
Natural500,Natural500_T000094,48190b9c9f27a6a5911a59a8fa50ea225096e6c869b122b11cecbc53beccc57d,S0002997,0,9,productive_iteration,True,True,False,False,False,,10.0
Natural500,Natural500_T000094,48190b9c9f27a6a5911a59a8fa50ea225096e6c869b122b11cecbc53beccc57d,S0002998,13,14,productive_iteration,False,True,False,False,False,,2.0
Natural500,Natural500_T000094,48190b9c9f27a6a5911a59a8fa50ea225096e6c869b122b11cecbc53beccc57d,S0002999,16,21,unproductive_cycle,False,False,True,False,False,,6.0
Natural500,Natural500_T000094,48190b9c9f27a6a5911a59a8fa50ea225096e6c869b122b11cecbc53beccc57d,S0003000,23,36,unproductive_cycle,False,False,True,False,False,,14.0
Natural500,Natural500_T000095,7dc5853fedc58b5e69d3f8b666c0d5da3ece484a2df70edf08d2fdc674aacef5,S0003001,10,10,unproductive_cycle,False,False,True,False,False,,1.0
Natural500,Natural500_T000095,7dc5853fedc58b5e69d3f8b666c0d5da3ece484a2df70edf08d2fdc674aacef5,S0003002,0,9,productive_iteration,False,True,False,False,False,,10.0
Natural500,Natural500_T000095,7dc5853fedc58b5e69d3f8b666c0d5da3ece484a2df70edf08d2fdc674aacef5,S0003003,14,21,productive_iteration,False,True,False,False,False,,8.0
Natural500,Natural500_T000095,7dc5853fedc58b5e69d3f8b666c0d5da3ece484a2df70edf08d2fdc674aacef5,S0003004,11,13,unproductive_cycle,False,False,True,False,False,,3.0
Natural500,Natural500_T000096,f41fd4ea84840157e9df90b89ee1658ad792434598f8f34774d835925f21d658,S0003005,0,5,productive_iteration,False,True,False,False,False,,6.0
Natural500,Natural500_T000096,f41fd4ea84840157e9df90b89ee1658ad792434598f8f34774d835925f21d658,S0003006,7,12,productive_iteration,False,True,False,False,False,,6.0
Natural500,Natural500_T000097,b121bf647b4be18ecc5b64f0e0fdcb4de01069171630c93fd015150467258311,S0003007,0,13,productive_iteration,False,True,False,False,False,,14.0
Natural500,Natural500_T000098,bc22fd98c06e3cb6ccf1dcd1f065ec4b4680458849549ac58a6272d5cefd267e,S0003008,0,2,productive_iteration,False,True,False,False,False,,3.0
Natural500,Natural500_T000098,bc22fd98c06e3cb6ccf1dcd1f065ec4b4680458849549ac58a6272d5cefd267e,S0003009,3,6,productive_iteration,True,True,False,False,False,,2.0
Natural500,Natural500_T000098,bc22fd98c06e3cb6ccf1dcd1f065ec4b4680458849549ac58a6272d5cefd267e,S0003010,3,6,unproductive_cycle,False,False,True,False,False,,2.0
Natural500,Natural500_T000099,5bf4216e8ab93e90d926474175cb199c2cccb3b4d07805b4d5263eeaab61f052,S0003011,0,2,productive_iteration,False,True,False,False,False,,3.0
Natural500,Natural500_T000099,5bf4216e8ab93e90d926474175cb199c2cccb3b4d07805b4d5263eeaab61f052,S0003012,4,5,productive_iteration,False,True,False,False,False,,2.0
Natural500,Natural500_T000100,32187b42794af7e2ef1a80e2b0d65ae9a3ddb2d55f1120f0799161cefa4ae62a,S0003013,7,24,productive_iteration,False,True,False,False,False,,7.0
Natural500,Natural500_T000100,32187b42794af7e2ef1a80e2b0d65ae9a3ddb2d55f1120f0799161cefa4ae62a,S0003014,82,82,unproductive_cycle,False,False,True,False,False,,1.0
Natural500,Natural500_T000100,32187b42794af7e2ef1a80e2b0d65ae9a3ddb2d55f1120f0799161cefa4ae62a,S0003015,9,10,productive_iteration,False,True,False,False,False,,2.0
Natural500,Natural500_T000100,32187b42794af7e2ef1a80e2b0d65ae9a3ddb2d55f1120f0799161cefa4ae62a,S0003016,14,22,productive_iteration,False,True,False,False,False,,3.0
Natural500,Natural500_T000100,32187b42794af7e2ef1a80e2b0d65ae9a3ddb2d55f1120f0799161cefa4ae62a,S0003017,14,22,unproductive_cycle,False,False,True,False,False,,5.0
Natural500,Natural500_T000100,32187b42794af7e2ef1a80e2b0d65ae9a3ddb2d55f1120f0799161cefa4ae62a,S0003018,25,81,unproductive_cycle,False,False,True,False,False,,56.0
Natural500,Natural500_T000101,665fb51f27fc1679a7ffd745d0bd06a42b0cc9311fe7013149f9c53728557627,S0003019,0,9,productive_iteration,False,True,False,False,False,,10.0
Natural500,Natural500_T000102,8719e8566d9d22edb19ac05b4c804e032989a2a9f67528e5286df20272ea1546,S0003020,3,8,productive_iteration,False,True,False,False,False,,6.0
Natural500,Natural500_T000103,0787c38db3c64c6f7809339c3e0a0fd2e95505e8bf6837e18117b7cbd4684e32,S0003021,0,2,productive_iteration,False,True,False,False,False,,3.0
Natural500,Natural500_T000103,0787c38db3c64c6f7809339c3e0a0fd2e95505e8bf6837e18117b7cbd4684e32,S0003022,4,6,productive_iteration,False,True,False,False,False,,3.0
Natural500,Natural500_T000104,300f1b8c1b165120579569732c7ee25693fa47650a2e2a1a25d045c55fe098ab,S0003023,0,2,productive_iteration,False,True,False,False,False,,3.0
Natural500,Natural500_T000104,300f1b8c1b165120579569732c7ee25693fa47650a2e2a1a25d045c55fe098ab,S0003024,6,7,productive_iteration,False,True,False,False,False,,2.0
Natural500,Natural500_T000105,40d585514792d4c094141a85d1d4bf17bfbd69e79802f86fe7e46c55ba9e8a03,S0003025,6,6,productive_iteration,True,True,False,False,False,,1.0
Natural500,Natural500_T000105,40d585514792d4c094141a85d1d4bf17bfbd69e79802f86fe7e46c55ba9e8a03,S0003026,0,3,productive_iteration,False,True,False,False,False,,4.0
Natural500,Natural500_T000105,40d585514792d4c094141a85d1d4bf17bfbd69e79802f86fe7e46c55ba9e8a03,S0003027,7,10,productive_iteration,True,True,False,False,False,,4.0
Natural500,Natural500_T000106,04a2d0a646bb5862058259bf821b9f75dd7e4c874b057adf28bdce50d6978866,S0003028,9,9,productive_iteration,True,True,False,False,False,,1.0
Natural500,Natural500_T000106,04a2d0a646bb5862058259bf821b9f75dd7e4c874b057adf28bdce50d6978866,S0003029,0,6,productive_iteration,False,True,False,False,False,,7.0
Natural500,Natural500_T000106,04a2d0a646bb5862058259bf821b9f75dd7e4c874b057adf28bdce50d6978866,S0003030,10,11,productive_iteration,False,True,False,False,False,,1.0
Natural500,Natural500_T000107,d1859a401fd9b8ef892f65ba94baea9ca49b76e8c2b9c63335cbfb1c2fde5e64,S0003031,1,1,productive_iteration,True,True,False,False,False,,1.0
Natural500,Natural500_T000107,d1859a401fd9b8ef892f65ba94baea9ca49b76e8c2b9c63335cbfb1c2fde5e64,S0003032,2,3,productive_iteration,False,True,False,False,False,,2.0
Natural500,Natural500_T000107,d1859a401fd9b8ef892f65ba94baea9ca49b76e8c2b9c63335cbfb1c2fde5e64,S0003033,5,12,productive_iteration,False,True,False,False,False,,7.0
Natural500,Natural500_T000108,a4bbcb05c2da631108caf773c8908e0a8052f2f5f19afb9550e3b763975048c4,S0003034,0,8,productive_iteration,False,True,False,False,False,,9.0
Natural500,Natural500_T000108,a4bbcb05c2da631108caf773c8908e0a8052f2f5f19afb9550e3b763975048c4,S0003035,11,12,productive_iteration,False,True,False,False,False,,2.0
Natural500,Natural500_T000109,d69b381b157e255d2f0ddee9ad87cf402fe7868e58d114fdda36fcf92ca2bb67,S0003036,0,1,productive_iteration,False,True,False,False,False,,2.0
Natural500,Natural500_T000109,d69b381b157e255d2f0ddee9ad87cf402fe7868e58d114fdda36fcf92ca2bb67,S0003037,7,10,productive_iteration,False,True,False,False,False,,4.0
Natural500,Natural500_T000109,d69b381b157e255d2f0ddee9ad87cf402fe7868e58d114fdda36fcf92ca2bb67,S0003038,12,15,productive_iteration,True,True,False,False,False,,4.0
Natural500,Natural500_T000110,e9eef7573edb361ec201a79be229a2e44b7e5ed7189f74f8795748a560e63fca,S0003039,8,8,productive_iteration,True,True,False,False,False,,1.0
Natural500,Natural500_T000110,e9eef7573edb361ec201a79be229a2e44b7e5ed7189f74f8795748a560e63fca,S0003040,0,5,productive_iteration,False,True,False,False,False,,6.0
Natural500,Natural500_T000110,e9eef7573edb361ec201a79be229a2e44b7e5ed7189f74f8795748a560e63fca,S0003041,9,13,productive_iteration,False,True,False,False,False,,5.0
Natural500,Natural500_T000111,3d76db8aa77e0d8b7b88ba714b97246b70b7ae4a6e9bfe696dc2b6822144e2fb,S0003042,0,5,productive_iteration,False,True,False,False,False,,6.0
Natural500,Natural500_T000112,b051c3b1476676902a5efd8172e4c538ee94d48f7ea7fcf0b244f8fa75418717,S0003043,17,19,productive_iteration,True,True,False,False,False,,2.0
Natural500,Natural500_T000112,b051c3b1476676902a5efd8172e4c538ee94d48f7ea7fcf0b244f8fa75418717,S0003044,0,16,productive_iteration,True,True,False,False,False,,17.0
Natural500,Natural500_T000113,06b0be29033410437ce5c0187fc53ab7c5c81ca5a9d97166596dfcf7ea625026,S0003045,0,5,productive_iteration,False,True,False,False,False,,6.0
Natural500,Natural500_T000113,06b0be29033410437ce5c0187fc53ab7c5c81ca5a9d97166596dfcf7ea625026,S0003046,7,10,productive_iteration,False,True,False,False,False,,4.0
Natural500,Natural500_T000114,473207827569eb00896530e5f072eec7a0ec99dec3d940972847cc904133b49d,S0003047,0,19,productive_iteration,True,True,False,False,False,,7.0
Natural500,Natural500_T000114,473207827569eb00896530e5f072eec7a0ec99dec3d940972847cc904133b49d,S0003048,40,57,unproductive_cycle,False,False,True,False,False,,5.0
Natural500,Natural500_T000114,473207827569eb00896530e5f072eec7a0ec99dec3d940972847cc904133b49d,S0003049,3,4,productive_iteration,False,True,False,False,False,,2.0
Natural500,Natural500_T000114,473207827569eb00896530e5f072eec7a0ec99dec3d940972847cc904133b49d,S0003050,7,17,productive_iteration,True,True,False,False,False,,11.0
Natural500,Natural500_T000114,473207827569eb00896530e5f072eec7a0ec99dec3d940972847cc904133b49d,S0003051,20,33,productive_iteration,False,True,False,False,False,,9.0
Natural500,Natural500_T000114,473207827569eb00896530e5f072eec7a0ec99dec3d940972847cc904133b49d,S0003052,20,33,unproductive_cycle,False,False,True,False,False,,5.0
Natural500,Natural500_T000114,473207827569eb00896530e5f072eec7a0ec99dec3d940972847cc904133b49d,S0003053,35,39,unproductive_cycle,False,False,True,False,False,,5.0
Natural500,Natural500_T000114,473207827569eb00896530e5f072eec7a0ec99dec3d940972847cc904133b49d,S0003054,41,48,unproductive_cycle,False,False,True,False,False,,8.0
Natural500,Natural500_T000114,473207827569eb00896530e5f072eec7a0ec99dec3d940972847cc904133b49d,S0003055,50,54,unproductive_cycle,False,False,True,False,False,,5.0
Natural500,Natural500_T000115,d73f1e7903e8bdb605fe9f36761856e7fb39544b6b55c2cfddc9e319dc426b70,S0003056,0,13,productive_iteration,False,True,False,False,False,,14.0
Natural500,Natural500_T000116,53634b3d35259fe3096f96d960e1a099926352db838c1e4fe97c6d7aed13b95d,S0003057,0,2,productive_iteration,False,True,False,False,False,,3.0
Natural500,Natural500_T000116,53634b3d35259fe3096f96d960e1a099926352db838c1e4fe97c6d7aed13b95d,S0003058,5,7,productive_iteration,False,True,False,False,False,,3.0
Natural500,Natural500_T000117,65fe6f2a34b8e2f523a0c2ae18996bf13f86e6dd3e7007ef69089122c16b55ff,S0003059,1,5,productive_iteration,False,True,False,False,False,,5.0
Natural500,Natural500_T000117,65fe6f2a34b8e2f523a0c2ae18996bf13f86e6dd3e7007ef69089122c16b55ff,S0003060,7,8,productive_iteration,False,True,False,False,False,,2.0
Natural500,Natural500_T000118,8ff43e94e0b852e996f32d370c9be4b57ba8f7dc7f9ee7ee1e6c88e5bdc76fb7,S0003061,0,8,productive_iteration,False,True,False,False,False,,9.0
Natural500,Natural500_T000119,bea996d0be296952adc33c6da32e0f422cf15981a6ba328503529001d0af5a9e,S0003062,0,3,productive_iteration,False,True,False,False,False,,4.0
Natural500,Natural500_T000119,bea996d0be296952adc33c6da32e0f422cf15981a6ba328503529001d0af5a9e,S0003063,5,7,productive_iteration,True,True,False,False,False,,3.0
Natural500,Natural500_T000119,bea996d0be296952adc33c6da32e0f422cf15981a6ba328503529001d0af5a9e,S0003064,9,10,productive_iteration,False,True,False,False,False,,2.0
Natural500,Natural500_T000120,98b2371984933ad4c1e95593dbff49312b0a508a0af497561b1a35b9676af170,S0003065,0,1,productive_iteration,False,True,False,False,False,,2.0
Natural500,Natural500_T000120,98b2371984933ad4c1e95593dbff49312b0a508a0af497561b1a35b9676af170,S0003066,3,8,productive_iteration,False,True,False,False,False,,6.0
Natural500,Natural500_T000121,f11567142664b1c51d99d5fa3c6cd17bad7fd1cdfa9fe5453ddaf2977ea2649b,S0003067,0,1,productive_iteration,False,True,False,False,False,,2.0
Natural500,Natural500_T000121,f11567142664b1c51d99d5fa3c6cd17bad7fd1cdfa9fe5453ddaf2977ea2649b,S0003068,3,11,productive_iteration,False,True,False,False,False,,9.0
Natural500,Natural500_T000122,3a043183b5810b71c06af72d0fddefec652ee6c780c1c3a3e0023c9d96b52029,S0003069,6,8,productive_iteration,False,True,False,False,False,,3.0
Natural500,Natural500_T000122,3a043183b5810b71c06af72d0fddefec652ee6c780c1c3a3e0023c9d96b52029,S0003070,10,11,productive_iteration,False,True,False,False,False,,2.0
Natural500,Natural500_T000123,bad3811d63b5914a5c8d774d482812aaeb127b81cfca2100c4ef612f51d28bb7,S0003071,2,10,productive_iteration,False,True,False,False,False,,9.0
Natural500,Natural500_T000124,52b1f963a554f6340dcfe0ee3985e41b4686072c4a8dc0fcabd10188add4a399,S0003072,4,5,unproductive_cycle,False,False,True,False,False,,2.0
Natural500,Natural500_T000124,52b1f963a554f6340dcfe0ee3985e41b4686072c4a8dc0fcabd10188add4a399,S0003073,0,2,productive_iteration,False,True,False,False,False,,3.0
Natural500,Natural500_T000124,52b1f963a554f6340dcfe0ee3985e41b4686072c4a8dc0fcabd10188add4a399,S0003074,6,15,productive_iteration,False,True,False,False,False,,8.0
Natural500,Natural500_T000125,ec750d96b8e9b9d4206f66a80a86bfd76198133f7da918934676e68e5efbc7f2,S0003075,2,7,productive_iteration,False,True,False,False,False,,6.0
Natural500,Natural500_T000125,ec750d96b8e9b9d4206f66a80a86bfd76198133f7da918934676e68e5efbc7f2,S0003076,12,104,unproductive_cycle,False,False,True,False,False,,8.0
Natural500,Natural500_T000125,ec750d96b8e9b9d4206f66a80a86bfd76198133f7da918934676e68e5efbc7f2,S0003077,8,11,productive_iteration,False,True,False,False,False,,3.0
Natural500,Natural500_T000125,ec750d96b8e9b9d4206f66a80a86bfd76198133f7da918934676e68e5efbc7f2,S0003078,8,11,unproductive_cycle,False,False,True,False,False,,1.0
Natural500,Natural500_T000125,ec750d96b8e9b9d4206f66a80a86bfd76198133f7da918934676e68e5efbc7f2,S0003079,13,25,unproductive_cycle,False,False,True,False,False,,13.0
Natural500,Natural500_T000125,ec750d96b8e9b9d4206f66a80a86bfd76198133f7da918934676e68e5efbc7f2,S0003080,27,29,unproductive_cycle,False,False,True,False,False,,3.0
Natural500,Natural500_T000125,ec750d96b8e9b9d4206f66a80a86bfd76198133f7da918934676e68e5efbc7f2,S0003081,31,49,unproductive_cycle,False,False,True,False,False,,19.0
Natural500,Natural500_T000125,ec750d96b8e9b9d4206f66a80a86bfd76198133f7da918934676e68e5efbc7f2,S0003082,51,53,unproductive_cycle,False,False,True,False,False,,3.0
Natural500,Natural500_T000125,ec750d96b8e9b9d4206f66a80a86bfd76198133f7da918934676e68e5efbc7f2,S0003083,55,73,unproductive_cycle,False,False,True,False,False,,19.0
Natural500,Natural500_T000125,ec750d96b8e9b9d4206f66a80a86bfd76198133f7da918934676e68e5efbc7f2,S0003084,75,77,unproductive_cycle,False,False,True,False,False,,3.0
Natural500,Natural500_T000125,ec750d96b8e9b9d4206f66a80a86bfd76198133f7da918934676e68e5efbc7f2,S0003085,79,103,unproductive_cycle,False,False,True,False,False,,25.0
Natural500,Natural500_T000126,a083f9ede3729f8ccdf7f212dc50b486c8e86500cbe9a9cf0db77a456e289d7a,S0003086,0,6,productive_iteration,False,True,False,False,False,,7.0
Natural500,Natural500_T000126,a083f9ede3729f8ccdf7f212dc50b486c8e86500cbe9a9cf0db77a456e289d7a,S0003087,8,11,productive_iteration,False,True,False,False,False,,4.0
Natural500,Natural500_T000127,5a7daf6a792ae5ac9a6f55ac1c59abcc735f790e145d70f51eea466e9ad335e2,S0003088,0,4,productive_iteration,False,True,False,False,False,,5.0
Natural500,Natural500_T000128,438dcd1c2748e4e5c9064bd8bff600b946ff4f0ed1d2dacd5af4d5c07de0a6df,S0003089,15,15,productive_iteration,True,True,False,False,False,,1.0
Natural500,Natural500_T000128,438dcd1c2748e4e5c9064bd8bff600b946ff4f0ed1d2dacd5af4d5c07de0a6df,S0003090,0,14,productive_iteration,False,True,False,False,False,,15.0
Natural500,Natural500_T000128,438dcd1c2748e4e5c9064bd8bff600b946ff4f0ed1d2dacd5af4d5c07de0a6df,S0003091,16,25,unproductive_cycle,False,False,True,False,False,,10.0
Natural500,Natural500_T000129,3167519e359bb92721ff93e83f5b2bd44e25b53c9cc993d2f4bdf53bfb3c1154,S0003092,0,1,productive_iteration,False,True,False,False,False,,2.0
Natural500,Natural500_T000129,3167519e359bb92721ff93e83f5b2bd44e25b53c9cc993d2f4bdf53bfb3c1154,S0003093,3,6,productive_iteration,False,True,False,False,False,,4.0
Natural500,Natural500_T000129,3167519e359bb92721ff93e83f5b2bd44e25b53c9cc993d2f4bdf53bfb3c1154,S0003094,10,11,productive_iteration,True,True,False,False,False,,2.0
Natural500,Natural500_T000129,3167519e359bb92721ff93e83f5b2bd44e25b53c9cc993d2f4bdf53bfb3c1154,S0003095,7,9,productive_iteration,True,True,False,False,False,,1.0
Natural500,Natural500_T000129,3167519e359bb92721ff93e83f5b2bd44e25b53c9cc993d2f4bdf53bfb3c1154,S0003096,7,9,unproductive_cycle,False,False,True,False,False,,2.0
Natural500,Natural500_T000130,aec184a3531042196aadadb5cd18d0c04fdd67900b9170d5fc4caa9b8c6b9087,S0003097,8,12,productive_iteration,True,True,False,False,False,,3.0
Natural500,Natural500_T000130,aec184a3531042196aadadb5cd18d0c04fdd67900b9170d5fc4caa9b8c6b9087,S0003098,10,10,unproductive_cycle,False,False,True,False,False,,1.0
Natural500,Natural500_T000130,aec184a3531042196aadadb5cd18d0c04fdd67900b9170d5fc4caa9b8c6b9087,S0003099,1,7,productive_iteration,False,True,False,False,False,,7.0
Natural500,Natural500_T000130,aec184a3531042196aadadb5cd18d0c04fdd67900b9170d5fc4caa9b8c6b9087,S0003100,13,14,productive_iteration,False,True,False,False,False,,2.0
Natural500,Natural500_T000131,d0849c415fd2223346e12688dafd7fc3c26fd888cf71f90660990104eafa5f59,S0003101,11,16,unproductive_cycle,False,False,True,False,False,,4.0
Natural500,Natural500_T000131,d0849c415fd2223346e12688dafd7fc3c26fd888cf71f90660990104eafa5f59,S0003102,0,10,productive_iteration,False,True,False,False,False,,11.0
Natural500,Natural500_T000131,d0849c415fd2223346e12688dafd7fc3c26fd888cf71f90660990104eafa5f59,S0003103,13,14,productive_iteration,False,True,False,False,False,,2.0
Natural500,Natural500_T000131,d0849c415fd2223346e12688dafd7fc3c26fd888cf71f90660990104eafa5f59,S0003104,17,19,productive_iteration,False,True,False,False,False,,2.0
Natural500,Natural500_T000132,9cc36562deef941f94d9d3c6b776266079ad3af3bd2ea17f3243f3000ce8fe32,S0003105,15,18,unproductive_cycle,False,False,True,False,False,,4.0
Natural500,Natural500_T000132,9cc36562deef941f94d9d3c6b776266079ad3af3bd2ea17f3243f3000ce8fe32,S0003106,2,4,productive_iteration,False,True,False,False,False,,3.0
Natural500,Natural500_T000132,9cc36562deef941f94d9d3c6b776266079ad3af3bd2ea17f3243f3000ce8fe32,S0003107,6,8,productive_iteration,False,True,False,False,False,,3.0
Natural500,Natural500_T000132,9cc36562deef941f94d9d3c6b776266079ad3af3bd2ea17f3243f3000ce8fe32,S0003108,9,14,unproductive_cycle,False,False,True,False,False,,6.0
Natural500,Natural500_T000133,707108ddec07c515ecbbf02f0e6cb0989569e6b4b8f7f02fdfc5d87aca6adda9,S0003109,0,8,productive_iteration,False,True,False,False,False,,9.0
Natural500,Natural500_T000134,2cd34a13667366c61a3ab50c2fa8b2e92b6b85d3bbf4b062383c70a99c4552b1,S0003110,0,7,productive_iteration,False,True,False,False,False,,8.0
Natural500,Natural500_T000135,2cc2aeea8b54cc49ab8f4f3b9b697b0dcc7350789bd274c34f80b0f1a3f01f04,S0003111,0,10,productive_iteration,False,True,False,False,False,,11.0
Natural500,Natural500_T000135,2cc2aeea8b54cc49ab8f4f3b9b697b0dcc7350789bd274c34f80b0f1a3f01f04,S0003112,12,15,productive_iteration,False,True,False,False,False,,4.0
Natural500,Natural500_T000136,832fe9537735a5405d641e140694b9e55cb52bf7bd19892fb720b49b290f8249,S0003113,1,5,productive_iteration,False,True,False,False,False,,5.0
Natural500,Natural500_T000137,903b64f34611324a9f86f123071dca6bb15f73672624bc29257c693b79fd8cd2,S0003114,9,9,productive_iteration,False,True,False,False,False,,1.0
Natural500,Natural500_T000137,903b64f34611324a9f86f123071dca6bb15f73672624bc29257c693b79fd8cd2,S0003115,0,4,productive_iteration,False,True,False,False,False,,5.0
Natural500,Natural500_T000137,903b64f34611324a9f86f123071dca6bb15f73672624bc29257c693b79fd8cd2,S0003116,6,7,productive_iteration,False,True,False,False,False,,2.0
Natural500,Natural500_T000138,b79b1f7258e823100122db7dc5e37a143caf02c6b2c9bb8d16be5d882e732b1b,S0003117,6,16,productive_iteration,True,True,False,False,False,,5.0
Natural500,Natural500_T000138,b79b1f7258e823100122db7dc5e37a143caf02c6b2c9bb8d16be5d882e732b1b,S0003118,0,5,productive_iteration,False,True,False,False,False,,6.0
Natural500,Natural500_T000138,b79b1f7258e823100122db7dc5e37a143caf02c6b2c9bb8d16be5d882e732b1b,S0003119,8,9,productive_iteration,True,True,False,False,False,,2.0
Natural500,Natural500_T000138,b79b1f7258e823100122db7dc5e37a143caf02c6b2c9bb8d16be5d882e732b1b,S0003120,12,15,productive_iteration,True,True,False,False,False,,4.0
Natural500,Natural500_T000138,b79b1f7258e823100122db7dc5e37a143caf02c6b2c9bb8d16be5d882e732b1b,S0003121,17,54,productive_iteration,True,True,False,False,False,,4.0
Natural500,Natural500_T000138,b79b1f7258e823100122db7dc5e37a143caf02c6b2c9bb8d16be5d882e732b1b,S0003122,17,54,unproductive_cycle,False,False,True,False,False,,33.0
Natural500,Natural500_T000139,ab544f013db59fe42809e486b20c89b62df3a57d2c0e1f933e23940e6d5544e3,S0003123,5,6,unproductive_cycle,False,False,True,False,False,,2.0
Natural500,Natural500_T000139,ab544f013db59fe42809e486b20c89b62df3a57d2c0e1f933e23940e6d5544e3,S0003124,0,2,productive_iteration,False,True,False,False,False,,3.0
Natural500,Natural500_T000139,ab544f013db59fe42809e486b20c89b62df3a57d2c0e1f933e23940e6d5544e3,S0003125,7,9,productive_iteration,False,True,False,False,False,,3.0
Natural500,Natural500_T000139,ab544f013db59fe42809e486b20c89b62df3a57d2c0e1f933e23940e6d5544e3,S0003126,11,15,productive_iteration,False,True,False,False,False,,5.0
Natural500,Natural500_T000139,ab544f013db59fe42809e486b20c89b62df3a57d2c0e1f933e23940e6d5544e3,S0003127,17,20,productive_iteration,False,True,False,False,False,,4.0
Natural500,Natural500_T000140,1c6c2a0c958f8db812308b75f820f58afa7bc35371e5db56a3e1a36d9050cd46,S0003128,0,1,productive_iteration,False,True,False,False,False,,2.0
Natural500,Natural500_T000140,1c6c2a0c958f8db812308b75f820f58afa7bc35371e5db56a3e1a36d9050cd46,S0003129,3,5,productive_iteration,False,True,False,False,False,,3.0
Natural500,Natural500_T000140,1c6c2a0c958f8db812308b75f820f58afa7bc35371e5db56a3e1a36d9050cd46,S0003130,8,18,productive_iteration,True,True,False,False,False,,11.0
Natural500,Natural500_T000141,a3ffcac5312aaeb2c81b2a98ea7cb7871e89954c86eace4f4e684f6c04b12a39,S0003131,0,11,productive_iteration,False,True,False,False,False,,12.0
Natural500,Natural500_T000141,a3ffcac5312aaeb2c81b2a98ea7cb7871e89954c86eace4f4e684f6c04b12a39,S0003132,15,17,productive_iteration,False,True,False,False,False,,3.0
Natural500,Natural500_T000141,a3ffcac5312aaeb2c81b2a98ea7cb7871e89954c86eace4f4e684f6c04b12a39,S0003133,19,41,unproductive_cycle,False,False,True,False,False,,23.0
Natural500,Natural500_T000142,cc98645db025bdbd9e6382e9afc309a5d89a286ba744cd9d13608c12b650384e,S0003134,1,2,productive_iteration,False,True,False,False,False,,2.0
Natural500,Natural500_T000142,cc98645db025bdbd9e6382e9afc309a5d89a286ba744cd9d13608c12b650384e,S0003135,4,8,productive_iteration,False,True,False,False,False,,5.0
Natural500,Natural500_T000142,cc98645db025bdbd9e6382e9afc309a5d89a286ba744cd9d13608c12b650384e,S0003136,10,12,productive_iteration,False,True,False,False,False,,3.0
Natural500,Natural500_T000142,cc98645db025bdbd9e6382e9afc309a5d89a286ba744cd9d13608c12b650384e,S0003137,14,17,productive_iteration,False,True,False,False,False,,4.0
Natural500,Natural500_T000143,a254a59cac1fdd6af4fe93bf3c59e709546868de335e5cae883461f2723e859d,S0003138,0,4,productive_iteration,False,True,False,False,False,,5.0
Natural500,Natural500_T000143,a254a59cac1fdd6af4fe93bf3c59e709546868de335e5cae883461f2723e859d,S0003139,6,8,productive_iteration,False,True,False,False,False,,3.0
Natural500,Natural500_T000143,a254a59cac1fdd6af4fe93bf3c59e709546868de335e5cae883461f2723e859d,S0003140,10,14,productive_iteration,False,True,False,False,False,,5.0
Natural500,Natural500_T000144,ad549aa6ceff5876032cb2d547e425825471f00c7d931febadee63d2797c91fe,S0003141,6,12,productive_iteration,True,True,False,False,False,,2.0
Natural500,Natural500_T000144,ad549aa6ceff5876032cb2d547e425825471f00c7d931febadee63d2797c91fe,S0003142,7,7,unproductive_cycle,False,False,True,False,False,,1.0
Natural500,Natural500_T000144,ad549aa6ceff5876032cb2d547e425825471f00c7d931febadee63d2797c91fe,S0003143,0,2,productive_iteration,False,True,False,False,False,,3.0
Natural500,Natural500_T000144,ad549aa6ceff5876032cb2d547e425825471f00c7d931febadee63d2797c91fe,S0003144,4,5,productive_iteration,False,True,False,False,False,,2.0
Natural500,Natural500_T000144,ad549aa6ceff5876032cb2d547e425825471f00c7d931febadee63d2797c91fe,S0003145,10,11,productive_iteration,False,True,False,False,False,,2.0
Natural500,Natural500_T000145,0f22a604fb7cebc59e275dca9f48dfdccc799d47873ccfd78b554a047bebc2cc,S0003146,2,6,productive_iteration,False,True,False,False,False,,5.0
Natural500,Natural500_T000145,0f22a604fb7cebc59e275dca9f48dfdccc799d47873ccfd78b554a047bebc2cc,S0003147,8,9,productive_iteration,False,True,False,False,False,,2.0
Natural500,Natural500_T000145,0f22a604fb7cebc59e275dca9f48dfdccc799d47873ccfd78b554a047bebc2cc,S0003148,11,14,productive_iteration,False,True,False,False,False,,4.0
Natural500,Natural500_T000146,fb1538dfa26993fc946b796a79fa3accc8dd1de5bdb8b8eb159e4d890d290537,S0003149,0,3,productive_iteration,False,True,False,False,False,,4.0
Natural500,Natural500_T000146,fb1538dfa26993fc946b796a79fa3accc8dd1de5bdb8b8eb159e4d890d290537,S0003150,5,13,productive_iteration,False,True,False,False,False,,9.0
Natural500,Natural500_T000147,d8bd09d803fb31a55f9b7854488b09940841949de4cf54f1f26338f18fe7548a,S0003151,0,4,productive_iteration,False,True,False,False,False,,5.0
Natural500,Natural500_T000147,d8bd09d803fb31a55f9b7854488b09940841949de4cf54f1f26338f18fe7548a,S0003152,7,13,productive_iteration,False,True,False,False,False,,7.0
Natural500,Natural500_T000148,3476392e9f305c1f8c3a7e103634546fbd035ba24fbf0da134f215a536f40266,S0003153,2,3,productive_iteration,False,True,False,False,False,,2.0
Natural500,Natural500_T000149,79819e002fae77d5b5d15fe218698f350c6bebabc871f2405a78198cae183ec0,S0003154,0,2,productive_iteration,False,True,False,False,False,,3.0
Natural500,Natural500_T000149,79819e002fae77d5b5d15fe218698f350c6bebabc871f2405a78198cae183ec0,S0003155,4,14,productive_iteration,True,True,False,False,False,,10.0
Natural500,Natural500_T000149,79819e002fae77d5b5d15fe218698f350c6bebabc871f2405a78198cae183ec0,S0003156,16,23,productive_iteration,True,True,False,False,False,,7.0
Natural500,Natural500_T000150,8196554418fb5e38f7f8f0f7435c648246cf4059d23c45e51a7cce7ccb1f2306,S0003157,0,2,productive_iteration,False,True,False,False,False,,3.0
Natural500,Natural500_T000150,8196554418fb5e38f7f8f0f7435c648246cf4059d23c45e51a7cce7ccb1f2306,S0003158,4,6,productive_iteration,False,True,False,False,False,,3.0
Natural500,Natural500_T000151,c14cc7a920caba98ae612899db62b6182439654b28b8b30f6726021078722d70,S0003159,0,4,productive_iteration,False,True,False,False,False,,5.0
Natural500,Natural500_T000151,c14cc7a920caba98ae612899db62b6182439654b28b8b30f6726021078722d70,S0003160,9,12,productive_iteration,True,True,False,False,False,,3.0
Natural500,Natural500_T000152,42373518d4d2128ff9d47e0dda8ba4d99659e097f073a203d6edfbcf8b432401,S0003161,12,17,productive_iteration,True,True,False,False,False,,2.0
Natural500,Natural500_T000152,42373518d4d2128ff9d47e0dda8ba4d99659e097f073a203d6edfbcf8b432401,S0003162,29,37,unproductive_cycle,False,False,True,False,False,,9.0
Natural500,Natural500_T000152,42373518d4d2128ff9d47e0dda8ba4d99659e097f073a203d6edfbcf8b432401,S0003163,0,11,productive_iteration,True,True,False,False,False,,12.0
Natural500,Natural500_T000152,42373518d4d2128ff9d47e0dda8ba4d99659e097f073a203d6edfbcf8b432401,S0003164,26,28,productive_iteration,False,True,False,False,False,,3.0
Natural500,Natural500_T000153,9ed8ec9edd9d5e8d87dad2ce7404aba4cb0cb5193ca52a66f59c1b5b8ae331f1,S0003165,4,6,productive_iteration,True,True,False,False,False,,3.0
Natural500,Natural500_T000153,9ed8ec9edd9d5e8d87dad2ce7404aba4cb0cb5193ca52a66f59c1b5b8ae331f1,S0003166,0,3,productive_iteration,False,True,False,False,False,,4.0
Natural500,Natural500_T000153,9ed8ec9edd9d5e8d87dad2ce7404aba4cb0cb5193ca52a66f59c1b5b8ae331f1,S0003167,7,8,productive_iteration,True,True,False,False,False,,1.0
Natural500,Natural500_T000154,4aae813a015fa0965a0974d3581b69ffe9c09474304d69199010c135c630da3a,S0003168,0,5,productive_iteration,False,True,False,False,False,,6.0
Natural500,Natural500_T000154,4aae813a015fa0965a0974d3581b69ffe9c09474304d69199010c135c630da3a,S0003169,7,10,productive_iteration,False,True,False,False,False,,4.0
Natural500,Natural500_T000155,287b916298c1e0279844a6bbc5b6c5b1ef6cc228a08e8ff89e2be438d4792e6a,S0003170,0,6,productive_iteration,False,True,False,False,False,,7.0
Natural500,Natural500_T000156,061ad8176ac3f0418347b8b561de0b0bb1f2d58ce3f1f7abf01d82b003391319,S0003171,0,9,productive_iteration,False,True,False,False,False,,10.0
Natural500,Natural500_T000157,d26d0edcc22432801f721505c11316e9f0cdcb617881cbb77d759e6403f24381,S0003172,0,6,productive_iteration,False,True,False,False,False,,7.0
Natural500,Natural500_T000158,7c0918b5abe89699d5f28d94f190c15e8e8dc4414a9e590d7b4016f75f1deb31,S0003173,0,17,productive_iteration,False,True,False,False,False,,18.0
Natural500,Natural500_T000159,3b9038a7e723e6955f0d8a03aed889db905b3828985c63ba958e47d8c5e8b343,S0003174,0,10,productive_iteration,False,True,False,False,False,,11.0
Natural500,Natural500_T000160,123013bd34dbadc67ffbb27cc0d30971155814302afce2d5901c9b87303815a3,S0003175,0,7,productive_iteration,False,True,False,False,False,,8.0
Natural500,Natural500_T000160,123013bd34dbadc67ffbb27cc0d30971155814302afce2d5901c9b87303815a3,S0003176,9,14,productive_iteration,False,True,False,False,False,,6.0
Natural500,Natural500_T000161,f4946bc39038f19e60886b667fb5b7d8fe644d61db6d741ea89bdf113ce99f7d,S0003177,0,9,productive_iteration,False,True,False,False,False,,10.0
Natural500,Natural500_T000162,93a1af7cbea70656d1db3c06e86d56233222f70a4beb58e9df15927e2abd4153,S0003178,0,8,productive_iteration,False,True,False,False,False,,9.0
Natural500,Natural500_T000163,5ae02b298bb08c57e293382ed289a3bd049089d9ac55d5fcc53a50fbb250d84b,S0003179,0,10,productive_iteration,False,True,False,False,False,,7.0
Natural500,Natural500_T000163,5ae02b298bb08c57e293382ed289a3bd049089d9ac55d5fcc53a50fbb250d84b,S0003180,32,89,unproductive_cycle,False,False,True,False,False,,8.0
Natural500,Natural500_T000163,5ae02b298bb08c57e293382ed289a3bd049089d9ac55d5fcc53a50fbb250d84b,S0003181,7,9,productive_iteration,False,True,False,False,False,,3.0
Natural500,Natural500_T000163,5ae02b298bb08c57e293382ed289a3bd049089d9ac55d5fcc53a50fbb250d84b,S0003182,11,14,productive_iteration,False,True,False,False,False,,4.0
Natural500,Natural500_T000163,5ae02b298bb08c57e293382ed289a3bd049089d9ac55d5fcc53a50fbb250d84b,S0003183,24,31,unproductive_cycle,False,False,True,False,False,,8.0
Natural500,Natural500_T000163,5ae02b298bb08c57e293382ed289a3bd049089d9ac55d5fcc53a50fbb250d84b,S0003184,39,88,unproductive_cycle,False,False,True,False,False,,50.0
Natural500,Natural500_T000164,b44a42ce9df41338c1f6b9d4ad44b4a13d41ceb9920c2342e6d015c6000b004a,S0003185,4,4,unproductive_cycle,False,False,True,False,False,,1.0
Natural500,Natural500_T000164,b44a42ce9df41338c1f6b9d4ad44b4a13d41ceb9920c2342e6d015c6000b004a,S0003186,0,2,productive_iteration,False,True,False,False,False,,3.0
Natural500,Natural500_T000165,41fd7f45e76539e3d6174deb9dfeaadbdaf8bdcb9b4371c03b93aa0886cb58f4,S0003187,1,3,productive_iteration,False,True,False,False,False,,3.0
Natural500,Natural500_T000165,41fd7f45e76539e3d6174deb9dfeaadbdaf8bdcb9b4371c03b93aa0886cb58f4,S0003188,6,12,productive_iteration,False,True,False,False,False,,7.0
Natural500,Natural500_T000167,ce6579194fa2aae28e022d7598f8c7836d811aff8e73be6b2d557a05ecd0f8e6,S0003189,10,15,productive_iteration,True,True,False,False,False,,2.0
Natural500,Natural500_T000167,ce6579194fa2aae28e022d7598f8c7836d811aff8e73be6b2d557a05ecd0f8e6,S0003190,11,12,unproductive_cycle,False,False,True,False,False,,2.0
Natural500,Natural500_T000167,ce6579194fa2aae28e022d7598f8c7836d811aff8e73be6b2d557a05ecd0f8e6,S0003191,0,9,productive_iteration,False,True,False,False,False,,10.0
Natural500,Natural500_T000168,fb72a04eda01d9b51ccba0f0c5be2a78d97005facde28dabf59fc2905c66d23b,S0003192,0,5,productive_iteration,False,True,False,False,False,,6.0
Natural500,Natural500_T000168,fb72a04eda01d9b51ccba0f0c5be2a78d97005facde28dabf59fc2905c66d23b,S0003193,7,12,productive_iteration,False,True,False,False,False,,4.0
Natural500,Natural500_T000169,af991c80c8c12e60ecd1d21f8da644101e4ed4a14e95ffcc6a33575fd6c48d65,S0003194,10,10,productive_iteration,False,True,False,False,False,,1.0
Natural500,Natural500_T000169,af991c80c8c12e60ecd1d21f8da644101e4ed4a14e95ffcc6a33575fd6c48d65,S0003195,0,9,productive_iteration,False,True,False,False,False,,10.0
Natural500,Natural500_T000170,2d797cfad947e5d995d2297c20225846b52aebd451f0ee3c35dc169b80826ddc,S0003196,0,10,productive_iteration,True,True,False,False,False,,11.0
Natural500,Natural500_T000171,3d1a37f1cd8d304249a83d2f39a817d1903c1f18439c4e432814b3149008b900,S0003197,0,10,productive_iteration,True,True,False,False,False,,11.0
Natural500,Natural500_T000172,983c3f2d39c0988f7212b34901f4e2a7dc9ae88c22dc700e50d281f25bd51bde,S0003198,0,3,productive_iteration,False,True,False,False,False,,4.0
Natural500,Natural500_T000172,983c3f2d39c0988f7212b34901f4e2a7dc9ae88c22dc700e50d281f25bd51bde,S0003199,5,10,productive_iteration,False,True,False,False,False,,5.0
Natural500,Natural500_T000173,a71df6b67a22565a171428a039ec78e0da1d314a1807e59d549144f9ab95d2a2,S0003200,0,6,productive_iteration,False,True,False,False,False,,7.0
Natural500,Natural500_T000174,45db81dd26ef8b970f37ab28b8c3d71c905332d7742b495603dda9c31034c7cc,S0003201,16,16,unproductive_cycle,False,False,True,False,False,,1.0
Natural500,Natural500_T000174,45db81dd26ef8b970f37ab28b8c3d71c905332d7742b495603dda9c31034c7cc,S0003202,0,3,productive_iteration,False,True,False,False,False,,4.0
Natural500,Natural500_T000174,45db81dd26ef8b970f37ab28b8c3d71c905332d7742b495603dda9c31034c7cc,S0003203,4,15,unproductive_cycle,False,False,True,False,False,,12.0
Natural500,Natural500_T000175,d54dd5c7727bc9f7a1da1f01e5efe767ea846f2ef9f501bdf01473bf800a9c03,S0003204,0,10,productive_iteration,True,True,False,False,False,,11.0
Natural500,Natural500_T000176,95530294cb01010fbdd891587bfdc7a3ec7869759e26ef9d727c0b4f12839ce2,S0003205,0,12,productive_iteration,False,True,False,False,False,,13.0
Natural500,Natural500_T000177,c6f3f91f99cc00d1ccd70747c3d67c8a29f1ef8f32b01afd923c6f0918bf65f5,S0003206,0,10,productive_iteration,False,True,False,False,False,,11.0
Natural500,Natural500_T000177,c6f3f91f99cc00d1ccd70747c3d67c8a29f1ef8f32b01afd923c6f0918bf65f5,S0003207,12,15,productive_iteration,False,True,False,False,False,,4.0
Natural500,Natural500_T000178,94b780ad20ffee4adde90ea94bdad44d8a73d92ffe92312872a46a0ddc1ef4d5,S0003208,22,22,productive_iteration,True,True,False,False,False,,1.0
Natural500,Natural500_T000178,94b780ad20ffee4adde90ea94bdad44d8a73d92ffe92312872a46a0ddc1ef4d5,S0003209,0,11,productive_iteration,False,True,False,False,False,,12.0
Natural500,Natural500_T000178,94b780ad20ffee4adde90ea94bdad44d8a73d92ffe92312872a46a0ddc1ef4d5,S0003210,13,15,productive_iteration,True,True,False,False,False,,3.0
Natural500,Natural500_T000178,94b780ad20ffee4adde90ea94bdad44d8a73d92ffe92312872a46a0ddc1ef4d5,S0003211,17,21,productive_iteration,True,True,False,False,False,,5.0
Natural500,Natural500_T000178,94b780ad20ffee4adde90ea94bdad44d8a73d92ffe92312872a46a0ddc1ef4d5,S0003212,24,31,productive_iteration,True,True,False,False,False,,8.0
Natural500,Natural500_T000179,46f1c5934f688b2cc4be1ed4620a8967a66dffa82dcc5ae89364d34b11b17ada,S0003213,2,14,productive_iteration,True,True,False,False,False,,6.0
Natural500,Natural500_T000179,46f1c5934f688b2cc4be1ed4620a8967a66dffa82dcc5ae89364d34b11b17ada,S0003214,0,1,productive_iteration,False,True,False,False,False,,2.0
Natural500,Natural500_T000179,46f1c5934f688b2cc4be1ed4620a8967a66dffa82dcc5ae89364d34b11b17ada,S0003215,3,5,productive_iteration,True,True,False,False,False,,3.0
Natural500,Natural500_T000179,46f1c5934f688b2cc4be1ed4620a8967a66dffa82dcc5ae89364d34b11b17ada,S0003216,16,75,productive_iteration,False,True,False,False,False,,1.0
Natural500,Natural500_T000179,46f1c5934f688b2cc4be1ed4620a8967a66dffa82dcc5ae89364d34b11b17ada,S0003217,16,75,unproductive_cycle,False,False,True,False,False,,56.0
Natural500,Natural500_T000180,cb8cf76a52559537eedc8e08a96f6e38ab9443842e1e6c440a0e6c11effd8338,S0003218,0,1,productive_iteration,False,True,False,False,False,,2.0
Natural500,Natural500_T000181,0733bd51b342c7b8dfd15e4dd8e9c52d53145442d6e2ce1244ac45b13629d2f8,S0003219,2,6,productive_iteration,False,True,False,False,False,,5.0
Natural500,Natural500_T000181,0733bd51b342c7b8dfd15e4dd8e9c52d53145442d6e2ce1244ac45b13629d2f8,S0003220,8,9,productive_iteration,False,True,False,False,False,,2.0
Natural500,Natural500_T000181,0733bd51b342c7b8dfd15e4dd8e9c52d53145442d6e2ce1244ac45b13629d2f8,S0003221,11,12,productive_iteration,False,True,False,False,False,,2.0
Natural500,Natural500_T000182,102999c304c2851ab790da59b18a1c698119d5b7ecdbdf5983b8cc17d3fe5017,S0003222,0,3,productive_iteration,False,True,False,False,False,,4.0
Natural500,Natural500_T000182,102999c304c2851ab790da59b18a1c698119d5b7ecdbdf5983b8cc17d3fe5017,S0003223,5,12,productive_iteration,False,True,False,False,False,,8.0
Natural500,Natural500_T000183,b4b6f2e5657fb504c379a633c53bd098f9664bf339eb03d30a85cf8754324392,S0003224,0,4,productive_iteration,False,True,False,False,False,,5.0
Natural500,Natural500_T000184,de38b8634b463481afdbd0beb316b383d3a6f4405cf474703ca30bc2b220b234,S0003225,0,6,productive_iteration,False,True,False,False,False,,7.0
Natural500,Natural500_T000184,de38b8634b463481afdbd0beb316b383d3a6f4405cf474703ca30bc2b220b234,S0003226,7,29,unproductive_cycle,False,False,True,False,False,,22.0
Natural500,Natural500_T000185,7a12921e7f93d8828fdee53449588d7d9fec795a8143b8e08b16ad1c3bf1b6cf,S0003227,9,14,productive_iteration,True,True,False,False,False,,3.0
Natural500,Natural500_T000185,7a12921e7f93d8828fdee53449588d7d9fec795a8143b8e08b16ad1c3bf1b6cf,S0003228,0,8,productive_iteration,False,True,False,False,False,,9.0
Natural500,Natural500_T000185,7a12921e7f93d8828fdee53449588d7d9fec795a8143b8e08b16ad1c3bf1b6cf,S0003229,12,13,productive_iteration,False,True,False,False,False,,2.0
Natural500,Natural500_T000185,7a12921e7f93d8828fdee53449588d7d9fec795a8143b8e08b16ad1c3bf1b6cf,S0003230,15,16,productive_iteration,False,True,False,False,False,,2.0
Natural500,Natural500_T000186,849a8cd457f21044662d5b7de7757e738895e035557a05c78092ba058402eec0,S0003231,3,5,productive_iteration,True,True,False,False,False,,3.0
Natural500,Natural500_T000186,849a8cd457f21044662d5b7de7757e738895e035557a05c78092ba058402eec0,S0003232,0,2,productive_iteration,False,True,False,False,False,,3.0
Natural500,Natural500_T000186,849a8cd457f21044662d5b7de7757e738895e035557a05c78092ba058402eec0,S0003233,6,7,productive_iteration,True,True,False,False,False,,2.0
Natural500,Natural500_T000186,849a8cd457f21044662d5b7de7757e738895e035557a05c78092ba058402eec0,S0003234,9,10,productive_iteration,False,True,False,False,False,,2.0
Natural500,Natural500_T000187,9388df0f2f7fd4b9214db96b69d742912a9869f1a46680153287988247e20507,S0003235,18,48,unproductive_cycle,False,False,True,False,False,,13.0
Natural500,Natural500_T000187,9388df0f2f7fd4b9214db96b69d742912a9869f1a46680153287988247e20507,S0003236,1,7,productive_iteration,False,True,False,False,False,,7.0
Natural500,Natural500_T000187,9388df0f2f7fd4b9214db96b69d742912a9869f1a46680153287988247e20507,S0003237,10,13,productive_iteration,False,True,False,False,False,,4.0
Natural500,Natural500_T000187,9388df0f2f7fd4b9214db96b69d742912a9869f1a46680153287988247e20507,S0003238,16,17,productive_iteration,False,True,False,False,False,,2.0
Natural500,Natural500_T000187,9388df0f2f7fd4b9214db96b69d742912a9869f1a46680153287988247e20507,S0003239,27,31,unproductive_cycle,False,False,True,False,False,,5.0
Natural500,Natural500_T000187,9388df0f2f7fd4b9214db96b69d742912a9869f1a46680153287988247e20507,S0003240,33,36,unproductive_cycle,False,False,True,False,False,,4.0
Natural500,Natural500_T000187,9388df0f2f7fd4b9214db96b69d742912a9869f1a46680153287988247e20507,S0003241,40,43,unproductive_cycle,False,False,True,False,False,,4.0
Natural500,Natural500_T000187,9388df0f2f7fd4b9214db96b69d742912a9869f1a46680153287988247e20507,S0003242,45,47,unproductive_cycle,False,False,True,False,False,,3.0
Natural500,Natural500_T000188,e7b581594d83a25fdf951f24377f73679b2202aebc2662ce889b8aef4a82165f,S0003243,1,2,productive_iteration,False,True,False,False,False,,2.0
Natural500,Natural500_T000188,e7b581594d83a25fdf951f24377f73679b2202aebc2662ce889b8aef4a82165f,S0003244,4,7,productive_iteration,False,True,False,False,False,,4.0
Natural500,Natural500_T000189,14f1d08b693da1aed3dc8ed4521d4ee5df7c1b1281d171dfcaee9aa70bbc346f,S0003245,1,7,productive_iteration,True,True,False,False,False,,5.0
Natural500,Natural500_T000189,14f1d08b693da1aed3dc8ed4521d4ee5df7c1b1281d171dfcaee9aa70bbc346f,S0003246,8,15,unproductive_cycle,False,False,True,False,False,,8.0
Natural500,Natural500_T000190,c53b90591b8988370ddc1228339da041d2c84f66959f0c398e596643983331b9,S0003247,10,24,unproductive_cycle,False,False,True,False,False,,3.0
Natural500,Natural500_T000190,c53b90591b8988370ddc1228339da041d2c84f66959f0c398e596643983331b9,S0003248,1,3,productive_iteration,False,True,False,False,False,,3.0
Natural500,Natural500_T000190,c53b90591b8988370ddc1228339da041d2c84f66959f0c398e596643983331b9,S0003249,5,9,productive_iteration,False,True,False,False,False,,5.0
Natural500,Natural500_T000190,c53b90591b8988370ddc1228339da041d2c84f66959f0c398e596643983331b9,S0003250,11,14,productive_iteration,False,True,False,False,False,,4.0
Natural500,Natural500_T000190,c53b90591b8988370ddc1228339da041d2c84f66959f0c398e596643983331b9,S0003251,16,20,productive_iteration,False,True,False,False,False,,5.0
Natural500,Natural500_T000190,c53b90591b8988370ddc1228339da041d2c84f66959f0c398e596643983331b9,S0003252,25,26,productive_iteration,False,True,False,False,False,,2.0
Natural500,Natural500_T000190,c53b90591b8988370ddc1228339da041d2c84f66959f0c398e596643983331b9,S0003253,21,23,unproductive_cycle,False,False,True,False,False,,3.0
Natural500,Natural500_T000191,38f51e450323ef0cc290515404238e898e979da88574454355a03a93475154fe,S0003254,5,8,productive_iteration,True,True,False,False,False,,4.0
Natural500,Natural500_T000191,38f51e450323ef0cc290515404238e898e979da88574454355a03a93475154fe,S0003255,11,16,productive_iteration,False,True,False,False,False,,6.0
Natural500,Natural500_T000192,3d4d23085fe7959ccb9d8e6aaa22639e61cd746b271163ff43010a95a71f5740,S0003256,0,10,productive_iteration,False,True,False,False,False,,11.0
Natural500,Natural500_T000193,617cdf6053ebde84eceba5a3b8c448ff5231cb968953e9979bf9926dde5f7602,S0003257,0,12,productive_iteration,False,True,False,False,False,,13.0
Natural500,Natural500_T000194,51ad8f128ef6483789ed429d98476b36ec8f0dfc21ad1656704102223830b258,S0003258,29,39,unproductive_cycle,False,False,True,False,False,,8.0
Natural500,Natural500_T000194,51ad8f128ef6483789ed429d98476b36ec8f0dfc21ad1656704102223830b258,S0003259,1,6,productive_iteration,True,True,False,False,False,,6.0
Natural500,Natural500_T000194,51ad8f128ef6483789ed429d98476b36ec8f0dfc21ad1656704102223830b258,S0003260,7,28,unproductive_cycle,False,False,True,False,False,,17.0
Natural500,Natural500_T000194,51ad8f128ef6483789ed429d98476b36ec8f0dfc21ad1656704102223830b258,S0003261,34,36,unproductive_cycle,False,False,True,False,False,,3.0
Natural500,Natural500_T000195,730996a97ca248017c27686a90651df23e1d478fa3a429274f02d4003168d4a9,S0003262,6,7,productive_iteration,False,True,False,False,False,,2.0
Natural500,Natural500_T000196,1e18a08d09bc70af905bca521e98069beadb9e38bfd8289dc9fe24ac3dc2d7fa,S0003263,0,10,productive_iteration,False,True,False,False,False,,11.0
Natural500,Natural500_T000197,2c4de5220a686b7f3c4c9e579a33dc575a60f8d895771c01916916fa0a13e419,S0003264,0,1,productive_iteration,False,True,False,False,False,,2.0
Natural500,Natural500_T000197,2c4de5220a686b7f3c4c9e579a33dc575a60f8d895771c01916916fa0a13e419,S0003265,3,5,productive_iteration,False,True,False,False,False,,3.0
Natural500,Natural500_T000198,94a98c43af253bdebb53676c93142b6b092995eb74859429fcdbb9fc0b11fe79,S0003266,13,13,unproductive_cycle,False,False,True,False,False,,1.0
Natural500,Natural500_T000198,94a98c43af253bdebb53676c93142b6b092995eb74859429fcdbb9fc0b11fe79,S0003267,2,3,productive_iteration,False,True,False,False,False,,2.0
Natural500,Natural500_T000198,94a98c43af253bdebb53676c93142b6b092995eb74859429fcdbb9fc0b11fe79,S0003268,6,9,productive_iteration,False,True,False,False,False,,4.0
Natural500,Natural500_T000198,94a98c43af253bdebb53676c93142b6b092995eb74859429fcdbb9fc0b11fe79,S0003269,11,12,productive_iteration,False,True,False,False,False,,2.0
Natural500,Natural500_T000198,94a98c43af253bdebb53676c93142b6b092995eb74859429fcdbb9fc0b11fe79,S0003270,14,15,productive_iteration,False,True,False,False,False,,2.0
Natural500,Natural500_T000199,22f84df176c364d260d54e0ce9c6555c7eeb3104664d1013d80ef9e628e0ba95,S0003271,0,4,productive_iteration,False,True,False,False,False,,5.0
Natural500,Natural500_T000199,22f84df176c364d260d54e0ce9c6555c7eeb3104664d1013d80ef9e628e0ba95,S0003272,9,16,productive_iteration,False,True,False,False,False,,8.0
Natural500,Natural500_T000200,50112d9adc0bd85b06a1ebc53fbbb3e2ede4310b5c3916b13f2c04af8f6d1436,S0003273,0,13,productive_iteration,False,True,False,False,False,,14.0
Natural500,Natural500_T000201,e6d0eab952947651cf9873d82675502a66252c050692626120e092d8783622ef,S0003274,0,2,productive_iteration,False,True,False,False,False,,3.0
Natural500,Natural500_T000202,0bf26e42673207d72c8572d1734be3f176d2ed0b9199f0af3aac6dc230cc82ad,S0003275,0,11,productive_iteration,False,True,False,False,False,,12.0
Natural500,Natural500_T000203,58d8cee591b6d1f1ec3bc5ed69eee6195d4a56719d156e25dc8d571bb898942a,S0003276,0,10,productive_iteration,False,True,False,False,False,,11.0
Natural500,Natural500_T000204,0f47f69d4aed7c8b13ef3678ff4087741fd970e8149f3332484d2897b2a63bbc,S0003277,0,5,productive_iteration,False,True,False,False,False,,6.0
Natural500,Natural500_T000205,b821a6bfc54e7b50cc0a7db7281b317852c511789b79d7fab82dd3e3a04828b9,S0003278,0,12,productive_iteration,False,True,False,False,False,,13.0
Natural500,Natural500_T000206,ebefe98742df7f744ee5997e0f100f738ab1cff09de1bc7b50d1a374582db438,S0003279,136,136,unproductive_cycle,False,False,True,False,False,,1.0
Natural500,Natural500_T000206,ebefe98742df7f744ee5997e0f100f738ab1cff09de1bc7b50d1a374582db438,S0003280,1,3,productive_iteration,False,True,False,False,False,,3.0
Natural500,Natural500_T000206,ebefe98742df7f744ee5997e0f100f738ab1cff09de1bc7b50d1a374582db438,S0003281,11,135,unproductive_cycle,False,False,True,False,False,,125.0
Natural500,Natural500_T000206,ebefe98742df7f744ee5997e0f100f738ab1cff09de1bc7b50d1a374582db438,S0003282,137,139,unproductive_cycle,False,False,True,False,False,,3.0
Natural500,Natural500_T000207,d7e5a638660d1000e1cb608b6944724cda4d8b8534318523d189eb5b1ec0223e,S0003283,16,16,unproductive_cycle,False,False,True,False,False,,1.0
Natural500,Natural500_T000207,d7e5a638660d1000e1cb608b6944724cda4d8b8534318523d189eb5b1ec0223e,S0003284,0,15,productive_iteration,False,True,False,False,False,,16.0
Natural500,Natural500_T000207,d7e5a638660d1000e1cb608b6944724cda4d8b8534318523d189eb5b1ec0223e,S0003285,17,26,unproductive_cycle,False,False,True,False,False,,10.0
Natural500,Natural500_T000208,4c8debc4c822fbae99eacff1ee893f482689fa28a3fe7407dca09e2e7c488448,S0003286,0,10,productive_iteration,False,True,False,False,False,,11.0
Natural500,Natural500_T000209,3f9c216109b6f759b97dd72b11e76dfd6ace676b03bf91f24290c581e852df1e,S0003287,0,7,productive_iteration,False,True,False,False,False,,8.0
Natural500,Natural500_T000210,863e4cf779ea3f24b771a94c53ba6830503103dbc487839c648b9bb5c15857b8,S0003288,0,4,productive_iteration,False,True,False,False,False,,5.0
Natural500,Natural500_T000210,863e4cf779ea3f24b771a94c53ba6830503103dbc487839c648b9bb5c15857b8,S0003289,6,11,productive_iteration,False,True,False,False,False,,5.0
Natural500,Natural500_T000210,863e4cf779ea3f24b771a94c53ba6830503103dbc487839c648b9bb5c15857b8,S0003290,13,16,productive_iteration,False,True,False,False,False,,2.0
Natural500,Natural500_T000211,d57e1c0348bd1ade20f1211bebe4d1e7dd135cc61a61494a1b43048c3689cff0,S0003291,0,6,productive_iteration,False,True,False,False,False,,7.0
Natural500,Natural500_T000212,4490074e71211feb1579527a2f21c9f1e85997cace84d43c3d297df804dea5e7,S0003292,23,39,productive_iteration,True,True,False,False,False,,3.0
Natural500,Natural500_T000212,4490074e71211feb1579527a2f21c9f1e85997cace84d43c3d297df804dea5e7,S0003293,31,51,unproductive_cycle,False,False,True,False,False,,8.0
Natural500,Natural500_T000212,4490074e71211feb1579527a2f21c9f1e85997cace84d43c3d297df804dea5e7,S0003294,0,5,productive_iteration,False,True,False,False,False,,6.0
Natural500,Natural500_T000212,4490074e71211feb1579527a2f21c9f1e85997cace84d43c3d297df804dea5e7,S0003295,8,15,productive_iteration,True,True,False,False,False,,8.0
Natural500,Natural500_T000212,4490074e71211feb1579527a2f21c9f1e85997cace84d43c3d297df804dea5e7,S0003296,18,19,productive_iteration,False,True,False,False,False,,2.0
Natural500,Natural500_T000212,4490074e71211feb1579527a2f21c9f1e85997cace84d43c3d297df804dea5e7,S0003297,25,28,productive_iteration,False,True,False,False,False,,4.0
Natural500,Natural500_T000212,4490074e71211feb1579527a2f21c9f1e85997cace84d43c3d297df804dea5e7,S0003298,40,50,unproductive_cycle,False,False,True,False,False,,10.0
Natural500,Natural500_T000213,0f98662c7c9e32716cc1e7b94cec0c72974452b01830091db621aec6c07513a3,S0003299,9,10,productive_iteration,True,True,False,False,False,,2.0
Natural500,Natural500_T000213,0f98662c7c9e32716cc1e7b94cec0c72974452b01830091db621aec6c07513a3,S0003300,0,8,productive_iteration,True,True,False,False,False,,9.0
Natural500,Natural500_T000214,fb8f518d967d777759bd3778ad8636ce297a55e5b4b1c5805de2c0f150030cb6,S0003301,2,9,productive_iteration,True,True,False,False,False,,4.0
Natural500,Natural500_T000214,fb8f518d967d777759bd3778ad8636ce297a55e5b4b1c5805de2c0f150030cb6,S0003302,0,1,productive_iteration,False,True,False,False,False,,2.0
Natural500,Natural500_T000214,fb8f518d967d777759bd3778ad8636ce297a55e5b4b1c5805de2c0f150030cb6,S0003303,7,8,productive_iteration,False,True,False,False,False,,2.0
Natural500,Natural500_T000215,9c0dd63aaa538b470e3b298ba9b7780594fc798eb208abcfa3afb479320b83cb,S0003304,6,12,productive_iteration,True,True,False,False,False,,5.0
Natural500,Natural500_T000215,9c0dd63aaa538b470e3b298ba9b7780594fc798eb208abcfa3afb479320b83cb,S0003305,21,46,unproductive_cycle,False,False,True,False,False,,5.0
Natural500,Natural500_T000215,9c0dd63aaa538b470e3b298ba9b7780594fc798eb208abcfa3afb479320b83cb,S0003306,1,5,productive_iteration,False,True,False,False,False,,5.0
Natural500,Natural500_T000215,9c0dd63aaa538b470e3b298ba9b7780594fc798eb208abcfa3afb479320b83cb,S0003307,13,20,productive_iteration,True,True,False,False,False,,1.0
Natural500,Natural500_T000215,9c0dd63aaa538b470e3b298ba9b7780594fc798eb208abcfa3afb479320b83cb,S0003308,13,20,unproductive_cycle,False,False,True,False,False,,3.0
Natural500,Natural500_T000215,9c0dd63aaa538b470e3b298ba9b7780594fc798eb208abcfa3afb479320b83cb,S0003309,23,30,unproductive_cycle,False,False,True,False,False,,8.0
Natural500,Natural500_T000215,9c0dd63aaa538b470e3b298ba9b7780594fc798eb208abcfa3afb479320b83cb,S0003310,32,40,unproductive_cycle,False,False,True,False,False,,9.0
Natural500,Natural500_T000215,9c0dd63aaa538b470e3b298ba9b7780594fc798eb208abcfa3afb479320b83cb,S0003311,42,45,unproductive_cycle,False,False,True,False,False,,4.0
Natural500,Natural500_T000215,9c0dd63aaa538b470e3b298ba9b7780594fc798eb208abcfa3afb479320b83cb,S0003312,47,58,unproductive_cycle,False,False,True,False,False,,12.0
Natural500,Natural500_T000216,ea769b298ceeb2e510c447fb437e9bf98d61c976ca5ff40fe5022e7e30d4cbf3,S0003313,1,6,productive_iteration,False,True,False,False,False,,6.0
Natural500,Natural500_T000216,ea769b298ceeb2e510c447fb437e9bf98d61c976ca5ff40fe5022e7e30d4cbf3,S0003314,8,9,productive_iteration,False,True,False,False,False,,2.0
Natural500,Natural500_T000217,ceb185442c110c5f273f57aa5f9bc268477e04ed936516f38570d8e0a17c9c30,S0003315,0,8,productive_iteration,False,True,False,False,False,,9.0
Natural500,Natural500_T000218,7d13f37d2a28322e7642908272455c7aac79bb5aec02b0d7f49bb689152499d2,S0003316,1,7,productive_iteration,False,True,False,False,False,,7.0
Natural500,Natural500_T000219,772f565b346628e133a23acdf839bec1fe2be200e1ff57e020fd861c2a43f08b,S0003317,1,2,productive_iteration,False,True,False,False,False,,2.0
Natural500,Natural500_T000219,772f565b346628e133a23acdf839bec1fe2be200e1ff57e020fd861c2a43f08b,S0003318,5,6,productive_iteration,True,True,False,False,False,,2.0
Natural500,Natural500_T000219,772f565b346628e133a23acdf839bec1fe2be200e1ff57e020fd861c2a43f08b,S0003319,8,10,productive_iteration,False,True,False,False,False,,3.0
Natural500,Natural500_T000220,3a439acf6f430fc97ad39c2891f57d2efc5ed2a04ed237116e3522bf6f1ba15d,S0003320,0,7,productive_iteration,True,True,False,False,False,,8.0
Natural500,Natural500_T000221,3e56a879aa1824eaeec70e83ea27b5df92f773a7ca750b114bcea24b21a7cf51,S0003321,7,7,productive_iteration,True,True,False,False,False,,1.0
Natural500,Natural500_T000221,3e56a879aa1824eaeec70e83ea27b5df92f773a7ca750b114bcea24b21a7cf51,S0003322,0,2,productive_iteration,False,True,False,False,False,,3.0
Natural500,Natural500_T000221,3e56a879aa1824eaeec70e83ea27b5df92f773a7ca750b114bcea24b21a7cf51,S0003323,8,9,productive_iteration,True,True,False,False,False,,1.0
Natural500,Natural500_T000222,19d451c0999b712a29436e95d2eb9cc7b630c1090e78497b788f822c0b7292be,S0003324,20,22,unproductive_cycle,False,False,True,False,False,,2.0
Natural500,Natural500_T000222,19d451c0999b712a29436e95d2eb9cc7b630c1090e78497b788f822c0b7292be,S0003325,0,3,productive_iteration,False,True,False,False,False,,2.0
Natural500,Natural500_T000222,19d451c0999b712a29436e95d2eb9cc7b630c1090e78497b788f822c0b7292be,S0003326,0,3,unproductive_cycle,False,False,True,False,False,,2.0
Natural500,Natural500_T000222,19d451c0999b712a29436e95d2eb9cc7b630c1090e78497b788f822c0b7292be,S0003327,5,14,productive_iteration,False,True,False,False,False,,9.0
Natural500,Natural500_T000222,19d451c0999b712a29436e95d2eb9cc7b630c1090e78497b788f822c0b7292be,S0003328,18,19,productive_iteration,False,True,False,False,False,,2.0
Natural500,Natural500_T000222,19d451c0999b712a29436e95d2eb9cc7b630c1090e78497b788f822c0b7292be,S0003329,23,24,productive_iteration,False,True,False,False,False,,1.0
Natural500,Natural500_T000222,19d451c0999b712a29436e95d2eb9cc7b630c1090e78497b788f822c0b7292be,S0003330,23,24,unproductive_cycle,False,False,True,False,False,,1.0
Natural500,Natural500_T000222,19d451c0999b712a29436e95d2eb9cc7b630c1090e78497b788f822c0b7292be,S0003331,15,17,unproductive_cycle,False,False,True,False,False,,3.0
Natural500,Natural500_T000223,8f95c47b8e82619f4b6a69101e00479fd1dbabf662492a639d12b6f7cab44b2c,S0003332,0,2,productive_iteration,False,True,False,False,False,,3.0
Natural500,Natural500_T000223,8f95c47b8e82619f4b6a69101e00479fd1dbabf662492a639d12b6f7cab44b2c,S0003333,4,7,productive_iteration,False,True,False,False,False,,4.0
Natural500,Natural500_T000223,8f95c47b8e82619f4b6a69101e00479fd1dbabf662492a639d12b6f7cab44b2c,S0003334,9,12,productive_iteration,True,True,False,False,False,,4.0
Natural500,Natural500_T000224,9a2ab0bdbe30a408064661f4c46ec8eeb5d20e436f25d2a829f9419aab05d4c3,S0003335,27,27,unproductive_cycle,False,False,True,False,False,,1.0
Natural500,Natural500_T000224,9a2ab0bdbe30a408064661f4c46ec8eeb5d20e436f25d2a829f9419aab05d4c3,S0003336,0,1,productive_iteration,False,True,False,False,False,,2.0
Natural500,Natural500_T000224,9a2ab0bdbe30a408064661f4c46ec8eeb5d20e436f25d2a829f9419aab05d4c3,S0003337,3,26,unproductive_cycle,False,False,True,False,False,,24.0
Natural500,Natural500_T000225,4ac756dcb1ac4f552c0deeb84e5f6558e53a6b19cb6fca6272b78508fb7eb53b,S0003338,3,16,productive_iteration,True,True,False,False,False,,6.0
Natural500,Natural500_T000225,4ac756dcb1ac4f552c0deeb84e5f6558e53a6b19cb6fca6272b78508fb7eb53b,S0003339,0,2,productive_iteration,False,True,False,False,False,,3.0
Natural500,Natural500_T000225,4ac756dcb1ac4f552c0deeb84e5f6558e53a6b19cb6fca6272b78508fb7eb53b,S0003340,8,10,productive_iteration,True,True,False,False,False,,3.0
Natural500,Natural500_T000225,4ac756dcb1ac4f552c0deeb84e5f6558e53a6b19cb6fca6272b78508fb7eb53b,S0003341,17,23,productive_iteration,True,True,False,False,False,,7.0
Natural500,Natural500_T000226,a2b0a2c70fe7b4feb1dbb46c523dff462577b81632f4e4ad6a45c3e67ba3f878,S0003342,0,6,productive_iteration,False,True,False,False,False,,7.0
Natural500,Natural500_T000228,f5d4b39077ea067e77c9e724987c482c63a960625e8b56580f08bb7a87dfdd49,S0003343,0,9,productive_iteration,False,True,False,False,False,,10.0
Natural500,Natural500_T000229,f9e2ba60678e0e2395ea916e2c8fbc41002c4c79b77ef42c636d3f9458b464f2,S0003344,6,15,productive_iteration,True,True,False,False,False,,3.0
Natural500,Natural500_T000229,f9e2ba60678e0e2395ea916e2c8fbc41002c4c79b77ef42c636d3f9458b464f2,S0003345,0,3,productive_iteration,False,True,False,False,False,,4.0
Natural500,Natural500_T000229,f9e2ba60678e0e2395ea916e2c8fbc41002c4c79b77ef42c636d3f9458b464f2,S0003346,10,11,productive_iteration,False,True,False,False,False,,2.0
Natural500,Natural500_T000229,f9e2ba60678e0e2395ea916e2c8fbc41002c4c79b77ef42c636d3f9458b464f2,S0003347,13,14,productive_iteration,False,True,False,False,False,,2.0
Natural500,Natural500_T000229,f9e2ba60678e0e2395ea916e2c8fbc41002c4c79b77ef42c636d3f9458b464f2,S0003348,19,22,productive_iteration,False,True,False,False,False,,3.0
Natural500,Natural500_T000229,f9e2ba60678e0e2395ea916e2c8fbc41002c4c79b77ef42c636d3f9458b464f2,S0003349,16,18,unproductive_cycle,False,False,True,False,False,,3.0
Natural500,Natural500_T000230,8a915aa27225d13733c6ddba7946713da50bd6fb2ee8946d77f96536bc115c57,S0003350,0,40,productive_iteration,True,True,False,False,False,,19.0
Natural500,Natural500_T000230,8a915aa27225d13733c6ddba7946713da50bd6fb2ee8946d77f96536bc115c57,S0003351,89,89,unproductive_cycle,False,False,True,False,False,,1.0
Natural500,Natural500_T000230,8a915aa27225d13733c6ddba7946713da50bd6fb2ee8946d77f96536bc115c57,S0003352,8,10,productive_iteration,False,True,False,False,False,,3.0
Natural500,Natural500_T000230,8a915aa27225d13733c6ddba7946713da50bd6fb2ee8946d77f96536bc115c57,S0003353,12,13,productive_iteration,False,True,False,False,False,,2.0
Natural500,Natural500_T000230,8a915aa27225d13733c6ddba7946713da50bd6fb2ee8946d77f96536bc115c57,S0003354,16,20,productive_iteration,False,True,False,False,False,,5.0
Natural500,Natural500_T000230,8a915aa27225d13733c6ddba7946713da50bd6fb2ee8946d77f96536bc115c57,S0003355,32,39,unproductive_cycle,False,False,True,False,False,,8.0
Natural500,Natural500_T000230,8a915aa27225d13733c6ddba7946713da50bd6fb2ee8946d77f96536bc115c57,S0003356,41,88,productive_iteration,True,True,False,False,False,,1.0
Natural500,Natural500_T000230,8a915aa27225d13733c6ddba7946713da50bd6fb2ee8946d77f96536bc115c57,S0003357,41,88,unproductive_cycle,False,False,True,False,False,,47.0
Natural500,Natural500_T000231,f85678fe476630c980c6f733de91d9dfeee6fa798fffd27e1e583bdbbf5704d7,S0003358,0,2,productive_iteration,False,True,False,False,False,,3.0
Natural500,Natural500_T000231,f85678fe476630c980c6f733de91d9dfeee6fa798fffd27e1e583bdbbf5704d7,S0003359,6,8,productive_iteration,False,True,False,False,False,,3.0
Natural500,Natural500_T000232,50fd0d9539490fced21bb70976730de348148d7783340cc591014bdf22130e50,S0003360,6,6,productive_iteration,True,True,False,False,False,,1.0
Natural500,Natural500_T000232,50fd0d9539490fced21bb70976730de348148d7783340cc591014bdf22130e50,S0003361,7,15,unproductive_cycle,False,False,True,False,False,,4.0
Natural500,Natural500_T000232,50fd0d9539490fced21bb70976730de348148d7783340cc591014bdf22130e50,S0003362,13,14,productive_iteration,False,True,False,False,False,,2.0
Natural500,Natural500_T000232,50fd0d9539490fced21bb70976730de348148d7783340cc591014bdf22130e50,S0003363,9,11,unproductive_cycle,False,False,True,False,False,,3.0
Natural500,Natural500_T000233,764aca97a7f63f416246c429c2039b9b4c7af631ec69f42efd4f1ed429403353,S0003364,1,5,unproductive_cycle,False,False,True,False,False,,3.0
Natural500,Natural500_T000233,764aca97a7f63f416246c429c2039b9b4c7af631ec69f42efd4f1ed429403353,S0003365,2,3,productive_iteration,True,True,False,False,False,,1.0
Natural500,Natural500_T000233,764aca97a7f63f416246c429c2039b9b4c7af631ec69f42efd4f1ed429403353,S0003366,2,3,unproductive_cycle,False,False,True,False,False,,1.0
Natural500,Natural500_T000233,764aca97a7f63f416246c429c2039b9b4c7af631ec69f42efd4f1ed429403353,S0003367,6,8,productive_iteration,False,True,False,False,False,,2.0
Natural500,Natural500_T000234,696b59756556be2393f67a9cbae20989d3247f5feef5006f5d6590b0118ea95a,S0003368,3,8,productive_iteration,False,True,False,False,False,,6.0
Natural500,Natural500_T000235,6135936ddf3673a944cc9d4c46bfb14385c8b35d1c741dc98a01d0a2750e72c8,S0003369,1,20,productive_iteration,False,True,False,False,False,,20.0
Natural500,Natural500_T000236,39b218b40ebc812c61d0ad46b1be7ba481c61c4670e252ee7043baff39eeb51a,S0003370,2,3,productive_iteration,False,True,False,False,False,,2.0
Natural500,Natural500_T000236,39b218b40ebc812c61d0ad46b1be7ba481c61c4670e252ee7043baff39eeb51a,S0003371,4,41,unproductive_cycle,False,False,True,False,False,,38.0
Natural500,Natural500_T000236,39b218b40ebc812c61d0ad46b1be7ba481c61c4670e252ee7043baff39eeb51a,S0003372,45,80,unproductive_cycle,False,False,True,False,False,,36.0
Natural500,Natural500_T000237,710ed5351862b9f0c107d2d8519f81a5ca4864b1ca01023ea94c1da0962ff3ec,S0003373,0,11,productive_iteration,False,True,False,False,False,,12.0
Natural500,Natural500_T000238,06dde90f37e26f85696cf3851007a75dc6c7183ae024994f3d5bcaa3d60dbad6,S0003374,22,22,productive_iteration,True,True,False,False,False,,1.0
Natural500,Natural500_T000238,06dde90f37e26f85696cf3851007a75dc6c7183ae024994f3d5bcaa3d60dbad6,S0003375,0,9,productive_iteration,False,True,False,False,False,,10.0
Natural500,Natural500_T000238,06dde90f37e26f85696cf3851007a75dc6c7183ae024994f3d5bcaa3d60dbad6,S0003376,12,21,productive_iteration,True,True,False,False,False,,10.0
Natural500,Natural500_T000238,06dde90f37e26f85696cf3851007a75dc6c7183ae024994f3d5bcaa3d60dbad6,S0003377,23,25,productive_iteration,False,True,False,False,False,,3.0
Natural500,Natural500_T000239,fc368e0721098d4337b39b6ad0ac8f5b31fb4c55963ab50c7876cc6ddb31728f,S0003378,2,35,productive_iteration,True,True,False,False,False,,18.0
Natural500,Natural500_T000239,fc368e0721098d4337b39b6ad0ac8f5b31fb4c55963ab50c7876cc6ddb31728f,S0003379,0,1,productive_iteration,False,True,False,False,False,,2.0
Natural500,Natural500_T000239,fc368e0721098d4337b39b6ad0ac8f5b31fb4c55963ab50c7876cc6ddb31728f,S0003380,7,8,productive_iteration,False,True,False,False,False,,2.0
Natural500,Natural500_T000239,fc368e0721098d4337b39b6ad0ac8f5b31fb4c55963ab50c7876cc6ddb31728f,S0003381,15,21,productive_iteration,True,True,False,False,False,,6.0
Natural500,Natural500_T000239,fc368e0721098d4337b39b6ad0ac8f5b31fb4c55963ab50c7876cc6ddb31728f,S0003382,36,69,unproductive_cycle,False,False,True,False,False,,34.0
Natural500,Natural500_T000240,ea4895f8a69a6db79887e4050bc84ddd361939133c6ac69be4c02c17f2ce6514,S0003383,5,11,productive_iteration,False,True,False,False,False,,6.0
Natural500,Natural500_T000241,6fb48d1a2fcd758b3de0adebad3e161841c4ada60d4a82124277e933b1a90ac9,S0003384,7,34,productive_iteration,True,True,False,False,False,,8.0
Natural500,Natural500_T000241,6fb48d1a2fcd758b3de0adebad3e161841c4ada60d4a82124277e933b1a90ac9,S0003385,35,38,unproductive_cycle,False,False,True,False,False,,4.0
Natural500,Natural500_T000241,6fb48d1a2fcd758b3de0adebad3e161841c4ada60d4a82124277e933b1a90ac9,S0003386,0,6,productive_iteration,False,True,False,False,False,,7.0
Natural500,Natural500_T000241,6fb48d1a2fcd758b3de0adebad3e161841c4ada60d4a82124277e933b1a90ac9,S0003387,11,20,productive_iteration,False,True,False,False,False,,10.0
Natural500,Natural500_T000241,6fb48d1a2fcd758b3de0adebad3e161841c4ada60d4a82124277e933b1a90ac9,S0003388,24,25,productive_iteration,False,True,False,False,False,,2.0
Natural500,Natural500_T000241,6fb48d1a2fcd758b3de0adebad3e161841c4ada60d4a82124277e933b1a90ac9,S0003389,29,31,unproductive_cycle,False,False,True,False,False,,2.0
Natural500,Natural500_T000242,7f0378b407560610e7b1cd8dbac6aec853d5cd48928716737bfe41ec31299653,S0003390,14,35,productive_iteration,True,True,False,False,False,,19.0
Natural500,Natural500_T000242,7f0378b407560610e7b1cd8dbac6aec853d5cd48928716737bfe41ec31299653,S0003391,0,2,productive_iteration,False,True,False,False,False,,3.0
Natural500,Natural500_T000242,7f0378b407560610e7b1cd8dbac6aec853d5cd48928716737bfe41ec31299653,S0003392,7,9,productive_iteration,False,True,False,False,False,,3.0
Natural500,Natural500_T000242,7f0378b407560610e7b1cd8dbac6aec853d5cd48928716737bfe41ec31299653,S0003393,11,13,productive_iteration,False,True,False,False,False,,3.0
Natural500,Natural500_T000242,7f0378b407560610e7b1cd8dbac6aec853d5cd48928716737bfe41ec31299653,S0003394,36,37,productive_iteration,False,True,False,False,False,,2.0
Natural500,Natural500_T000243,59e60ddb3709f1768080c02bc102ab366a1a802066753c2d08ebbe9b6528a2f1,S0003395,4,5,productive_iteration,False,True,False,False,False,,2.0
Natural500,Natural500_T000244,7aa4be012fac7e1d25ae22fd9c07e18217ba6289fdc47ceccaf27db59de281b1,S0003396,3,10,productive_iteration,True,True,False,False,False,,4.0
Natural500,Natural500_T000244,7aa4be012fac7e1d25ae22fd9c07e18217ba6289fdc47ceccaf27db59de281b1,S0003397,0,2,productive_iteration,False,True,False,False,False,,3.0
Natural500,Natural500_T000244,7aa4be012fac7e1d25ae22fd9c07e18217ba6289fdc47ceccaf27db59de281b1,S0003398,5,8,productive_iteration,False,True,False,False,False,,4.0
Natural500,Natural500_T000244,7aa4be012fac7e1d25ae22fd9c07e18217ba6289fdc47ceccaf27db59de281b1,S0003399,11,14,productive_iteration,False,True,False,False,False,,4.0
Natural500,Natural500_T000245,1381284a372d05a365634a5da84a2d44916b34cd852d7d65df03aa9078bff649,S0003400,4,10,productive_iteration,True,True,False,False,False,,4.0
Natural500,Natural500_T000245,1381284a372d05a365634a5da84a2d44916b34cd852d7d65df03aa9078bff649,S0003401,26,27,unproductive_cycle,False,False,True,False,False,,2.0
Natural500,Natural500_T000245,1381284a372d05a365634a5da84a2d44916b34cd852d7d65df03aa9078bff649,S0003402,0,2,productive_iteration,False,True,False,False,False,,3.0
Natural500,Natural500_T000245,1381284a372d05a365634a5da84a2d44916b34cd852d7d65df03aa9078bff649,S0003403,24,25,productive_iteration,False,True,False,False,False,,1.0
Natural500,Natural500_T000245,1381284a372d05a365634a5da84a2d44916b34cd852d7d65df03aa9078bff649,S0003404,24,25,unproductive_cycle,False,False,True,False,False,,1.0
Natural500,Natural500_T000245,1381284a372d05a365634a5da84a2d44916b34cd852d7d65df03aa9078bff649,S0003405,31,34,productive_iteration,False,True,False,False,False,,3.0
Natural500,Natural500_T000245,1381284a372d05a365634a5da84a2d44916b34cd852d7d65df03aa9078bff649,S0003406,12,23,unproductive_cycle,False,False,True,False,False,,12.0
Natural500,Natural500_T000245,1381284a372d05a365634a5da84a2d44916b34cd852d7d65df03aa9078bff649,S0003407,28,30,unproductive_cycle,False,False,True,False,False,,3.0
Natural500,Natural500_T000246,a4a3f642f3e60323d023fa1bc194bf26d69a71ce7377e62a5432ae959d276c93,S0003408,18,20,unproductive_cycle,False,False,True,False,False,,3.0
Natural500,Natural500_T000246,a4a3f642f3e60323d023fa1bc194bf26d69a71ce7377e62a5432ae959d276c93,S0003409,0,7,productive_iteration,False,True,False,False,False,,8.0
Natural500,Natural500_T000246,a4a3f642f3e60323d023fa1bc194bf26d69a71ce7377e62a5432ae959d276c93,S0003410,8,17,unproductive_cycle,False,False,True,False,False,,10.0
Natural500,Natural500_T000246,a4a3f642f3e60323d023fa1bc194bf26d69a71ce7377e62a5432ae959d276c93,S0003411,21,46,unproductive_cycle,False,False,True,False,False,,26.0
Natural500,Natural500_T000247,0462223b2b20425c1b6ed7ee68d743a5c3fc37966a7dfcc54227950abc33f3c6,S0003412,0,3,productive_iteration,False,True,False,False,False,,4.0
Natural500,Natural500_T000247,0462223b2b20425c1b6ed7ee68d743a5c3fc37966a7dfcc54227950abc33f3c6,S0003413,5,6,productive_iteration,False,True,False,False,False,,2.0
Natural500,Natural500_T000248,253e4a6f34dac9f2c0f1483a50b1fac0ec55a662a286bee597312211e6b405c1,S0003414,14,14,unproductive_cycle,False,False,True,False,False,,1.0
Natural500,Natural500_T000248,253e4a6f34dac9f2c0f1483a50b1fac0ec55a662a286bee597312211e6b405c1,S0003415,2,4,productive_iteration,False,True,False,False,False,,3.0
Natural500,Natural500_T000248,253e4a6f34dac9f2c0f1483a50b1fac0ec55a662a286bee597312211e6b405c1,S0003416,10,13,unproductive_cycle,False,False,True,False,False,,4.0
Natural500,Natural500_T000249,f9c247e7643bb182884935297c4bab4d4fc1c99b5d455ace4bc480dfa89d97d8,S0003417,8,11,productive_iteration,True,True,False,False,False,,2.0
Natural500,Natural500_T000249,f9c247e7643bb182884935297c4bab4d4fc1c99b5d455ace4bc480dfa89d97d8,S0003418,0,7,productive_iteration,False,True,False,False,False,,7.0
Natural500,Natural500_T000249,f9c247e7643bb182884935297c4bab4d4fc1c99b5d455ace4bc480dfa89d97d8,S0003419,9,10,productive_iteration,False,True,False,False,False,,2.0
Natural500,Natural500_T000249,f9c247e7643bb182884935297c4bab4d4fc1c99b5d455ace4bc480dfa89d97d8,S0003420,12,15,productive_iteration,True,True,False,False,False,,4.0
Natural500,Natural500_T000250,cb78f9ec6bcdf9096416b2d2b2d59feb0893c951241af979511e924246dde750,S0003421,0,7,productive_iteration,False,True,False,False,False,,8.0
Natural500,Natural500_T000250,cb78f9ec6bcdf9096416b2d2b2d59feb0893c951241af979511e924246dde750,S0003422,9,12,productive_iteration,False,True,False,False,False,,4.0
Natural500,Natural500_T000251,a605c287833ef8516522c22db40c741c9dbf6490f37c853bab6610df8caa37e5,S0003423,5,34,productive_iteration,True,True,False,False,False,,15.0
Natural500,Natural500_T000251,a605c287833ef8516522c22db40c741c9dbf6490f37c853bab6610df8caa37e5,S0003424,0,4,productive_iteration,False,True,False,False,False,,5.0
Natural500,Natural500_T000251,a605c287833ef8516522c22db40c741c9dbf6490f37c853bab6610df8caa37e5,S0003425,16,17,productive_iteration,False,True,False,False,False,,2.0
Natural500,Natural500_T000251,a605c287833ef8516522c22db40c741c9dbf6490f37c853bab6610df8caa37e5,S0003426,24,27,productive_iteration,False,True,False,False,False,,4.0
Natural500,Natural500_T000251,a605c287833ef8516522c22db40c741c9dbf6490f37c853bab6610df8caa37e5,S0003427,8,11,productive_iteration,False,True,False,False,False,,1.0
Natural500,Natural500_T000251,a605c287833ef8516522c22db40c741c9dbf6490f37c853bab6610df8caa37e5,S0003428,8,11,unproductive_cycle,False,False,True,False,False,,3.0
Natural500,Natural500_T000252,b770f6e66d62307cd186e6124b2cb59978c283306cf898912de64bc97983088e,S0003429,0,9,productive_iteration,False,True,False,False,False,,10.0
Natural500,Natural500_T000253,1fa926f0c9ea056f562375e3aff1a0a551f2c75903a39956cf3764d5df62c180,S0003430,0,5,productive_iteration,False,True,False,False,False,,6.0
Natural500,Natural500_T000253,1fa926f0c9ea056f562375e3aff1a0a551f2c75903a39956cf3764d5df62c180,S0003431,10,13,productive_iteration,False,True,False,False,False,,4.0
Natural500,Natural500_T000253,1fa926f0c9ea056f562375e3aff1a0a551f2c75903a39956cf3764d5df62c180,S0003432,6,9,unproductive_cycle,False,False,True,False,False,,4.0
Natural500,Natural500_T000254,d8475ec558f10e5d6a5220aa95d3556cab381ad72de56ffe932ab50eb41642ec,S0003433,3,10,unproductive_cycle,False,False,True,False,False,,3.0
Natural500,Natural500_T000254,d8475ec558f10e5d6a5220aa95d3556cab381ad72de56ffe932ab50eb41642ec,S0003434,0,1,productive_iteration,False,True,False,False,False,,2.0
Natural500,Natural500_T000254,d8475ec558f10e5d6a5220aa95d3556cab381ad72de56ffe932ab50eb41642ec,S0003435,4,8,unproductive_cycle,False,False,True,False,False,,5.0
Natural500,Natural500_T000255,e9f2ec64a47f1e704e05d065b935e930687e03b200f965fe74e0363cea979ca4,S0003436,0,8,productive_iteration,False,True,False,False,False,,9.0
Natural500,Natural500_T000256,83642787119c3514cbeb59a6bd8cccc72f47ceb403387657bf5b3bf77b531231,S0003437,0,10,productive_iteration,False,True,False,False,False,,11.0
Natural500,Natural500_T000257,15a2de9269b509a3ed6d22900fac66666e976c451fb089b19d2cbc1548fc08a7,S0003438,0,5,productive_iteration,False,True,False,False,False,,6.0
Natural500,Natural500_T000258,cfe809ae70e300a5d1b221da8cde0dbbed507e75946aad9ee6ba0d5c9bfde9c1,S0003439,0,8,productive_iteration,True,True,False,False,False,,9.0
Natural500,Natural500_T000259,96c923c87bfe8304a38ecfd9ec9ae93d70b7fcd0b5d8c9a7bf62ddc0ee82da12,S0003440,0,2,productive_iteration,False,True,False,False,False,,3.0
Natural500,Natural500_T000259,96c923c87bfe8304a38ecfd9ec9ae93d70b7fcd0b5d8c9a7bf62ddc0ee82da12,S0003441,4,10,productive_iteration,False,True,False,False,False,,7.0
Natural500,Natural500_T000260,d687a97406313b4eeb3ad08a53f7ef70d2f3413b0feba7b8ad1e410f33ca9b5e,S0003442,8,12,productive_iteration,True,True,False,False,False,,4.0
Natural500,Natural500_T000260,d687a97406313b4eeb3ad08a53f7ef70d2f3413b0feba7b8ad1e410f33ca9b5e,S0003443,10,10,unproductive_cycle,False,False,True,False,False,,1.0
Natural500,Natural500_T000260,d687a97406313b4eeb3ad08a53f7ef70d2f3413b0feba7b8ad1e410f33ca9b5e,S0003444,0,7,productive_iteration,False,True,False,False,False,,8.0
Natural500,Natural500_T000260,d687a97406313b4eeb3ad08a53f7ef70d2f3413b0feba7b8ad1e410f33ca9b5e,S0003445,13,17,productive_iteration,False,True,False,False,False,,4.0
Natural500,Natural500_T000261,82f19da1d798ef71dcaf518951e1ee469c0b0439d239d63dce9b6d3068ceae66,S0003446,10,52,productive_iteration,True,True,False,False,False,,18.0
Natural500,Natural500_T000261,82f19da1d798ef71dcaf518951e1ee469c0b0439d239d63dce9b6d3068ceae66,S0003447,58,58,unproductive_cycle,False,False,True,False,False,,1.0
Natural500,Natural500_T000261,82f19da1d798ef71dcaf518951e1ee469c0b0439d239d63dce9b6d3068ceae66,S0003448,7,9,productive_iteration,False,True,False,False,False,,3.0
Natural500,Natural500_T000261,82f19da1d798ef71dcaf518951e1ee469c0b0439d239d63dce9b6d3068ceae66,S0003449,28,30,productive_iteration,False,True,False,False,False,,3.0
Natural500,Natural500_T000261,82f19da1d798ef71dcaf518951e1ee469c0b0439d239d63dce9b6d3068ceae66,S0003450,37,39,productive_iteration,True,True,False,False,False,,3.0
Natural500,Natural500_T000261,82f19da1d798ef71dcaf518951e1ee469c0b0439d239d63dce9b6d3068ceae66,S0003451,49,50,productive_iteration,False,True,False,False,False,,2.0
Natural500,Natural500_T000261,82f19da1d798ef71dcaf518951e1ee469c0b0439d239d63dce9b6d3068ceae66,S0003452,46,48,productive_iteration,True,True,False,False,False,,1.0
Natural500,Natural500_T000261,82f19da1d798ef71dcaf518951e1ee469c0b0439d239d63dce9b6d3068ceae66,S0003453,46,48,unproductive_cycle,False,False,True,False,False,,1.0
Natural500,Natural500_T000261,82f19da1d798ef71dcaf518951e1ee469c0b0439d239d63dce9b6d3068ceae66,S0003454,53,57,unproductive_cycle,False,False,True,False,False,,5.0
Natural500,Natural500_T000262,4c892cc6744658ca8929d6176a3c63695cf7bf656510ad54cae7934aff020be5,S0003455,0,2,productive_iteration,False,True,False,False,False,,3.0
Natural500,Natural500_T000262,4c892cc6744658ca8929d6176a3c63695cf7bf656510ad54cae7934aff020be5,S0003456,5,7,productive_iteration,False,True,False,False,False,,3.0
Natural500,Natural500_T000262,4c892cc6744658ca8929d6176a3c63695cf7bf656510ad54cae7934aff020be5,S0003457,9,13,productive_iteration,False,True,False,False,False,,5.0
Natural500,Natural500_T000262,4c892cc6744658ca8929d6176a3c63695cf7bf656510ad54cae7934aff020be5,S0003458,18,22,productive_iteration,False,True,False,False,False,,5.0
Natural500,Natural500_T000263,4d832a58cce6b0889adb63f6785e25967190ea31bdb5dc3b9166617006eca0b3,S0003459,5,7,productive_iteration,True,True,False,False,False,,3.0
Natural500,Natural500_T000263,4d832a58cce6b0889adb63f6785e25967190ea31bdb5dc3b9166617006eca0b3,S0003460,8,9,unproductive_cycle,False,False,True,False,False,,2.0
Natural500,Natural500_T000263,4d832a58cce6b0889adb63f6785e25967190ea31bdb5dc3b9166617006eca0b3,S0003461,0,3,productive_iteration,False,True,False,False,False,,4.0
Natural500,Natural500_T000264,cbb9a147b7a86fcc2f8b20ce6a2e49f0ae0a91db0b01f38a326dc8dbccb9af7a,S0003462,5,8,productive_iteration,False,True,False,False,False,,4.0
Natural500,Natural500_T000264,cbb9a147b7a86fcc2f8b20ce6a2e49f0ae0a91db0b01f38a326dc8dbccb9af7a,S0003463,0,4,productive_iteration,False,True,False,False,False,,5.0
Natural500,Natural500_T000265,ceb90f426db862384e26368b7faf2496bd238dec2b83477de129a624cc8b5395,S0003464,0,6,unproductive_cycle,False,False,True,False,False,,7.0
Natural500,Natural500_T000266,217a1f24163e31ee1b15cd055438a7376c779bbc0c4203c2b8195fe6558d2df6,S0003465,0,8,productive_iteration,False,True,False,False,False,,9.0
Natural500,Natural500_T000267,8de03d391515a054e75520ba7d1e7370f1a8020dde571b15a57b8caa4928f76c,S0003466,0,8,productive_iteration,False,True,False,False,False,,9.0
Natural500,Natural500_T000268,182d71d26e0d0252b8f506c5cc72acfa5f9a60afb040c519d024f143c95d1840,S0003467,0,2,productive_iteration,False,True,False,False,False,,3.0
Natural500,Natural500_T000268,182d71d26e0d0252b8f506c5cc72acfa5f9a60afb040c519d024f143c95d1840,S0003468,4,7,unproductive_cycle,False,False,True,False,False,,4.0
Natural500,Natural500_T000269,b0eb91a498c3a782252b332b7984bc1fd24c9ef0afb03852333c09b853d0f0b9,S0003469,1,4,productive_iteration,False,True,False,False,False,,4.0
Natural500,Natural500_T000269,b0eb91a498c3a782252b332b7984bc1fd24c9ef0afb03852333c09b853d0f0b9,S0003470,6,13,productive_iteration,False,True,False,False,False,,8.0
Natural500,Natural500_T000270,38b524c112e649dfa853ac9b596cbb19785ee592f364c0a5ecfa73d7e4e83470,S0003471,0,10,productive_iteration,False,True,False,False,False,,11.0
Natural500,Natural500_T000271,89362915104bb4b2f66d6ebc69d0ddc4a9575e10c6072afc084068c974db8b60,S0003472,0,3,productive_iteration,False,True,False,False,False,,4.0
Natural500,Natural500_T000272,e1a24256c30a01cb29fcc0c11254606ad6dc02eb743144ceaa9e2e2cc1646788,S0003473,0,10,productive_iteration,False,True,False,False,False,,11.0
Natural500,Natural500_T000273,4e644e9d4bf204fa66c8b91f7a4fbcc60dd4083bca8db7cef8bc216246b4b5eb,S0003474,22,27,productive_iteration,True,True,False,False,False,,6.0
Natural500,Natural500_T000273,4e644e9d4bf204fa66c8b91f7a4fbcc60dd4083bca8db7cef8bc216246b4b5eb,S0003475,2,11,unproductive_cycle,False,False,True,False,False,,6.0
Natural500,Natural500_T000273,4e644e9d4bf204fa66c8b91f7a4fbcc60dd4083bca8db7cef8bc216246b4b5eb,S0003476,6,7,productive_iteration,False,True,False,False,False,,2.0
Natural500,Natural500_T000273,4e644e9d4bf204fa66c8b91f7a4fbcc60dd4083bca8db7cef8bc216246b4b5eb,S0003477,12,21,productive_iteration,True,True,False,False,False,,10.0
Natural500,Natural500_T000273,4e644e9d4bf204fa66c8b91f7a4fbcc60dd4083bca8db7cef8bc216246b4b5eb,S0003478,28,30,productive_iteration,False,True,False,False,False,,3.0
Natural500,Natural500_T000274,b817ac7e02cb05b83176f6c5a7b73386476e2e7e903a2a4b30727bd7bc26edb9,S0003479,0,4,productive_iteration,False,True,False,False,False,,5.0
Natural500,Natural500_T000274,b817ac7e02cb05b83176f6c5a7b73386476e2e7e903a2a4b30727bd7bc26edb9,S0003480,6,9,productive_iteration,False,True,False,False,False,,4.0
Natural500,Natural500_T000275,28fefbae30a60149d2a7b9a0f065d5ad6c9709d70112da49723e3ca017d24532,S0003481,0,12,productive_iteration,False,True,False,False,False,,13.0
Natural500,Natural500_T000276,a397802a93f91b4f47e0822702cb9ec994e7a67017e898a1123ea099d88d1449,S0003482,8,11,productive_iteration,True,True,False,False,False,,4.0
Natural500,Natural500_T000276,a397802a93f91b4f47e0822702cb9ec994e7a67017e898a1123ea099d88d1449,S0003483,15,15,unproductive_cycle,False,False,True,False,False,,1.0
Natural500,Natural500_T000276,a397802a93f91b4f47e0822702cb9ec994e7a67017e898a1123ea099d88d1449,S0003484,0,3,productive_iteration,False,True,False,False,False,,4.0
Natural500,Natural500_T000276,a397802a93f91b4f47e0822702cb9ec994e7a67017e898a1123ea099d88d1449,S0003485,5,7,productive_iteration,False,True,False,False,False,,3.0
Natural500,Natural500_T000276,a397802a93f91b4f47e0822702cb9ec994e7a67017e898a1123ea099d88d1449,S0003486,12,14,productive_iteration,True,True,False,False,False,,3.0
Natural500,Natural500_T000276,a397802a93f91b4f47e0822702cb9ec994e7a67017e898a1123ea099d88d1449,S0003487,16,19,productive_iteration,False,True,False,False,False,,4.0
Natural500,Natural500_T000277,6382e9e82d644a52a9390537b8d180c5b076917f96ec113d13c8f3ab20d16149,S0003488,0,2,productive_iteration,False,True,False,False,False,,3.0
Natural500,Natural500_T000277,6382e9e82d644a52a9390537b8d180c5b076917f96ec113d13c8f3ab20d16149,S0003489,4,6,productive_iteration,False,True,False,False,False,,3.0
Natural500,Natural500_T000277,6382e9e82d644a52a9390537b8d180c5b076917f96ec113d13c8f3ab20d16149,S0003490,8,11,productive_iteration,False,True,False,False,False,,4.0
Natural500,Natural500_T000277,6382e9e82d644a52a9390537b8d180c5b076917f96ec113d13c8f3ab20d16149,S0003491,13,15,productive_iteration,False,True,False,False,False,,3.0
Natural500,Natural500_T000277,6382e9e82d644a52a9390537b8d180c5b076917f96ec113d13c8f3ab20d16149,S0003492,17,18,productive_iteration,False,True,False,False,False,,2.0
Natural500,Natural500_T000278,ad3b3f3f5d9ded7fb3406f523f2d8df844365e9c4bccdbbb3d0355d4fb9b8317,S0003493,9,33,productive_iteration,True,True,False,False,False,,8.0
Natural500,Natural500_T000278,ad3b3f3f5d9ded7fb3406f523f2d8df844365e9c4bccdbbb3d0355d4fb9b8317,S0003494,30,35,unproductive_cycle,False,False,True,False,False,,4.0
Natural500,Natural500_T000278,ad3b3f3f5d9ded7fb3406f523f2d8df844365e9c4bccdbbb3d0355d4fb9b8317,S0003495,0,7,productive_iteration,False,True,False,False,False,,8.0
Natural500,Natural500_T000278,ad3b3f3f5d9ded7fb3406f523f2d8df844365e9c4bccdbbb3d0355d4fb9b8317,S0003496,11,16,productive_iteration,False,True,False,False,False,,6.0
Natural500,Natural500_T000278,ad3b3f3f5d9ded7fb3406f523f2d8df844365e9c4bccdbbb3d0355d4fb9b8317,S0003497,18,19,productive_iteration,False,True,False,False,False,,2.0
Natural500,Natural500_T000278,ad3b3f3f5d9ded7fb3406f523f2d8df844365e9c4bccdbbb3d0355d4fb9b8317,S0003498,36,42,productive_iteration,False,True,False,False,False,,7.0
Natural500,Natural500_T000278,ad3b3f3f5d9ded7fb3406f523f2d8df844365e9c4bccdbbb3d0355d4fb9b8317,S0003499,24,26,unproductive_cycle,False,False,True,False,False,,3.0
Natural500,Natural500_T000279,e861e660f9f01be5fd6de620ea6264e8fc5fc8160bfdfb24b0cb6d3712eb9a7b,S0003500,1,6,productive_iteration,False,True,False,False,False,,6.0
Natural500,Natural500_T000279,e861e660f9f01be5fd6de620ea6264e8fc5fc8160bfdfb24b0cb6d3712eb9a7b,S0003501,8,10,productive_iteration,False,True,False,False,False,,3.0
Natural500,Natural500_T000279,e861e660f9f01be5fd6de620ea6264e8fc5fc8160bfdfb24b0cb6d3712eb9a7b,S0003502,12,13,productive_iteration,False,True,False,False,False,,2.0
Natural500,Natural500_T000281,6ed4563d12160a77f4a8367bcb56413aa051c2d5c7ef00bcb63bec0c2c5d6d43,S0003503,5,8,productive_iteration,True,True,False,False,False,,2.0
Natural500,Natural500_T000281,6ed4563d12160a77f4a8367bcb56413aa051c2d5c7ef00bcb63bec0c2c5d6d43,S0003504,0,4,productive_iteration,False,True,False,False,False,,5.0
Natural500,Natural500_T000281,6ed4563d12160a77f4a8367bcb56413aa051c2d5c7ef00bcb63bec0c2c5d6d43,S0003505,6,7,productive_iteration,True,True,False,False,False,,2.0
Natural500,Natural500_T000281,6ed4563d12160a77f4a8367bcb56413aa051c2d5c7ef00bcb63bec0c2c5d6d43,S0003506,9,10,productive_iteration,True,True,False,False,False,,1.0
Natural500,Natural500_T000282,76d061006cb63e465c27b2070e55720e233a3bb1ca35aed06b02ac9d759697fd,S0003507,4,10,productive_iteration,False,True,False,False,False,,6.0
Natural500,Natural500_T000283,f244e3c87a906902dca9f6647bfa8b86ef770840533b3c94e9ba26e100c6c8ba,S0003508,14,14,productive_iteration,True,True,False,False,False,,1.0
Natural500,Natural500_T000283,f244e3c87a906902dca9f6647bfa8b86ef770840533b3c94e9ba26e100c6c8ba,S0003509,0,8,productive_iteration,False,True,False,False,False,,9.0
Natural500,Natural500_T000283,f244e3c87a906902dca9f6647bfa8b86ef770840533b3c94e9ba26e100c6c8ba,S0003510,11,13,productive_iteration,False,True,False,False,False,,3.0
Natural500,Natural500_T000284,b26f9b74fdd6a934857943126641ed96c20cd472ebcad5389cafb927178eff79,S0003511,1,9,productive_iteration,True,True,False,False,False,,9.0
Natural500,Natural500_T000285,a2c82d0baa2bd14e4d535adc98e82f00f5e041086d6e9a729b127f9a8cac11a2,S0003512,0,6,productive_iteration,False,True,False,False,False,,7.0
Natural500,Natural500_T000286,4000734bc6b8e33cd624d2982578307565f16af83fefdf4cfae402abcf4b1ac1,S0003513,0,7,productive_iteration,False,True,False,False,False,,8.0
Natural500,Natural500_T000287,72f9ae9b748c7f0571566ffb8dc91f1a47ea300c4ae3ca83b180108b1ee2fef0,S0003514,0,1,productive_iteration,False,True,False,False,False,,2.0
Natural500,Natural500_T000287,72f9ae9b748c7f0571566ffb8dc91f1a47ea300c4ae3ca83b180108b1ee2fef0,S0003515,3,5,productive_iteration,False,True,False,False,False,,3.0
Natural500,Natural500_T000288,6c5bb11380a1417eeb51a4dd7a3678c658b350b409a62cc6569958c57f18cb7a,S0003516,3,3,productive_iteration,True,True,False,False,False,,1.0
Natural500,Natural500_T000288,6c5bb11380a1417eeb51a4dd7a3678c658b350b409a62cc6569958c57f18cb7a,S0003517,0,1,productive_iteration,False,True,False,False,False,,2.0
Natural500,Natural500_T000289,7ecf815b4bacdadb15331ffe7a3a04c2a116376e43ba2e44b7800174f7d27c1b,S0003518,6,7,productive_iteration,True,True,False,False,False,,2.0
Natural500,Natural500_T000289,7ecf815b4bacdadb15331ffe7a3a04c2a116376e43ba2e44b7800174f7d27c1b,S0003519,0,1,productive_iteration,False,True,False,False,False,,2.0
Natural500,Natural500_T000289,7ecf815b4bacdadb15331ffe7a3a04c2a116376e43ba2e44b7800174f7d27c1b,S0003520,3,4,productive_iteration,False,True,False,False,False,,2.0
Natural500,Natural500_T000289,7ecf815b4bacdadb15331ffe7a3a04c2a116376e43ba2e44b7800174f7d27c1b,S0003521,8,14,productive_iteration,False,True,False,False,False,,7.0
Natural500,Natural500_T000290,c1bf8ce6b1b811f794fa261249fb76c0edcf85809e24c7791c287149e77385c8,S0003522,0,12,productive_iteration,False,True,False,False,False,,13.0
Natural500,Natural500_T000290,c1bf8ce6b1b811f794fa261249fb76c0edcf85809e24c7791c287149e77385c8,S0003523,14,16,productive_iteration,False,True,False,False,False,,3.0
Natural500,Natural500_T000291,4af7f9ba8657a6c8cfc1d0850c80a4f4433b9f8f285f50cd2c5976a72aa0222c,S0003524,6,12,productive_iteration,True,True,False,False,False,,5.0
Natural500,Natural500_T000291,4af7f9ba8657a6c8cfc1d0850c80a4f4433b9f8f285f50cd2c5976a72aa0222c,S0003525,16,128,unproductive_cycle,False,False,True,False,False,,12.0
Natural500,Natural500_T000291,4af7f9ba8657a6c8cfc1d0850c80a4f4433b9f8f285f50cd2c5976a72aa0222c,S0003526,1,5,productive_iteration,False,True,False,False,False,,5.0
Natural500,Natural500_T000291,4af7f9ba8657a6c8cfc1d0850c80a4f4433b9f8f285f50cd2c5976a72aa0222c,S0003527,13,15,productive_iteration,True,True,False,False,False,,3.0
Natural500,Natural500_T000291,4af7f9ba8657a6c8cfc1d0850c80a4f4433b9f8f285f50cd2c5976a72aa0222c,S0003528,23,79,unproductive_cycle,False,False,True,False,False,,57.0
Natural500,Natural500_T000291,4af7f9ba8657a6c8cfc1d0850c80a4f4433b9f8f285f50cd2c5976a72aa0222c,S0003529,82,96,unproductive_cycle,False,False,True,False,False,,15.0
Natural500,Natural500_T000291,4af7f9ba8657a6c8cfc1d0850c80a4f4433b9f8f285f50cd2c5976a72aa0222c,S0003530,98,120,unproductive_cycle,False,False,True,False,False,,23.0
Natural500,Natural500_T000291,4af7f9ba8657a6c8cfc1d0850c80a4f4433b9f8f285f50cd2c5976a72aa0222c,S0003531,122,127,unproductive_cycle,False,False,True,False,False,,6.0
Natural500,Natural500_T000291,4af7f9ba8657a6c8cfc1d0850c80a4f4433b9f8f285f50cd2c5976a72aa0222c,S0003532,130,135,unproductive_cycle,False,False,True,False,False,,6.0
Natural500,Natural500_T000292,7960bcea804dc9e444d7805f1b98282125eb0f4a6ff335098a0f6ee803121d07,S0003533,0,6,productive_iteration,False,True,False,False,False,,7.0
Natural500,Natural500_T000293,092d020490a51dfb8aac08faf74e2f1a048f311b620a5980229262b15bf28a5c,S0003534,0,7,productive_iteration,False,True,False,False,False,,8.0
Natural500,Natural500_T000294,3d2a0970245bc2bb509521d6af4fe3e9332ce7deca0536636a1d82e1b268b3a8,S0003535,0,7,productive_iteration,False,True,False,False,False,,8.0
Natural500,Natural500_T000294,3d2a0970245bc2bb509521d6af4fe3e9332ce7deca0536636a1d82e1b268b3a8,S0003536,8,30,unproductive_cycle,False,False,True,False,False,,22.0
Natural500,Natural500_T000295,d7424d53cb7e601bb4d6c81813fda939c4812c44e1788f8af6abb88bfd2765b4,S0003537,3,12,productive_iteration,False,True,False,False,False,,10.0
Natural500,Natural500_T000296,ea17ee907117151aec999b2e9439631ac1e9a23277c1465a23792205775998bb,S0003538,0,1,productive_iteration,False,True,False,False,False,,2.0
Natural500,Natural500_T000296,ea17ee907117151aec999b2e9439631ac1e9a23277c1465a23792205775998bb,S0003539,3,5,productive_iteration,False,True,False,False,False,,3.0
Natural500,Natural500_T000296,ea17ee907117151aec999b2e9439631ac1e9a23277c1465a23792205775998bb,S0003540,7,13,productive_iteration,False,True,False,False,False,,7.0
Natural500,Natural500_T000297,6d9088686e6b30312e7083789e2f6733285b23dad3dfd264a06c8d69aaec34f7,S0003541,0,7,productive_iteration,False,True,False,False,False,,8.0
Natural500,Natural500_T000298,a59c14d5a11575ba70e32dc52be575905f625ca26fe6596be5a6f4055b18803f,S0003542,3,4,productive_iteration,False,True,False,False,False,,2.0
Natural500,Natural500_T000298,a59c14d5a11575ba70e32dc52be575905f625ca26fe6596be5a6f4055b18803f,S0003543,6,8,productive_iteration,False,True,False,False,False,,3.0
Natural500,Natural500_T000299,36e2de1b1ed277763594bd1a5e8f97390b959766c23931bdbf5ba650c0457c08,S0003544,3,3,productive_iteration,False,True,False,False,False,,1.0
Natural500,Natural500_T000299,36e2de1b1ed277763594bd1a5e8f97390b959766c23931bdbf5ba650c0457c08,S0003545,7,8,unproductive_cycle,False,False,True,False,False,,2.0
Natural500,Natural500_T000299,36e2de1b1ed277763594bd1a5e8f97390b959766c23931bdbf5ba650c0457c08,S0003546,0,2,productive_iteration,False,True,False,False,False,,3.0
Natural500,Natural500_T000299,36e2de1b1ed277763594bd1a5e8f97390b959766c23931bdbf5ba650c0457c08,S0003547,4,6,productive_iteration,False,True,False,False,False,,3.0
Natural500,Natural500_T000299,36e2de1b1ed277763594bd1a5e8f97390b959766c23931bdbf5ba650c0457c08,S0003548,9,10,productive_iteration,False,True,False,False,False,,2.0
Natural500,Natural500_T000299,36e2de1b1ed277763594bd1a5e8f97390b959766c23931bdbf5ba650c0457c08,S0003549,11,16,unproductive_cycle,False,False,True,False,False,,6.0
Natural500,Natural500_T000300,b6f5e6178ceb2c1175ebc4fabf0c93b1d9e5ffc73e50826281948d8bc4924521,S0003550,2,10,productive_iteration,False,True,False,False,False,,9.0
Natural500,Natural500_T000301,8d80f8198dfd077b397f22b7643f621e95ca5e71592c6fc8d45c1acc27ce01ae,S0003551,19,26,productive_iteration,True,True,False,False,False,,3.0
Natural500,Natural500_T000301,8d80f8198dfd077b397f22b7643f621e95ca5e71592c6fc8d45c1acc27ce01ae,S0003552,0,6,productive_iteration,False,True,False,False,False,,7.0
Natural500,Natural500_T000301,8d80f8198dfd077b397f22b7643f621e95ca5e71592c6fc8d45c1acc27ce01ae,S0003553,8,17,productive_iteration,False,True,False,False,False,,10.0
Natural500,Natural500_T000301,8d80f8198dfd077b397f22b7643f621e95ca5e71592c6fc8d45c1acc27ce01ae,S0003554,21,24,productive_iteration,True,True,False,False,False,,4.0
Natural500,Natural500_T000302,e20e70589e468841add509dbd089e5b35c3690658ad7e6e0adb32739d6b66ac3,S0003555,0,7,productive_iteration,False,True,False,False,False,,8.0
Natural500,Natural500_T000303,b4d31b524efc7a1965019777bf42a0c451aea8b5a9116372d14f414352ac3658,S0003556,12,12,productive_iteration,True,True,False,False,False,,1.0
Natural500,Natural500_T000303,b4d31b524efc7a1965019777bf42a0c451aea8b5a9116372d14f414352ac3658,S0003557,8,30,unproductive_cycle,False,False,True,False,False,,11.0
Natural500,Natural500_T000303,b4d31b524efc7a1965019777bf42a0c451aea8b5a9116372d14f414352ac3658,S0003558,0,4,productive_iteration,False,True,False,False,False,,5.0
Natural500,Natural500_T000304,f7f5c6b74a4fc1afcf24d097078436938e7daff2fdf3a7a80b24dc882fdc1ee2,S0003559,17,29,unproductive_cycle,False,False,True,False,False,,7.0
Natural500,Natural500_T000304,f7f5c6b74a4fc1afcf24d097078436938e7daff2fdf3a7a80b24dc882fdc1ee2,S0003560,0,16,productive_iteration,False,True,False,False,False,,17.0
Natural500,Natural500_T000304,f7f5c6b74a4fc1afcf24d097078436938e7daff2fdf3a7a80b24dc882fdc1ee2,S0003561,18,19,productive_iteration,False,True,False,False,False,,2.0
Natural500,Natural500_T000304,f7f5c6b74a4fc1afcf24d097078436938e7daff2fdf3a7a80b24dc882fdc1ee2,S0003562,20,22,unproductive_cycle,False,False,True,False,False,,3.0
Natural500,Natural500_T000305,2a208481e902a7e7d366a340b41bf864b2ebff61ec7abd1e89b8aadf56a111d4,S0003563,3,14,unproductive_cycle,False,False,True,False,False,,11.0
Natural500,Natural500_T000306,f5b1ef29fcd977991089ca36f08dc95e51fd339c3b8a2f8892d076ca11e8b7bd,S0003564,14,14,productive_iteration,True,True,False,False,False,,1.0
Natural500,Natural500_T000306,f5b1ef29fcd977991089ca36f08dc95e51fd339c3b8a2f8892d076ca11e8b7bd,S0003565,0,1,productive_iteration,False,True,False,False,False,,2.0
Natural500,Natural500_T000306,f5b1ef29fcd977991089ca36f08dc95e51fd339c3b8a2f8892d076ca11e8b7bd,S0003566,5,13,productive_iteration,False,True,False,False,False,,9.0
Natural500,Natural500_T000307,5add852732cad8aba8feea2d01367226de43824879c50dbbedff0e4f69e59d6a,S0003567,0,10,productive_iteration,False,True,False,False,False,,11.0
Natural500,Natural500_T000308,a497aa236f3391614da367643961218535bb31db96ebe05917934ca2cfda884b,S0003568,10,11,unproductive_cycle,False,False,True,False,False,,2.0
Natural500,Natural500_T000308,a497aa236f3391614da367643961218535bb31db96ebe05917934ca2cfda884b,S0003569,0,2,productive_iteration,False,True,False,False,False,,3.0
Natural500,Natural500_T000308,a497aa236f3391614da367643961218535bb31db96ebe05917934ca2cfda884b,S0003570,4,5,productive_iteration,False,True,False,False,False,,2.0
Natural500,Natural500_T000308,a497aa236f3391614da367643961218535bb31db96ebe05917934ca2cfda884b,S0003571,7,9,productive_iteration,False,True,False,False,False,,3.0
Natural500,Natural500_T000308,a497aa236f3391614da367643961218535bb31db96ebe05917934ca2cfda884b,S0003572,12,14,productive_iteration,False,True,False,False,False,,3.0
Natural500,Natural500_T000309,ec2732200c2e3719be5d2d40cb72682cf331aa067e631e9b23752673d5da13e0,S0003573,0,6,productive_iteration,False,True,False,False,False,,7.0
Natural500,Natural500_T000309,ec2732200c2e3719be5d2d40cb72682cf331aa067e631e9b23752673d5da13e0,S0003574,9,26,productive_iteration,False,True,False,False,False,,18.0
Natural500,Natural500_T000310,e7719ca156ea94383452d99e9307daa60afa245fd786cabaad9c37bc750ccf9b,S0003575,0,10,productive_iteration,False,True,False,False,False,,11.0
Natural500,Natural500_T000311,a536776dfeebdca979eec62fd2e1782bd706cb9dc84f059cabd6da59a45311bd,S0003576,0,8,productive_iteration,False,True,False,False,False,,9.0
Natural500,Natural500_T000312,01d65a5216bd0d69a19032b86d228435e34b1f87bf0eb569d739c644a553612e,S0003577,0,2,productive_iteration,False,True,False,False,False,,3.0
Natural500,Natural500_T000312,01d65a5216bd0d69a19032b86d228435e34b1f87bf0eb569d739c644a553612e,S0003578,4,14,productive_iteration,False,True,False,False,False,,11.0
Natural500,Natural500_T000313,dd667f2cddede8cef7d573a7d6f435ba71f194ae1782fa9ba32ad65df8c511ad,S0003579,9,9,unproductive_cycle,False,False,True,False,False,,1.0
Natural500,Natural500_T000313,dd667f2cddede8cef7d573a7d6f435ba71f194ae1782fa9ba32ad65df8c511ad,S0003580,0,8,productive_iteration,False,True,False,False,False,,9.0
Natural500,Natural500_T000313,dd667f2cddede8cef7d573a7d6f435ba71f194ae1782fa9ba32ad65df8c511ad,S0003581,10,22,unproductive_cycle,False,False,True,False,False,,13.0
Natural500,Natural500_T000314,86b8425333dd4e5e43840528770c5886e782132b54492347af4ad8dc4cfd0dd6,S0003582,5,27,productive_iteration,True,True,False,False,False,,7.0
Natural500,Natural500_T000314,86b8425333dd4e5e43840528770c5886e782132b54492347af4ad8dc4cfd0dd6,S0003583,0,4,productive_iteration,False,True,False,False,False,,5.0
Natural500,Natural500_T000314,86b8425333dd4e5e43840528770c5886e782132b54492347af4ad8dc4cfd0dd6,S0003584,8,9,productive_iteration,False,True,False,False,False,,2.0
Natural500,Natural500_T000314,86b8425333dd4e5e43840528770c5886e782132b54492347af4ad8dc4cfd0dd6,S0003585,13,14,productive_iteration,False,True,False,False,False,,2.0
Natural500,Natural500_T000314,86b8425333dd4e5e43840528770c5886e782132b54492347af4ad8dc4cfd0dd6,S0003586,20,24,productive_iteration,False,True,False,False,False,,5.0
Natural500,Natural500_T000315,30befcbd29eb59b7f99a5b1170b9e5bc13f30e5a0a3954bec7c1a66e326b2755,S0003587,0,7,productive_iteration,False,True,False,False,False,,8.0
Natural500,Natural500_T000316,43a99c1f284293505fa4fee5992c9c5c3ee90905c97ae831f025a3b7a00e20d8,S0003588,2,8,productive_iteration,True,True,False,False,False,,5.0
Natural500,Natural500_T000316,43a99c1f284293505fa4fee5992c9c5c3ee90905c97ae831f025a3b7a00e20d8,S0003589,0,1,productive_iteration,False,True,False,False,False,,2.0
Natural500,Natural500_T000316,43a99c1f284293505fa4fee5992c9c5c3ee90905c97ae831f025a3b7a00e20d8,S0003590,6,7,productive_iteration,False,True,False,False,False,,2.0
Natural500,Natural500_T000316,43a99c1f284293505fa4fee5992c9c5c3ee90905c97ae831f025a3b7a00e20d8,S0003591,10,11,productive_iteration,False,True,False,False,False,,2.0
Natural500,Natural500_T000317,333533ab5016a0eb442d781e9c65b65b6bd771236cc3ee5cb73feeff0b5f2485,S0003592,2,9,productive_iteration,True,True,False,False,False,,6.0
Natural500,Natural500_T000317,333533ab5016a0eb442d781e9c65b65b6bd771236cc3ee5cb73feeff0b5f2485,S0003593,0,1,productive_iteration,False,True,False,False,False,,2.0
Natural500,Natural500_T000317,333533ab5016a0eb442d781e9c65b65b6bd771236cc3ee5cb73feeff0b5f2485,S0003594,10,15,productive_iteration,True,True,False,False,False,,6.0
Natural500,Natural500_T000318,0406e147ec99dc6e52e8b19f0929f7f0f2d2b8d73e1ddd4277c312f0801cdf05,S0003595,3,7,productive_iteration,False,True,False,False,False,,5.0
Natural500,Natural500_T000318,0406e147ec99dc6e52e8b19f0929f7f0f2d2b8d73e1ddd4277c312f0801cdf05,S0003596,9,12,productive_iteration,False,True,False,False,False,,4.0
Natural500,Natural500_T000319,3f5981a80887e1febbd7e0e58e03d79662ee601d2b26bdb15b64104345f239af,S0003597,0,9,productive_iteration,False,True,False,False,False,,10.0
Natural500,Natural500_T000320,40fd3be60ec8a6a2e11b0f0c9531c5085a390807a0a431853acd2acd3873d367,S0003598,5,13,productive_iteration,True,True,False,False,False,,3.0
Natural500,Natural500_T000320,40fd3be60ec8a6a2e11b0f0c9531c5085a390807a0a431853acd2acd3873d367,S0003599,21,21,unproductive_cycle,False,False,True,False,False,,1.0
Natural500,Natural500_T000320,40fd3be60ec8a6a2e11b0f0c9531c5085a390807a0a431853acd2acd3873d367,S0003600,0,2,productive_iteration,False,True,False,False,False,,3.0
Natural500,Natural500_T000320,40fd3be60ec8a6a2e11b0f0c9531c5085a390807a0a431853acd2acd3873d367,S0003601,6,10,productive_iteration,False,True,False,False,False,,5.0
Natural500,Natural500_T000320,40fd3be60ec8a6a2e11b0f0c9531c5085a390807a0a431853acd2acd3873d367,S0003602,18,20,unproductive_cycle,False,False,True,False,False,,2.0
Natural500,Natural500_T000320,40fd3be60ec8a6a2e11b0f0c9531c5085a390807a0a431853acd2acd3873d367,S0003603,22,33,unproductive_cycle,False,False,True,False,False,,12.0
Natural500,Natural500_T000321,5fa2275d604c1af22749d7026b8eee67b5a9adae34068f96c83398a32abe5df1,S0003604,48,51,unproductive_cycle,False,False,True,False,False,,2.0
Natural500,Natural500_T000321,5fa2275d604c1af22749d7026b8eee67b5a9adae34068f96c83398a32abe5df1,S0003605,1,11,productive_iteration,True,True,False,False,False,,10.0
Natural500,Natural500_T000321,5fa2275d604c1af22749d7026b8eee67b5a9adae34068f96c83398a32abe5df1,S0003606,12,47,productive_iteration,True,True,False,False,False,,1.0
Natural500,Natural500_T000321,5fa2275d604c1af22749d7026b8eee67b5a9adae34068f96c83398a32abe5df1,S0003607,12,47,unproductive_cycle,False,False,True,False,False,,34.0
Natural500,Natural500_T000322,4eb0cea483cdacce6228177a59202962b5b46eeabeb159dcf2d106d2836d4206,S0003608,0,6,productive_iteration,False,True,False,False,False,,7.0
Natural500,Natural500_T000323,3381eae063e9e18b50dcfc8384147e0883eca0f319e062daa586549439ad81f8,S0003609,2,37,productive_iteration,True,True,False,False,False,,20.0
Natural500,Natural500_T000323,3381eae063e9e18b50dcfc8384147e0883eca0f319e062daa586549439ad81f8,S0003610,47,56,unproductive_cycle,False,False,True,False,False,,3.0
Natural500,Natural500_T000323,3381eae063e9e18b50dcfc8384147e0883eca0f319e062daa586549439ad81f8,S0003611,0,1,productive_iteration,False,True,False,False,False,,2.0
Natural500,Natural500_T000323,3381eae063e9e18b50dcfc8384147e0883eca0f319e062daa586549439ad81f8,S0003612,10,12,productive_iteration,False,True,False,False,False,,3.0
Natural500,Natural500_T000323,3381eae063e9e18b50dcfc8384147e0883eca0f319e062daa586549439ad81f8,S0003613,16,19,productive_iteration,True,True,False,False,False,,4.0
Natural500,Natural500_T000323,3381eae063e9e18b50dcfc8384147e0883eca0f319e062daa586549439ad81f8,S0003614,21,23,productive_iteration,False,True,False,False,False,,3.0
Natural500,Natural500_T000323,3381eae063e9e18b50dcfc8384147e0883eca0f319e062daa586549439ad81f8,S0003615,24,26,productive_iteration,True,True,False,False,False,,3.0
Natural500,Natural500_T000323,3381eae063e9e18b50dcfc8384147e0883eca0f319e062daa586549439ad81f8,S0003616,38,46,unproductive_cycle,False,False,True,False,False,,7.0
Natural500,Natural500_T000323,3381eae063e9e18b50dcfc8384147e0883eca0f319e062daa586549439ad81f8,S0003617,48,51,unproductive_cycle,False,False,True,False,False,,4.0
Natural500,Natural500_T000323,3381eae063e9e18b50dcfc8384147e0883eca0f319e062daa586549439ad81f8,S0003618,53,55,unproductive_cycle,False,False,True,False,False,,3.0
Natural500,Natural500_T000324,b3b8085892c088f6a6ccaefa72d7dff9a44b468c170a301f8c2d6df29bd9bdd2,S0003619,0,4,productive_iteration,False,True,False,False,False,,5.0
Natural500,Natural500_T000325,3f0e45465ab21e2c1a3c7cb39ae902e7f904f1bb0c88189523384e7b699b5932,S0003620,0,1,productive_iteration,False,True,False,False,False,,2.0
Natural500,Natural500_T000325,3f0e45465ab21e2c1a3c7cb39ae902e7f904f1bb0c88189523384e7b699b5932,S0003621,6,7,productive_iteration,False,True,False,False,False,,2.0
Natural500,Natural500_T000326,1b3e48e947f88e93925fdf6a9ca853cafff6e2e1050fc01a2bde73571bfd09e7,S0003622,0,9,productive_iteration,False,True,False,False,False,,10.0
Natural500,Natural500_T000326,1b3e48e947f88e93925fdf6a9ca853cafff6e2e1050fc01a2bde73571bfd09e7,S0003623,11,12,productive_iteration,False,True,False,False,False,,2.0
Natural500,Natural500_T000327,9fb40042c0368abeac03f6780244bbacab19668a90e3865720b7204a6b26b80a,S0003624,4,8,productive_iteration,True,True,False,False,False,,5.0
Natural500,Natural500_T000327,9fb40042c0368abeac03f6780244bbacab19668a90e3865720b7204a6b26b80a,S0003625,0,2,productive_iteration,False,True,False,False,False,,3.0
Natural500,Natural500_T000327,9fb40042c0368abeac03f6780244bbacab19668a90e3865720b7204a6b26b80a,S0003626,9,10,productive_iteration,True,True,False,False,False,,1.0
Natural500,Natural500_T000328,51215082c384f5b33c30069268f495c233bf15db9760ecd7e8efabac6cf08833,S0003627,0,2,productive_iteration,False,True,False,False,False,,3.0
Natural500,Natural500_T000328,51215082c384f5b33c30069268f495c233bf15db9760ecd7e8efabac6cf08833,S0003628,4,10,productive_iteration,False,True,False,False,False,,7.0
Natural500,Natural500_T000329,7676c0ab44ea2ad3c20c235d78493a0e36bb2c4e05fdba2b82b969bc03d5b9ed,S0003629,0,12,productive_iteration,False,True,False,False,False,,13.0
Natural500,Natural500_T000330,30109cbcd125adea49c832480247ca21e365dc02e923e5f78c9e3c6791c6ddc5,S0003630,0,7,productive_iteration,False,True,False,False,False,,8.0
Natural500,Natural500_T000331,5e817c51f0f34e0c71c9642ea858c62367c49e17726a80f19d2b884bc9142ddc,S0003631,3,6,productive_iteration,False,True,False,False,False,,4.0
Natural500,Natural500_T000332,559b1ff96dc3e0bdb91f1afa4fab0510cd584a9fbdad1677135e882544bc11ff,S0003632,7,22,productive_iteration,True,True,False,False,False,,2.0
Natural500,Natural500_T000332,559b1ff96dc3e0bdb91f1afa4fab0510cd584a9fbdad1677135e882544bc11ff,S0003633,32,32,unproductive_cycle,False,False,True,False,False,,1.0
Natural500,Natural500_T000332,559b1ff96dc3e0bdb91f1afa4fab0510cd584a9fbdad1677135e882544bc11ff,S0003634,0,1,productive_iteration,False,True,False,False,False,,2.0
Natural500,Natural500_T000332,559b1ff96dc3e0bdb91f1afa4fab0510cd584a9fbdad1677135e882544bc11ff,S0003635,3,6,productive_iteration,False,True,False,False,False,,3.0
Natural500,Natural500_T000332,559b1ff96dc3e0bdb91f1afa4fab0510cd584a9fbdad1677135e882544bc11ff,S0003636,8,21,productive_iteration,True,True,False,False,False,,14.0
Natural500,Natural500_T000332,559b1ff96dc3e0bdb91f1afa4fab0510cd584a9fbdad1677135e882544bc11ff,S0003637,27,28,productive_iteration,False,True,False,False,False,,2.0
Natural500,Natural500_T000332,559b1ff96dc3e0bdb91f1afa4fab0510cd584a9fbdad1677135e882544bc11ff,S0003638,33,36,productive_iteration,False,True,False,False,False,,4.0
Natural500,Natural500_T000332,559b1ff96dc3e0bdb91f1afa4fab0510cd584a9fbdad1677135e882544bc11ff,S0003639,40,43,productive_iteration,False,True,False,False,False,,4.0
Natural500,Natural500_T000332,559b1ff96dc3e0bdb91f1afa4fab0510cd584a9fbdad1677135e882544bc11ff,S0003640,37,39,unproductive_cycle,False,False,True,False,False,,3.0
Natural500,Natural500_T000333,b695fc204be0a8f0b0df3ef3a132c6388da342c6fd79437c9bd3b0fa05048755,S0003641,0,6,productive_iteration,False,True,False,False,False,,7.0
Natural500,Natural500_T000334,d9282602c1f8f79b6a1bf8e029707ad388c3a37ca4d908e1e69248efe879d280,S0003642,8,8,productive_iteration,False,True,False,False,False,,1.0
Natural500,Natural500_T000334,d9282602c1f8f79b6a1bf8e029707ad388c3a37ca4d908e1e69248efe879d280,S0003643,0,7,productive_iteration,False,True,False,False,False,,8.0
Natural500,Natural500_T000335,4c0d517465406c5b960e950e843bae94cea4a67855dab1da46cf809ac5da4bcc,S0003644,0,7,productive_iteration,False,True,False,False,False,,8.0
Natural500,Natural500_T000336,a374a98a595d2661457ebe2029abc98f0e844c704373b47c8fb6b8ee8dba8479,S0003645,0,10,productive_iteration,False,True,False,False,False,,11.0
Natural500,Natural500_T000337,9d30dafd2f361d7ed5909ddaaca8f09cce0b3ae03a9a4b1c66ac73ae6be7ea04,S0003646,0,6,productive_iteration,False,True,False,False,False,,7.0
Natural500,Natural500_T000338,dff3811c5cb9146ecede70df752890efbb0c71ca15a1882e0932118ac9170417,S0003647,1,8,productive_iteration,False,True,False,False,False,,8.0
Natural500,Natural500_T000339,f37ed1bce0d1b57d23b1f8af1a8503334adf6ef1c4bd4ead9a44af92566c15f1,S0003648,0,4,productive_iteration,False,True,False,False,False,,5.0
Natural500,Natural500_T000339,f37ed1bce0d1b57d23b1f8af1a8503334adf6ef1c4bd4ead9a44af92566c15f1,S0003649,6,9,productive_iteration,False,True,False,False,False,,4.0
Natural500,Natural500_T000340,90011334013f75fc369893d7e180ff38af6cdbcec948a91cf94b3042ec85da07,S0003650,1,3,productive_iteration,False,True,False,False,False,,3.0
Natural500,Natural500_T000340,90011334013f75fc369893d7e180ff38af6cdbcec948a91cf94b3042ec85da07,S0003651,10,17,productive_iteration,False,True,False,False,False,,8.0
Natural500,Natural500_T000341,67542d15294107ec6f8e3804dbce7ab500466c56c6d3801335134c34258657a7,S0003652,13,29,productive_iteration,True,True,False,False,False,,3.0
Natural500,Natural500_T000341,67542d15294107ec6f8e3804dbce7ab500466c56c6d3801335134c34258657a7,S0003653,25,25,unproductive_cycle,False,False,True,False,False,,1.0
Natural500,Natural500_T000341,67542d15294107ec6f8e3804dbce7ab500466c56c6d3801335134c34258657a7,S0003654,0,12,productive_iteration,False,True,False,False,False,,13.0
Natural500,Natural500_T000341,67542d15294107ec6f8e3804dbce7ab500466c56c6d3801335134c34258657a7,S0003655,16,21,productive_iteration,False,True,False,False,False,,6.0
Natural500,Natural500_T000341,67542d15294107ec6f8e3804dbce7ab500466c56c6d3801335134c34258657a7,S0003656,30,33,productive_iteration,False,True,False,False,False,,3.0
Natural500,Natural500_T000341,67542d15294107ec6f8e3804dbce7ab500466c56c6d3801335134c34258657a7,S0003657,26,28,unproductive_cycle,False,False,True,False,False,,3.0
Natural500,Natural500_T000342,6091d2f690a4ef55ab342eb1ad949c920e225c7b1481a9cbd7fdfc8c60719fae,S0003658,0,5,productive_iteration,True,True,False,False,False,,6.0
Natural500,Natural500_T000343,9a4a8f57e27ca76f720523ca27ddd8fc11ec62973d698b801ad59609bb77728d,S0003659,0,11,productive_iteration,False,True,False,False,False,,12.0
Natural500,Natural500_T000344,5838de42e117f497c4e31bf78e5cfd91f5f3c21db2a86323b80ccee7fc8e5cc8,S0003660,4,5,productive_iteration,False,True,False,False,False,,2.0
Natural500,Natural500_T000345,8f7f506ccd1e429a0f9d14e5e4e282bdd8b8e9311f92680422c9949f84fae55c,S0003661,0,5,productive_iteration,False,True,False,False,False,,6.0
Natural500,Natural500_T000345,8f7f506ccd1e429a0f9d14e5e4e282bdd8b8e9311f92680422c9949f84fae55c,S0003662,7,10,productive_iteration,False,True,False,False,False,,4.0
Natural500,Natural500_T000346,c61d38c837714cffd01e597b3a406dcea65c361d1036da25190e4e1e2f39493a,S0003663,0,7,productive_iteration,False,True,False,False,False,,8.0
Natural500,Natural500_T000347,e201ff4c4f59ab852f029b42fe9d045b68e48fc94b782198105f26739e7f7ba0,S0003664,0,10,productive_iteration,False,True,False,False,False,,11.0
Natural500,Natural500_T000348,4cc0ae9042997cc9a9990242dc1aa503e6800dfdd1246f53aa75d1bb08e09839,S0003665,0,2,productive_iteration,False,True,False,False,False,,3.0
Natural500,Natural500_T000348,4cc0ae9042997cc9a9990242dc1aa503e6800dfdd1246f53aa75d1bb08e09839,S0003666,3,9,unproductive_cycle,False,False,True,False,False,,7.0
Natural500,Natural500_T000349,85ddb87aad21a48bcc4f996982c48fbf7f07d1f05225c41e4d716b772927e20c,S0003667,5,5,productive_iteration,True,True,False,False,False,,1.0
Natural500,Natural500_T000349,85ddb87aad21a48bcc4f996982c48fbf7f07d1f05225c41e4d716b772927e20c,S0003668,1,3,productive_iteration,False,True,False,False,False,,3.0
Natural500,Natural500_T000349,85ddb87aad21a48bcc4f996982c48fbf7f07d1f05225c41e4d716b772927e20c,S0003669,7,9,productive_iteration,False,True,False,False,False,,3.0
Natural500,Natural500_T000350,9c9c6e1290fb016a2e8057a33c2fabf90ff4bb60fe37f4dbfe3c54d5edb65203,S0003670,0,8,productive_iteration,False,True,False,False,False,,9.0
Natural500,Natural500_T000351,ec27238ce2079fa1290a2c68e4c4c87407feb7549ba118fe0e1d5985438363f5,S0003671,8,8,productive_iteration,True,True,False,False,False,,1.0
Natural500,Natural500_T000351,ec27238ce2079fa1290a2c68e4c4c87407feb7549ba118fe0e1d5985438363f5,S0003672,0,6,productive_iteration,False,True,False,False,False,,7.0
Natural500,Natural500_T000351,ec27238ce2079fa1290a2c68e4c4c87407feb7549ba118fe0e1d5985438363f5,S0003673,9,12,productive_iteration,True,True,False,False,False,,3.0
Natural500,Natural500_T000352,91e897d9a6051dca4f6a0d04c7f901b3818623202b131219011236a27a290882,S0003674,0,7,productive_iteration,False,True,False,False,False,,8.0
Natural500,Natural500_T000353,7dfd819d437ba21217f862c69461b7bdf778782d30e7d23103b78cacb7cf2d3d,S0003675,0,8,productive_iteration,False,True,False,False,False,,9.0
Natural500,Natural500_T000354,28f60d3bb2b39fc2530e0bbbb4152315e1b6f7f303d6f11e835c51ef6832c52f,S0003676,5,7,productive_iteration,True,True,False,False,False,,3.0
Natural500,Natural500_T000354,28f60d3bb2b39fc2530e0bbbb4152315e1b6f7f303d6f11e835c51ef6832c52f,S0003677,0,4,productive_iteration,False,True,False,False,False,,5.0
Natural500,Natural500_T000354,28f60d3bb2b39fc2530e0bbbb4152315e1b6f7f303d6f11e835c51ef6832c52f,S0003678,8,12,productive_iteration,False,True,False,False,False,,5.0
Natural500,Natural500_T000354,28f60d3bb2b39fc2530e0bbbb4152315e1b6f7f303d6f11e835c51ef6832c52f,S0003679,13,29,productive_iteration,True,True,False,False,False,,1.0
Natural500,Natural500_T000354,28f60d3bb2b39fc2530e0bbbb4152315e1b6f7f303d6f11e835c51ef6832c52f,S0003680,13,29,unproductive_cycle,False,False,True,False,False,,16.0
Natural500,Natural500_T000355,31dbc0029ff9deb5da67a6f8470bd66960180c29ced76733ed0a2be1285f8889,S0003681,0,4,productive_iteration,False,True,False,False,False,,5.0
Natural500,Natural500_T000355,31dbc0029ff9deb5da67a6f8470bd66960180c29ced76733ed0a2be1285f8889,S0003682,6,9,productive_iteration,False,True,False,False,False,,4.0
Natural500,Natural500_T000356,deb519026f37ba8a4f19011fa8ce40f2fc82dc971bed20c1e3971bd428141994,S0003683,0,16,productive_iteration,False,True,False,False,False,,17.0
Natural500,Natural500_T000357,47e7543c6d2edc600cf39890df0b000b0a8f40a026e937c86ac8db36dd64fb1f,S0003684,8,10,productive_iteration,True,True,False,False,False,,2.0
Natural500,Natural500_T000357,47e7543c6d2edc600cf39890df0b000b0a8f40a026e937c86ac8db36dd64fb1f,S0003685,0,3,productive_iteration,False,True,False,False,False,,4.0
Natural500,Natural500_T000357,47e7543c6d2edc600cf39890df0b000b0a8f40a026e937c86ac8db36dd64fb1f,S0003686,6,7,productive_iteration,False,True,False,False,False,,2.0
Natural500,Natural500_T000357,47e7543c6d2edc600cf39890df0b000b0a8f40a026e937c86ac8db36dd64fb1f,S0003687,11,12,productive_iteration,True,True,False,False,False,,2.0
Natural500,Natural500_T000358,f1b8af30521879fff283108597630173acde8c0352321cdbf1b257fba1e8be56,S0003688,0,14,productive_iteration,False,True,False,False,False,,15.0
Natural500,Natural500_T000359,d211a2c380a99f46acf23e1bf837610d4c569b795e4235fc82a3467b9ffccbae,S0003689,0,8,productive_iteration,False,True,False,False,False,,9.0
Natural500,Natural500_T000360,e578823941decf5d37c719949beada594ba0fc8bfbfc72462cbd0ddef67baa22,S0003690,0,1,productive_iteration,False,True,False,False,False,,2.0
Natural500,Natural500_T000360,e578823941decf5d37c719949beada594ba0fc8bfbfc72462cbd0ddef67baa22,S0003691,3,7,productive_iteration,False,True,False,False,False,,5.0
Natural500,Natural500_T000361,bb27d2f32dc625a6574ba27a6f4c30ec85efe28cdae7afefdcb982c52eca4a7a,S0003692,0,1,productive_iteration,False,True,False,False,False,,2.0
Natural500,Natural500_T000361,bb27d2f32dc625a6574ba27a6f4c30ec85efe28cdae7afefdcb982c52eca4a7a,S0003693,2,6,productive_iteration,True,True,False,False,False,,5.0
Natural500,Natural500_T000362,76a565ab28862f2dfa3e2274d31260b5f83405680465ce31e93c0f9936a511be,S0003694,0,2,productive_iteration,False,True,False,False,False,,3.0
Natural500,Natural500_T000362,76a565ab28862f2dfa3e2274d31260b5f83405680465ce31e93c0f9936a511be,S0003695,4,5,productive_iteration,False,True,False,False,False,,2.0
Natural500,Natural500_T000362,76a565ab28862f2dfa3e2274d31260b5f83405680465ce31e93c0f9936a511be,S0003696,7,13,productive_iteration,False,True,False,False,False,,7.0
Natural500,Natural500_T000362,76a565ab28862f2dfa3e2274d31260b5f83405680465ce31e93c0f9936a511be,S0003697,15,19,productive_iteration,False,True,False,False,False,,5.0
Natural500,Natural500_T000363,9e2b1118d4b30a8fc8e8005017134ea8f0484f4489ac88cc34aba32aa19695b9,S0003698,0,9,productive_iteration,False,True,False,False,False,,10.0
Natural500,Natural500_T000364,93588363cf3aa3976c9219bbf1ac91b0f4ad44a1efdb74d4b2217bbcc0a0229a,S0003699,0,8,productive_iteration,False,True,False,False,False,,9.0
Natural500,Natural500_T000365,726193279fdc39387d17113501cf3979a1c71f5bf9ec19b16b773746097a3f92,S0003700,0,4,productive_iteration,False,True,False,False,False,,5.0
Natural500,Natural500_T000366,54dd65edadf97f27bb3794c50099543c7c93a8523e70212b1abae6e10ca45e75,S0003701,0,10,productive_iteration,False,True,False,False,False,,11.0
Natural500,Natural500_T000367,aab4aa9cc8b3ee0b601134573364c652b524d46d6be01188e91dedb682530fd7,S0003702,0,22,productive_iteration,False,True,False,False,False,,23.0
Natural500,Natural500_T000368,c6c225deb6bf963e94f0781cc0cfc5d8835417dcdbff4d730e6f3f05d1c079aa,S0003703,0,11,productive_iteration,False,True,False,False,False,,12.0
Natural500,Natural500_T000369,74fc85f6fe800e527f348f961280d40003fc17a44c3f5ce25ffb9d1ccc000ef5,S0003704,7,7,productive_iteration,True,True,False,False,False,,1.0
Natural500,Natural500_T000369,74fc85f6fe800e527f348f961280d40003fc17a44c3f5ce25ffb9d1ccc000ef5,S0003705,0,6,productive_iteration,False,True,False,False,False,,7.0
Natural500,Natural500_T000369,74fc85f6fe800e527f348f961280d40003fc17a44c3f5ce25ffb9d1ccc000ef5,S0003706,9,39,productive_iteration,True,True,False,False,False,,1.0
Natural500,Natural500_T000369,74fc85f6fe800e527f348f961280d40003fc17a44c3f5ce25ffb9d1ccc000ef5,S0003707,9,39,unproductive_cycle,False,False,True,False,False,,29.0
Natural500,Natural500_T000370,bb2bb658e952f80d4be93b1a7887c65730a6eea212c3cc594d8495ffaec5b6eb,S0003708,2,13,productive_iteration,True,True,False,False,False,,5.0
Natural500,Natural500_T000370,bb2bb658e952f80d4be93b1a7887c65730a6eea212c3cc594d8495ffaec5b6eb,S0003709,0,1,productive_iteration,False,True,False,False,False,,2.0
Natural500,Natural500_T000370,bb2bb658e952f80d4be93b1a7887c65730a6eea212c3cc594d8495ffaec5b6eb,S0003710,5,10,productive_iteration,True,True,False,False,False,,6.0
Natural500,Natural500_T000370,bb2bb658e952f80d4be93b1a7887c65730a6eea212c3cc594d8495ffaec5b6eb,S0003711,14,47,unproductive_cycle,False,False,True,False,False,,34.0
Natural500,Natural500_T000371,c43604258983cfbbc4449af5fd81b1a2b078dd274af0bfecd6d85dc8a1112794,S0003712,0,1,productive_iteration,False,True,False,False,False,,2.0
Natural500,Natural500_T000371,c43604258983cfbbc4449af5fd81b1a2b078dd274af0bfecd6d85dc8a1112794,S0003713,3,6,productive_iteration,False,True,False,False,False,,4.0
Natural500,Natural500_T000372,a00681ba9da1ef18a0e7135a49cad4698d8b03757429ea4c816cd24f64b3f456,S0003714,0,14,productive_iteration,False,True,False,False,False,,15.0
Natural500,Natural500_T000373,2995b5438f302b1913480ce96630aeb0b3ea4563dfc81ac591d6d49ea9224a8c,S0003715,11,11,productive_iteration,True,True,False,False,False,,1.0
Natural500,Natural500_T000373,2995b5438f302b1913480ce96630aeb0b3ea4563dfc81ac591d6d49ea9224a8c,S0003716,16,20,productive_iteration,False,True,False,False,False,,5.0
Natural500,Natural500_T000373,2995b5438f302b1913480ce96630aeb0b3ea4563dfc81ac591d6d49ea9224a8c,S0003717,0,9,unproductive_cycle,False,False,True,False,False,,8.0
Natural500,Natural500_T000373,2995b5438f302b1913480ce96630aeb0b3ea4563dfc81ac591d6d49ea9224a8c,S0003718,13,15,unproductive_cycle,False,False,True,False,False,,3.0
Natural500,Natural500_T000374,dc94f6cd2f7ae45c059a01dcb88833d38c6c92b503c8dab994045b17e7149cf4,S0003719,0,8,productive_iteration,False,True,False,False,False,,9.0
Natural500,Natural500_T000375,45bc23b9d47ab3ae41768b35bf1d2a15bd951f0df80d45617d3dd24287c1607f,S0003720,4,10,productive_iteration,False,True,False,False,False,,2.0
Natural500,Natural500_T000375,45bc23b9d47ab3ae41768b35bf1d2a15bd951f0df80d45617d3dd24287c1607f,S0003721,0,3,productive_iteration,False,True,False,False,False,,4.0
Natural500,Natural500_T000375,45bc23b9d47ab3ae41768b35bf1d2a15bd951f0df80d45617d3dd24287c1607f,S0003722,5,9,productive_iteration,False,True,False,False,False,,5.0
Natural500,Natural500_T000375,45bc23b9d47ab3ae41768b35bf1d2a15bd951f0df80d45617d3dd24287c1607f,S0003723,11,12,productive_iteration,False,True,False,False,False,,2.0
Natural500,Natural500_T000376,b3bf5dd45d6c236b1c042e8eb1f29b7b0b2a874357343b0b538b132356927039,S0003724,0,12,productive_iteration,False,True,False,False,False,,13.0
Natural500,Natural500_T000377,30bb54b1e8bb629e599a96d7ec1499cf654c1f469455a10ff38ae286acd760b9,S0003725,0,10,productive_iteration,False,True,False,False,False,,11.0
Natural500,Natural500_T000378,7a0d02408ed6e6c3421e2ce43a21b36b97ec57355f8eaab62916f51b906ff008,S0003726,0,0,productive_iteration,False,True,False,False,False,,1.0
Natural500,Natural500_T000378,7a0d02408ed6e6c3421e2ce43a21b36b97ec57355f8eaab62916f51b906ff008,S0003727,1,2,productive_iteration,False,True,False,False,False,,2.0
Natural500,Natural500_T000379,db4662c7ce62ba02b49a82fc047529ddf8165432e89fe1072460ad1b5c08c59d,S0003728,0,9,productive_iteration,False,True,False,False,False,,10.0
Natural500,Natural500_T000380,0d66b79d351f6a332d1587a7b671b8f3855d60bb93adda59adcfc74fafb581e3,S0003729,8,27,unproductive_cycle,False,False,True,False,False,,5.0
Natural500,Natural500_T000380,0d66b79d351f6a332d1587a7b671b8f3855d60bb93adda59adcfc74fafb581e3,S0003730,0,6,productive_iteration,False,True,False,False,False,,7.0
Natural500,Natural500_T000380,0d66b79d351f6a332d1587a7b671b8f3855d60bb93adda59adcfc74fafb581e3,S0003731,9,17,productive_iteration,False,True,False,False,False,,9.0
Natural500,Natural500_T000380,0d66b79d351f6a332d1587a7b671b8f3855d60bb93adda59adcfc74fafb581e3,S0003732,19,20,productive_iteration,True,True,False,False,False,,2.0
Natural500,Natural500_T000380,0d66b79d351f6a332d1587a7b671b8f3855d60bb93adda59adcfc74fafb581e3,S0003733,22,23,productive_iteration,False,True,False,False,False,,2.0
Natural500,Natural500_T000380,0d66b79d351f6a332d1587a7b671b8f3855d60bb93adda59adcfc74fafb581e3,S0003734,25,26,unproductive_cycle,False,False,True,False,False,,2.0
Natural500,Natural500_T000381,9d5e121dc2ae96d36b20f16e1a1569cf10b315b94073cc84e97f71146f6923b1,S0003735,0,6,productive_iteration,True,True,False,False,False,,7.0
Natural500,Natural500_T000382,62469ca9bb9eb06c6123297bcbc4459c90be6bfbe04a8f5e77c1982c25fdac6a,S0003736,1,8,productive_iteration,False,True,False,False,False,,8.0
Natural500,Natural500_T000383,128337f6d8d7c20d1783172fc1dd3972203afbbc2ad69bb7cef0f135b142b91f,S0003737,18,23,productive_iteration,True,True,False,False,False,,6.0
Natural500,Natural500_T000383,128337f6d8d7c20d1783172fc1dd3972203afbbc2ad69bb7cef0f135b142b91f,S0003738,81,82,unproductive_cycle,False,False,True,False,False,,2.0
Natural500,Natural500_T000383,128337f6d8d7c20d1783172fc1dd3972203afbbc2ad69bb7cef0f135b142b91f,S0003739,0,6,productive_iteration,False,True,False,False,False,,7.0
Natural500,Natural500_T000383,128337f6d8d7c20d1783172fc1dd3972203afbbc2ad69bb7cef0f135b142b91f,S0003740,8,16,productive_iteration,True,True,False,False,False,,9.0
Natural500,Natural500_T000383,128337f6d8d7c20d1783172fc1dd3972203afbbc2ad69bb7cef0f135b142b91f,S0003741,24,80,unproductive_cycle,False,False,True,False,False,,57.0
Natural500,Natural500_T000384,55b902631518f2224e8ec55cb905a8948bf6265fd7f4af4fb96aa01cf2a69323,S0003742,0,6,productive_iteration,False,True,False,False,False,,6.0
Natural500,Natural500_T000385,2d4e727d175f774633c3465a19a3ed339ab9c006debb98ad45a7ca6b1b07de53,S0003743,0,4,productive_iteration,False,True,False,False,False,,5.0
Natural500,Natural500_T000385,2d4e727d175f774633c3465a19a3ed339ab9c006debb98ad45a7ca6b1b07de53,S0003744,6,9,productive_iteration,False,True,False,False,False,,4.0
Natural500,Natural500_T000385,2d4e727d175f774633c3465a19a3ed339ab9c006debb98ad45a7ca6b1b07de53,S0003745,19,23,productive_iteration,False,True,False,False,False,,5.0
Natural500,Natural500_T000386,9994562908b85df1838a7a8a6fb9a6761b151186bf981870ac7dadc6e30236bf,S0003746,3,7,productive_iteration,False,True,False,False,False,,5.0
Natural500,Natural500_T000387,0c6909d5416810d10387df6e5a565bf95dd09fbf483397f3590ab5b61f25539f,S0003747,0,7,productive_iteration,False,True,False,False,False,,8.0
Natural500,Natural500_T000388,2f693996c99246f4d078ed7811c8a90203f7a2cce521e54a57404d8b967aab48,S0003748,2,6,unproductive_cycle,False,False,True,False,False,,4.0
Natural500,Natural500_T000388,2f693996c99246f4d078ed7811c8a90203f7a2cce521e54a57404d8b967aab48,S0003749,7,9,productive_iteration,False,True,False,False,False,,3.0
Natural500,Natural500_T000389,415e72a0aaa7b2a3e5d08ef5621dd89dbb7cca011643093f9e328cdbdaac1121,S0003750,0,2,productive_iteration,False,True,False,False,False,,3.0
Natural500,Natural500_T000389,415e72a0aaa7b2a3e5d08ef5621dd89dbb7cca011643093f9e328cdbdaac1121,S0003751,6,8,productive_iteration,False,True,False,False,False,,2.0
Natural500,Natural500_T000390,7acf3622fd85fb1709df6d51f786291be90f837d540b60fc45e92a03cacfbf97,S0003752,0,3,productive_iteration,False,True,False,False,False,,4.0
Natural500,Natural500_T000391,193ebcd988eb61b7a0af157cccae986edfdfb953bb24367fb1e3525cd5bad761,S0003753,0,4,unproductive_cycle,False,False,True,False,False,,5.0
Natural500,Natural500_T000391,193ebcd988eb61b7a0af157cccae986edfdfb953bb24367fb1e3525cd5bad761,S0003754,5,14,productive_iteration,True,True,False,False,False,,9.0
Natural500,Natural500_T000392,243edc83bec77eddf78e7cf46b2f535f2464c23b651ddbd7ebe4b3b2a76e676a,S0003755,0,9,productive_iteration,False,True,False,False,False,,10.0
Natural500,Natural500_T000393,dee7254b7994bb747cf2d7b1578cba67155fc19b0407beac0048eee21b665350,S0003756,0,3,productive_iteration,False,True,False,False,False,,4.0
Natural500,Natural500_T000393,dee7254b7994bb747cf2d7b1578cba67155fc19b0407beac0048eee21b665350,S0003757,5,8,productive_iteration,False,True,False,False,False,,4.0
Natural500,Natural500_T000394,a3d8e6403c6369ddd446f62b360510e1802bc8c1b81122e23f895dea4445d99d,S0003758,0,11,productive_iteration,False,True,False,False,False,,12.0
Natural500,Natural500_T000395,cc3d6890d27bc582343447a684ed5343cf396784850e8d9a62f69dbaa26436fa,S0003759,1,5,productive_iteration,False,True,False,False,False,,5.0
Natural500,Natural500_T000395,cc3d6890d27bc582343447a684ed5343cf396784850e8d9a62f69dbaa26436fa,S0003760,8,10,productive_iteration,False,True,False,False,False,,3.0
Natural500,Natural500_T000396,e898a6ad77912d7b188338dd212b02f76063607709d40560ad623054c7d09696,S0003761,4,4,productive_iteration,True,True,False,False,False,,1.0
Natural500,Natural500_T000396,e898a6ad77912d7b188338dd212b02f76063607709d40560ad623054c7d09696,S0003762,0,2,productive_iteration,False,True,False,False,False,,3.0
Natural500,Natural500_T000396,e898a6ad77912d7b188338dd212b02f76063607709d40560ad623054c7d09696,S0003763,6,7,productive_iteration,True,True,False,False,False,,2.0
Natural500,Natural500_T000397,931088cc0fe9a4ba850154855cd3438ff1dba815a0e74e2a630f2bb21e65c997,S0003764,0,18,productive_iteration,False,True,False,False,False,,19.0
Natural500,Natural500_T000398,a923e0ba76591a1d82d3c0a588afc0a46672781fcb925d5c874fbfe66c6bc526,S0003765,5,7,productive_iteration,True,True,False,False,False,,3.0
Natural500,Natural500_T000398,a923e0ba76591a1d82d3c0a588afc0a46672781fcb925d5c874fbfe66c6bc526,S0003766,8,8,unproductive_cycle,False,False,True,False,False,,1.0
Natural500,Natural500_T000398,a923e0ba76591a1d82d3c0a588afc0a46672781fcb925d5c874fbfe66c6bc526,S0003767,2,4,productive_iteration,False,True,False,False,False,,3.0
Natural500,Natural500_T000399,89adde6b3d898bf2acf7e9325389e5db8c65a5c72d1403094261c02836b988e7,S0003768,0,13,productive_iteration,False,True,False,False,False,,14.0
Natural500,Natural500_T000400,42e4f503524318fe36c391eaa254233d8123c2f668017c065af62348c866aea8,S0003769,7,27,productive_iteration,True,True,False,False,False,,9.0
Natural500,Natural500_T000400,42e4f503524318fe36c391eaa254233d8123c2f668017c065af62348c866aea8,S0003770,30,30,unproductive_cycle,False,False,True,False,False,,1.0
Natural500,Natural500_T000400,42e4f503524318fe36c391eaa254233d8123c2f668017c065af62348c866aea8,S0003771,0,6,productive_iteration,False,True,False,False,False,,7.0
Natural500,Natural500_T000400,42e4f503524318fe36c391eaa254233d8123c2f668017c065af62348c866aea8,S0003772,24,25,productive_iteration,False,True,False,False,False,,2.0
Natural500,Natural500_T000400,42e4f503524318fe36c391eaa254233d8123c2f668017c065af62348c866aea8,S0003773,28,29,productive_iteration,True,True,False,False,False,,2.0
Natural500,Natural500_T000400,42e4f503524318fe36c391eaa254233d8123c2f668017c065af62348c866aea8,S0003774,13,15,productive_iteration,True,True,False,False,False,,3.0
Natural500,Natural500_T000400,42e4f503524318fe36c391eaa254233d8123c2f668017c065af62348c866aea8,S0003775,18,23,productive_iteration,True,True,False,False,False,,6.0
Natural500,Natural500_T000401,7dfa4d86ac2f6ff630057899277e59f5f82d914e000fcf21877c2b4c202defb6,S0003776,0,13,productive_iteration,False,True,False,False,False,,14.0
Natural500,Natural500_T000402,1f2b8f18d4ab3e6188f2a77a6b61f399c805f5cb24efb80e640770b14ff21408,S0003777,0,6,productive_iteration,False,True,False,False,False,,7.0
Natural500,Natural500_T000403,e310c20e56a76f9580a06e2215c8e3924b9afe313ae7cbf7f93d7ec2891f7cd1,S0003778,9,12,productive_iteration,True,True,False,False,False,,4.0
Natural500,Natural500_T000403,e310c20e56a76f9580a06e2215c8e3924b9afe313ae7cbf7f93d7ec2891f7cd1,S0003779,30,32,unproductive_cycle,False,False,True,False,False,,3.0
Natural500,Natural500_T000403,e310c20e56a76f9580a06e2215c8e3924b9afe313ae7cbf7f93d7ec2891f7cd1,S0003780,0,2,productive_iteration,False,True,False,False,False,,3.0
Natural500,Natural500_T000403,e310c20e56a76f9580a06e2215c8e3924b9afe313ae7cbf7f93d7ec2891f7cd1,S0003781,4,8,productive_iteration,False,True,False,False,False,,5.0
Natural500,Natural500_T000403,e310c20e56a76f9580a06e2215c8e3924b9afe313ae7cbf7f93d7ec2891f7cd1,S0003782,15,18,productive_iteration,False,True,False,False,False,,4.0
Natural500,Natural500_T000403,e310c20e56a76f9580a06e2215c8e3924b9afe313ae7cbf7f93d7ec2891f7cd1,S0003783,24,29,productive_iteration,False,True,False,False,False,,6.0
Natural500,Natural500_T000403,e310c20e56a76f9580a06e2215c8e3924b9afe313ae7cbf7f93d7ec2891f7cd1,S0003784,19,21,unproductive_cycle,False,False,True,False,False,,3.0
Natural500,Natural500_T000404,470488d558c867118d5412ae8065946a5c185272c7137c8c7f01182de48d16b8,S0003785,0,12,productive_iteration,True,True,False,False,False,,13.0
Natural500,Natural500_T000405,6d74ff90259e6aba61e1719815814b35ed2e0750f271b136639103a1a91efa09,S0003786,0,1,productive_iteration,False,True,False,False,False,,2.0
Natural500,Natural500_T000405,6d74ff90259e6aba61e1719815814b35ed2e0750f271b136639103a1a91efa09,S0003787,8,14,productive_iteration,False,True,False,False,False,,7.0
Natural500,Natural500_T000405,6d74ff90259e6aba61e1719815814b35ed2e0750f271b136639103a1a91efa09,S0003788,4,7,unproductive_cycle,False,False,True,False,False,,4.0
Natural500,Natural500_T000406,48928b01d2560269726acd306488f79afc6b3778c3058340fe24c1389aa51cd9,S0003789,5,6,productive_iteration,False,True,False,False,False,,2.0
Natural500,Natural500_T000406,48928b01d2560269726acd306488f79afc6b3778c3058340fe24c1389aa51cd9,S0003790,0,4,productive_iteration,False,True,False,False,False,,5.0
Natural500,Natural500_T000406,48928b01d2560269726acd306488f79afc6b3778c3058340fe24c1389aa51cd9,S0003791,7,15,productive_iteration,False,True,False,False,False,,7.0
Natural500,Natural500_T000406,48928b01d2560269726acd306488f79afc6b3778c3058340fe24c1389aa51cd9,S0003792,7,15,unproductive_cycle,False,False,True,False,False,,1.0
Natural500,Natural500_T000407,b10ef235fd601663b16a3fd4b1920493359e1128e029637b054fb5c8b717ca59,S0003793,0,17,productive_iteration,False,True,False,False,False,,18.0
Natural500,Natural500_T000408,1bb66dbe0c0fae298d7a38cdda612ade0cf11ea75f53bfb02fb834c9a6e2b72c,S0003794,14,17,productive_iteration,True,True,False,False,False,,2.0
Natural500,Natural500_T000408,1bb66dbe0c0fae298d7a38cdda612ade0cf11ea75f53bfb02fb834c9a6e2b72c,S0003795,0,9,productive_iteration,False,True,False,False,False,,9.0
Natural500,Natural500_T000408,1bb66dbe0c0fae298d7a38cdda612ade0cf11ea75f53bfb02fb834c9a6e2b72c,S0003796,11,13,productive_iteration,False,True,False,False,False,,3.0
Natural500,Natural500_T000408,1bb66dbe0c0fae298d7a38cdda612ade0cf11ea75f53bfb02fb834c9a6e2b72c,S0003797,20,25,productive_iteration,False,True,False,False,False,,6.0
Natural500,Natural500_T000409,7513df75c0ffa4b4f6d587ff261f64972c11a5dbecd30dbb73fba953209b67fa,S0003798,14,24,productive_iteration,True,True,False,False,False,,6.0
Natural500,Natural500_T000409,7513df75c0ffa4b4f6d587ff261f64972c11a5dbecd30dbb73fba953209b67fa,S0003799,25,32,unproductive_cycle,False,False,True,False,False,,8.0
Natural500,Natural500_T000409,7513df75c0ffa4b4f6d587ff261f64972c11a5dbecd30dbb73fba953209b67fa,S0003800,0,1,productive_iteration,False,True,False,False,False,,2.0
Natural500,Natural500_T000409,7513df75c0ffa4b4f6d587ff261f64972c11a5dbecd30dbb73fba953209b67fa,S0003801,5,10,productive_iteration,False,True,False,False,False,,6.0
Natural500,Natural500_T000409,7513df75c0ffa4b4f6d587ff261f64972c11a5dbecd30dbb73fba953209b67fa,S0003802,12,13,productive_iteration,False,True,False,False,False,,2.0
Natural500,Natural500_T000409,7513df75c0ffa4b4f6d587ff261f64972c11a5dbecd30dbb73fba953209b67fa,S0003803,16,20,productive_iteration,False,True,False,False,False,,5.0
Natural500,Natural500_T000410,c0f60343ae9082fd4920a0acf1cf913a43f905dda4d1250be39656fb06d3ca4b,S0003804,0,2,productive_iteration,False,True,False,False,False,,3.0
Natural500,Natural500_T000410,c0f60343ae9082fd4920a0acf1cf913a43f905dda4d1250be39656fb06d3ca4b,S0003805,6,8,productive_iteration,False,True,False,False,False,,2.0
Natural500,Natural500_T000410,c0f60343ae9082fd4920a0acf1cf913a43f905dda4d1250be39656fb06d3ca4b,S0003806,3,5,unproductive_cycle,False,False,True,False,False,,3.0
Natural500,Natural500_T000411,1de8721cc4e0328b98716e80ca9312040f7281454e113d51e6ca6be84e210316,S0003807,0,7,productive_iteration,False,True,False,False,False,,8.0
Natural500,Natural500_T000412,766371f0af593797fe4dbb6af123515d2b034d18d3e42089bde77c3d22bd4426,S0003808,13,13,productive_iteration,True,True,False,False,False,,1.0
Natural500,Natural500_T000412,766371f0af593797fe4dbb6af123515d2b034d18d3e42089bde77c3d22bd4426,S0003809,27,42,unproductive_cycle,False,False,True,False,False,,7.0
Natural500,Natural500_T000412,766371f0af593797fe4dbb6af123515d2b034d18d3e42089bde77c3d22bd4426,S0003810,0,1,productive_iteration,False,True,False,False,False,,2.0
Natural500,Natural500_T000412,766371f0af593797fe4dbb6af123515d2b034d18d3e42089bde77c3d22bd4426,S0003811,6,9,productive_iteration,False,True,False,False,False,,4.0
Natural500,Natural500_T000412,766371f0af593797fe4dbb6af123515d2b034d18d3e42089bde77c3d22bd4426,S0003812,24,26,productive_iteration,False,True,False,False,False,,3.0
Natural500,Natural500_T000412,766371f0af593797fe4dbb6af123515d2b034d18d3e42089bde77c3d22bd4426,S0003813,28,29,productive_iteration,False,True,False,False,False,,2.0
Natural500,Natural500_T000412,766371f0af593797fe4dbb6af123515d2b034d18d3e42089bde77c3d22bd4426,S0003814,43,47,productive_iteration,False,True,False,False,False,,5.0
Natural500,Natural500_T000412,766371f0af593797fe4dbb6af123515d2b034d18d3e42089bde77c3d22bd4426,S0003815,2,5,unproductive_cycle,False,False,True,False,False,,2.0
Natural500,Natural500_T000412,766371f0af593797fe4dbb6af123515d2b034d18d3e42089bde77c3d22bd4426,S0003816,10,12,unproductive_cycle,False,False,True,False,False,,2.0
Natural500,Natural500_T000412,766371f0af593797fe4dbb6af123515d2b034d18d3e42089bde77c3d22bd4426,S0003817,15,23,unproductive_cycle,False,False,True,False,False,,8.0
Natural500,Natural500_T000412,766371f0af593797fe4dbb6af123515d2b034d18d3e42089bde77c3d22bd4426,S0003818,36,38,unproductive_cycle,False,False,True,False,False,,3.0
Natural500,Natural500_T000413,f3bdd7aa45344a74fc97c87d322bbe3fe1f420c36d4405874f77d033ee3d227b,S0003819,12,14,productive_iteration,True,True,False,False,False,,3.0
Natural500,Natural500_T000413,f3bdd7aa45344a74fc97c87d322bbe3fe1f420c36d4405874f77d033ee3d227b,S0003820,1,11,productive_iteration,True,True,False,False,False,,11.0
Natural500,Natural500_T000413,f3bdd7aa45344a74fc97c87d322bbe3fe1f420c36d4405874f77d033ee3d227b,S0003821,15,21,productive_iteration,True,True,False,False,False,,7.0
Natural500,Natural500_T000414,72d29ce25884cea889ae317dc958aeb3b874de8bcc76000bd83ff76f815846fc,S0003822,0,6,productive_iteration,False,True,False,False,False,,7.0
Natural500,Natural500_T000414,72d29ce25884cea889ae317dc958aeb3b874de8bcc76000bd83ff76f815846fc,S0003823,8,9,productive_iteration,False,True,False,False,False,,2.0
Natural500,Natural500_T000415,f2a831c2c6ac2fc860b8937b9b7190e508c45a5dffe65549ac2d265aad5d61b3,S0003824,0,7,productive_iteration,False,True,False,False,False,,8.0
Natural500,Natural500_T000416,fdcaa505aa743e8c37bfa7e7efa4d01ae6439afa8c9a3c9f0aef253e6d1f236f,S0003825,7,12,unproductive_cycle,False,False,True,False,False,,6.0
Natural500,Natural500_T000416,fdcaa505aa743e8c37bfa7e7efa4d01ae6439afa8c9a3c9f0aef253e6d1f236f,S0003826,0,6,productive_iteration,False,True,False,False,False,,7.0
Natural500,Natural500_T000417,e40a61d7e27776014d8a7122d108a51fe107e20ad9753fa38c283e3199073797,S0003827,0,6,productive_iteration,False,True,False,False,False,,7.0
Natural500,Natural500_T000418,2ca43afc90e933ea8543de3c364bb1ec1c75527489751f3511309210f521c501,S0003828,6,6,productive_iteration,True,True,False,False,False,,1.0
Natural500,Natural500_T000418,2ca43afc90e933ea8543de3c364bb1ec1c75527489751f3511309210f521c501,S0003829,5,5,unproductive_cycle,False,False,True,False,False,,1.0
Natural500,Natural500_T000418,2ca43afc90e933ea8543de3c364bb1ec1c75527489751f3511309210f521c501,S0003830,0,1,productive_iteration,False,True,False,False,False,,2.0
Natural500,Natural500_T000419,6e547a6a3f36eee8a3478f7d0431cc929f4dab5e439496a9f113f11f7216a860,S0003831,10,16,productive_iteration,True,True,False,False,False,,7.0
Natural500,Natural500_T000419,6e547a6a3f36eee8a3478f7d0431cc929f4dab5e439496a9f113f11f7216a860,S0003832,20,26,unproductive_cycle,False,False,True,False,False,,4.0
Natural500,Natural500_T000419,6e547a6a3f36eee8a3478f7d0431cc929f4dab5e439496a9f113f11f7216a860,S0003833,1,2,productive_iteration,False,True,False,False,False,,2.0
Natural500,Natural500_T000419,6e547a6a3f36eee8a3478f7d0431cc929f4dab5e439496a9f113f11f7216a860,S0003834,4,9,productive_iteration,False,True,False,False,False,,5.0
Natural500,Natural500_T000419,6e547a6a3f36eee8a3478f7d0431cc929f4dab5e439496a9f113f11f7216a860,S0003835,17,19,unproductive_cycle,False,False,True,False,False,,1.0
Natural500,Natural500_T000419,6e547a6a3f36eee8a3478f7d0431cc929f4dab5e439496a9f113f11f7216a860,S0003836,22,24,unproductive_cycle,False,False,True,False,False,,3.0
Natural500,Natural500_T000420,85230a1ebb500e3137d4f991a4144a53357319d0bbe1a4ca607feb14bec5d071,S0003837,0,11,productive_iteration,False,True,False,False,False,,12.0
Natural500,Natural500_T000421,103560061cf3a3e34e319ae8ca2da6359b59ff3333098a46297be548f7409aef,S0003838,0,8,productive_iteration,False,True,False,False,False,,9.0
Natural500,Natural500_T000422,5ffdb17b86c0eac9099282b7eb40279b7e1c38c61265513de87d76fbaaddbc32,S0003839,0,7,productive_iteration,False,True,False,False,False,,8.0
Natural500,Natural500_T000422,5ffdb17b86c0eac9099282b7eb40279b7e1c38c61265513de87d76fbaaddbc32,S0003840,9,14,productive_iteration,False,True,False,False,False,,6.0
Natural500,Natural500_T000423,48d3a468904a33ae302e6e1a56e095a1000f58d53d4ffe7f4ae83a2e2312cb44,S0003841,0,4,productive_iteration,False,True,False,False,False,,5.0
Natural500,Natural500_T000423,48d3a468904a33ae302e6e1a56e095a1000f58d53d4ffe7f4ae83a2e2312cb44,S0003842,7,10,productive_iteration,False,True,False,False,False,,4.0
Natural500,Natural500_T000424,4c3f6bfcada8935827787b64611c52cdacfa5d0814456775efc28e187c911c26,S0003843,6,7,unproductive_cycle,False,False,True,False,False,,2.0
Natural500,Natural500_T000424,4c3f6bfcada8935827787b64611c52cdacfa5d0814456775efc28e187c911c26,S0003844,0,5,productive_iteration,False,True,False,False,False,,6.0
Natural500,Natural500_T000424,4c3f6bfcada8935827787b64611c52cdacfa5d0814456775efc28e187c911c26,S0003845,8,10,productive_iteration,False,True,False,False,False,,3.0
Natural500,Natural500_T000424,4c3f6bfcada8935827787b64611c52cdacfa5d0814456775efc28e187c911c26,S0003846,11,29,unproductive_cycle,False,False,True,False,False,,19.0
Natural500,Natural500_T000425,367e5b73b553140d09ea0c99fb4aa6a4433badabbe2a4b63144793708db542bd,S0003847,11,12,productive_iteration,True,True,False,False,False,,2.0
Natural500,Natural500_T000425,367e5b73b553140d09ea0c99fb4aa6a4433badabbe2a4b63144793708db542bd,S0003848,0,1,productive_iteration,False,True,False,False,False,,2.0
Natural500,Natural500_T000425,367e5b73b553140d09ea0c99fb4aa6a4433badabbe2a4b63144793708db542bd,S0003849,3,9,productive_iteration,False,True,False,False,False,,7.0
Natural500,Natural500_T000426,f2b4a097ab28c95855f36fc4a59fe26aa103df976d235c82a84cb8c9b0551c51,S0003850,0,2,productive_iteration,False,True,False,False,False,,3.0
Natural500,Natural500_T000426,f2b4a097ab28c95855f36fc4a59fe26aa103df976d235c82a84cb8c9b0551c51,S0003851,6,12,productive_iteration,False,True,False,False,False,,7.0
Natural500,Natural500_T000427,dacdd50c476e9bbc4a9d6edd85382e9641a5ddb542d01501cc86ea89758b1b97,S0003852,0,6,productive_iteration,False,True,False,False,False,,7.0
Natural500,Natural500_T000427,dacdd50c476e9bbc4a9d6edd85382e9641a5ddb542d01501cc86ea89758b1b97,S0003853,9,12,productive_iteration,False,True,False,False,False,,4.0
Natural500,Natural500_T000427,dacdd50c476e9bbc4a9d6edd85382e9641a5ddb542d01501cc86ea89758b1b97,S0003854,14,23,productive_iteration,False,True,False,False,False,,10.0
Natural500,Natural500_T000428,6b1583daf0068459f99f2d4b2986d1034f78f6a4d1e1c991b55ed8550b93f047,S0003855,2,3,productive_iteration,False,True,False,False,False,,2.0
Natural500,Natural500_T000428,6b1583daf0068459f99f2d4b2986d1034f78f6a4d1e1c991b55ed8550b93f047,S0003856,5,7,productive_iteration,False,True,False,False,False,,3.0
Natural500,Natural500_T000429,996e6872cc949cc4bc82da5dc72c71919b5cb2bbf9e9313fd41ac75b27979723,S0003857,10,18,productive_iteration,True,True,False,False,False,,3.0
Natural500,Natural500_T000429,996e6872cc949cc4bc82da5dc72c71919b5cb2bbf9e9313fd41ac75b27979723,S0003858,0,9,productive_iteration,False,True,False,False,False,,10.0
Natural500,Natural500_T000429,996e6872cc949cc4bc82da5dc72c71919b5cb2bbf9e9313fd41ac75b27979723,S0003859,11,12,productive_iteration,False,True,False,False,False,,2.0
Natural500,Natural500_T000429,996e6872cc949cc4bc82da5dc72c71919b5cb2bbf9e9313fd41ac75b27979723,S0003860,22,26,productive_iteration,True,True,False,False,False,,5.0
Natural500,Natural500_T000429,996e6872cc949cc4bc82da5dc72c71919b5cb2bbf9e9313fd41ac75b27979723,S0003861,19,21,unproductive_cycle,False,False,True,False,False,,3.0
Natural500,Natural500_T000430,dc0ee76a9bf79397cedf3202657495bf8cad5b08701e7ad2aecf58b725b6a942,S0003862,0,7,productive_iteration,False,True,False,False,False,,8.0
Natural500,Natural500_T000430,dc0ee76a9bf79397cedf3202657495bf8cad5b08701e7ad2aecf58b725b6a942,S0003863,9,11,productive_iteration,False,True,False,False,False,,2.0
Natural500,Natural500_T000431,2cfce37c964f33d3a614bfa473f0e2199ffb6876b4eff015bd2432191f5130f7,S0003864,7,8,productive_iteration,True,True,False,False,False,,2.0
Natural500,Natural500_T000431,2cfce37c964f33d3a614bfa473f0e2199ffb6876b4eff015bd2432191f5130f7,S0003865,0,2,productive_iteration,False,True,False,False,False,,3.0
Natural500,Natural500_T000431,2cfce37c964f33d3a614bfa473f0e2199ffb6876b4eff015bd2432191f5130f7,S0003866,9,11,productive_iteration,True,True,False,False,False,,2.0
Natural500,Natural500_T000431,2cfce37c964f33d3a614bfa473f0e2199ffb6876b4eff015bd2432191f5130f7,S0003867,4,6,unproductive_cycle,False,False,True,False,False,,3.0
Natural500,Natural500_T000432,85a2ea9fe79702de434fc413db7d0c90601f1f69be773a1b53358f35135f2e47,S0003868,1,3,productive_iteration,False,True,False,False,False,,3.0
Natural500,Natural500_T000432,85a2ea9fe79702de434fc413db7d0c90601f1f69be773a1b53358f35135f2e47,S0003869,9,14,productive_iteration,False,True,False,False,False,,6.0
Natural500,Natural500_T000433,dff76e0b3c5d7bb97150bc95c649d7d3678b9f62ec1ad1c485cee898c8a2df88,S0003870,0,6,productive_iteration,False,True,False,False,False,,6.0
Natural500,Natural500_T000434,d214db2e424493bd9063e7b8e14c432de94c992c320720398ec7597619e029fb,S0003871,0,6,productive_iteration,False,True,False,False,False,,7.0
Natural500,Natural500_T000435,127e3ca837e852e296b3b784f9085fa1e5b6ed19048861203fcb8812d66bdd79,S0003872,2,20,productive_iteration,True,True,False,False,False,,9.0
Natural500,Natural500_T000435,127e3ca837e852e296b3b784f9085fa1e5b6ed19048861203fcb8812d66bdd79,S0003873,0,1,productive_iteration,False,True,False,False,False,,2.0
Natural500,Natural500_T000435,127e3ca837e852e296b3b784f9085fa1e5b6ed19048861203fcb8812d66bdd79,S0003874,8,10,productive_iteration,True,True,False,False,False,,2.0
Natural500,Natural500_T000435,127e3ca837e852e296b3b784f9085fa1e5b6ed19048861203fcb8812d66bdd79,S0003875,13,16,productive_iteration,True,True,False,False,False,,2.0
Natural500,Natural500_T000435,127e3ca837e852e296b3b784f9085fa1e5b6ed19048861203fcb8812d66bdd79,S0003876,13,16,unproductive_cycle,False,False,True,False,False,,1.0
Natural500,Natural500_T000435,127e3ca837e852e296b3b784f9085fa1e5b6ed19048861203fcb8812d66bdd79,S0003877,21,69,unproductive_cycle,False,False,True,False,False,,47.0
Natural500,Natural500_T000436,fc2c044b668e1feeb8856a3e6127f345173186dfa41db9d1febb317f313e9d86,S0003878,4,7,unproductive_cycle,False,False,True,False,False,,4.0
Natural500,Natural500_T000436,fc2c044b668e1feeb8856a3e6127f345173186dfa41db9d1febb317f313e9d86,S0003879,0,3,productive_iteration,False,True,False,False,False,,4.0
Natural500,Natural500_T000436,fc2c044b668e1feeb8856a3e6127f345173186dfa41db9d1febb317f313e9d86,S0003880,8,12,productive_iteration,False,True,False,False,False,,5.0
Natural500,Natural500_T000437,39a28f5505bc579c8075842649c1a525dbc09bd9e207cf1cb46371f290c9a725,S0003881,2,3,productive_iteration,False,True,False,False,False,,2.0
Natural500,Natural500_T000437,39a28f5505bc579c8075842649c1a525dbc09bd9e207cf1cb46371f290c9a725,S0003882,5,8,unproductive_cycle,False,False,True,False,False,,4.0
Natural500,Natural500_T000438,4fb3f7c85390b443c89cc69d8337ea831aacb28509633ab060530738b03c03b9,S0003883,4,6,productive_iteration,True,True,False,False,False,,2.0
Natural500,Natural500_T000438,4fb3f7c85390b443c89cc69d8337ea831aacb28509633ab060530738b03c03b9,S0003884,0,3,productive_iteration,False,True,False,False,False,,4.0
Natural500,Natural500_T000438,4fb3f7c85390b443c89cc69d8337ea831aacb28509633ab060530738b03c03b9,S0003885,7,8,productive_iteration,True,True,False,False,False,,1.0
Natural500,Natural500_T000439,b25989b9e6aa011782463658f306673ff6ccfe9eef1ccfff07519540d2433e40,S0003886,0,4,productive_iteration,False,True,False,False,False,,5.0
Natural500,Natural500_T000439,b25989b9e6aa011782463658f306673ff6ccfe9eef1ccfff07519540d2433e40,S0003887,9,10,productive_iteration,False,True,False,False,False,,2.0
Natural500,Natural500_T000440,241ee5e3cb55c2e77cdbec0d3fb2b6e238ee60e90c2ddcb044782d948a634d84,S0003888,4,4,unproductive_cycle,False,False,True,False,False,,1.0
Natural500,Natural500_T000440,241ee5e3cb55c2e77cdbec0d3fb2b6e238ee60e90c2ddcb044782d948a634d84,S0003889,0,2,productive_iteration,False,True,False,False,False,,3.0
Natural500,Natural500_T000440,241ee5e3cb55c2e77cdbec0d3fb2b6e238ee60e90c2ddcb044782d948a634d84,S0003890,5,8,productive_iteration,False,True,False,False,False,,3.0
Natural500,Natural500_T000441,bef60f00af6b14b108ac30b624c0ca637808e4bd7e82432cbaeebccd0ed3fa2a,S0003891,0,12,productive_iteration,False,True,False,False,False,,12.0
Natural500,Natural500_T000442,201bc25d35b460912592ca3316061fe63f4961d41a9a8cfe7be3ba45fb889622,S0003892,0,13,productive_iteration,False,True,False,False,False,,13.0
Natural500,Natural500_T000443,77754e06ea88e1d56d40e22104237e8ad5860ec3137d5b9ed3de37345db4d170,S0003893,7,7,productive_iteration,True,True,False,False,False,,1.0
Natural500,Natural500_T000443,77754e06ea88e1d56d40e22104237e8ad5860ec3137d5b9ed3de37345db4d170,S0003894,0,2,productive_iteration,False,True,False,False,False,,3.0
Natural500,Natural500_T000443,77754e06ea88e1d56d40e22104237e8ad5860ec3137d5b9ed3de37345db4d170,S0003895,4,6,productive_iteration,False,True,False,False,False,,3.0
Natural500,Natural500_T000443,77754e06ea88e1d56d40e22104237e8ad5860ec3137d5b9ed3de37345db4d170,S0003896,9,10,productive_iteration,False,True,False,False,False,,2.0
Natural500,Natural500_T000444,ac4511d0907b7ea80775dd513bcec3f8ca57c67360fc6aa884a832bedcc6e1dd,S0003897,10,10,productive_iteration,False,True,False,False,False,,1.0
Natural500,Natural500_T000444,ac4511d0907b7ea80775dd513bcec3f8ca57c67360fc6aa884a832bedcc6e1dd,S0003898,11,11,unproductive_cycle,False,False,True,False,False,,1.0
Natural500,Natural500_T000444,ac4511d0907b7ea80775dd513bcec3f8ca57c67360fc6aa884a832bedcc6e1dd,S0003899,0,9,productive_iteration,False,True,False,False,False,,10.0
Natural500,Natural500_T000444,ac4511d0907b7ea80775dd513bcec3f8ca57c67360fc6aa884a832bedcc6e1dd,S0003900,12,15,productive_iteration,True,True,False,False,False,,4.0
Natural500,Natural500_T000445,173b9d39c0671fdf82f77936e58373ecf4ace753d276a604c47de9213590c82e,S0003901,0,13,productive_iteration,False,True,False,False,False,,14.0
Natural500,Natural500_T000445,173b9d39c0671fdf82f77936e58373ecf4ace753d276a604c47de9213590c82e,S0003902,20,21,productive_iteration,False,True,False,False,False,,1.0
Natural500,Natural500_T000445,173b9d39c0671fdf82f77936e58373ecf4ace753d276a604c47de9213590c82e,S0003903,14,19,unproductive_cycle,False,False,True,False,False,,6.0
Natural500,Natural500_T000446,52bc43e45049a51dc6f20262fc907acc826246acbc424f11d72767010490a802,S0003904,0,8,productive_iteration,False,True,False,False,False,,9.0
Natural500,Natural500_T000447,5a9d5c57a975ba38f90fe3f50e57f61280c2cf468e91ed1b89cbc09f2de60c6d,S0003905,2,8,productive_iteration,True,True,False,False,False,,3.0
Natural500,Natural500_T000447,5a9d5c57a975ba38f90fe3f50e57f61280c2cf468e91ed1b89cbc09f2de60c6d,S0003906,0,1,productive_iteration,False,True,False,False,False,,2.0
Natural500,Natural500_T000447,5a9d5c57a975ba38f90fe3f50e57f61280c2cf468e91ed1b89cbc09f2de60c6d,S0003907,3,6,productive_iteration,False,True,False,False,False,,4.0
Natural500,Natural500_T000448,a3b325496fd150ec62fb9fea39c29e171fd18b1ca740c5b78d5b3e89ade369bd,S0003908,8,10,unproductive_cycle,False,False,True,False,False,,2.0
Natural500,Natural500_T000448,a3b325496fd150ec62fb9fea39c29e171fd18b1ca740c5b78d5b3e89ade369bd,S0003909,0,7,productive_iteration,False,True,False,False,False,,8.0
Natural500,Natural500_T000449,74d634e074736e14cb3db29a0c2816b445a1bf03d8192882dbcb7142e427e24a,S0003910,3,8,productive_iteration,False,True,False,False,False,,6.0
Natural500,Natural500_T000449,74d634e074736e14cb3db29a0c2816b445a1bf03d8192882dbcb7142e427e24a,S0003911,10,15,productive_iteration,True,True,False,False,False,,5.0
Natural500,Natural500_T000450,67fab9d926afca23c4480e64a325021cd43348b409153d25b0b3fd404588eb90,S0003912,0,5,productive_iteration,False,True,False,False,False,,6.0
Natural500,Natural500_T000451,b44c2e5aac0ebaa628eb96a0ef36cba90488db4e15dbaafd8151e838f0fefcb6,S0003913,5,11,productive_iteration,True,True,False,False,False,,4.0
Natural500,Natural500_T000451,b44c2e5aac0ebaa628eb96a0ef36cba90488db4e15dbaafd8151e838f0fefcb6,S0003914,0,1,productive_iteration,False,True,False,False,False,,2.0
Natural500,Natural500_T000451,b44c2e5aac0ebaa628eb96a0ef36cba90488db4e15dbaafd8151e838f0fefcb6,S0003915,8,10,productive_iteration,False,True,False,False,False,,3.0
Natural500,Natural500_T000451,b44c2e5aac0ebaa628eb96a0ef36cba90488db4e15dbaafd8151e838f0fefcb6,S0003916,13,14,productive_iteration,False,True,False,False,False,,1.0
Natural500,Natural500_T000451,b44c2e5aac0ebaa628eb96a0ef36cba90488db4e15dbaafd8151e838f0fefcb6,S0003917,2,4,productive_iteration,True,True,False,False,False,,3.0
Natural500,Natural500_T000452,5b97f7aea6d555f03af256b92ae51b30c2991b3b1a4595c594ba2d12b4aa26c7,S0003918,3,23,productive_iteration,True,True,False,False,False,,9.0
Natural500,Natural500_T000452,5b97f7aea6d555f03af256b92ae51b30c2991b3b1a4595c594ba2d12b4aa26c7,S0003919,24,24,unproductive_cycle,False,False,True,False,False,,1.0
Natural500,Natural500_T000452,5b97f7aea6d555f03af256b92ae51b30c2991b3b1a4595c594ba2d12b4aa26c7,S0003920,0,2,productive_iteration,False,True,False,False,False,,2.0
Natural500,Natural500_T000452,5b97f7aea6d555f03af256b92ae51b30c2991b3b1a4595c594ba2d12b4aa26c7,S0003921,6,7,productive_iteration,False,True,False,False,False,,2.0
Natural500,Natural500_T000452,5b97f7aea6d555f03af256b92ae51b30c2991b3b1a4595c594ba2d12b4aa26c7,S0003922,25,28,productive_iteration,False,True,False,False,False,,4.0
Natural500,Natural500_T000452,5b97f7aea6d555f03af256b92ae51b30c2991b3b1a4595c594ba2d12b4aa26c7,S0003923,18,20,productive_iteration,True,True,False,False,False,,1.0
Natural500,Natural500_T000452,5b97f7aea6d555f03af256b92ae51b30c2991b3b1a4595c594ba2d12b4aa26c7,S0003924,18,20,unproductive_cycle,False,False,True,False,False,,2.0
Natural500,Natural500_T000453,d077e38af00bdcc2169765780098d3e5f0f90a3747004bb5d9e0b5a01648deb9,S0003925,9,9,unproductive_cycle,False,False,True,False,False,,1.0
Natural500,Natural500_T000453,d077e38af00bdcc2169765780098d3e5f0f90a3747004bb5d9e0b5a01648deb9,S0003926,2,7,productive_iteration,False,True,False,False,False,,6.0
Natural500,Natural500_T000453,d077e38af00bdcc2169765780098d3e5f0f90a3747004bb5d9e0b5a01648deb9,S0003927,10,14,productive_iteration,False,True,False,False,False,,5.0
Natural500,Natural500_T000454,3db81f3e9f8123e77caba3c9e771a3baba81524791e8cfa4e3aa2cdce00af005,S0003928,7,7,unproductive_cycle,False,False,True,False,False,,1.0
Natural500,Natural500_T000454,3db81f3e9f8123e77caba3c9e771a3baba81524791e8cfa4e3aa2cdce00af005,S0003929,0,6,productive_iteration,False,True,False,False,False,,7.0
Natural500,Natural500_T000454,3db81f3e9f8123e77caba3c9e771a3baba81524791e8cfa4e3aa2cdce00af005,S0003930,8,15,unproductive_cycle,False,False,True,False,False,,8.0
Natural500,Natural500_T000455,b7bd808225298028c0f36c3190eda7b554c192cece291e785dbffc2baf9476e3,S0003931,0,5,productive_iteration,True,True,False,False,False,,5.0
Natural500,Natural500_T000456,64cd305dc740356fc549e7a4ba68d6b0c43b0281e62a682b86b447c8ff59a661,S0003932,0,7,productive_iteration,False,True,False,False,False,,8.0
Natural500,Natural500_T000457,807cf3fc39a85b0e9cb0f5aad4b938fada938553d071313e5990b5d8ae461fd1,S0003933,6,23,productive_iteration,False,True,False,False,False,,18.0
Natural500,Natural500_T000458,dcac584621089531552c04b7c796a7a9a30999f721cdc55b725762216c22290e,S0003934,8,9,productive_iteration,True,True,False,False,False,,2.0
Natural500,Natural500_T000458,dcac584621089531552c04b7c796a7a9a30999f721cdc55b725762216c22290e,S0003935,7,7,unproductive_cycle,False,False,True,False,False,,1.0
Natural500,Natural500_T000458,dcac584621089531552c04b7c796a7a9a30999f721cdc55b725762216c22290e,S0003936,0,4,productive_iteration,False,True,False,False,False,,5.0
Natural500,Natural500_T000459,ddfd0aa780d06abd0c3cf0fb76e2fe18b33fbd5d9823dcd675890ebf2d77ebba,S0003937,0,5,productive_iteration,False,True,False,False,False,,6.0
Natural500,Natural500_T000460,2006546ee45cbb3eb5af881b4f9f82fdefa8e8684e71f9042ef75c8897615590,S0003938,0,8,productive_iteration,False,True,False,False,False,,8.0
Natural500,Natural500_T000461,9ac1fd4975e4665b4782359700d5db301350960205d7be9719db8d23aa0201fc,S0003939,5,16,productive_iteration,True,True,False,False,False,,6.0
Natural500,Natural500_T000461,9ac1fd4975e4665b4782359700d5db301350960205d7be9719db8d23aa0201fc,S0003940,0,4,productive_iteration,False,True,False,False,False,,5.0
Natural500,Natural500_T000461,9ac1fd4975e4665b4782359700d5db301350960205d7be9719db8d23aa0201fc,S0003941,7,9,unproductive_cycle,False,False,True,False,False,,3.0
Natural500,Natural500_T000461,9ac1fd4975e4665b4782359700d5db301350960205d7be9719db8d23aa0201fc,S0003942,11,13,unproductive_cycle,False,False,True,False,False,,3.0
Natural500,Natural500_T000461,9ac1fd4975e4665b4782359700d5db301350960205d7be9719db8d23aa0201fc,S0003943,17,24,unproductive_cycle,False,False,True,False,False,,8.0
Natural500,Natural500_T000462,4e5ba4a5e42d37f5de9658ec0f3eb5a1b5a1dde3eca03b10d8c52966780937b3,S0003944,0,13,productive_iteration,False,True,False,False,False,,14.0
Natural500,Natural500_T000463,ddf83e45ea0fef5f09c9346127f3d9b420e976f93609cbfe808e1b9e0a971f74,S0003945,10,15,productive_iteration,True,True,False,False,False,,2.0
Natural500,Natural500_T000463,ddf83e45ea0fef5f09c9346127f3d9b420e976f93609cbfe808e1b9e0a971f74,S0003946,11,23,unproductive_cycle,False,False,True,False,False,,12.0
Natural500,Natural500_T000463,ddf83e45ea0fef5f09c9346127f3d9b420e976f93609cbfe808e1b9e0a971f74,S0003947,0,5,productive_iteration,False,True,False,False,False,,6.0
Natural500,Natural500_T000464,e1acd87fbeb8aa00cec44ec5709a87ae18303c056f6347b7ea6de2615dfdc999,S0003948,0,4,productive_iteration,False,True,False,False,False,,5.0
Natural500,Natural500_T000464,e1acd87fbeb8aa00cec44ec5709a87ae18303c056f6347b7ea6de2615dfdc999,S0003949,6,9,productive_iteration,True,True,False,False,False,,4.0
Natural500,Natural500_T000465,69dc124ca201ff3a1d918f49f735c13df2b56f7a646b4e290fe98ac7f59f3668,S0003950,0,8,productive_iteration,True,True,False,False,False,,9.0
Natural500,Natural500_T000466,ac2d4e03cba123243fe0b4fec2aeb64027b8334b9436de51645f1f74dcd13794,S0003951,2,11,unproductive_cycle,False,False,True,False,False,,10.0
Natural500,Natural500_T000467,d3e8640ab4dfecd3c8d4ac2262cf2af76dfcd0db325ca91597827032496ce22b,S0003952,7,7,productive_iteration,False,True,False,False,False,,1.0
Natural500,Natural500_T000467,d3e8640ab4dfecd3c8d4ac2262cf2af76dfcd0db325ca91597827032496ce22b,S0003953,0,1,productive_iteration,False,True,False,False,False,,2.0
Natural500,Natural500_T000467,d3e8640ab4dfecd3c8d4ac2262cf2af76dfcd0db325ca91597827032496ce22b,S0003954,3,6,productive_iteration,False,True,False,False,False,,4.0
Natural500,Natural500_T000468,e07bcc4a13d3ccea1f70664d8d4a8ca62fb94cac592ad62dcc45b89826c64cbb,S0003955,13,18,productive_iteration,True,True,False,False,False,,3.0
Natural500,Natural500_T000468,e07bcc4a13d3ccea1f70664d8d4a8ca62fb94cac592ad62dcc45b89826c64cbb,S0003956,22,33,unproductive_cycle,False,False,True,False,False,,5.0
Natural500,Natural500_T000468,e07bcc4a13d3ccea1f70664d8d4a8ca62fb94cac592ad62dcc45b89826c64cbb,S0003957,0,4,productive_iteration,False,True,False,False,False,,5.0
Natural500,Natural500_T000468,e07bcc4a13d3ccea1f70664d8d4a8ca62fb94cac592ad62dcc45b89826c64cbb,S0003958,6,11,productive_iteration,False,True,False,False,False,,6.0
Natural500,Natural500_T000468,e07bcc4a13d3ccea1f70664d8d4a8ca62fb94cac592ad62dcc45b89826c64cbb,S0003959,19,21,productive_iteration,True,True,False,False,False,,3.0
Natural500,Natural500_T000468,e07bcc4a13d3ccea1f70664d8d4a8ca62fb94cac592ad62dcc45b89826c64cbb,S0003960,26,32,unproductive_cycle,False,False,True,False,False,,7.0
Natural500,Natural500_T000469,3e8568451d5af30c058d7bbbb15e22171ec57ea317d746466b3009027ad3ee0f,S0003961,1,2,productive_iteration,False,True,False,False,False,,2.0
Natural500,Natural500_T000469,3e8568451d5af30c058d7bbbb15e22171ec57ea317d746466b3009027ad3ee0f,S0003962,4,7,productive_iteration,False,True,False,False,False,,4.0
Natural500,Natural500_T000470,91d7650831caecebc5ac74df29d9564914bb0dc53dff3bf101771a13e36bcdc3,S0003963,0,9,productive_iteration,False,True,False,False,False,,10.0
Natural500,Natural500_T000471,3552fb8533d4c721bfaf75fc1d10d937cd6bf57e76304918cec48af3136a1368,S0003964,8,9,unproductive_cycle,False,False,True,False,False,,2.0
Natural500,Natural500_T000471,3552fb8533d4c721bfaf75fc1d10d937cd6bf57e76304918cec48af3136a1368,S0003965,0,5,productive_iteration,False,True,False,False,False,,6.0
Natural500,Natural500_T000472,5eed87de61e4845e60c9cd34c1bfc0d649622e6753d336cc082645822fe0669b,S0003966,0,5,productive_iteration,True,True,False,False,False,,3.0
Natural500,Natural500_T000472,5eed87de61e4845e60c9cd34c1bfc0d649622e6753d336cc082645822fe0669b,S0003967,1,3,productive_iteration,False,True,False,False,False,,3.0
Natural500,Natural500_T000472,5eed87de61e4845e60c9cd34c1bfc0d649622e6753d336cc082645822fe0669b,S0003968,7,9,productive_iteration,False,True,False,False,False,,2.0
Natural500,Natural500_T000473,63d460f9c13cac36fe70f25c37063d7d656aa67df2e3ab49519465a88fe22c76,S0003969,4,6,productive_iteration,True,True,False,False,False,,3.0
Natural500,Natural500_T000473,63d460f9c13cac36fe70f25c37063d7d656aa67df2e3ab49519465a88fe22c76,S0003970,0,3,productive_iteration,False,True,False,False,False,,4.0
Natural500,Natural500_T000474,b1e4caf39eaa32d6d28658610ffa37e6afcbd5ad8417e3e7c05f29f74df83c78,S0003971,0,6,productive_iteration,False,True,False,False,False,,6.0
Natural500,Natural500_T000475,fe3dd92650a11496d6bc45aad3a642643ddf98936c2e8420931e4537657046e8,S0003972,0,5,productive_iteration,False,True,False,False,False,,6.0
Natural500,Natural500_T000476,282b14c966f0d321e8d3861d2c2c897b551b6298f7c8064a0d3ded736abb6ec0,S0003973,10,12,productive_iteration,True,True,False,False,False,,2.0
Natural500,Natural500_T000476,282b14c966f0d321e8d3861d2c2c897b551b6298f7c8064a0d3ded736abb6ec0,S0003974,14,16,unproductive_cycle,False,False,True,False,False,,2.0
Natural500,Natural500_T000476,282b14c966f0d321e8d3861d2c2c897b551b6298f7c8064a0d3ded736abb6ec0,S0003975,0,9,productive_iteration,False,True,False,False,False,,10.0
Natural500,Natural500_T000477,7e5a097ef4ceb2eb56224ec58f6725bc4c57dfb34cfc1104106d4ef995ad5576,S0003976,14,14,unproductive_cycle,False,False,True,False,False,,1.0
Natural500,Natural500_T000477,7e5a097ef4ceb2eb56224ec58f6725bc4c57dfb34cfc1104106d4ef995ad5576,S0003977,6,10,productive_iteration,False,True,False,False,False,,5.0
Natural500,Natural500_T000477,7e5a097ef4ceb2eb56224ec58f6725bc4c57dfb34cfc1104106d4ef995ad5576,S0003978,12,13,productive_iteration,False,True,False,False,False,,2.0
Natural500,Natural500_T000477,7e5a097ef4ceb2eb56224ec58f6725bc4c57dfb34cfc1104106d4ef995ad5576,S0003979,16,33,unproductive_cycle,False,False,True,False,False,,18.0
Natural500,Natural500_T000478,e5b25b9fc4c28e044d03e6bab6788f45608c855372c0cff9d840e9cd3ec6b564,S0003980,13,13,productive_iteration,True,True,False,False,False,,1.0
Natural500,Natural500_T000478,e5b25b9fc4c28e044d03e6bab6788f45608c855372c0cff9d840e9cd3ec6b564,S0003981,12,12,unproductive_cycle,False,False,True,False,False,,1.0
Natural500,Natural500_T000478,e5b25b9fc4c28e044d03e6bab6788f45608c855372c0cff9d840e9cd3ec6b564,S0003982,0,8,productive_iteration,False,True,False,False,False,,8.0
Natural500,Natural500_T000478,e5b25b9fc4c28e044d03e6bab6788f45608c855372c0cff9d840e9cd3ec6b564,S0003983,0,8,unproductive_cycle,False,False,True,False,False,,1.0
Natural500,Natural500_T000478,e5b25b9fc4c28e044d03e6bab6788f45608c855372c0cff9d840e9cd3ec6b564,S0003984,10,11,productive_iteration,False,True,False,False,False,,2.0
Natural500,Natural500_T000478,e5b25b9fc4c28e044d03e6bab6788f45608c855372c0cff9d840e9cd3ec6b564,S0003985,14,18,productive_iteration,True,True,False,False,False,,4.0
Natural500,Natural500_T000478,e5b25b9fc4c28e044d03e6bab6788f45608c855372c0cff9d840e9cd3ec6b564,S0003986,14,18,unproductive_cycle,False,False,True,False,False,,1.0
Natural500,Natural500_T000479,3b1ef15028afd43ad30314d9ce237a566334f115d1c9d5cf03b57be95b1342ad,S0003987,0,5,productive_iteration,False,True,False,False,False,,6.0
Natural500,Natural500_T000479,3b1ef15028afd43ad30314d9ce237a566334f115d1c9d5cf03b57be95b1342ad,S0003988,7,8,productive_iteration,True,True,False,False,False,,1.0
Natural500,Natural500_T000480,da66b885a3aee6694e8c08352b2e30d6dc0d2521d467c2da82dd186a40127b32,S0003989,0,4,productive_iteration,False,True,False,False,False,,5.0
Natural500,Natural500_T000481,24f76acb31f18c24c60cbc4129f5e361f46d618ffb9a0e965faefcfb0bb88b1f,S0003990,0,8,productive_iteration,False,True,False,False,False,,9.0
Natural500,Natural500_T000482,f3e30b244efeb021082a3d300b06dadfde1d0e67eedb640a1b6113c7559e0414,S0003991,0,3,productive_iteration,False,True,False,False,False,,3.0
Natural500,Natural500_T000482,f3e30b244efeb021082a3d300b06dadfde1d0e67eedb640a1b6113c7559e0414,S0003992,4,18,unproductive_cycle,False,False,True,False,False,,15.0
Natural500,Natural500_T000483,56333e9e12068ee914bbdf3503bf0929b38d50f117f69e65341ca8fe39af1499,S0003993,8,18,productive_iteration,True,True,False,False,False,,8.0
Natural500,Natural500_T000483,56333e9e12068ee914bbdf3503bf0929b38d50f117f69e65341ca8fe39af1499,S0003994,0,4,productive_iteration,False,True,False,False,False,,5.0
Natural500,Natural500_T000483,56333e9e12068ee914bbdf3503bf0929b38d50f117f69e65341ca8fe39af1499,S0003995,19,22,productive_iteration,False,True,False,False,False,,4.0
Natural500,Natural500_T000484,94ae5afa2d0025cbfaee62b4ebd9cce0110b3353e9ce5f679b01f4d3b0a0db53,S0003996,11,11,unproductive_cycle,False,False,True,False,False,,1.0
Natural500,Natural500_T000484,94ae5afa2d0025cbfaee62b4ebd9cce0110b3353e9ce5f679b01f4d3b0a0db53,S0003997,0,5,productive_iteration,False,True,False,False,False,,6.0
Natural500,Natural500_T000484,94ae5afa2d0025cbfaee62b4ebd9cce0110b3353e9ce5f679b01f4d3b0a0db53,S0003998,7,10,productive_iteration,False,True,False,False,False,,4.0
Natural500,Natural500_T000484,94ae5afa2d0025cbfaee62b4ebd9cce0110b3353e9ce5f679b01f4d3b0a0db53,S0003999,12,23,productive_iteration,False,True,False,False,False,,12.0
Natural500,Natural500_T000485,796b86790355e6aa68c91a8d4131d73d383e068f96e96249d791713e8994ae0d,S0004000,11,13,unproductive_cycle,False,False,True,False,False,,3.0
Natural500,Natural500_T000485,796b86790355e6aa68c91a8d4131d73d383e068f96e96249d791713e8994ae0d,S0004001,0,10,productive_iteration,False,True,False,False,False,,11.0
Natural500,Natural500_T000485,796b86790355e6aa68c91a8d4131d73d383e068f96e96249d791713e8994ae0d,S0004002,14,15,productive_iteration,False,True,False,False,False,,1.0
Natural500,Natural500_T000485,796b86790355e6aa68c91a8d4131d73d383e068f96e96249d791713e8994ae0d,S0004003,14,15,unproductive_cycle,False,False,True,False,False,,1.0
Natural500,Natural500_T000486,84ecff020b674ff7865e1b8b051217668ebc729617607346be1f1506cf3fc29a,S0004004,13,22,productive_iteration,True,True,False,False,False,,3.0
Natural500,Natural500_T000486,84ecff020b674ff7865e1b8b051217668ebc729617607346be1f1506cf3fc29a,S0004005,0,6,productive_iteration,False,True,False,False,False,,7.0
Natural500,Natural500_T000486,84ecff020b674ff7865e1b8b051217668ebc729617607346be1f1506cf3fc29a,S0004006,8,11,productive_iteration,False,True,False,False,False,,4.0
Natural500,Natural500_T000486,84ecff020b674ff7865e1b8b051217668ebc729617607346be1f1506cf3fc29a,S0004007,14,15,productive_iteration,False,True,False,False,False,,2.0
Natural500,Natural500_T000486,84ecff020b674ff7865e1b8b051217668ebc729617607346be1f1506cf3fc29a,S0004008,18,21,productive_iteration,False,True,False,False,False,,4.0
Natural500,Natural500_T000486,84ecff020b674ff7865e1b8b051217668ebc729617607346be1f1506cf3fc29a,S0004009,23,26,productive_iteration,False,True,False,False,False,,4.0
Natural500,Natural500_T000487,aa961c35bce3ce86b367ef1c739ba529815a3750c0ad438f543b2b7edd5aa22a,S0004010,0,14,productive_iteration,False,True,False,False,False,,15.0
Natural500,Natural500_T000488,bc3b397074a38a1214622132587e69b53434231b286dff1a13fff392a92a8442,S0004011,0,7,productive_iteration,False,True,False,False,False,,7.0
Natural500,Natural500_T000489,7e3944fb025fd5bbc45cd152942042164b6af64df566b8d79c678dfc15e1b03f,S0004012,0,6,productive_iteration,True,True,False,False,False,,7.0
Natural500,Natural500_T000490,643f27005f4581cf6a4a1938a6097c54aed88cd001f937a6a937fef3608d4514,S0004013,0,6,productive_iteration,False,True,False,False,False,,7.0
Natural500,Natural500_T000491,41965e2f9039f57013fa2a222093fb3122e72d550dff97a1d17f3ecb2566a718,S0004014,0,1,productive_iteration,False,True,False,False,False,,2.0
Natural500,Natural500_T000491,41965e2f9039f57013fa2a222093fb3122e72d550dff97a1d17f3ecb2566a718,S0004015,4,10,productive_iteration,False,True,False,False,False,,7.0
Natural500,Natural500_T000492,958fd1fc990baa5735044961e4c0bf33087894bdb57ec20318ae2d95549bc69f,S0004016,0,7,productive_iteration,False,True,False,False,False,,8.0
Natural500,Natural500_T000492,958fd1fc990baa5735044961e4c0bf33087894bdb57ec20318ae2d95549bc69f,S0004017,9,12,productive_iteration,False,True,False,False,False,,4.0
Natural500,Natural500_T000493,4162f4b516a7a673e11bf910c3b500c3da1b56be3b7045c9b5c84aed3878a50b,S0004018,4,20,productive_iteration,True,True,False,False,False,,10.0
Natural500,Natural500_T000493,4162f4b516a7a673e11bf910c3b500c3da1b56be3b7045c9b5c84aed3878a50b,S0004019,21,23,unproductive_cycle,False,False,True,False,False,,3.0
Natural500,Natural500_T000493,4162f4b516a7a673e11bf910c3b500c3da1b56be3b7045c9b5c84aed3878a50b,S0004020,0,3,productive_iteration,False,True,False,False,False,,4.0
Natural500,Natural500_T000493,4162f4b516a7a673e11bf910c3b500c3da1b56be3b7045c9b5c84aed3878a50b,S0004021,6,9,productive_iteration,False,True,False,False,False,,4.0
Natural500,Natural500_T000493,4162f4b516a7a673e11bf910c3b500c3da1b56be3b7045c9b5c84aed3878a50b,S0004022,17,18,productive_iteration,False,True,False,False,False,,2.0
Natural500,Natural500_T000493,4162f4b516a7a673e11bf910c3b500c3da1b56be3b7045c9b5c84aed3878a50b,S0004023,24,33,unproductive_cycle,False,False,True,False,False,,10.0
Natural500,Natural500_T000494,904b349f7a4f54fa7d5d50e439dc41ae82adc94a24605a427f28eb224d86e363,S0004024,0,11,productive_iteration,True,True,False,False,False,,12.0
Natural500,Natural500_T000495,b3c691a9a913db54a63fc97252daa4959c406d5834473ff8265afbd1b5fc0ff3,S0004025,0,10,productive_iteration,False,True,False,False,False,,10.0
Natural500,Natural500_T000496,66991695093ef41f3239c973fd96eee34ab21573f67f1bb465b2d2c98eeccb21,S0004026,1,4,productive_iteration,False,True,False,False,False,,4.0
Natural500,Natural500_T000496,66991695093ef41f3239c973fd96eee34ab21573f67f1bb465b2d2c98eeccb21,S0004027,6,10,productive_iteration,False,True,False,False,False,,5.0
Natural500,Natural500_T000497,953751a3401cd88cb51f34cf7a12b87f8a306fbfb4d6991338d0775d6920c435,S0004028,0,7,productive_iteration,False,True,False,False,False,,7.0
Natural500,Natural500_T000498,3cf676c0f1747f4f634eabcad5811dc1abf4bfcfc85a3eb21898a722d815339f,S0004029,0,6,productive_iteration,False,True,False,False,False,,6.0
Natural500,Natural500_T000499,f4cd894a275389cb937f39ceaf9ee8801ea1770ecd820991eb0bfe33b48a430f,S0004030,0,4,productive_iteration,False,True,False,False,False,,5.0
Natural500,Natural500_T000499,f4cd894a275389cb937f39ceaf9ee8801ea1770ecd820991eb0bfe33b48a430f,S0004031,5,26,unproductive_cycle,False,False,True,False,False,,21.0
Natural500,Natural500_T000500,d9e608ea7b4d477200b438a21be848eafc35a18383b539a4c1e3fb1aa1eef9b1,S0004032,0,6,productive_iteration,False,True,False,False,False,,7.0
