dataset,public_trajectory_id,original_trajectory_sha256,public_span_id,start_step_index,end_step_index,span_label,hard_negative,productive_iteration_flag,unproductive_cycle_flag,uncertain_flag,unresolved_flag,confidence,step_count
Final500,Final500_T000001,2374de75b5eb951b8d8af6161dd3edba6058ff367f86ea1aaa2645e120253089,S0000001,64,104,unproductive_cycle,False,False,True,False,False,,5.0
Final500,Final500_T000001,2374de75b5eb951b8d8af6161dd3edba6058ff367f86ea1aaa2645e120253089,S0000002,0,9,productive_iteration,False,True,False,False,False,,10.0
Final500,Final500_T000001,2374de75b5eb951b8d8af6161dd3edba6058ff367f86ea1aaa2645e120253089,S0000003,11,15,productive_iteration,False,True,False,False,False,,4.0
Final500,Final500_T000001,2374de75b5eb951b8d8af6161dd3edba6058ff367f86ea1aaa2645e120253089,S0000004,67,71,unproductive_cycle,False,False,True,False,False,,5.0
Final500,Final500_T000001,2374de75b5eb951b8d8af6161dd3edba6058ff367f86ea1aaa2645e120253089,S0000005,99,103,productive_iteration,False,True,False,False,False,,4.0
Final500,Final500_T000001,2374de75b5eb951b8d8af6161dd3edba6058ff367f86ea1aaa2645e120253089,S0000006,99,103,unproductive_cycle,False,False,True,False,False,,1.0
Final500,Final500_T000001,2374de75b5eb951b8d8af6161dd3edba6058ff367f86ea1aaa2645e120253089,S0000007,105,107,unproductive_cycle,False,False,True,False,False,,3.0
Final500,Final500_T000001,2374de75b5eb951b8d8af6161dd3edba6058ff367f86ea1aaa2645e120253089,S0000008,16,63,unproductive_cycle,False,False,True,False,False,,48.0
Final500,Final500_T000001,2374de75b5eb951b8d8af6161dd3edba6058ff367f86ea1aaa2645e120253089,S0000009,72,82,unproductive_cycle,False,False,True,False,False,,11.0
Final500,Final500_T000001,2374de75b5eb951b8d8af6161dd3edba6058ff367f86ea1aaa2645e120253089,S0000010,84,98,unproductive_cycle,False,False,True,False,False,,15.0
Final500,Final500_T000001,2374de75b5eb951b8d8af6161dd3edba6058ff367f86ea1aaa2645e120253089,S0000011,108,151,unproductive_cycle,False,False,True,False,False,,44.0
Final500,Final500_T000002,4789bee07da8162f0959129a476e1d3fa9bea3adba2214d9228465e815f5cb06,S0000012,14,18,productive_iteration,False,True,False,False,False,,5.0
Final500,Final500_T000002,4789bee07da8162f0959129a476e1d3fa9bea3adba2214d9228465e815f5cb06,S0000013,1,3,productive_iteration,False,True,False,False,False,,1.0
Final500,Final500_T000002,4789bee07da8162f0959129a476e1d3fa9bea3adba2214d9228465e815f5cb06,S0000014,1,3,unproductive_cycle,False,False,True,False,False,,2.0
Final500,Final500_T000002,4789bee07da8162f0959129a476e1d3fa9bea3adba2214d9228465e815f5cb06,S0000015,5,13,unproductive_cycle,False,False,True,False,False,,9.0
Final500,Final500_T000002,4789bee07da8162f0959129a476e1d3fa9bea3adba2214d9228465e815f5cb06,S0000016,19,31,unproductive_cycle,False,False,True,False,False,,13.0
Final500,Final500_T000003,e0e986c57be6ab3a44fac4d47dd030f9ec66f18184598885379a452e841aa1f8,S0000017,22,22,productive_iteration,False,True,False,False,False,,1.0
Final500,Final500_T000003,e0e986c57be6ab3a44fac4d47dd030f9ec66f18184598885379a452e841aa1f8,S0000018,0,12,productive_iteration,True,True,False,False,False,,11.0
Final500,Final500_T000003,e0e986c57be6ab3a44fac4d47dd030f9ec66f18184598885379a452e841aa1f8,S0000019,16,21,productive_iteration,False,True,False,False,False,,6.0
Final500,Final500_T000003,e0e986c57be6ab3a44fac4d47dd030f9ec66f18184598885379a452e841aa1f8,S0000020,23,34,productive_iteration,False,True,False,False,False,,12.0
Final500,Final500_T000003,e0e986c57be6ab3a44fac4d47dd030f9ec66f18184598885379a452e841aa1f8,S0000021,13,15,productive_iteration,False,True,False,False,False,,3.0
Final500,Final500_T000004,b61df845e9460f21480f1a51bf03e0348ca881f2cb39c7e5e020b79499319a2e,S0000022,6,17,productive_iteration,True,True,False,False,False,,4.0
Final500,Final500_T000004,b61df845e9460f21480f1a51bf03e0348ca881f2cb39c7e5e020b79499319a2e,S0000023,27,27,unproductive_cycle,False,False,True,False,False,,1.0
Final500,Final500_T000004,b61df845e9460f21480f1a51bf03e0348ca881f2cb39c7e5e020b79499319a2e,S0000024,0,5,productive_iteration,False,True,False,False,False,,6.0
Final500,Final500_T000004,b61df845e9460f21480f1a51bf03e0348ca881f2cb39c7e5e020b79499319a2e,S0000025,8,9,productive_iteration,False,True,False,False,False,,2.0
Final500,Final500_T000004,b61df845e9460f21480f1a51bf03e0348ca881f2cb39c7e5e020b79499319a2e,S0000026,13,14,productive_iteration,False,True,False,False,False,,2.0
Final500,Final500_T000004,b61df845e9460f21480f1a51bf03e0348ca881f2cb39c7e5e020b79499319a2e,S0000027,19,23,productive_iteration,False,True,False,False,False,,5.0
Final500,Final500_T000004,b61df845e9460f21480f1a51bf03e0348ca881f2cb39c7e5e020b79499319a2e,S0000028,31,33,productive_iteration,False,True,False,False,False,,3.0
Final500,Final500_T000004,b61df845e9460f21480f1a51bf03e0348ca881f2cb39c7e5e020b79499319a2e,S0000029,10,12,unproductive_cycle,False,False,True,False,False,,3.0
Final500,Final500_T000004,b61df845e9460f21480f1a51bf03e0348ca881f2cb39c7e5e020b79499319a2e,S0000030,24,26,unproductive_cycle,False,False,True,False,False,,3.0
Final500,Final500_T000004,b61df845e9460f21480f1a51bf03e0348ca881f2cb39c7e5e020b79499319a2e,S0000031,28,30,unproductive_cycle,False,False,True,False,False,,3.0
Final500,Final500_T000005,ba39cd25cb59c1fffad5d58ba0a9bd85ec6a8f095e70a8c27d8d62b3c4166915,S0000032,4,22,productive_iteration,True,True,False,False,False,,3.0
Final500,Final500_T000005,ba39cd25cb59c1fffad5d58ba0a9bd85ec6a8f095e70a8c27d8d62b3c4166915,S0000033,0,3,productive_iteration,False,True,False,False,False,,4.0
Final500,Final500_T000005,ba39cd25cb59c1fffad5d58ba0a9bd85ec6a8f095e70a8c27d8d62b3c4166915,S0000034,5,13,productive_iteration,False,True,False,False,False,,9.0
Final500,Final500_T000005,ba39cd25cb59c1fffad5d58ba0a9bd85ec6a8f095e70a8c27d8d62b3c4166915,S0000035,15,20,productive_iteration,False,True,False,False,False,,6.0
Final500,Final500_T000005,ba39cd25cb59c1fffad5d58ba0a9bd85ec6a8f095e70a8c27d8d62b3c4166915,S0000036,23,37,productive_iteration,False,True,False,False,False,,13.0
Final500,Final500_T000006,a85753a20cb3f3e5772c89ca3c1b2818e11401865009564c9216e2c64c2f2554,S0000037,28,34,unproductive_cycle,False,False,True,False,False,,6.0
Final500,Final500_T000006,a85753a20cb3f3e5772c89ca3c1b2818e11401865009564c9216e2c64c2f2554,S0000038,14,16,productive_iteration,False,True,False,False,False,,3.0
Final500,Final500_T000006,a85753a20cb3f3e5772c89ca3c1b2818e11401865009564c9216e2c64c2f2554,S0000039,25,27,productive_iteration,False,True,False,False,False,,3.0
Final500,Final500_T000006,a85753a20cb3f3e5772c89ca3c1b2818e11401865009564c9216e2c64c2f2554,S0000040,35,38,productive_iteration,True,True,False,False,False,,1.0
Final500,Final500_T000006,a85753a20cb3f3e5772c89ca3c1b2818e11401865009564c9216e2c64c2f2554,S0000041,22,24,unproductive_cycle,False,False,True,False,False,,2.0
Final500,Final500_T000007,a1c0174aadda9349918339be43d99c613d02d08bdf2b2925e402e6fb4ac470c4,S0000042,16,22,productive_iteration,False,True,False,False,False,,2.0
Final500,Final500_T000007,a1c0174aadda9349918339be43d99c613d02d08bdf2b2925e402e6fb4ac470c4,S0000043,15,38,unproductive_cycle,False,False,True,False,False,,7.0
Final500,Final500_T000007,a1c0174aadda9349918339be43d99c613d02d08bdf2b2925e402e6fb4ac470c4,S0000044,0,14,productive_iteration,False,True,False,False,False,,13.0
Final500,Final500_T000007,a1c0174aadda9349918339be43d99c613d02d08bdf2b2925e402e6fb4ac470c4,S0000045,20,21,productive_iteration,False,True,False,False,False,,2.0
Final500,Final500_T000007,a1c0174aadda9349918339be43d99c613d02d08bdf2b2925e402e6fb4ac470c4,S0000046,34,36,unproductive_cycle,False,False,True,False,False,,3.0
Final500,Final500_T000007,a1c0174aadda9349918339be43d99c613d02d08bdf2b2925e402e6fb4ac470c4,S0000047,43,47,productive_iteration,False,True,False,False,False,,5.0
Final500,Final500_T000007,a1c0174aadda9349918339be43d99c613d02d08bdf2b2925e402e6fb4ac470c4,S0000048,49,55,productive_iteration,False,True,False,False,False,,7.0
Final500,Final500_T000007,a1c0174aadda9349918339be43d99c613d02d08bdf2b2925e402e6fb4ac470c4,S0000049,59,69,productive_iteration,True,True,False,False,False,,11.0
Final500,Final500_T000007,a1c0174aadda9349918339be43d99c613d02d08bdf2b2925e402e6fb4ac470c4,S0000050,24,33,unproductive_cycle,False,False,True,False,False,,10.0
Final500,Final500_T000007,a1c0174aadda9349918339be43d99c613d02d08bdf2b2925e402e6fb4ac470c4,S0000051,39,42,unproductive_cycle,False,False,True,False,False,,4.0
Final500,Final500_T000007,a1c0174aadda9349918339be43d99c613d02d08bdf2b2925e402e6fb4ac470c4,S0000052,56,58,productive_iteration,False,True,False,False,False,,3.0
Final500,Final500_T000008,16003fe68392d7f9e4a57a643adde53173bc86057598fde0cd64788c0c9de314,S0000053,0,23,productive_iteration,True,True,False,False,False,,24.0
Final500,Final500_T000008,16003fe68392d7f9e4a57a643adde53173bc86057598fde0cd64788c0c9de314,S0000054,24,32,unproductive_cycle,False,False,True,False,False,,9.0
Final500,Final500_T000009,a7e3f1898ea047186087005bde541b47d8e0b4742037d457c1f0a250a85fae1a,S0000055,12,17,productive_iteration,True,True,False,False,False,,2.0
Final500,Final500_T000009,a7e3f1898ea047186087005bde541b47d8e0b4742037d457c1f0a250a85fae1a,S0000056,5,19,unproductive_cycle,False,False,True,False,False,,4.0
Final500,Final500_T000009,a7e3f1898ea047186087005bde541b47d8e0b4742037d457c1f0a250a85fae1a,S0000057,0,4,productive_iteration,False,True,False,False,False,,5.0
Final500,Final500_T000009,a7e3f1898ea047186087005bde541b47d8e0b4742037d457c1f0a250a85fae1a,S0000058,7,11,productive_iteration,False,True,False,False,False,,5.0
Final500,Final500_T000009,a7e3f1898ea047186087005bde541b47d8e0b4742037d457c1f0a250a85fae1a,S0000059,13,16,productive_iteration,False,True,False,False,False,,4.0
Final500,Final500_T000009,a7e3f1898ea047186087005bde541b47d8e0b4742037d457c1f0a250a85fae1a,S0000060,20,34,productive_iteration,True,True,False,False,False,,15.0
Final500,Final500_T000010,6e5d1954a51bd089ec080f96aef5cbbe6c50b7b246382027c8965c8c0645becd,S0000061,15,15,productive_iteration,True,True,False,False,False,,1.0
Final500,Final500_T000010,6e5d1954a51bd089ec080f96aef5cbbe6c50b7b246382027c8965c8c0645becd,S0000062,0,11,productive_iteration,True,True,False,False,False,,12.0
Final500,Final500_T000010,6e5d1954a51bd089ec080f96aef5cbbe6c50b7b246382027c8965c8c0645becd,S0000063,13,14,productive_iteration,False,True,False,False,False,,2.0
Final500,Final500_T000010,6e5d1954a51bd089ec080f96aef5cbbe6c50b7b246382027c8965c8c0645becd,S0000064,16,19,productive_iteration,False,True,False,False,False,,4.0
Final500,Final500_T000010,6e5d1954a51bd089ec080f96aef5cbbe6c50b7b246382027c8965c8c0645becd,S0000065,21,28,productive_iteration,True,True,False,False,False,,8.0
Final500,Final500_T000010,6e5d1954a51bd089ec080f96aef5cbbe6c50b7b246382027c8965c8c0645becd,S0000066,32,36,productive_iteration,True,True,False,False,False,,5.0
Final500,Final500_T000010,6e5d1954a51bd089ec080f96aef5cbbe6c50b7b246382027c8965c8c0645becd,S0000067,29,31,unproductive_cycle,False,False,True,False,False,,3.0
Final500,Final500_T000011,25043c1fbb518b61a0ed899c727cd6c3a385b7bbdc80d829c568e4c77805d4ff,S0000068,13,112,unproductive_cycle,False,False,True,False,False,,3.0
Final500,Final500_T000011,25043c1fbb518b61a0ed899c727cd6c3a385b7bbdc80d829c568e4c77805d4ff,S0000069,0,12,productive_iteration,False,True,False,False,False,,10.0
Final500,Final500_T000011,25043c1fbb518b61a0ed899c727cd6c3a385b7bbdc80d829c568e4c77805d4ff,S0000070,0,12,unproductive_cycle,False,False,True,False,False,,2.0
Final500,Final500_T000011,25043c1fbb518b61a0ed899c727cd6c3a385b7bbdc80d829c568e4c77805d4ff,S0000071,15,111,unproductive_cycle,False,False,True,False,False,,97.0
Final500,Final500_T000012,4c3e43ac3deea7ac7a765ffdf64a71fb01444143cefc7e117c573d2eb07631fb,S0000072,0,31,productive_iteration,True,True,False,False,False,,32.0
Final500,Final500_T000013,62c2dbed6d6eac8767e517a826f4dbaa1efc9a2720a9b51b18a7741006bec803,S0000073,43,44,unproductive_cycle,False,False,True,False,False,,2.0
Final500,Final500_T000013,62c2dbed6d6eac8767e517a826f4dbaa1efc9a2720a9b51b18a7741006bec803,S0000074,0,13,productive_iteration,True,True,False,False,False,,13.0
Final500,Final500_T000013,62c2dbed6d6eac8767e517a826f4dbaa1efc9a2720a9b51b18a7741006bec803,S0000075,15,42,productive_iteration,True,True,False,False,False,,28.0
Final500,Final500_T000014,1fdad99562ab1490d753af6078d46483ad5c9bff62f49353bd7154e2dd08363d,S0000076,31,36,productive_iteration,False,True,False,False,False,,3.0
Final500,Final500_T000014,1fdad99562ab1490d753af6078d46483ad5c9bff62f49353bd7154e2dd08363d,S0000077,6,35,unproductive_cycle,False,False,True,False,False,,4.0
Final500,Final500_T000014,1fdad99562ab1490d753af6078d46483ad5c9bff62f49353bd7154e2dd08363d,S0000078,0,4,productive_iteration,False,True,False,False,False,,5.0
Final500,Final500_T000014,1fdad99562ab1490d753af6078d46483ad5c9bff62f49353bd7154e2dd08363d,S0000079,7,30,productive_iteration,True,True,False,False,False,,23.0
Final500,Final500_T000015,04e1567bc42097ea3402a5851ceb85eea13eb1ef0851ab3728d0f14e08c8457e,S0000080,10,10,productive_iteration,False,True,False,False,False,,1.0
Final500,Final500_T000015,04e1567bc42097ea3402a5851ceb85eea13eb1ef0851ab3728d0f14e08c8457e,S0000081,13,13,unproductive_cycle,False,False,True,False,False,,1.0
Final500,Final500_T000015,04e1567bc42097ea3402a5851ceb85eea13eb1ef0851ab3728d0f14e08c8457e,S0000082,0,6,productive_iteration,False,True,False,False,False,,4.0
Final500,Final500_T000015,04e1567bc42097ea3402a5851ceb85eea13eb1ef0851ab3728d0f14e08c8457e,S0000083,11,12,productive_iteration,False,True,False,False,False,,2.0
Final500,Final500_T000015,04e1567bc42097ea3402a5851ceb85eea13eb1ef0851ab3728d0f14e08c8457e,S0000084,14,17,productive_iteration,True,True,False,False,False,,4.0
Final500,Final500_T000016,81d7bda5883899a7372c6946cc03262dd0587540655051a01da5ac643cbc4f50,S0000085,28,28,productive_iteration,False,True,False,False,False,,1.0
Final500,Final500_T000016,81d7bda5883899a7372c6946cc03262dd0587540655051a01da5ac643cbc4f50,S0000086,7,44,unproductive_cycle,False,False,True,False,False,,6.0
Final500,Final500_T000016,81d7bda5883899a7372c6946cc03262dd0587540655051a01da5ac643cbc4f50,S0000087,0,6,productive_iteration,False,True,False,False,False,,6.0
Final500,Final500_T000016,81d7bda5883899a7372c6946cc03262dd0587540655051a01da5ac643cbc4f50,S0000088,9,21,productive_iteration,True,True,False,False,False,,11.0
Final500,Final500_T000016,81d7bda5883899a7372c6946cc03262dd0587540655051a01da5ac643cbc4f50,S0000089,9,21,unproductive_cycle,False,False,True,False,False,,2.0
Final500,Final500_T000016,81d7bda5883899a7372c6946cc03262dd0587540655051a01da5ac643cbc4f50,S0000090,24,26,productive_iteration,False,True,False,False,False,,1.0
Final500,Final500_T000016,81d7bda5883899a7372c6946cc03262dd0587540655051a01da5ac643cbc4f50,S0000091,24,26,unproductive_cycle,False,False,True,False,False,,2.0
Final500,Final500_T000016,81d7bda5883899a7372c6946cc03262dd0587540655051a01da5ac643cbc4f50,S0000092,36,38,unproductive_cycle,False,False,True,False,False,,3.0
Final500,Final500_T000016,81d7bda5883899a7372c6946cc03262dd0587540655051a01da5ac643cbc4f50,S0000093,42,43,unproductive_cycle,False,False,True,False,False,,2.0
Final500,Final500_T000016,81d7bda5883899a7372c6946cc03262dd0587540655051a01da5ac643cbc4f50,S0000094,45,47,unproductive_cycle,False,False,True,False,False,,3.0
Final500,Final500_T000016,81d7bda5883899a7372c6946cc03262dd0587540655051a01da5ac643cbc4f50,S0000095,29,35,unproductive_cycle,False,False,True,False,False,,7.0
Final500,Final500_T000016,81d7bda5883899a7372c6946cc03262dd0587540655051a01da5ac643cbc4f50,S0000096,39,41,unproductive_cycle,False,False,True,False,False,,3.0
Final500,Final500_T000017,f372ff1356445459a818f6312b33053b58c2957e74990545b0cca0982536e067,S0000097,18,18,unproductive_cycle,False,False,True,False,False,,1.0
Final500,Final500_T000017,f372ff1356445459a818f6312b33053b58c2957e74990545b0cca0982536e067,S0000098,0,3,productive_iteration,True,True,False,False,False,,4.0
Final500,Final500_T000017,f372ff1356445459a818f6312b33053b58c2957e74990545b0cca0982536e067,S0000099,7,17,productive_iteration,True,True,False,False,False,,10.0
Final500,Final500_T000017,f372ff1356445459a818f6312b33053b58c2957e74990545b0cca0982536e067,S0000100,19,29,productive_iteration,True,True,False,False,False,,9.0
Final500,Final500_T000017,f372ff1356445459a818f6312b33053b58c2957e74990545b0cca0982536e067,S0000101,19,29,unproductive_cycle,False,False,True,False,False,,1.0
Final500,Final500_T000017,f372ff1356445459a818f6312b33053b58c2957e74990545b0cca0982536e067,S0000102,31,35,productive_iteration,False,True,False,False,False,,5.0
Final500,Final500_T000017,f372ff1356445459a818f6312b33053b58c2957e74990545b0cca0982536e067,S0000103,4,6,productive_iteration,True,True,False,False,False,,1.0
Final500,Final500_T000017,f372ff1356445459a818f6312b33053b58c2957e74990545b0cca0982536e067,S0000104,4,6,unproductive_cycle,False,False,True,False,False,,2.0
Final500,Final500_T000018,128ef5b7e38a45e3c178431f3b519b211ac345463916833ad9cf5f366f39d00b,S0000105,16,16,productive_iteration,False,True,False,False,False,,1.0
Final500,Final500_T000018,128ef5b7e38a45e3c178431f3b519b211ac345463916833ad9cf5f366f39d00b,S0000106,4,17,unproductive_cycle,False,False,True,False,False,,3.0
Final500,Final500_T000018,128ef5b7e38a45e3c178431f3b519b211ac345463916833ad9cf5f366f39d00b,S0000107,0,3,productive_iteration,False,True,False,False,False,,3.0
Final500,Final500_T000018,128ef5b7e38a45e3c178431f3b519b211ac345463916833ad9cf5f366f39d00b,S0000108,5,9,productive_iteration,True,True,False,False,False,,5.0
Final500,Final500_T000018,128ef5b7e38a45e3c178431f3b519b211ac345463916833ad9cf5f366f39d00b,S0000109,12,15,productive_iteration,True,True,False,False,False,,4.0
Final500,Final500_T000018,128ef5b7e38a45e3c178431f3b519b211ac345463916833ad9cf5f366f39d00b,S0000110,18,21,productive_iteration,True,True,False,False,False,,4.0
Final500,Final500_T000019,558698f6d516ff5ff53792fe56e087ecb3eac1ab1dd2be61c45ef1390a26fbd0,S0000111,39,39,productive_iteration,True,True,False,False,False,,1.0
Final500,Final500_T000019,558698f6d516ff5ff53792fe56e087ecb3eac1ab1dd2be61c45ef1390a26fbd0,S0000112,1,38,unproductive_cycle,False,False,True,False,False,,5.0
Final500,Final500_T000019,558698f6d516ff5ff53792fe56e087ecb3eac1ab1dd2be61c45ef1390a26fbd0,S0000113,4,6,productive_iteration,True,True,False,False,False,,3.0
Final500,Final500_T000019,558698f6d516ff5ff53792fe56e087ecb3eac1ab1dd2be61c45ef1390a26fbd0,S0000114,9,18,productive_iteration,True,True,False,False,False,,9.0
Final500,Final500_T000019,558698f6d516ff5ff53792fe56e087ecb3eac1ab1dd2be61c45ef1390a26fbd0,S0000115,20,34,productive_iteration,True,True,False,False,False,,14.0
Final500,Final500_T000019,558698f6d516ff5ff53792fe56e087ecb3eac1ab1dd2be61c45ef1390a26fbd0,S0000116,20,34,unproductive_cycle,False,False,True,False,False,,1.0
Final500,Final500_T000019,558698f6d516ff5ff53792fe56e087ecb3eac1ab1dd2be61c45ef1390a26fbd0,S0000117,36,37,productive_iteration,False,True,False,False,False,,2.0
Final500,Final500_T000020,84e5d9f30b3627f62a823e0388c8f36764e78e4e2343d4f6d91b302e3964ead2,S0000118,13,77,unproductive_cycle,False,False,True,False,False,,2.0
Final500,Final500_T000020,84e5d9f30b3627f62a823e0388c8f36764e78e4e2343d4f6d91b302e3964ead2,S0000119,0,12,productive_iteration,False,True,False,False,False,,13.0
Final500,Final500_T000020,84e5d9f30b3627f62a823e0388c8f36764e78e4e2343d4f6d91b302e3964ead2,S0000120,14,15,productive_iteration,True,True,False,False,False,,2.0
Final500,Final500_T000020,84e5d9f30b3627f62a823e0388c8f36764e78e4e2343d4f6d91b302e3964ead2,S0000121,16,76,unproductive_cycle,False,False,True,False,False,,61.0
Final500,Final500_T000021,061ad754be967911f1dd65b4d01c7dbdb6e5e656e7f391b53beeab2a97c27a7e,S0000122,0,30,productive_iteration,True,True,False,False,False,,29.0
Final500,Final500_T000022,1e94b1108d66f9616a0dfe60d26d3b42c8a1255fd97583842a7825a2e0907324,S0000123,17,28,productive_iteration,True,True,False,False,False,,3.0
Final500,Final500_T000022,1e94b1108d66f9616a0dfe60d26d3b42c8a1255fd97583842a7825a2e0907324,S0000124,0,16,productive_iteration,True,True,False,False,False,,17.0
Final500,Final500_T000022,1e94b1108d66f9616a0dfe60d26d3b42c8a1255fd97583842a7825a2e0907324,S0000125,19,22,productive_iteration,False,True,False,False,False,,4.0
Final500,Final500_T000022,1e94b1108d66f9616a0dfe60d26d3b42c8a1255fd97583842a7825a2e0907324,S0000126,24,27,productive_iteration,False,True,False,False,False,,4.0
Final500,Final500_T000022,1e94b1108d66f9616a0dfe60d26d3b42c8a1255fd97583842a7825a2e0907324,S0000127,29,32,productive_iteration,False,True,False,False,False,,4.0
Final500,Final500_T000023,76fe364cc35e70a38859ed33f338db142c546e7984ba480e1e14a4202705b3f9,S0000128,10,13,unproductive_cycle,False,False,True,False,False,,2.0
Final500,Final500_T000023,76fe364cc35e70a38859ed33f338db142c546e7984ba480e1e14a4202705b3f9,S0000129,0,2,productive_iteration,False,True,False,False,False,,3.0
Final500,Final500_T000023,76fe364cc35e70a38859ed33f338db142c546e7984ba480e1e14a4202705b3f9,S0000130,4,9,productive_iteration,False,True,False,False,False,,6.0
Final500,Final500_T000023,76fe364cc35e70a38859ed33f338db142c546e7984ba480e1e14a4202705b3f9,S0000131,11,12,unproductive_cycle,False,False,True,False,False,,2.0
Final500,Final500_T000023,76fe364cc35e70a38859ed33f338db142c546e7984ba480e1e14a4202705b3f9,S0000132,14,31,productive_iteration,True,True,False,False,False,,15.0
Final500,Final500_T000024,e90c6003b081598cbef5adae08adc95552ec94118ce521409f9776f9b27eeb35,S0000133,20,20,productive_iteration,False,True,False,False,False,,1.0
Final500,Final500_T000024,e90c6003b081598cbef5adae08adc95552ec94118ce521409f9776f9b27eeb35,S0000134,41,41,unproductive_cycle,False,False,True,False,False,,1.0
Final500,Final500_T000024,e90c6003b081598cbef5adae08adc95552ec94118ce521409f9776f9b27eeb35,S0000135,0,15,productive_iteration,True,True,False,False,False,,15.0
Final500,Final500_T000024,e90c6003b081598cbef5adae08adc95552ec94118ce521409f9776f9b27eeb35,S0000136,17,19,productive_iteration,False,True,False,False,False,,3.0
Final500,Final500_T000024,e90c6003b081598cbef5adae08adc95552ec94118ce521409f9776f9b27eeb35,S0000137,21,22,productive_iteration,False,True,False,False,False,,2.0
Final500,Final500_T000024,e90c6003b081598cbef5adae08adc95552ec94118ce521409f9776f9b27eeb35,S0000138,24,40,productive_iteration,True,True,False,False,False,,14.0
Final500,Final500_T000024,e90c6003b081598cbef5adae08adc95552ec94118ce521409f9776f9b27eeb35,S0000139,24,40,unproductive_cycle,False,False,True,False,False,,1.0
Final500,Final500_T000024,e90c6003b081598cbef5adae08adc95552ec94118ce521409f9776f9b27eeb35,S0000140,42,49,productive_iteration,True,True,False,False,False,,6.0
Final500,Final500_T000025,d0fe77f69b1a8168377e6e74d8e97f234076b2ad81125063ee2e57b9edc24752,S0000141,9,9,productive_iteration,True,True,False,False,False,,1.0
Final500,Final500_T000025,d0fe77f69b1a8168377e6e74d8e97f234076b2ad81125063ee2e57b9edc24752,S0000142,48,113,unproductive_cycle,False,False,True,False,False,,3.0
Final500,Final500_T000025,d0fe77f69b1a8168377e6e74d8e97f234076b2ad81125063ee2e57b9edc24752,S0000143,0,8,productive_iteration,True,True,False,False,False,,9.0
Final500,Final500_T000025,d0fe77f69b1a8168377e6e74d8e97f234076b2ad81125063ee2e57b9edc24752,S0000144,10,21,productive_iteration,True,True,False,False,False,,12.0
Final500,Final500_T000025,d0fe77f69b1a8168377e6e74d8e97f234076b2ad81125063ee2e57b9edc24752,S0000145,23,32,productive_iteration,True,True,False,False,False,,9.0
Final500,Final500_T000025,d0fe77f69b1a8168377e6e74d8e97f234076b2ad81125063ee2e57b9edc24752,S0000146,33,47,unproductive_cycle,False,False,True,False,False,,15.0
Final500,Final500_T000025,d0fe77f69b1a8168377e6e74d8e97f234076b2ad81125063ee2e57b9edc24752,S0000147,49,55,unproductive_cycle,False,False,True,False,False,,7.0
Final500,Final500_T000025,d0fe77f69b1a8168377e6e74d8e97f234076b2ad81125063ee2e57b9edc24752,S0000148,57,111,unproductive_cycle,False,False,True,False,False,,55.0
Final500,Final500_T000026,d46fb86d52fc4c020583472b99ecb2d0349271803345e6396814889fc43f0396,S0000149,14,16,unproductive_cycle,False,False,True,False,False,,3.0
Final500,Final500_T000026,d46fb86d52fc4c020583472b99ecb2d0349271803345e6396814889fc43f0396,S0000150,0,2,productive_iteration,False,True,False,False,False,,3.0
Final500,Final500_T000026,d46fb86d52fc4c020583472b99ecb2d0349271803345e6396814889fc43f0396,S0000151,4,13,productive_iteration,False,True,False,False,False,,10.0
Final500,Final500_T000026,d46fb86d52fc4c020583472b99ecb2d0349271803345e6396814889fc43f0396,S0000152,17,30,productive_iteration,True,True,False,False,False,,13.0
Final500,Final500_T000026,d46fb86d52fc4c020583472b99ecb2d0349271803345e6396814889fc43f0396,S0000153,40,47,productive_iteration,False,True,False,False,False,,8.0
Final500,Final500_T000026,d46fb86d52fc4c020583472b99ecb2d0349271803345e6396814889fc43f0396,S0000154,31,39,unproductive_cycle,False,False,True,False,False,,5.0
Final500,Final500_T000027,0719fc6c835da488a5d2cca366ca6cdd034315d8995d523fa3104c203acddbfb,S0000155,6,10,productive_iteration,True,True,False,False,False,,5.0
Final500,Final500_T000028,528df2a064b86d4338ba08b58df8bae9a198e3cfe78f4e37b62414bfca0ef736,S0000156,0,15,productive_iteration,True,True,False,False,False,,11.0
Final500,Final500_T000029,3a98bc7d4fc391db1a26f7f7ebb705966e68fd841d569b042f6027b7dacff188,S0000157,14,23,productive_iteration,True,True,False,False,False,,5.0
Final500,Final500_T000029,3a98bc7d4fc391db1a26f7f7ebb705966e68fd841d569b042f6027b7dacff188,S0000158,15,22,unproductive_cycle,False,False,True,False,False,,2.0
Final500,Final500_T000029,3a98bc7d4fc391db1a26f7f7ebb705966e68fd841d569b042f6027b7dacff188,S0000159,0,13,productive_iteration,True,True,False,False,False,,14.0
Final500,Final500_T000029,3a98bc7d4fc391db1a26f7f7ebb705966e68fd841d569b042f6027b7dacff188,S0000160,17,19,unproductive_cycle,False,False,True,False,False,,3.0
Final500,Final500_T000029,3a98bc7d4fc391db1a26f7f7ebb705966e68fd841d569b042f6027b7dacff188,S0000161,24,43,productive_iteration,True,True,False,False,False,,1.0
Final500,Final500_T000029,3a98bc7d4fc391db1a26f7f7ebb705966e68fd841d569b042f6027b7dacff188,S0000162,24,43,unproductive_cycle,False,False,True,False,False,,19.0
Final500,Final500_T000030,efa1ad6934efb2dfa32096c54a5f4a192cb2298455c241b43b04e1bd31315e20,S0000163,7,8,productive_iteration,True,True,False,False,False,,2.0
Final500,Final500_T000030,efa1ad6934efb2dfa32096c54a5f4a192cb2298455c241b43b04e1bd31315e20,S0000164,4,4,unproductive_cycle,False,False,True,False,False,,1.0
Final500,Final500_T000030,efa1ad6934efb2dfa32096c54a5f4a192cb2298455c241b43b04e1bd31315e20,S0000165,0,2,productive_iteration,False,True,False,False,False,,2.0
Final500,Final500_T000030,efa1ad6934efb2dfa32096c54a5f4a192cb2298455c241b43b04e1bd31315e20,S0000166,5,6,productive_iteration,False,True,False,False,False,,2.0
Final500,Final500_T000030,efa1ad6934efb2dfa32096c54a5f4a192cb2298455c241b43b04e1bd31315e20,S0000167,9,16,productive_iteration,False,True,False,False,False,,5.0
Final500,Final500_T000031,a3ba0b2d3c2d0a00c0d462ed4cf4e9181e4bd7b8553d45e0d3ef235e9cf56aa1,S0000168,18,36,productive_iteration,True,True,False,False,False,,4.0
Final500,Final500_T000031,a3ba0b2d3c2d0a00c0d462ed4cf4e9181e4bd7b8553d45e0d3ef235e9cf56aa1,S0000169,0,17,productive_iteration,False,True,False,False,False,,18.0
Final500,Final500_T000031,a3ba0b2d3c2d0a00c0d462ed4cf4e9181e4bd7b8553d45e0d3ef235e9cf56aa1,S0000170,19,23,productive_iteration,True,True,False,False,False,,5.0
Final500,Final500_T000031,a3ba0b2d3c2d0a00c0d462ed4cf4e9181e4bd7b8553d45e0d3ef235e9cf56aa1,S0000171,25,34,productive_iteration,True,True,False,False,False,,8.0
Final500,Final500_T000032,3c0ff74d2e6376121509871855f98a309fb90876eb5c5c1a9ee79bf9cda8426a,S0000172,6,8,productive_iteration,True,True,False,False,False,,3.0
Final500,Final500_T000032,3c0ff74d2e6376121509871855f98a309fb90876eb5c5c1a9ee79bf9cda8426a,S0000173,2,5,productive_iteration,False,True,False,False,False,,4.0
Final500,Final500_T000032,3c0ff74d2e6376121509871855f98a309fb90876eb5c5c1a9ee79bf9cda8426a,S0000174,9,16,productive_iteration,False,True,False,False,False,,8.0
Final500,Final500_T000033,1d57313ff2bbd0374817db7a2dc3bc69055636ff26fbcf78a3c97c576b6ee1f8,S0000175,5,6,productive_iteration,True,True,False,False,False,,2.0
Final500,Final500_T000033,1d57313ff2bbd0374817db7a2dc3bc69055636ff26fbcf78a3c97c576b6ee1f8,S0000176,0,4,productive_iteration,False,True,False,False,False,,5.0
Final500,Final500_T000033,1d57313ff2bbd0374817db7a2dc3bc69055636ff26fbcf78a3c97c576b6ee1f8,S0000177,7,16,productive_iteration,False,True,False,False,False,,10.0
Final500,Final500_T000034,d055b3ba2af12f3a66564a7146db06959ca386a1ebcc28026c1ca78ad725ac60,S0000178,18,31,productive_iteration,True,True,False,False,False,,2.0
Final500,Final500_T000034,d055b3ba2af12f3a66564a7146db06959ca386a1ebcc28026c1ca78ad725ac60,S0000179,0,16,productive_iteration,True,True,False,False,False,,16.0
Final500,Final500_T000034,d055b3ba2af12f3a66564a7146db06959ca386a1ebcc28026c1ca78ad725ac60,S0000180,20,22,productive_iteration,True,True,False,False,False,,3.0
Final500,Final500_T000034,d055b3ba2af12f3a66564a7146db06959ca386a1ebcc28026c1ca78ad725ac60,S0000181,28,30,productive_iteration,True,True,False,False,False,,3.0
Final500,Final500_T000034,d055b3ba2af12f3a66564a7146db06959ca386a1ebcc28026c1ca78ad725ac60,S0000182,25,27,productive_iteration,True,True,False,False,False,,3.0
Final500,Final500_T000035,51876f52915d614e29965f280d26b821b564b1a574293986e92121caa17314b8,S0000183,12,35,productive_iteration,True,True,False,False,False,,5.0
Final500,Final500_T000035,51876f52915d614e29965f280d26b821b564b1a574293986e92121caa17314b8,S0000184,15,31,unproductive_cycle,False,False,True,False,False,,11.0
Final500,Final500_T000035,51876f52915d614e29965f280d26b821b564b1a574293986e92121caa17314b8,S0000185,0,11,productive_iteration,True,True,False,False,False,,12.0
Final500,Final500_T000035,51876f52915d614e29965f280d26b821b564b1a574293986e92121caa17314b8,S0000186,13,14,unproductive_cycle,False,False,True,False,False,,2.0
Final500,Final500_T000035,51876f52915d614e29965f280d26b821b564b1a574293986e92121caa17314b8,S0000187,16,17,unproductive_cycle,False,False,True,False,False,,2.0
Final500,Final500_T000035,51876f52915d614e29965f280d26b821b564b1a574293986e92121caa17314b8,S0000188,19,20,unproductive_cycle,False,False,True,False,False,,2.0
Final500,Final500_T000035,51876f52915d614e29965f280d26b821b564b1a574293986e92121caa17314b8,S0000189,22,23,unproductive_cycle,False,False,True,False,False,,2.0
Final500,Final500_T000035,51876f52915d614e29965f280d26b821b564b1a574293986e92121caa17314b8,S0000190,36,42,productive_iteration,False,True,False,False,False,,6.0
Final500,Final500_T000036,c46f2d5f4826d99e75b0ab96c9e89a2cfe962758522a7238f32f238a6a12911a,S0000191,52,75,unproductive_cycle,False,False,True,False,False,,11.0
Final500,Final500_T000036,c46f2d5f4826d99e75b0ab96c9e89a2cfe962758522a7238f32f238a6a12911a,S0000192,0,18,productive_iteration,True,True,False,False,False,,19.0
Final500,Final500_T000036,c46f2d5f4826d99e75b0ab96c9e89a2cfe962758522a7238f32f238a6a12911a,S0000193,49,51,unproductive_cycle,False,False,True,False,False,,3.0
Final500,Final500_T000036,c46f2d5f4826d99e75b0ab96c9e89a2cfe962758522a7238f32f238a6a12911a,S0000194,19,48,productive_iteration,True,True,False,False,False,,1.0
Final500,Final500_T000036,c46f2d5f4826d99e75b0ab96c9e89a2cfe962758522a7238f32f238a6a12911a,S0000195,19,48,unproductive_cycle,False,False,True,False,False,,29.0
Final500,Final500_T000036,c46f2d5f4826d99e75b0ab96c9e89a2cfe962758522a7238f32f238a6a12911a,S0000196,56,65,unproductive_cycle,False,False,True,False,False,,10.0
Final500,Final500_T000036,c46f2d5f4826d99e75b0ab96c9e89a2cfe962758522a7238f32f238a6a12911a,S0000197,67,69,unproductive_cycle,False,False,True,False,False,,3.0
Final500,Final500_T000037,ff44158416bd5c946aa866f45c1fbed3c28f175c0bd9a9a24f3e206df703fcd7,S0000198,20,22,productive_iteration,True,True,False,False,False,,3.0
Final500,Final500_T000037,ff44158416bd5c946aa866f45c1fbed3c28f175c0bd9a9a24f3e206df703fcd7,S0000199,0,16,productive_iteration,True,True,False,False,False,,17.0
Final500,Final500_T000037,ff44158416bd5c946aa866f45c1fbed3c28f175c0bd9a9a24f3e206df703fcd7,S0000200,18,19,productive_iteration,False,True,False,False,False,,2.0
Final500,Final500_T000037,ff44158416bd5c946aa866f45c1fbed3c28f175c0bd9a9a24f3e206df703fcd7,S0000201,23,30,productive_iteration,True,True,False,False,False,,7.0
Final500,Final500_T000038,ef05d255dcf165268cda18ea2c00a25e40f174d84821d9ce7996ea9fed278d59,S0000202,4,36,productive_iteration,True,True,False,False,False,,2.0
Final500,Final500_T000038,ef05d255dcf165268cda18ea2c00a25e40f174d84821d9ce7996ea9fed278d59,S0000203,19,19,unproductive_cycle,False,False,True,False,False,,1.0
Final500,Final500_T000038,ef05d255dcf165268cda18ea2c00a25e40f174d84821d9ce7996ea9fed278d59,S0000204,0,3,productive_iteration,False,True,False,False,False,,4.0
Final500,Final500_T000038,ef05d255dcf165268cda18ea2c00a25e40f174d84821d9ce7996ea9fed278d59,S0000205,5,8,productive_iteration,False,True,False,False,False,,3.0
Final500,Final500_T000038,ef05d255dcf165268cda18ea2c00a25e40f174d84821d9ce7996ea9fed278d59,S0000206,12,14,productive_iteration,False,True,False,False,False,,3.0
Final500,Final500_T000038,ef05d255dcf165268cda18ea2c00a25e40f174d84821d9ce7996ea9fed278d59,S0000207,20,35,productive_iteration,True,True,False,False,False,,16.0
Final500,Final500_T000038,ef05d255dcf165268cda18ea2c00a25e40f174d84821d9ce7996ea9fed278d59,S0000208,37,40,productive_iteration,True,True,False,False,False,,3.0
Final500,Final500_T000038,ef05d255dcf165268cda18ea2c00a25e40f174d84821d9ce7996ea9fed278d59,S0000209,9,11,productive_iteration,False,True,False,False,False,,1.0
Final500,Final500_T000038,ef05d255dcf165268cda18ea2c00a25e40f174d84821d9ce7996ea9fed278d59,S0000210,9,11,unproductive_cycle,False,False,True,False,False,,1.0
Final500,Final500_T000038,ef05d255dcf165268cda18ea2c00a25e40f174d84821d9ce7996ea9fed278d59,S0000211,15,17,unproductive_cycle,False,False,True,False,False,,3.0
Final500,Final500_T000039,e3e406358c769eb1fe3c7efb042714dbf08b84d50f8be7c428fbb879b413bd49,S0000212,0,10,productive_iteration,True,True,False,False,False,,10.0
Final500,Final500_T000039,e3e406358c769eb1fe3c7efb042714dbf08b84d50f8be7c428fbb879b413bd49,S0000213,19,32,productive_iteration,True,True,False,False,False,,13.0
Final500,Final500_T000039,e3e406358c769eb1fe3c7efb042714dbf08b84d50f8be7c428fbb879b413bd49,S0000214,19,32,unproductive_cycle,False,False,True,False,False,,1.0
Final500,Final500_T000039,e3e406358c769eb1fe3c7efb042714dbf08b84d50f8be7c428fbb879b413bd49,S0000215,11,18,productive_iteration,True,True,False,False,False,,2.0
Final500,Final500_T000039,e3e406358c769eb1fe3c7efb042714dbf08b84d50f8be7c428fbb879b413bd49,S0000216,11,18,unproductive_cycle,False,False,True,False,False,,6.0
Final500,Final500_T000040,9694f05babf9c5db13cc25296f29dc0a2a6f8ba8ad625530ea19ee3c68b7b5fb,S0000217,0,7,productive_iteration,False,True,False,False,False,,6.0
Final500,Final500_T000040,9694f05babf9c5db13cc25296f29dc0a2a6f8ba8ad625530ea19ee3c68b7b5fb,S0000218,0,7,unproductive_cycle,False,False,True,False,False,,2.0
Final500,Final500_T000040,9694f05babf9c5db13cc25296f29dc0a2a6f8ba8ad625530ea19ee3c68b7b5fb,S0000219,12,14,productive_iteration,False,True,False,False,False,,2.0
Final500,Final500_T000040,9694f05babf9c5db13cc25296f29dc0a2a6f8ba8ad625530ea19ee3c68b7b5fb,S0000220,12,14,unproductive_cycle,False,False,True,False,False,,1.0
Final500,Final500_T000040,9694f05babf9c5db13cc25296f29dc0a2a6f8ba8ad625530ea19ee3c68b7b5fb,S0000221,17,26,productive_iteration,False,True,False,False,False,,10.0
Final500,Final500_T000040,9694f05babf9c5db13cc25296f29dc0a2a6f8ba8ad625530ea19ee3c68b7b5fb,S0000222,28,36,productive_iteration,True,True,False,False,False,,9.0
Final500,Final500_T000040,9694f05babf9c5db13cc25296f29dc0a2a6f8ba8ad625530ea19ee3c68b7b5fb,S0000223,8,11,unproductive_cycle,False,False,True,False,False,,4.0
Final500,Final500_T000041,36bb5373a407ef73b3854daadf9190e37037d713f72549ffe55c464a2174541d,S0000224,4,9,productive_iteration,True,True,False,False,False,,2.0
Final500,Final500_T000041,36bb5373a407ef73b3854daadf9190e37037d713f72549ffe55c464a2174541d,S0000225,5,20,unproductive_cycle,False,False,True,False,False,,2.0
Final500,Final500_T000041,36bb5373a407ef73b3854daadf9190e37037d713f72549ffe55c464a2174541d,S0000226,0,2,productive_iteration,True,True,False,False,False,,3.0
Final500,Final500_T000041,36bb5373a407ef73b3854daadf9190e37037d713f72549ffe55c464a2174541d,S0000227,6,8,productive_iteration,True,True,False,False,False,,3.0
Final500,Final500_T000041,36bb5373a407ef73b3854daadf9190e37037d713f72549ffe55c464a2174541d,S0000228,10,19,productive_iteration,False,True,False,False,False,,9.0
Final500,Final500_T000041,36bb5373a407ef73b3854daadf9190e37037d713f72549ffe55c464a2174541d,S0000229,21,31,productive_iteration,False,True,False,False,False,,10.0
Final500,Final500_T000042,4e73969d87db5859148e59b9a06502883dbda3825f1dee310c6ff202c8d4a515,S0000230,3,15,productive_iteration,True,True,False,False,False,,5.0
Final500,Final500_T000042,4e73969d87db5859148e59b9a06502883dbda3825f1dee310c6ff202c8d4a515,S0000231,0,2,productive_iteration,False,True,False,False,False,,3.0
Final500,Final500_T000042,4e73969d87db5859148e59b9a06502883dbda3825f1dee310c6ff202c8d4a515,S0000232,4,5,productive_iteration,False,True,False,False,False,,2.0
Final500,Final500_T000042,4e73969d87db5859148e59b9a06502883dbda3825f1dee310c6ff202c8d4a515,S0000233,7,8,productive_iteration,False,True,False,False,False,,2.0
Final500,Final500_T000042,4e73969d87db5859148e59b9a06502883dbda3825f1dee310c6ff202c8d4a515,S0000234,11,14,productive_iteration,False,True,False,False,False,,4.0
Final500,Final500_T000042,4e73969d87db5859148e59b9a06502883dbda3825f1dee310c6ff202c8d4a515,S0000235,16,18,productive_iteration,False,True,False,False,False,,3.0
Final500,Final500_T000043,dd4ad01682ceaaacb202a2b0990a757944ced97e92fc2818b113ae5f8d80c91c,S0000236,2,12,productive_iteration,True,True,False,False,False,,2.0
Final500,Final500_T000043,dd4ad01682ceaaacb202a2b0990a757944ced97e92fc2818b113ae5f8d80c91c,S0000237,21,21,unproductive_cycle,False,False,True,False,False,,1.0
Final500,Final500_T000043,dd4ad01682ceaaacb202a2b0990a757944ced97e92fc2818b113ae5f8d80c91c,S0000238,0,1,productive_iteration,False,True,False,False,False,,2.0
Final500,Final500_T000043,dd4ad01682ceaaacb202a2b0990a757944ced97e92fc2818b113ae5f8d80c91c,S0000239,3,11,productive_iteration,False,True,False,False,False,,9.0
Final500,Final500_T000043,dd4ad01682ceaaacb202a2b0990a757944ced97e92fc2818b113ae5f8d80c91c,S0000240,13,17,productive_iteration,True,True,False,False,False,,5.0
Final500,Final500_T000043,dd4ad01682ceaaacb202a2b0990a757944ced97e92fc2818b113ae5f8d80c91c,S0000241,18,20,productive_iteration,True,True,False,False,False,,1.0
Final500,Final500_T000043,dd4ad01682ceaaacb202a2b0990a757944ced97e92fc2818b113ae5f8d80c91c,S0000242,18,20,unproductive_cycle,False,False,True,False,False,,2.0
Final500,Final500_T000043,dd4ad01682ceaaacb202a2b0990a757944ced97e92fc2818b113ae5f8d80c91c,S0000243,22,79,unproductive_cycle,False,False,True,False,False,,58.0
Final500,Final500_T000044,d02760c9fa67cd8d18f448e1938e43b5fc530e0a3d4263144ea7ec8888e312df,S0000244,0,2,productive_iteration,False,True,False,False,False,,3.0
Final500,Final500_T000044,d02760c9fa67cd8d18f448e1938e43b5fc530e0a3d4263144ea7ec8888e312df,S0000245,3,16,unproductive_cycle,False,False,True,False,False,,11.0
Final500,Final500_T000044,d02760c9fa67cd8d18f448e1938e43b5fc530e0a3d4263144ea7ec8888e312df,S0000246,11,13,productive_iteration,False,True,False,False,False,,3.0
Final500,Final500_T000044,d02760c9fa67cd8d18f448e1938e43b5fc530e0a3d4263144ea7ec8888e312df,S0000247,17,24,productive_iteration,False,True,False,False,False,,8.0
Final500,Final500_T000045,8eade6adbfbd89e85cd018c84f114ee6dd007237bd1718062a650c7ed1f5cba3,S0000248,8,22,productive_iteration,True,True,False,False,False,,7.0
Final500,Final500_T000045,8eade6adbfbd89e85cd018c84f114ee6dd007237bd1718062a650c7ed1f5cba3,S0000249,34,55,unproductive_cycle,False,False,True,False,False,,8.0
Final500,Final500_T000045,8eade6adbfbd89e85cd018c84f114ee6dd007237bd1718062a650c7ed1f5cba3,S0000250,0,7,productive_iteration,True,True,False,False,False,,8.0
Final500,Final500_T000045,8eade6adbfbd89e85cd018c84f114ee6dd007237bd1718062a650c7ed1f5cba3,S0000251,10,11,productive_iteration,False,True,False,False,False,,2.0
Final500,Final500_T000045,8eade6adbfbd89e85cd018c84f114ee6dd007237bd1718062a650c7ed1f5cba3,S0000252,14,15,productive_iteration,True,True,False,False,False,,2.0
Final500,Final500_T000045,8eade6adbfbd89e85cd018c84f114ee6dd007237bd1718062a650c7ed1f5cba3,S0000253,17,18,productive_iteration,True,True,False,False,False,,2.0
Final500,Final500_T000045,8eade6adbfbd89e85cd018c84f114ee6dd007237bd1718062a650c7ed1f5cba3,S0000254,20,21,productive_iteration,True,True,False,False,False,,2.0
Final500,Final500_T000045,8eade6adbfbd89e85cd018c84f114ee6dd007237bd1718062a650c7ed1f5cba3,S0000255,23,33,productive_iteration,True,True,False,False,False,,10.0
Final500,Final500_T000045,8eade6adbfbd89e85cd018c84f114ee6dd007237bd1718062a650c7ed1f5cba3,S0000256,23,33,unproductive_cycle,False,False,True,False,False,,1.0
Final500,Final500_T000045,8eade6adbfbd89e85cd018c84f114ee6dd007237bd1718062a650c7ed1f5cba3,S0000257,35,36,productive_iteration,True,True,False,False,False,,2.0
Final500,Final500_T000045,8eade6adbfbd89e85cd018c84f114ee6dd007237bd1718062a650c7ed1f5cba3,S0000258,41,42,productive_iteration,True,True,False,False,False,,2.0
Final500,Final500_T000045,8eade6adbfbd89e85cd018c84f114ee6dd007237bd1718062a650c7ed1f5cba3,S0000259,72,74,unproductive_cycle,False,False,True,False,False,,3.0
Final500,Final500_T000045,8eade6adbfbd89e85cd018c84f114ee6dd007237bd1718062a650c7ed1f5cba3,S0000260,45,54,unproductive_cycle,False,False,True,False,False,,10.0
Final500,Final500_T000045,8eade6adbfbd89e85cd018c84f114ee6dd007237bd1718062a650c7ed1f5cba3,S0000261,56,71,unproductive_cycle,False,False,True,False,False,,16.0
Final500,Final500_T000045,8eade6adbfbd89e85cd018c84f114ee6dd007237bd1718062a650c7ed1f5cba3,S0000262,75,77,unproductive_cycle,False,False,True,False,False,,3.0
Final500,Final500_T000046,f05d493df5fda29cd1eeec4f119bcd74e151d031d89f93307b427d38c9086294,S0000263,30,30,unproductive_cycle,False,False,True,False,False,,1.0
Final500,Final500_T000046,f05d493df5fda29cd1eeec4f119bcd74e151d031d89f93307b427d38c9086294,S0000264,0,2,productive_iteration,False,True,False,False,False,,3.0
Final500,Final500_T000046,f05d493df5fda29cd1eeec4f119bcd74e151d031d89f93307b427d38c9086294,S0000265,5,10,productive_iteration,True,True,False,False,False,,6.0
Final500,Final500_T000046,f05d493df5fda29cd1eeec4f119bcd74e151d031d89f93307b427d38c9086294,S0000266,11,29,productive_iteration,True,True,False,False,False,,1.0
Final500,Final500_T000046,f05d493df5fda29cd1eeec4f119bcd74e151d031d89f93307b427d38c9086294,S0000267,11,29,unproductive_cycle,False,False,True,False,False,,18.0
Final500,Final500_T000047,58f78e164da6db5294146aca2b544dc94b5beef4f528027ef86cc8ccfff6e2ef,S0000268,0,11,productive_iteration,False,True,False,False,False,,12.0
Final500,Final500_T000047,58f78e164da6db5294146aca2b544dc94b5beef4f528027ef86cc8ccfff6e2ef,S0000269,12,35,productive_iteration,True,True,False,False,False,,4.0
Final500,Final500_T000047,58f78e164da6db5294146aca2b544dc94b5beef4f528027ef86cc8ccfff6e2ef,S0000270,12,35,unproductive_cycle,False,False,True,False,False,,20.0
Final500,Final500_T000048,c5c2a941a8d75bd98c8ddc0fbbe84aaae6e89ea7a45a12b4ed7e517a6086517a,S0000271,11,36,productive_iteration,True,True,False,False,False,,5.0
Final500,Final500_T000048,c5c2a941a8d75bd98c8ddc0fbbe84aaae6e89ea7a45a12b4ed7e517a6086517a,S0000272,45,46,unproductive_cycle,False,False,True,False,False,,2.0
Final500,Final500_T000048,c5c2a941a8d75bd98c8ddc0fbbe84aaae6e89ea7a45a12b4ed7e517a6086517a,S0000273,0,10,productive_iteration,True,True,False,False,False,,11.0
Final500,Final500_T000048,c5c2a941a8d75bd98c8ddc0fbbe84aaae6e89ea7a45a12b4ed7e517a6086517a,S0000274,12,17,productive_iteration,True,True,False,False,False,,6.0
Final500,Final500_T000048,c5c2a941a8d75bd98c8ddc0fbbe84aaae6e89ea7a45a12b4ed7e517a6086517a,S0000275,19,27,productive_iteration,False,True,False,False,False,,8.0
Final500,Final500_T000048,c5c2a941a8d75bd98c8ddc0fbbe84aaae6e89ea7a45a12b4ed7e517a6086517a,S0000276,29,30,productive_iteration,False,True,False,False,False,,2.0
Final500,Final500_T000048,c5c2a941a8d75bd98c8ddc0fbbe84aaae6e89ea7a45a12b4ed7e517a6086517a,S0000277,32,34,productive_iteration,True,True,False,False,False,,3.0
Final500,Final500_T000048,c5c2a941a8d75bd98c8ddc0fbbe84aaae6e89ea7a45a12b4ed7e517a6086517a,S0000278,37,44,productive_iteration,True,True,False,False,False,,2.0
Final500,Final500_T000048,c5c2a941a8d75bd98c8ddc0fbbe84aaae6e89ea7a45a12b4ed7e517a6086517a,S0000279,37,44,unproductive_cycle,False,False,True,False,False,,6.0
Final500,Final500_T000049,d61c9b8139d38540fe2d52a9b650704f5d90cb163396ebca57813043778f6d7d,S0000280,0,0,productive_iteration,False,True,False,False,False,,1.0
Final500,Final500_T000049,d61c9b8139d38540fe2d52a9b650704f5d90cb163396ebca57813043778f6d7d,S0000281,17,21,unproductive_cycle,False,False,True,False,False,,4.0
Final500,Final500_T000049,d61c9b8139d38540fe2d52a9b650704f5d90cb163396ebca57813043778f6d7d,S0000282,1,16,productive_iteration,True,True,False,False,False,,16.0
Final500,Final500_T000049,d61c9b8139d38540fe2d52a9b650704f5d90cb163396ebca57813043778f6d7d,S0000283,22,26,productive_iteration,False,True,False,False,False,,4.0
Final500,Final500_T000049,d61c9b8139d38540fe2d52a9b650704f5d90cb163396ebca57813043778f6d7d,S0000284,22,26,unproductive_cycle,False,False,True,False,False,,1.0
Final500,Final500_T000049,d61c9b8139d38540fe2d52a9b650704f5d90cb163396ebca57813043778f6d7d,S0000285,30,33,productive_iteration,False,True,False,False,False,,3.0
Final500,Final500_T000049,d61c9b8139d38540fe2d52a9b650704f5d90cb163396ebca57813043778f6d7d,S0000286,30,33,unproductive_cycle,False,False,True,False,False,,1.0
Final500,Final500_T000049,d61c9b8139d38540fe2d52a9b650704f5d90cb163396ebca57813043778f6d7d,S0000287,27,29,unproductive_cycle,False,False,True,False,False,,3.0
Final500,Final500_T000050,244c68d42d3391af0695dd0aaf2cc035c08fc79d367f45e1f9e36b5fab55f818,S0000288,19,48,productive_iteration,True,True,False,False,False,,3.0
Final500,Final500_T000050,244c68d42d3391af0695dd0aaf2cc035c08fc79d367f45e1f9e36b5fab55f818,S0000289,0,18,productive_iteration,True,True,False,False,False,,19.0
Final500,Final500_T000050,244c68d42d3391af0695dd0aaf2cc035c08fc79d367f45e1f9e36b5fab55f818,S0000290,20,25,productive_iteration,True,True,False,False,False,,6.0
Final500,Final500_T000050,244c68d42d3391af0695dd0aaf2cc035c08fc79d367f45e1f9e36b5fab55f818,S0000291,27,35,productive_iteration,True,True,False,False,False,,7.0
Final500,Final500_T000050,244c68d42d3391af0695dd0aaf2cc035c08fc79d367f45e1f9e36b5fab55f818,S0000292,27,35,unproductive_cycle,False,False,True,False,False,,2.0
Final500,Final500_T000050,244c68d42d3391af0695dd0aaf2cc035c08fc79d367f45e1f9e36b5fab55f818,S0000293,36,47,unproductive_cycle,False,False,True,False,False,,12.0
Final500,Final500_T000051,3a119a6012a2542b18e4fb058bb76bf8472fcba8a60c9b90e3fa4cfb893919f9,S0000294,11,33,productive_iteration,True,True,False,False,False,,2.0
Final500,Final500_T000051,3a119a6012a2542b18e4fb058bb76bf8472fcba8a60c9b90e3fa4cfb893919f9,S0000295,34,42,unproductive_cycle,False,False,True,False,False,,2.0
Final500,Final500_T000051,3a119a6012a2542b18e4fb058bb76bf8472fcba8a60c9b90e3fa4cfb893919f9,S0000296,1,10,productive_iteration,True,True,False,False,False,,10.0
Final500,Final500_T000051,3a119a6012a2542b18e4fb058bb76bf8472fcba8a60c9b90e3fa4cfb893919f9,S0000297,12,27,productive_iteration,True,True,False,False,False,,16.0
Final500,Final500_T000051,3a119a6012a2542b18e4fb058bb76bf8472fcba8a60c9b90e3fa4cfb893919f9,S0000298,29,32,productive_iteration,True,True,False,False,False,,4.0
Final500,Final500_T000051,3a119a6012a2542b18e4fb058bb76bf8472fcba8a60c9b90e3fa4cfb893919f9,S0000299,35,41,productive_iteration,False,True,False,False,False,,3.0
Final500,Final500_T000051,3a119a6012a2542b18e4fb058bb76bf8472fcba8a60c9b90e3fa4cfb893919f9,S0000300,35,41,unproductive_cycle,False,False,True,False,False,,4.0
Final500,Final500_T000051,3a119a6012a2542b18e4fb058bb76bf8472fcba8a60c9b90e3fa4cfb893919f9,S0000301,43,44,productive_iteration,False,True,False,False,False,,2.0
Final500,Final500_T000051,3a119a6012a2542b18e4fb058bb76bf8472fcba8a60c9b90e3fa4cfb893919f9,S0000302,47,52,productive_iteration,False,True,False,False,False,,6.0
Final500,Final500_T000052,6d0a2ffc4394c0e1d290954878ea0545e78b57864b5ec46edbaa450bf650cb2a,S0000303,0,12,productive_iteration,True,True,False,False,False,,11.0
Final500,Final500_T000052,6d0a2ffc4394c0e1d290954878ea0545e78b57864b5ec46edbaa450bf650cb2a,S0000304,40,90,unproductive_cycle,False,False,True,False,False,,15.0
Final500,Final500_T000052,6d0a2ffc4394c0e1d290954878ea0545e78b57864b5ec46edbaa450bf650cb2a,S0000305,10,11,productive_iteration,True,True,False,False,False,,1.0
Final500,Final500_T000052,6d0a2ffc4394c0e1d290954878ea0545e78b57864b5ec46edbaa450bf650cb2a,S0000306,13,15,productive_iteration,True,True,False,False,False,,1.0
Final500,Final500_T000052,6d0a2ffc4394c0e1d290954878ea0545e78b57864b5ec46edbaa450bf650cb2a,S0000307,16,39,productive_iteration,True,True,False,False,False,,20.0
Final500,Final500_T000052,6d0a2ffc4394c0e1d290954878ea0545e78b57864b5ec46edbaa450bf650cb2a,S0000308,16,39,unproductive_cycle,False,False,True,False,False,,4.0
Final500,Final500_T000052,6d0a2ffc4394c0e1d290954878ea0545e78b57864b5ec46edbaa450bf650cb2a,S0000309,48,56,unproductive_cycle,False,False,True,False,False,,9.0
Final500,Final500_T000052,6d0a2ffc4394c0e1d290954878ea0545e78b57864b5ec46edbaa450bf650cb2a,S0000310,60,66,unproductive_cycle,False,False,True,False,False,,7.0
Final500,Final500_T000052,6d0a2ffc4394c0e1d290954878ea0545e78b57864b5ec46edbaa450bf650cb2a,S0000311,68,87,unproductive_cycle,False,False,True,False,False,,20.0
Final500,Final500_T000053,f3dc919883f8f8bde7e691a79114aef8f9e938c75a36e19c943abab4f36515b3,S0000312,0,18,productive_iteration,True,True,False,False,False,,19.0
Final500,Final500_T000053,f3dc919883f8f8bde7e691a79114aef8f9e938c75a36e19c943abab4f36515b3,S0000313,20,21,unproductive_cycle,False,False,True,False,False,,2.0
Final500,Final500_T000053,f3dc919883f8f8bde7e691a79114aef8f9e938c75a36e19c943abab4f36515b3,S0000314,22,129,unproductive_cycle,False,False,True,False,False,,108.0
Final500,Final500_T000054,e27592c8dc84f7e18d9198147854f838672c0f85b69691bc9cefa03175c17cd7,S0000315,0,21,productive_iteration,True,True,False,False,False,,22.0
Final500,Final500_T000054,e27592c8dc84f7e18d9198147854f838672c0f85b69691bc9cefa03175c17cd7,S0000316,24,25,productive_iteration,True,True,False,False,False,,2.0
Final500,Final500_T000054,e27592c8dc84f7e18d9198147854f838672c0f85b69691bc9cefa03175c17cd7,S0000317,26,111,unproductive_cycle,False,False,True,False,False,,86.0
Final500,Final500_T000055,c9587367b4720e3336dfd6693d90f96cdf5ba6960e1821559f5e53c36b5afaa5,S0000318,4,4,productive_iteration,False,True,False,False,False,,1.0
Final500,Final500_T000055,c9587367b4720e3336dfd6693d90f96cdf5ba6960e1821559f5e53c36b5afaa5,S0000319,0,3,productive_iteration,False,True,False,False,False,,4.0
Final500,Final500_T000055,c9587367b4720e3336dfd6693d90f96cdf5ba6960e1821559f5e53c36b5afaa5,S0000320,6,10,productive_iteration,False,True,False,False,False,,5.0
Final500,Final500_T000056,0d9549a48b4d1f4bd7a24c347525649d56f62e7ea892d6dc098de4cfe6a1775d,S0000321,17,24,productive_iteration,True,True,False,False,False,,5.0
Final500,Final500_T000056,0d9549a48b4d1f4bd7a24c347525649d56f62e7ea892d6dc098de4cfe6a1775d,S0000322,0,10,productive_iteration,True,True,False,False,False,,11.0
Final500,Final500_T000056,0d9549a48b4d1f4bd7a24c347525649d56f62e7ea892d6dc098de4cfe6a1775d,S0000323,14,16,productive_iteration,False,True,False,False,False,,3.0
Final500,Final500_T000056,0d9549a48b4d1f4bd7a24c347525649d56f62e7ea892d6dc098de4cfe6a1775d,S0000324,21,22,productive_iteration,False,True,False,False,False,,2.0
Final500,Final500_T000056,0d9549a48b4d1f4bd7a24c347525649d56f62e7ea892d6dc098de4cfe6a1775d,S0000325,11,13,productive_iteration,True,True,False,False,False,,2.0
Final500,Final500_T000056,0d9549a48b4d1f4bd7a24c347525649d56f62e7ea892d6dc098de4cfe6a1775d,S0000326,11,13,unproductive_cycle,False,False,True,False,False,,1.0
Final500,Final500_T000056,0d9549a48b4d1f4bd7a24c347525649d56f62e7ea892d6dc098de4cfe6a1775d,S0000327,25,89,productive_iteration,True,True,False,False,False,,11.0
Final500,Final500_T000056,0d9549a48b4d1f4bd7a24c347525649d56f62e7ea892d6dc098de4cfe6a1775d,S0000328,25,89,unproductive_cycle,False,False,True,False,False,,54.0
Final500,Final500_T000057,ab044e006663cf95e1295972f45397ea56a72d2aada8770f438f650540a4ab0c,S0000329,0,19,productive_iteration,True,True,False,False,False,,17.0
Final500,Final500_T000057,ab044e006663cf95e1295972f45397ea56a72d2aada8770f438f650540a4ab0c,S0000330,0,19,unproductive_cycle,False,False,True,False,False,,3.0
Final500,Final500_T000057,ab044e006663cf95e1295972f45397ea56a72d2aada8770f438f650540a4ab0c,S0000331,24,26,unproductive_cycle,False,False,True,False,False,,3.0
Final500,Final500_T000057,ab044e006663cf95e1295972f45397ea56a72d2aada8770f438f650540a4ab0c,S0000332,32,35,unproductive_cycle,False,False,True,False,False,,4.0
Final500,Final500_T000057,ab044e006663cf95e1295972f45397ea56a72d2aada8770f438f650540a4ab0c,S0000333,39,41,unproductive_cycle,False,False,True,False,False,,3.0
Final500,Final500_T000057,ab044e006663cf95e1295972f45397ea56a72d2aada8770f438f650540a4ab0c,S0000334,49,51,unproductive_cycle,False,False,True,False,False,,3.0
Final500,Final500_T000057,ab044e006663cf95e1295972f45397ea56a72d2aada8770f438f650540a4ab0c,S0000335,56,59,unproductive_cycle,False,False,True,False,False,,4.0
Final500,Final500_T000057,ab044e006663cf95e1295972f45397ea56a72d2aada8770f438f650540a4ab0c,S0000336,64,66,unproductive_cycle,False,False,True,False,False,,3.0
Final500,Final500_T000057,ab044e006663cf95e1295972f45397ea56a72d2aada8770f438f650540a4ab0c,S0000337,80,83,productive_iteration,False,True,False,False,False,,4.0
Final500,Final500_T000057,ab044e006663cf95e1295972f45397ea56a72d2aada8770f438f650540a4ab0c,S0000338,20,23,unproductive_cycle,False,False,True,False,False,,4.0
Final500,Final500_T000057,ab044e006663cf95e1295972f45397ea56a72d2aada8770f438f650540a4ab0c,S0000339,27,31,unproductive_cycle,False,False,True,False,False,,5.0
Final500,Final500_T000057,ab044e006663cf95e1295972f45397ea56a72d2aada8770f438f650540a4ab0c,S0000340,36,38,unproductive_cycle,False,False,True,False,False,,3.0
Final500,Final500_T000057,ab044e006663cf95e1295972f45397ea56a72d2aada8770f438f650540a4ab0c,S0000341,42,48,unproductive_cycle,False,False,True,False,False,,7.0
Final500,Final500_T000057,ab044e006663cf95e1295972f45397ea56a72d2aada8770f438f650540a4ab0c,S0000342,52,55,unproductive_cycle,False,False,True,False,False,,4.0
Final500,Final500_T000057,ab044e006663cf95e1295972f45397ea56a72d2aada8770f438f650540a4ab0c,S0000343,60,63,unproductive_cycle,False,False,True,False,False,,4.0
Final500,Final500_T000057,ab044e006663cf95e1295972f45397ea56a72d2aada8770f438f650540a4ab0c,S0000344,67,79,unproductive_cycle,False,False,True,False,False,,13.0
Final500,Final500_T000058,2a30584ee5d06071757013e1f42bf36ee1ab4656567b5decd91606402673b664,S0000345,0,16,productive_iteration,True,True,False,False,False,,16.0
Final500,Final500_T000059,665e68c826c3a17fbc4860accc4f2fbf51e013387a6d5bedb240bf93606cdfe0,S0000346,22,33,productive_iteration,True,True,False,False,False,,8.0
Final500,Final500_T000059,665e68c826c3a17fbc4860accc4f2fbf51e013387a6d5bedb240bf93606cdfe0,S0000347,56,72,unproductive_cycle,False,False,True,False,False,,2.0
Final500,Final500_T000059,665e68c826c3a17fbc4860accc4f2fbf51e013387a6d5bedb240bf93606cdfe0,S0000348,0,21,productive_iteration,False,True,False,False,False,,22.0
Final500,Final500_T000059,665e68c826c3a17fbc4860accc4f2fbf51e013387a6d5bedb240bf93606cdfe0,S0000349,24,25,productive_iteration,True,True,False,False,False,,2.0
Final500,Final500_T000059,665e68c826c3a17fbc4860accc4f2fbf51e013387a6d5bedb240bf93606cdfe0,S0000350,29,30,productive_iteration,True,True,False,False,False,,2.0
Final500,Final500_T000059,665e68c826c3a17fbc4860accc4f2fbf51e013387a6d5bedb240bf93606cdfe0,S0000351,37,39,unproductive_cycle,False,False,True,False,False,,3.0
Final500,Final500_T000059,665e68c826c3a17fbc4860accc4f2fbf51e013387a6d5bedb240bf93606cdfe0,S0000352,34,36,productive_iteration,True,True,False,False,False,,1.0
Final500,Final500_T000059,665e68c826c3a17fbc4860accc4f2fbf51e013387a6d5bedb240bf93606cdfe0,S0000353,34,36,unproductive_cycle,False,False,True,False,False,,2.0
Final500,Final500_T000059,665e68c826c3a17fbc4860accc4f2fbf51e013387a6d5bedb240bf93606cdfe0,S0000354,40,55,unproductive_cycle,False,False,True,False,False,,16.0
Final500,Final500_T000059,665e68c826c3a17fbc4860accc4f2fbf51e013387a6d5bedb240bf93606cdfe0,S0000355,57,71,unproductive_cycle,False,False,True,False,False,,15.0
Final500,Final500_T000059,665e68c826c3a17fbc4860accc4f2fbf51e013387a6d5bedb240bf93606cdfe0,S0000356,73,77,unproductive_cycle,False,False,True,False,False,,5.0
Final500,Final500_T000060,a8c9aab0a5e5c9597a9b6abb34b5c41dbc417b7be344600f08f02e26860b00bd,S0000357,15,15,productive_iteration,True,True,False,False,False,,1.0
Final500,Final500_T000060,a8c9aab0a5e5c9597a9b6abb34b5c41dbc417b7be344600f08f02e26860b00bd,S0000358,112,114,unproductive_cycle,False,False,True,False,False,,3.0
Final500,Final500_T000060,a8c9aab0a5e5c9597a9b6abb34b5c41dbc417b7be344600f08f02e26860b00bd,S0000359,0,13,productive_iteration,False,True,False,False,False,,14.0
Final500,Final500_T000060,a8c9aab0a5e5c9597a9b6abb34b5c41dbc417b7be344600f08f02e26860b00bd,S0000360,19,20,productive_iteration,True,True,False,False,False,,2.0
Final500,Final500_T000060,a8c9aab0a5e5c9597a9b6abb34b5c41dbc417b7be344600f08f02e26860b00bd,S0000361,16,18,productive_iteration,True,True,False,False,False,,3.0
Final500,Final500_T000060,a8c9aab0a5e5c9597a9b6abb34b5c41dbc417b7be344600f08f02e26860b00bd,S0000362,21,111,productive_iteration,True,True,False,False,False,,2.0
Final500,Final500_T000060,a8c9aab0a5e5c9597a9b6abb34b5c41dbc417b7be344600f08f02e26860b00bd,S0000363,21,111,unproductive_cycle,False,False,True,False,False,,89.0
Final500,Final500_T000061,4f6f3f58f41c8b7582f3c08f93747d1022f3da3714cfee0c666b11df867382e2,S0000364,5,24,productive_iteration,True,True,False,False,False,,9.0
Final500,Final500_T000061,4f6f3f58f41c8b7582f3c08f93747d1022f3da3714cfee0c666b11df867382e2,S0000365,0,4,productive_iteration,False,True,False,False,False,,5.0
Final500,Final500_T000061,4f6f3f58f41c8b7582f3c08f93747d1022f3da3714cfee0c666b11df867382e2,S0000366,8,13,productive_iteration,False,True,False,False,False,,6.0
Final500,Final500_T000061,4f6f3f58f41c8b7582f3c08f93747d1022f3da3714cfee0c666b11df867382e2,S0000367,14,16,unproductive_cycle,False,False,True,False,False,,2.0
Final500,Final500_T000062,2e34ffb6ef565109dec55af654cfdac3725f0ce7a9c1334f1b1c6ce217e7970b,S0000368,6,15,productive_iteration,True,True,False,False,False,,6.0
Final500,Final500_T000062,2e34ffb6ef565109dec55af654cfdac3725f0ce7a9c1334f1b1c6ce217e7970b,S0000369,0,5,productive_iteration,False,True,False,False,False,,6.0
Final500,Final500_T000062,2e34ffb6ef565109dec55af654cfdac3725f0ce7a9c1334f1b1c6ce217e7970b,S0000370,7,10,productive_iteration,True,True,False,False,False,,4.0
Final500,Final500_T000062,2e34ffb6ef565109dec55af654cfdac3725f0ce7a9c1334f1b1c6ce217e7970b,S0000371,16,20,productive_iteration,False,True,False,False,False,,5.0
Final500,Final500_T000063,fb02ad9a2a51bad71c4fb9e04fd068200ff8aa02c6da80f2b202943388dccb97,S0000372,93,93,productive_iteration,True,True,False,False,False,,1.0
Final500,Final500_T000063,fb02ad9a2a51bad71c4fb9e04fd068200ff8aa02c6da80f2b202943388dccb97,S0000373,88,88,unproductive_cycle,False,False,True,False,False,,1.0
Final500,Final500_T000063,fb02ad9a2a51bad71c4fb9e04fd068200ff8aa02c6da80f2b202943388dccb97,S0000374,0,14,productive_iteration,True,True,False,False,False,,15.0
Final500,Final500_T000063,fb02ad9a2a51bad71c4fb9e04fd068200ff8aa02c6da80f2b202943388dccb97,S0000375,24,26,unproductive_cycle,False,False,True,False,False,,3.0
Final500,Final500_T000063,fb02ad9a2a51bad71c4fb9e04fd068200ff8aa02c6da80f2b202943388dccb97,S0000376,32,33,unproductive_cycle,False,False,True,False,False,,2.0
Final500,Final500_T000063,fb02ad9a2a51bad71c4fb9e04fd068200ff8aa02c6da80f2b202943388dccb97,S0000377,56,58,unproductive_cycle,False,False,True,False,False,,3.0
Final500,Final500_T000063,fb02ad9a2a51bad71c4fb9e04fd068200ff8aa02c6da80f2b202943388dccb97,S0000378,64,66,unproductive_cycle,False,False,True,False,False,,3.0
Final500,Final500_T000063,fb02ad9a2a51bad71c4fb9e04fd068200ff8aa02c6da80f2b202943388dccb97,S0000379,15,23,productive_iteration,True,True,False,False,False,,2.0
Final500,Final500_T000063,fb02ad9a2a51bad71c4fb9e04fd068200ff8aa02c6da80f2b202943388dccb97,S0000380,15,23,unproductive_cycle,False,False,True,False,False,,7.0
Final500,Final500_T000063,fb02ad9a2a51bad71c4fb9e04fd068200ff8aa02c6da80f2b202943388dccb97,S0000381,27,31,unproductive_cycle,False,False,True,False,False,,5.0
Final500,Final500_T000063,fb02ad9a2a51bad71c4fb9e04fd068200ff8aa02c6da80f2b202943388dccb97,S0000382,34,55,unproductive_cycle,False,False,True,False,False,,22.0
Final500,Final500_T000063,fb02ad9a2a51bad71c4fb9e04fd068200ff8aa02c6da80f2b202943388dccb97,S0000383,59,63,unproductive_cycle,False,False,True,False,False,,5.0
Final500,Final500_T000063,fb02ad9a2a51bad71c4fb9e04fd068200ff8aa02c6da80f2b202943388dccb97,S0000384,67,87,unproductive_cycle,False,False,True,False,False,,21.0
Final500,Final500_T000063,fb02ad9a2a51bad71c4fb9e04fd068200ff8aa02c6da80f2b202943388dccb97,S0000385,89,92,unproductive_cycle,False,False,True,False,False,,4.0
Final500,Final500_T000064,5da0d521a20a6fea86152443783efd4d6cd03ee45a24201dce73581003e11afd,S0000386,6,6,productive_iteration,False,True,False,False,False,,1.0
Final500,Final500_T000064,5da0d521a20a6fea86152443783efd4d6cd03ee45a24201dce73581003e11afd,S0000387,0,5,productive_iteration,False,True,False,False,False,,4.0
Final500,Final500_T000064,5da0d521a20a6fea86152443783efd4d6cd03ee45a24201dce73581003e11afd,S0000388,7,13,productive_iteration,True,True,False,False,False,,3.0
Final500,Final500_T000065,e87ff3585676d13bf63e2f166c5fad7c56b522f95cbcccf9d59d3c9d2e7dea1d,S0000389,4,6,productive_iteration,True,True,False,False,False,,3.0
Final500,Final500_T000065,e87ff3585676d13bf63e2f166c5fad7c56b522f95cbcccf9d59d3c9d2e7dea1d,S0000390,0,3,productive_iteration,False,True,False,False,False,,4.0
Final500,Final500_T000065,e87ff3585676d13bf63e2f166c5fad7c56b522f95cbcccf9d59d3c9d2e7dea1d,S0000391,8,12,productive_iteration,True,True,False,False,False,,4.0
Final500,Final500_T000066,007edf6da264a3cc03a27067df80f98c79ffb9e727fe8bf91e09192f69fc05ea,S0000392,9,11,productive_iteration,True,True,False,False,False,,3.0
Final500,Final500_T000066,007edf6da264a3cc03a27067df80f98c79ffb9e727fe8bf91e09192f69fc05ea,S0000393,0,8,productive_iteration,False,True,False,False,False,,9.0
Final500,Final500_T000066,007edf6da264a3cc03a27067df80f98c79ffb9e727fe8bf91e09192f69fc05ea,S0000394,12,21,productive_iteration,False,True,False,False,False,,9.0
Final500,Final500_T000067,e564d35b79420e0e97febf78915b08389ae0a2e298ffa90c0fb1c09bd975619d,S0000395,33,33,unproductive_cycle,False,False,True,False,False,,1.0
Final500,Final500_T000067,e564d35b79420e0e97febf78915b08389ae0a2e298ffa90c0fb1c09bd975619d,S0000396,0,15,productive_iteration,True,True,False,False,False,,16.0
Final500,Final500_T000067,e564d35b79420e0e97febf78915b08389ae0a2e298ffa90c0fb1c09bd975619d,S0000397,24,26,unproductive_cycle,False,False,True,False,False,,3.0
Final500,Final500_T000067,e564d35b79420e0e97febf78915b08389ae0a2e298ffa90c0fb1c09bd975619d,S0000398,48,50,unproductive_cycle,False,False,True,False,False,,3.0
Final500,Final500_T000067,e564d35b79420e0e97febf78915b08389ae0a2e298ffa90c0fb1c09bd975619d,S0000399,16,23,productive_iteration,True,True,False,False,False,,3.0
Final500,Final500_T000067,e564d35b79420e0e97febf78915b08389ae0a2e298ffa90c0fb1c09bd975619d,S0000400,16,23,unproductive_cycle,False,False,True,False,False,,5.0
Final500,Final500_T000067,e564d35b79420e0e97febf78915b08389ae0a2e298ffa90c0fb1c09bd975619d,S0000401,27,32,unproductive_cycle,False,False,True,False,False,,6.0
Final500,Final500_T000067,e564d35b79420e0e97febf78915b08389ae0a2e298ffa90c0fb1c09bd975619d,S0000402,34,47,unproductive_cycle,False,False,True,False,False,,14.0
Final500,Final500_T000067,e564d35b79420e0e97febf78915b08389ae0a2e298ffa90c0fb1c09bd975619d,S0000403,51,91,unproductive_cycle,False,False,True,False,False,,41.0
Final500,Final500_T000068,880fed32a0c76efd958693a3e6c87d8fc9b62b2cb0896b328b1aa6a25cd9e5ea,S0000404,18,61,productive_iteration,False,True,False,False,False,,4.0
Final500,Final500_T000068,880fed32a0c76efd958693a3e6c87d8fc9b62b2cb0896b328b1aa6a25cd9e5ea,S0000405,17,80,unproductive_cycle,False,False,True,False,False,,7.0
Final500,Final500_T000068,880fed32a0c76efd958693a3e6c87d8fc9b62b2cb0896b328b1aa6a25cd9e5ea,S0000406,1,13,productive_iteration,True,True,False,False,False,,13.0
Final500,Final500_T000068,880fed32a0c76efd958693a3e6c87d8fc9b62b2cb0896b328b1aa6a25cd9e5ea,S0000407,15,16,productive_iteration,True,True,False,False,False,,2.0
Final500,Final500_T000068,880fed32a0c76efd958693a3e6c87d8fc9b62b2cb0896b328b1aa6a25cd9e5ea,S0000408,19,20,productive_iteration,False,True,False,False,False,,1.0
Final500,Final500_T000068,880fed32a0c76efd958693a3e6c87d8fc9b62b2cb0896b328b1aa6a25cd9e5ea,S0000409,25,26,productive_iteration,False,True,False,False,False,,1.0
Final500,Final500_T000068,880fed32a0c76efd958693a3e6c87d8fc9b62b2cb0896b328b1aa6a25cd9e5ea,S0000410,25,26,unproductive_cycle,False,False,True,False,False,,1.0
Final500,Final500_T000068,880fed32a0c76efd958693a3e6c87d8fc9b62b2cb0896b328b1aa6a25cd9e5ea,S0000411,32,37,productive_iteration,True,True,False,False,False,,6.0
Final500,Final500_T000068,880fed32a0c76efd958693a3e6c87d8fc9b62b2cb0896b328b1aa6a25cd9e5ea,S0000412,39,52,productive_iteration,True,True,False,False,False,,11.0
Final500,Final500_T000068,880fed32a0c76efd958693a3e6c87d8fc9b62b2cb0896b328b1aa6a25cd9e5ea,S0000413,39,52,unproductive_cycle,False,False,True,False,False,,3.0
Final500,Final500_T000068,880fed32a0c76efd958693a3e6c87d8fc9b62b2cb0896b328b1aa6a25cd9e5ea,S0000414,56,59,productive_iteration,False,True,False,False,False,,2.0
Final500,Final500_T000068,880fed32a0c76efd958693a3e6c87d8fc9b62b2cb0896b328b1aa6a25cd9e5ea,S0000415,56,59,unproductive_cycle,False,False,True,False,False,,2.0
Final500,Final500_T000068,880fed32a0c76efd958693a3e6c87d8fc9b62b2cb0896b328b1aa6a25cd9e5ea,S0000416,62,66,unproductive_cycle,False,False,True,False,False,,5.0
Final500,Final500_T000068,880fed32a0c76efd958693a3e6c87d8fc9b62b2cb0896b328b1aa6a25cd9e5ea,S0000417,72,73,productive_iteration,False,True,False,False,False,,2.0
Final500,Final500_T000068,880fed32a0c76efd958693a3e6c87d8fc9b62b2cb0896b328b1aa6a25cd9e5ea,S0000418,75,76,productive_iteration,False,True,False,False,False,,2.0
Final500,Final500_T000068,880fed32a0c76efd958693a3e6c87d8fc9b62b2cb0896b328b1aa6a25cd9e5ea,S0000419,21,24,productive_iteration,False,True,False,False,False,,1.0
Final500,Final500_T000068,880fed32a0c76efd958693a3e6c87d8fc9b62b2cb0896b328b1aa6a25cd9e5ea,S0000420,21,24,unproductive_cycle,False,False,True,False,False,,2.0
Final500,Final500_T000068,880fed32a0c76efd958693a3e6c87d8fc9b62b2cb0896b328b1aa6a25cd9e5ea,S0000421,53,55,productive_iteration,False,True,False,False,False,,1.0
Final500,Final500_T000068,880fed32a0c76efd958693a3e6c87d8fc9b62b2cb0896b328b1aa6a25cd9e5ea,S0000422,53,55,unproductive_cycle,False,False,True,False,False,,2.0
Final500,Final500_T000068,880fed32a0c76efd958693a3e6c87d8fc9b62b2cb0896b328b1aa6a25cd9e5ea,S0000423,67,71,unproductive_cycle,False,False,True,False,False,,5.0
Final500,Final500_T000068,880fed32a0c76efd958693a3e6c87d8fc9b62b2cb0896b328b1aa6a25cd9e5ea,S0000424,77,79,unproductive_cycle,False,False,True,False,False,,3.0
Final500,Final500_T000069,e3f0816ad114bfb3c7552e701db9b4a3e9449e230c311a35c81e160c8080e864,S0000425,23,23,productive_iteration,False,True,False,False,False,,1.0
Final500,Final500_T000069,e3f0816ad114bfb3c7552e701db9b4a3e9449e230c311a35c81e160c8080e864,S0000426,12,15,productive_iteration,False,True,False,False,False,,3.0
Final500,Final500_T000069,e3f0816ad114bfb3c7552e701db9b4a3e9449e230c311a35c81e160c8080e864,S0000427,0,11,productive_iteration,True,True,False,False,False,,12.0
Final500,Final500_T000069,e3f0816ad114bfb3c7552e701db9b4a3e9449e230c311a35c81e160c8080e864,S0000428,16,22,productive_iteration,True,True,False,False,False,,3.0
Final500,Final500_T000069,e3f0816ad114bfb3c7552e701db9b4a3e9449e230c311a35c81e160c8080e864,S0000429,16,22,unproductive_cycle,False,False,True,False,False,,4.0
Final500,Final500_T000069,e3f0816ad114bfb3c7552e701db9b4a3e9449e230c311a35c81e160c8080e864,S0000430,24,89,productive_iteration,False,True,False,False,False,,18.0
Final500,Final500_T000069,e3f0816ad114bfb3c7552e701db9b4a3e9449e230c311a35c81e160c8080e864,S0000431,24,89,unproductive_cycle,False,False,True,False,False,,48.0
Final500,Final500_T000070,9366e76c8d124152d2023d68e01a8f5728afb67d56fd71b50aa5d3a5b21d2c0f,S0000432,0,8,productive_iteration,False,True,False,False,False,,9.0
Final500,Final500_T000070,9366e76c8d124152d2023d68e01a8f5728afb67d56fd71b50aa5d3a5b21d2c0f,S0000433,11,17,productive_iteration,True,True,False,False,False,,7.0
Final500,Final500_T000070,9366e76c8d124152d2023d68e01a8f5728afb67d56fd71b50aa5d3a5b21d2c0f,S0000434,32,34,unproductive_cycle,False,False,True,False,False,,3.0
Final500,Final500_T000070,9366e76c8d124152d2023d68e01a8f5728afb67d56fd71b50aa5d3a5b21d2c0f,S0000435,18,31,productive_iteration,True,True,False,False,False,,5.0
Final500,Final500_T000070,9366e76c8d124152d2023d68e01a8f5728afb67d56fd71b50aa5d3a5b21d2c0f,S0000436,18,31,unproductive_cycle,False,False,True,False,False,,9.0
Final500,Final500_T000070,9366e76c8d124152d2023d68e01a8f5728afb67d56fd71b50aa5d3a5b21d2c0f,S0000437,35,100,unproductive_cycle,False,False,True,False,False,,66.0
Final500,Final500_T000071,eebe8116151c809ed14ce91dab61044250440438197dd67987a13cb9b0d6ff51,S0000438,0,9,productive_iteration,False,True,False,False,False,,7.0
Final500,Final500_T000072,ac347591b3f7029639ccfb038703048d927b30977cd975153c60a0c33f5f923f,S0000439,23,23,productive_iteration,False,True,False,False,False,,1.0
Final500,Final500_T000072,ac347591b3f7029639ccfb038703048d927b30977cd975153c60a0c33f5f923f,S0000440,0,15,productive_iteration,True,True,False,False,False,,16.0
Final500,Final500_T000072,ac347591b3f7029639ccfb038703048d927b30977cd975153c60a0c33f5f923f,S0000441,20,21,productive_iteration,False,True,False,False,False,,2.0
Final500,Final500_T000072,ac347591b3f7029639ccfb038703048d927b30977cd975153c60a0c33f5f923f,S0000442,16,19,productive_iteration,True,True,False,False,False,,2.0
Final500,Final500_T000072,ac347591b3f7029639ccfb038703048d927b30977cd975153c60a0c33f5f923f,S0000443,16,19,unproductive_cycle,False,False,True,False,False,,2.0
Final500,Final500_T000072,ac347591b3f7029639ccfb038703048d927b30977cd975153c60a0c33f5f923f,S0000444,24,123,unproductive_cycle,False,False,True,False,False,,100.0
Final500,Final500_T000073,a173868f097570409de8a9a73a61d57ca69fec49372532334b0d6c009301139e,S0000445,4,4,productive_iteration,True,True,False,False,False,,1.0
Final500,Final500_T000073,a173868f097570409de8a9a73a61d57ca69fec49372532334b0d6c009301139e,S0000446,11,11,unproductive_cycle,False,False,True,False,False,,1.0
Final500,Final500_T000073,a173868f097570409de8a9a73a61d57ca69fec49372532334b0d6c009301139e,S0000447,0,3,productive_iteration,False,True,False,False,False,,4.0
Final500,Final500_T000073,a173868f097570409de8a9a73a61d57ca69fec49372532334b0d6c009301139e,S0000448,5,10,productive_iteration,True,True,False,False,False,,6.0
Final500,Final500_T000073,a173868f097570409de8a9a73a61d57ca69fec49372532334b0d6c009301139e,S0000449,12,15,productive_iteration,False,True,False,False,False,,2.0
Final500,Final500_T000073,a173868f097570409de8a9a73a61d57ca69fec49372532334b0d6c009301139e,S0000450,12,15,unproductive_cycle,False,False,True,False,False,,2.0
Final500,Final500_T000073,a173868f097570409de8a9a73a61d57ca69fec49372532334b0d6c009301139e,S0000451,16,76,unproductive_cycle,False,False,True,False,False,,61.0
Final500,Final500_T000074,da75c3e24b2b8bf8de8d1f09888993a9e311e9f685b1406710179a85c4a0de79,S0000452,2,8,productive_iteration,True,True,False,False,False,,4.0
Final500,Final500_T000074,da75c3e24b2b8bf8de8d1f09888993a9e311e9f685b1406710179a85c4a0de79,S0000453,0,1,productive_iteration,False,True,False,False,False,,2.0
Final500,Final500_T000074,da75c3e24b2b8bf8de8d1f09888993a9e311e9f685b1406710179a85c4a0de79,S0000454,3,5,productive_iteration,False,True,False,False,False,,3.0
Final500,Final500_T000074,da75c3e24b2b8bf8de8d1f09888993a9e311e9f685b1406710179a85c4a0de79,S0000455,9,16,productive_iteration,False,True,False,False,False,,8.0
Final500,Final500_T000075,bddb2c0046950471221aebb2203baf2ca3c01459fa1a31cd06d8b1b11eaebed1,S0000456,0,135,unproductive_cycle,False,False,True,False,False,,3.0
Final500,Final500_T000075,bddb2c0046950471221aebb2203baf2ca3c01459fa1a31cd06d8b1b11eaebed1,S0000457,90,91,unproductive_cycle,False,False,True,False,False,,2.0
Final500,Final500_T000075,bddb2c0046950471221aebb2203baf2ca3c01459fa1a31cd06d8b1b11eaebed1,S0000458,93,97,unproductive_cycle,False,False,True,False,False,,5.0
Final500,Final500_T000075,bddb2c0046950471221aebb2203baf2ca3c01459fa1a31cd06d8b1b11eaebed1,S0000459,1,89,unproductive_cycle,False,False,True,False,False,,89.0
Final500,Final500_T000075,bddb2c0046950471221aebb2203baf2ca3c01459fa1a31cd06d8b1b11eaebed1,S0000460,98,134,unproductive_cycle,False,False,True,False,False,,37.0
Final500,Final500_T000075,bddb2c0046950471221aebb2203baf2ca3c01459fa1a31cd06d8b1b11eaebed1,S0000461,136,161,unproductive_cycle,False,False,True,False,False,,26.0
Final500,Final500_T000076,d3e1a6e71607fd23228a7f53b41e6b8809d1025f4f940e6d9bcd1cdf6288809d,S0000462,6,6,productive_iteration,False,True,False,False,False,,1.0
Final500,Final500_T000076,d3e1a6e71607fd23228a7f53b41e6b8809d1025f4f940e6d9bcd1cdf6288809d,S0000463,13,71,unproductive_cycle,False,False,True,False,False,,9.0
Final500,Final500_T000076,d3e1a6e71607fd23228a7f53b41e6b8809d1025f4f940e6d9bcd1cdf6288809d,S0000464,2,5,productive_iteration,False,True,False,False,False,,4.0
Final500,Final500_T000076,d3e1a6e71607fd23228a7f53b41e6b8809d1025f4f940e6d9bcd1cdf6288809d,S0000465,8,11,productive_iteration,True,True,False,False,False,,4.0
Final500,Final500_T000076,d3e1a6e71607fd23228a7f53b41e6b8809d1025f4f940e6d9bcd1cdf6288809d,S0000466,14,16,productive_iteration,False,True,False,False,False,,3.0
Final500,Final500_T000076,d3e1a6e71607fd23228a7f53b41e6b8809d1025f4f940e6d9bcd1cdf6288809d,S0000467,18,22,productive_iteration,True,True,False,False,False,,5.0
Final500,Final500_T000076,d3e1a6e71607fd23228a7f53b41e6b8809d1025f4f940e6d9bcd1cdf6288809d,S0000468,36,38,productive_iteration,True,True,False,False,False,,3.0
Final500,Final500_T000076,d3e1a6e71607fd23228a7f53b41e6b8809d1025f4f940e6d9bcd1cdf6288809d,S0000469,42,49,productive_iteration,True,True,False,False,False,,4.0
Final500,Final500_T000076,d3e1a6e71607fd23228a7f53b41e6b8809d1025f4f940e6d9bcd1cdf6288809d,S0000470,42,49,unproductive_cycle,False,False,True,False,False,,3.0
Final500,Final500_T000076,d3e1a6e71607fd23228a7f53b41e6b8809d1025f4f940e6d9bcd1cdf6288809d,S0000471,51,52,productive_iteration,False,True,False,False,False,,2.0
Final500,Final500_T000076,d3e1a6e71607fd23228a7f53b41e6b8809d1025f4f940e6d9bcd1cdf6288809d,S0000472,58,59,productive_iteration,False,True,False,False,False,,2.0
Final500,Final500_T000076,d3e1a6e71607fd23228a7f53b41e6b8809d1025f4f940e6d9bcd1cdf6288809d,S0000473,65,67,productive_iteration,False,True,False,False,False,,3.0
Final500,Final500_T000076,d3e1a6e71607fd23228a7f53b41e6b8809d1025f4f940e6d9bcd1cdf6288809d,S0000474,72,74,productive_iteration,False,True,False,False,False,,2.0
Final500,Final500_T000076,d3e1a6e71607fd23228a7f53b41e6b8809d1025f4f940e6d9bcd1cdf6288809d,S0000475,72,74,unproductive_cycle,False,False,True,False,False,,1.0
Final500,Final500_T000076,d3e1a6e71607fd23228a7f53b41e6b8809d1025f4f940e6d9bcd1cdf6288809d,S0000476,25,29,productive_iteration,True,True,False,False,False,,2.0
Final500,Final500_T000076,d3e1a6e71607fd23228a7f53b41e6b8809d1025f4f940e6d9bcd1cdf6288809d,S0000477,25,29,unproductive_cycle,False,False,True,False,False,,2.0
Final500,Final500_T000076,d3e1a6e71607fd23228a7f53b41e6b8809d1025f4f940e6d9bcd1cdf6288809d,S0000478,31,33,unproductive_cycle,False,False,True,False,False,,3.0
Final500,Final500_T000076,d3e1a6e71607fd23228a7f53b41e6b8809d1025f4f940e6d9bcd1cdf6288809d,S0000479,39,41,unproductive_cycle,False,False,True,False,False,,3.0
Final500,Final500_T000076,d3e1a6e71607fd23228a7f53b41e6b8809d1025f4f940e6d9bcd1cdf6288809d,S0000480,53,55,unproductive_cycle,False,False,True,False,False,,3.0
Final500,Final500_T000076,d3e1a6e71607fd23228a7f53b41e6b8809d1025f4f940e6d9bcd1cdf6288809d,S0000481,60,62,unproductive_cycle,False,False,True,False,False,,3.0
Final500,Final500_T000076,d3e1a6e71607fd23228a7f53b41e6b8809d1025f4f940e6d9bcd1cdf6288809d,S0000482,75,78,unproductive_cycle,False,False,True,False,False,,4.0
Final500,Final500_T000077,7a4b5abc0ffdaa23b0d315f2618cf6d6fef83b0417ab305b4e5299a60a38ad50,S0000483,15,123,unproductive_cycle,False,False,True,False,False,,24.0
Final500,Final500_T000077,7a4b5abc0ffdaa23b0d315f2618cf6d6fef83b0417ab305b4e5299a60a38ad50,S0000484,0,8,productive_iteration,True,True,False,False,False,,9.0
Final500,Final500_T000077,7a4b5abc0ffdaa23b0d315f2618cf6d6fef83b0417ab305b4e5299a60a38ad50,S0000485,34,35,unproductive_cycle,False,False,True,False,False,,2.0
Final500,Final500_T000077,7a4b5abc0ffdaa23b0d315f2618cf6d6fef83b0417ab305b4e5299a60a38ad50,S0000486,39,40,unproductive_cycle,False,False,True,False,False,,2.0
Final500,Final500_T000077,7a4b5abc0ffdaa23b0d315f2618cf6d6fef83b0417ab305b4e5299a60a38ad50,S0000487,58,59,unproductive_cycle,False,False,True,False,False,,2.0
Final500,Final500_T000077,7a4b5abc0ffdaa23b0d315f2618cf6d6fef83b0417ab305b4e5299a60a38ad50,S0000488,66,71,unproductive_cycle,False,False,True,False,False,,6.0
Final500,Final500_T000077,7a4b5abc0ffdaa23b0d315f2618cf6d6fef83b0417ab305b4e5299a60a38ad50,S0000489,80,85,productive_iteration,False,True,False,False,False,,2.0
Final500,Final500_T000077,7a4b5abc0ffdaa23b0d315f2618cf6d6fef83b0417ab305b4e5299a60a38ad50,S0000490,80,85,unproductive_cycle,False,False,True,False,False,,4.0
Final500,Final500_T000077,7a4b5abc0ffdaa23b0d315f2618cf6d6fef83b0417ab305b4e5299a60a38ad50,S0000491,88,91,unproductive_cycle,False,False,True,False,False,,4.0
Final500,Final500_T000077,7a4b5abc0ffdaa23b0d315f2618cf6d6fef83b0417ab305b4e5299a60a38ad50,S0000492,93,96,unproductive_cycle,False,False,True,False,False,,4.0
Final500,Final500_T000077,7a4b5abc0ffdaa23b0d315f2618cf6d6fef83b0417ab305b4e5299a60a38ad50,S0000493,100,101,unproductive_cycle,False,False,True,False,False,,2.0
Final500,Final500_T000077,7a4b5abc0ffdaa23b0d315f2618cf6d6fef83b0417ab305b4e5299a60a38ad50,S0000494,9,14,productive_iteration,True,True,False,False,False,,3.0
Final500,Final500_T000077,7a4b5abc0ffdaa23b0d315f2618cf6d6fef83b0417ab305b4e5299a60a38ad50,S0000495,9,14,unproductive_cycle,False,False,True,False,False,,2.0
Final500,Final500_T000077,7a4b5abc0ffdaa23b0d315f2618cf6d6fef83b0417ab305b4e5299a60a38ad50,S0000496,16,19,unproductive_cycle,False,False,True,False,False,,4.0
Final500,Final500_T000077,7a4b5abc0ffdaa23b0d315f2618cf6d6fef83b0417ab305b4e5299a60a38ad50,S0000497,21,24,unproductive_cycle,False,False,True,False,False,,4.0
Final500,Final500_T000077,7a4b5abc0ffdaa23b0d315f2618cf6d6fef83b0417ab305b4e5299a60a38ad50,S0000498,26,29,unproductive_cycle,False,False,True,False,False,,4.0
Final500,Final500_T000077,7a4b5abc0ffdaa23b0d315f2618cf6d6fef83b0417ab305b4e5299a60a38ad50,S0000499,31,33,unproductive_cycle,False,False,True,False,False,,3.0
Final500,Final500_T000077,7a4b5abc0ffdaa23b0d315f2618cf6d6fef83b0417ab305b4e5299a60a38ad50,S0000500,36,38,unproductive_cycle,False,False,True,False,False,,3.0
Final500,Final500_T000077,7a4b5abc0ffdaa23b0d315f2618cf6d6fef83b0417ab305b4e5299a60a38ad50,S0000501,42,44,unproductive_cycle,False,False,True,False,False,,3.0
Final500,Final500_T000077,7a4b5abc0ffdaa23b0d315f2618cf6d6fef83b0417ab305b4e5299a60a38ad50,S0000502,48,55,unproductive_cycle,False,False,True,False,False,,8.0
Final500,Final500_T000077,7a4b5abc0ffdaa23b0d315f2618cf6d6fef83b0417ab305b4e5299a60a38ad50,S0000503,62,65,unproductive_cycle,False,False,True,False,False,,4.0
Final500,Final500_T000077,7a4b5abc0ffdaa23b0d315f2618cf6d6fef83b0417ab305b4e5299a60a38ad50,S0000504,73,75,unproductive_cycle,False,False,True,False,False,,3.0
Final500,Final500_T000077,7a4b5abc0ffdaa23b0d315f2618cf6d6fef83b0417ab305b4e5299a60a38ad50,S0000505,97,99,unproductive_cycle,False,False,True,False,False,,3.0
Final500,Final500_T000077,7a4b5abc0ffdaa23b0d315f2618cf6d6fef83b0417ab305b4e5299a60a38ad50,S0000506,102,105,unproductive_cycle,False,False,True,False,False,,4.0
Final500,Final500_T000077,7a4b5abc0ffdaa23b0d315f2618cf6d6fef83b0417ab305b4e5299a60a38ad50,S0000507,107,110,unproductive_cycle,False,False,True,False,False,,4.0
Final500,Final500_T000077,7a4b5abc0ffdaa23b0d315f2618cf6d6fef83b0417ab305b4e5299a60a38ad50,S0000508,112,117,unproductive_cycle,False,False,True,False,False,,6.0
Final500,Final500_T000077,7a4b5abc0ffdaa23b0d315f2618cf6d6fef83b0417ab305b4e5299a60a38ad50,S0000509,119,122,unproductive_cycle,False,False,True,False,False,,4.0
Final500,Final500_T000078,e38222b786ea9b79a6a04cb00bb2fe173b547cd5d8557344fdf0dced88595ec7,S0000510,11,12,productive_iteration,False,True,False,False,False,,2.0
Final500,Final500_T000078,e38222b786ea9b79a6a04cb00bb2fe173b547cd5d8557344fdf0dced88595ec7,S0000511,0,10,productive_iteration,True,True,False,False,False,,11.0
Final500,Final500_T000078,e38222b786ea9b79a6a04cb00bb2fe173b547cd5d8557344fdf0dced88595ec7,S0000512,13,14,productive_iteration,False,True,False,False,False,,2.0
Final500,Final500_T000078,e38222b786ea9b79a6a04cb00bb2fe173b547cd5d8557344fdf0dced88595ec7,S0000513,24,30,productive_iteration,True,True,False,False,False,,6.0
Final500,Final500_T000078,e38222b786ea9b79a6a04cb00bb2fe173b547cd5d8557344fdf0dced88595ec7,S0000514,24,30,unproductive_cycle,False,False,True,False,False,,1.0
Final500,Final500_T000078,e38222b786ea9b79a6a04cb00bb2fe173b547cd5d8557344fdf0dced88595ec7,S0000515,40,41,productive_iteration,False,True,False,False,False,,2.0
Final500,Final500_T000078,e38222b786ea9b79a6a04cb00bb2fe173b547cd5d8557344fdf0dced88595ec7,S0000516,15,23,productive_iteration,True,True,False,False,False,,9.0
Final500,Final500_T000078,e38222b786ea9b79a6a04cb00bb2fe173b547cd5d8557344fdf0dced88595ec7,S0000517,31,39,productive_iteration,True,True,False,False,False,,6.0
Final500,Final500_T000078,e38222b786ea9b79a6a04cb00bb2fe173b547cd5d8557344fdf0dced88595ec7,S0000518,31,39,unproductive_cycle,False,False,True,False,False,,3.0
Final500,Final500_T000078,e38222b786ea9b79a6a04cb00bb2fe173b547cd5d8557344fdf0dced88595ec7,S0000519,42,83,productive_iteration,True,True,False,False,False,,1.0
Final500,Final500_T000078,e38222b786ea9b79a6a04cb00bb2fe173b547cd5d8557344fdf0dced88595ec7,S0000520,42,83,unproductive_cycle,False,False,True,False,False,,41.0
Final500,Final500_T000079,a9b849ffe0bbd459657b7948bc453298ff63cde9bd195aa685f16293233fbb76,S0000521,9,25,productive_iteration,True,True,False,False,False,,13.0
Final500,Final500_T000079,a9b849ffe0bbd459657b7948bc453298ff63cde9bd195aa685f16293233fbb76,S0000522,26,123,unproductive_cycle,False,False,True,False,False,,88.0
Final500,Final500_T000079,a9b849ffe0bbd459657b7948bc453298ff63cde9bd195aa685f16293233fbb76,S0000523,0,6,productive_iteration,False,True,False,False,False,,5.0
Final500,Final500_T000079,a9b849ffe0bbd459657b7948bc453298ff63cde9bd195aa685f16293233fbb76,S0000524,10,13,productive_iteration,False,True,False,False,False,,1.0
Final500,Final500_T000079,a9b849ffe0bbd459657b7948bc453298ff63cde9bd195aa685f16293233fbb76,S0000525,88,90,productive_iteration,False,True,False,False,False,,1.0
Final500,Final500_T000079,a9b849ffe0bbd459657b7948bc453298ff63cde9bd195aa685f16293233fbb76,S0000526,88,90,unproductive_cycle,False,False,True,False,False,,2.0
Final500,Final500_T000079,a9b849ffe0bbd459657b7948bc453298ff63cde9bd195aa685f16293233fbb76,S0000527,55,57,unproductive_cycle,False,False,True,False,False,,3.0
Final500,Final500_T000079,a9b849ffe0bbd459657b7948bc453298ff63cde9bd195aa685f16293233fbb76,S0000528,95,97,unproductive_cycle,False,False,True,False,False,,3.0
Final500,Final500_T000080,0ceb0f8b5934e2e695bb0eaf70350724fc9e34e2f627ab9c27731f023bf3362a,S0000529,0,11,productive_iteration,True,True,False,False,False,,11.0
Final500,Final500_T000080,0ceb0f8b5934e2e695bb0eaf70350724fc9e34e2f627ab9c27731f023bf3362a,S0000530,13,15,productive_iteration,False,True,False,False,False,,3.0
Final500,Final500_T000080,0ceb0f8b5934e2e695bb0eaf70350724fc9e34e2f627ab9c27731f023bf3362a,S0000531,17,18,productive_iteration,False,True,False,False,False,,2.0
Final500,Final500_T000080,0ceb0f8b5934e2e695bb0eaf70350724fc9e34e2f627ab9c27731f023bf3362a,S0000532,20,22,productive_iteration,True,True,False,False,False,,3.0
Final500,Final500_T000080,0ceb0f8b5934e2e695bb0eaf70350724fc9e34e2f627ab9c27731f023bf3362a,S0000533,24,28,productive_iteration,False,True,False,False,False,,5.0
Final500,Final500_T000080,0ceb0f8b5934e2e695bb0eaf70350724fc9e34e2f627ab9c27731f023bf3362a,S0000534,32,36,productive_iteration,True,True,False,False,False,,3.0
Final500,Final500_T000080,0ceb0f8b5934e2e695bb0eaf70350724fc9e34e2f627ab9c27731f023bf3362a,S0000535,32,36,unproductive_cycle,False,False,True,False,False,,2.0
Final500,Final500_T000080,0ceb0f8b5934e2e695bb0eaf70350724fc9e34e2f627ab9c27731f023bf3362a,S0000536,29,31,unproductive_cycle,False,False,True,False,False,,3.0
Final500,Final500_T000081,07c5cc585d11db4ef2c82b00e377f276d8b016b4cf2fe5a592030de46f2adf02,S0000537,0,7,productive_iteration,False,True,False,False,False,,8.0
Final500,Final500_T000081,07c5cc585d11db4ef2c82b00e377f276d8b016b4cf2fe5a592030de46f2adf02,S0000538,8,117,unproductive_cycle,False,False,True,False,False,,110.0
Final500,Final500_T000082,bec2cfdfd70c812b37a8ac75d5229c996c03c22055efb14195bd8b3fc117a474,S0000539,0,11,productive_iteration,False,True,False,False,False,,10.0
Final500,Final500_T000082,bec2cfdfd70c812b37a8ac75d5229c996c03c22055efb14195bd8b3fc117a474,S0000540,12,116,unproductive_cycle,False,False,True,False,False,,105.0
Final500,Final500_T000083,75bf7e6aa34c0fe01646475e7a6c0493140284e6266450ea47f104f30ef0b402,S0000541,7,43,productive_iteration,True,True,False,False,False,,6.0
Final500,Final500_T000083,75bf7e6aa34c0fe01646475e7a6c0493140284e6266450ea47f104f30ef0b402,S0000542,57,95,unproductive_cycle,False,False,True,False,False,,8.0
Final500,Final500_T000083,75bf7e6aa34c0fe01646475e7a6c0493140284e6266450ea47f104f30ef0b402,S0000543,0,6,productive_iteration,False,True,False,False,False,,7.0
Final500,Final500_T000083,75bf7e6aa34c0fe01646475e7a6c0493140284e6266450ea47f104f30ef0b402,S0000544,8,9,productive_iteration,False,True,False,False,False,,2.0
Final500,Final500_T000083,75bf7e6aa34c0fe01646475e7a6c0493140284e6266450ea47f104f30ef0b402,S0000545,12,16,productive_iteration,False,True,False,False,False,,5.0
Final500,Final500_T000083,75bf7e6aa34c0fe01646475e7a6c0493140284e6266450ea47f104f30ef0b402,S0000546,18,21,productive_iteration,True,True,False,False,False,,4.0
Final500,Final500_T000083,75bf7e6aa34c0fe01646475e7a6c0493140284e6266450ea47f104f30ef0b402,S0000547,24,38,productive_iteration,True,True,False,False,False,,13.0
Final500,Final500_T000083,75bf7e6aa34c0fe01646475e7a6c0493140284e6266450ea47f104f30ef0b402,S0000548,66,71,unproductive_cycle,False,False,True,False,False,,6.0
Final500,Final500_T000083,75bf7e6aa34c0fe01646475e7a6c0493140284e6266450ea47f104f30ef0b402,S0000549,80,88,productive_iteration,False,True,False,False,False,,2.0
Final500,Final500_T000083,75bf7e6aa34c0fe01646475e7a6c0493140284e6266450ea47f104f30ef0b402,S0000550,80,88,unproductive_cycle,False,False,True,False,False,,7.0
Final500,Final500_T000083,75bf7e6aa34c0fe01646475e7a6c0493140284e6266450ea47f104f30ef0b402,S0000551,44,56,unproductive_cycle,False,False,True,False,False,,13.0
Final500,Final500_T000083,75bf7e6aa34c0fe01646475e7a6c0493140284e6266450ea47f104f30ef0b402,S0000552,58,65,unproductive_cycle,False,False,True,False,False,,8.0
Final500,Final500_T000083,75bf7e6aa34c0fe01646475e7a6c0493140284e6266450ea47f104f30ef0b402,S0000553,72,79,unproductive_cycle,False,False,True,False,False,,8.0
Final500,Final500_T000084,7ea56f8585d60605f76ef8b895ab02cd0489b6cd7612ba9d527dfc33ac41e908,S0000554,15,17,productive_iteration,True,True,False,False,False,,3.0
Final500,Final500_T000084,7ea56f8585d60605f76ef8b895ab02cd0489b6cd7612ba9d527dfc33ac41e908,S0000555,10,196,unproductive_cycle,False,False,True,False,False,,5.0
Final500,Final500_T000084,7ea56f8585d60605f76ef8b895ab02cd0489b6cd7612ba9d527dfc33ac41e908,S0000556,0,9,productive_iteration,False,True,False,False,False,,8.0
Final500,Final500_T000084,7ea56f8585d60605f76ef8b895ab02cd0489b6cd7612ba9d527dfc33ac41e908,S0000557,11,12,productive_iteration,False,True,False,False,False,,2.0
Final500,Final500_T000084,7ea56f8585d60605f76ef8b895ab02cd0489b6cd7612ba9d527dfc33ac41e908,S0000558,24,25,productive_iteration,True,True,False,False,False,,2.0
Final500,Final500_T000084,7ea56f8585d60605f76ef8b895ab02cd0489b6cd7612ba9d527dfc33ac41e908,S0000559,27,28,productive_iteration,True,True,False,False,False,,2.0
Final500,Final500_T000084,7ea56f8585d60605f76ef8b895ab02cd0489b6cd7612ba9d527dfc33ac41e908,S0000560,18,23,productive_iteration,True,True,False,False,False,,1.0
Final500,Final500_T000084,7ea56f8585d60605f76ef8b895ab02cd0489b6cd7612ba9d527dfc33ac41e908,S0000561,18,23,unproductive_cycle,False,False,True,False,False,,5.0
Final500,Final500_T000084,7ea56f8585d60605f76ef8b895ab02cd0489b6cd7612ba9d527dfc33ac41e908,S0000562,29,195,unproductive_cycle,False,False,True,False,False,,167.0
Final500,Final500_T000085,3ffd997e2ad65a679bef4a95acdbb8195d87aa9482d4af3da413480fcf587378,S0000563,0,7,productive_iteration,True,True,False,False,False,,8.0
Final500,Final500_T000085,3ffd997e2ad65a679bef4a95acdbb8195d87aa9482d4af3da413480fcf587378,S0000564,8,140,unproductive_cycle,False,False,True,False,False,,133.0
Final500,Final500_T000086,1b8119f1c2e4fb6241a796258191662cd7fa2dbe490dfad7f85b3224cf6cb3c2,S0000565,0,20,productive_iteration,False,True,False,False,False,,21.0
Final500,Final500_T000087,2e8acc58c0867969ade75d9e8b74f598cc055c422b4d0c0032facaa1ea18455d,S0000566,45,46,unproductive_cycle,False,False,True,False,False,,2.0
Final500,Final500_T000087,2e8acc58c0867969ade75d9e8b74f598cc055c422b4d0c0032facaa1ea18455d,S0000567,0,26,productive_iteration,True,True,False,False,False,,27.0
Final500,Final500_T000087,2e8acc58c0867969ade75d9e8b74f598cc055c422b4d0c0032facaa1ea18455d,S0000568,28,33,productive_iteration,True,True,False,False,False,,6.0
Final500,Final500_T000087,2e8acc58c0867969ade75d9e8b74f598cc055c422b4d0c0032facaa1ea18455d,S0000569,36,44,productive_iteration,True,True,False,False,False,,6.0
Final500,Final500_T000087,2e8acc58c0867969ade75d9e8b74f598cc055c422b4d0c0032facaa1ea18455d,S0000570,36,44,unproductive_cycle,False,False,True,False,False,,1.0
Final500,Final500_T000087,2e8acc58c0867969ade75d9e8b74f598cc055c422b4d0c0032facaa1ea18455d,S0000571,47,86,productive_iteration,True,True,False,False,False,,2.0
Final500,Final500_T000087,2e8acc58c0867969ade75d9e8b74f598cc055c422b4d0c0032facaa1ea18455d,S0000572,47,86,unproductive_cycle,False,False,True,False,False,,38.0
Final500,Final500_T000088,2232021d8fed4cba39be4c0c31529761c8268785de1648b7dfdaddf0b2f28943,S0000573,40,48,productive_iteration,True,True,False,False,False,,2.0
Final500,Final500_T000088,2232021d8fed4cba39be4c0c31529761c8268785de1648b7dfdaddf0b2f28943,S0000574,19,89,unproductive_cycle,False,False,True,False,False,,8.0
Final500,Final500_T000088,2232021d8fed4cba39be4c0c31529761c8268785de1648b7dfdaddf0b2f28943,S0000575,0,18,productive_iteration,True,True,False,False,False,,17.0
Final500,Final500_T000088,2232021d8fed4cba39be4c0c31529761c8268785de1648b7dfdaddf0b2f28943,S0000576,28,30,productive_iteration,False,True,False,False,False,,3.0
Final500,Final500_T000088,2232021d8fed4cba39be4c0c31529761c8268785de1648b7dfdaddf0b2f28943,S0000577,41,42,productive_iteration,True,True,False,False,False,,2.0
Final500,Final500_T000088,2232021d8fed4cba39be4c0c31529761c8268785de1648b7dfdaddf0b2f28943,S0000578,51,53,productive_iteration,False,True,False,False,False,,3.0
Final500,Final500_T000088,2232021d8fed4cba39be4c0c31529761c8268785de1648b7dfdaddf0b2f28943,S0000579,55,58,productive_iteration,False,True,False,False,False,,1.0
Final500,Final500_T000088,2232021d8fed4cba39be4c0c31529761c8268785de1648b7dfdaddf0b2f28943,S0000580,55,58,unproductive_cycle,False,False,True,False,False,,3.0
Final500,Final500_T000088,2232021d8fed4cba39be4c0c31529761c8268785de1648b7dfdaddf0b2f28943,S0000581,66,77,productive_iteration,False,True,False,False,False,,4.0
Final500,Final500_T000088,2232021d8fed4cba39be4c0c31529761c8268785de1648b7dfdaddf0b2f28943,S0000582,66,77,unproductive_cycle,False,False,True,False,False,,8.0
Final500,Final500_T000088,2232021d8fed4cba39be4c0c31529761c8268785de1648b7dfdaddf0b2f28943,S0000583,85,88,productive_iteration,False,True,False,False,False,,3.0
Final500,Final500_T000088,2232021d8fed4cba39be4c0c31529761c8268785de1648b7dfdaddf0b2f28943,S0000584,85,88,unproductive_cycle,False,False,True,False,False,,1.0
Final500,Final500_T000088,2232021d8fed4cba39be4c0c31529761c8268785de1648b7dfdaddf0b2f28943,S0000585,22,24,unproductive_cycle,False,False,True,False,False,,3.0
Final500,Final500_T000088,2232021d8fed4cba39be4c0c31529761c8268785de1648b7dfdaddf0b2f28943,S0000586,31,33,unproductive_cycle,False,False,True,False,False,,1.0
Final500,Final500_T000088,2232021d8fed4cba39be4c0c31529761c8268785de1648b7dfdaddf0b2f28943,S0000587,35,39,productive_iteration,True,True,False,False,False,,4.0
Final500,Final500_T000088,2232021d8fed4cba39be4c0c31529761c8268785de1648b7dfdaddf0b2f28943,S0000588,35,39,unproductive_cycle,False,False,True,False,False,,1.0
Final500,Final500_T000088,2232021d8fed4cba39be4c0c31529761c8268785de1648b7dfdaddf0b2f28943,S0000589,43,47,unproductive_cycle,False,False,True,False,False,,5.0
Final500,Final500_T000088,2232021d8fed4cba39be4c0c31529761c8268785de1648b7dfdaddf0b2f28943,S0000590,59,65,unproductive_cycle,False,False,True,False,False,,7.0
Final500,Final500_T000088,2232021d8fed4cba39be4c0c31529761c8268785de1648b7dfdaddf0b2f28943,S0000591,78,82,unproductive_cycle,False,False,True,False,False,,5.0
Final500,Final500_T000089,5178f5b3ba7a1597078330319d910a0cad97bc5f557ecec8ae9be9490aa81201,S0000592,0,7,productive_iteration,False,True,False,False,False,,8.0
Final500,Final500_T000089,5178f5b3ba7a1597078330319d910a0cad97bc5f557ecec8ae9be9490aa81201,S0000593,9,16,productive_iteration,False,True,False,False,False,,8.0
Final500,Final500_T000090,ffe7f1108c572c7f74d79a0ad3faeb0048a879e1110ff895a51f98930fa28658,S0000594,3,9,productive_iteration,False,True,False,False,False,,4.0
Final500,Final500_T000090,ffe7f1108c572c7f74d79a0ad3faeb0048a879e1110ff895a51f98930fa28658,S0000595,15,119,unproductive_cycle,False,False,True,False,False,,15.0
Final500,Final500_T000090,ffe7f1108c572c7f74d79a0ad3faeb0048a879e1110ff895a51f98930fa28658,S0000596,10,14,unproductive_cycle,False,False,True,False,False,,5.0
Final500,Final500_T000090,ffe7f1108c572c7f74d79a0ad3faeb0048a879e1110ff895a51f98930fa28658,S0000597,20,22,unproductive_cycle,False,False,True,False,False,,3.0
Final500,Final500_T000090,ffe7f1108c572c7f74d79a0ad3faeb0048a879e1110ff895a51f98930fa28658,S0000598,24,34,unproductive_cycle,False,False,True,False,False,,11.0
Final500,Final500_T000090,ffe7f1108c572c7f74d79a0ad3faeb0048a879e1110ff895a51f98930fa28658,S0000599,36,38,unproductive_cycle,False,False,True,False,False,,3.0
Final500,Final500_T000090,ffe7f1108c572c7f74d79a0ad3faeb0048a879e1110ff895a51f98930fa28658,S0000600,40,42,unproductive_cycle,False,False,True,False,False,,3.0
Final500,Final500_T000090,ffe7f1108c572c7f74d79a0ad3faeb0048a879e1110ff895a51f98930fa28658,S0000601,44,50,unproductive_cycle,False,False,True,False,False,,7.0
Final500,Final500_T000090,ffe7f1108c572c7f74d79a0ad3faeb0048a879e1110ff895a51f98930fa28658,S0000602,52,54,unproductive_cycle,False,False,True,False,False,,3.0
Final500,Final500_T000090,ffe7f1108c572c7f74d79a0ad3faeb0048a879e1110ff895a51f98930fa28658,S0000603,56,58,unproductive_cycle,False,False,True,False,False,,3.0
Final500,Final500_T000090,ffe7f1108c572c7f74d79a0ad3faeb0048a879e1110ff895a51f98930fa28658,S0000604,60,62,unproductive_cycle,False,False,True,False,False,,3.0
Final500,Final500_T000090,ffe7f1108c572c7f74d79a0ad3faeb0048a879e1110ff895a51f98930fa28658,S0000605,64,82,unproductive_cycle,False,False,True,False,False,,19.0
Final500,Final500_T000090,ffe7f1108c572c7f74d79a0ad3faeb0048a879e1110ff895a51f98930fa28658,S0000606,84,86,unproductive_cycle,False,False,True,False,False,,3.0
Final500,Final500_T000090,ffe7f1108c572c7f74d79a0ad3faeb0048a879e1110ff895a51f98930fa28658,S0000607,88,114,unproductive_cycle,False,False,True,False,False,,27.0
Final500,Final500_T000090,ffe7f1108c572c7f74d79a0ad3faeb0048a879e1110ff895a51f98930fa28658,S0000608,116,118,unproductive_cycle,False,False,True,False,False,,3.0
Final500,Final500_T000090,ffe7f1108c572c7f74d79a0ad3faeb0048a879e1110ff895a51f98930fa28658,S0000609,120,125,unproductive_cycle,False,False,True,False,False,,6.0
Final500,Final500_T000091,daf7de704c89210035b3ae3a44f63329c543024374323616d3fc64ff3433efa0,S0000610,4,26,productive_iteration,True,True,False,False,False,,8.0
Final500,Final500_T000091,daf7de704c89210035b3ae3a44f63329c543024374323616d3fc64ff3433efa0,S0000611,22,22,unproductive_cycle,False,False,True,False,False,,1.0
Final500,Final500_T000091,daf7de704c89210035b3ae3a44f63329c543024374323616d3fc64ff3433efa0,S0000612,0,3,productive_iteration,False,True,False,False,False,,2.0
Final500,Final500_T000091,daf7de704c89210035b3ae3a44f63329c543024374323616d3fc64ff3433efa0,S0000613,5,9,productive_iteration,False,True,False,False,False,,1.0
Final500,Final500_T000091,daf7de704c89210035b3ae3a44f63329c543024374323616d3fc64ff3433efa0,S0000614,18,20,productive_iteration,False,True,False,False,False,,2.0
Final500,Final500_T000091,daf7de704c89210035b3ae3a44f63329c543024374323616d3fc64ff3433efa0,S0000615,27,30,productive_iteration,False,True,False,False,False,,3.0
Final500,Final500_T000092,ab6f5cbb8ceb0b2d76fca76d523bd5ef285bf4bfc9f787502058fa093523173f,S0000616,10,29,productive_iteration,True,True,False,False,False,,3.0
Final500,Final500_T000092,ab6f5cbb8ceb0b2d76fca76d523bd5ef285bf4bfc9f787502058fa093523173f,S0000617,30,63,unproductive_cycle,False,False,True,False,False,,6.0
Final500,Final500_T000092,ab6f5cbb8ceb0b2d76fca76d523bd5ef285bf4bfc9f787502058fa093523173f,S0000618,0,9,productive_iteration,False,True,False,False,False,,10.0
Final500,Final500_T000092,ab6f5cbb8ceb0b2d76fca76d523bd5ef285bf4bfc9f787502058fa093523173f,S0000619,11,13,productive_iteration,True,True,False,False,False,,3.0
Final500,Final500_T000092,ab6f5cbb8ceb0b2d76fca76d523bd5ef285bf4bfc9f787502058fa093523173f,S0000620,21,22,productive_iteration,False,True,False,False,False,,2.0
Final500,Final500_T000092,ab6f5cbb8ceb0b2d76fca76d523bd5ef285bf4bfc9f787502058fa093523173f,S0000621,24,27,productive_iteration,True,True,False,False,False,,3.0
Final500,Final500_T000092,ab6f5cbb8ceb0b2d76fca76d523bd5ef285bf4bfc9f787502058fa093523173f,S0000622,24,27,unproductive_cycle,False,False,True,False,False,,1.0
Final500,Final500_T000092,ab6f5cbb8ceb0b2d76fca76d523bd5ef285bf4bfc9f787502058fa093523173f,S0000623,31,42,productive_iteration,True,True,False,False,False,,12.0
Final500,Final500_T000092,ab6f5cbb8ceb0b2d76fca76d523bd5ef285bf4bfc9f787502058fa093523173f,S0000624,44,53,productive_iteration,True,True,False,False,False,,9.0
Final500,Final500_T000092,ab6f5cbb8ceb0b2d76fca76d523bd5ef285bf4bfc9f787502058fa093523173f,S0000625,44,53,unproductive_cycle,False,False,True,False,False,,1.0
Final500,Final500_T000092,ab6f5cbb8ceb0b2d76fca76d523bd5ef285bf4bfc9f787502058fa093523173f,S0000626,55,56,productive_iteration,True,True,False,False,False,,2.0
Final500,Final500_T000092,ab6f5cbb8ceb0b2d76fca76d523bd5ef285bf4bfc9f787502058fa093523173f,S0000627,58,61,productive_iteration,False,True,False,False,False,,3.0
Final500,Final500_T000092,ab6f5cbb8ceb0b2d76fca76d523bd5ef285bf4bfc9f787502058fa093523173f,S0000628,58,61,unproductive_cycle,False,False,True,False,False,,1.0
Final500,Final500_T000092,ab6f5cbb8ceb0b2d76fca76d523bd5ef285bf4bfc9f787502058fa093523173f,S0000629,64,67,unproductive_cycle,False,False,True,False,False,,4.0
Final500,Final500_T000092,ab6f5cbb8ceb0b2d76fca76d523bd5ef285bf4bfc9f787502058fa093523173f,S0000630,72,74,productive_iteration,False,True,False,False,False,,3.0
Final500,Final500_T000092,ab6f5cbb8ceb0b2d76fca76d523bd5ef285bf4bfc9f787502058fa093523173f,S0000631,14,20,productive_iteration,True,True,False,False,False,,4.0
Final500,Final500_T000092,ab6f5cbb8ceb0b2d76fca76d523bd5ef285bf4bfc9f787502058fa093523173f,S0000632,14,20,unproductive_cycle,False,False,True,False,False,,3.0
Final500,Final500_T000092,ab6f5cbb8ceb0b2d76fca76d523bd5ef285bf4bfc9f787502058fa093523173f,S0000633,68,71,unproductive_cycle,False,False,True,False,False,,4.0
Final500,Final500_T000092,ab6f5cbb8ceb0b2d76fca76d523bd5ef285bf4bfc9f787502058fa093523173f,S0000634,75,77,unproductive_cycle,False,False,True,False,False,,3.0
Final500,Final500_T000093,5ed69fa1b7c5819dcf0c1e233634f7941c8d45919509787ca7223bfe4d05de25,S0000635,3,23,productive_iteration,True,True,False,False,False,,8.0
Final500,Final500_T000093,5ed69fa1b7c5819dcf0c1e233634f7941c8d45919509787ca7223bfe4d05de25,S0000636,33,113,unproductive_cycle,False,False,True,False,False,,20.0
Final500,Final500_T000093,5ed69fa1b7c5819dcf0c1e233634f7941c8d45919509787ca7223bfe4d05de25,S0000637,0,2,productive_iteration,False,True,False,False,False,,1.0
Final500,Final500_T000093,5ed69fa1b7c5819dcf0c1e233634f7941c8d45919509787ca7223bfe4d05de25,S0000638,5,13,productive_iteration,False,True,False,False,False,,7.0
Final500,Final500_T000093,5ed69fa1b7c5819dcf0c1e233634f7941c8d45919509787ca7223bfe4d05de25,S0000639,25,32,unproductive_cycle,False,False,True,False,False,,8.0
Final500,Final500_T000093,5ed69fa1b7c5819dcf0c1e233634f7941c8d45919509787ca7223bfe4d05de25,S0000640,34,36,unproductive_cycle,False,False,True,False,False,,3.0
Final500,Final500_T000093,5ed69fa1b7c5819dcf0c1e233634f7941c8d45919509787ca7223bfe4d05de25,S0000641,42,44,unproductive_cycle,False,False,True,False,False,,3.0
Final500,Final500_T000093,5ed69fa1b7c5819dcf0c1e233634f7941c8d45919509787ca7223bfe4d05de25,S0000642,50,64,unproductive_cycle,False,False,True,False,False,,15.0
Final500,Final500_T000093,5ed69fa1b7c5819dcf0c1e233634f7941c8d45919509787ca7223bfe4d05de25,S0000643,66,68,unproductive_cycle,False,False,True,False,False,,3.0
Final500,Final500_T000093,5ed69fa1b7c5819dcf0c1e233634f7941c8d45919509787ca7223bfe4d05de25,S0000644,70,88,unproductive_cycle,False,False,True,False,False,,19.0
Final500,Final500_T000093,5ed69fa1b7c5819dcf0c1e233634f7941c8d45919509787ca7223bfe4d05de25,S0000645,90,92,unproductive_cycle,False,False,True,False,False,,3.0
Final500,Final500_T000093,5ed69fa1b7c5819dcf0c1e233634f7941c8d45919509787ca7223bfe4d05de25,S0000646,94,96,unproductive_cycle,False,False,True,False,False,,3.0
Final500,Final500_T000093,5ed69fa1b7c5819dcf0c1e233634f7941c8d45919509787ca7223bfe4d05de25,S0000647,98,100,unproductive_cycle,False,False,True,False,False,,3.0
Final500,Final500_T000093,5ed69fa1b7c5819dcf0c1e233634f7941c8d45919509787ca7223bfe4d05de25,S0000648,102,110,unproductive_cycle,False,False,True,False,False,,9.0
Final500,Final500_T000094,c596eada831a2b4cdd428cb255139cf10b349a3ffcd5b509653eaf9f7a211154,S0000649,8,8,productive_iteration,False,True,False,False,False,,1.0
Final500,Final500_T000094,c596eada831a2b4cdd428cb255139cf10b349a3ffcd5b509653eaf9f7a211154,S0000650,0,7,productive_iteration,False,True,False,False,False,,8.0
Final500,Final500_T000094,c596eada831a2b4cdd428cb255139cf10b349a3ffcd5b509653eaf9f7a211154,S0000651,10,18,productive_iteration,False,True,False,False,False,,9.0
Final500,Final500_T000094,c596eada831a2b4cdd428cb255139cf10b349a3ffcd5b509653eaf9f7a211154,S0000652,19,151,unproductive_cycle,False,False,True,False,False,,133.0
Final500,Final500_T000095,3ce68f908e5e9d0822fbf10f41303def5bb525df6c95425096e81d5841128499,S0000653,0,7,productive_iteration,True,True,False,False,False,,8.0
Final500,Final500_T000095,3ce68f908e5e9d0822fbf10f41303def5bb525df6c95425096e81d5841128499,S0000654,16,29,productive_iteration,True,True,False,False,False,,14.0
Final500,Final500_T000095,3ce68f908e5e9d0822fbf10f41303def5bb525df6c95425096e81d5841128499,S0000655,8,15,unproductive_cycle,False,False,True,False,False,,8.0
Final500,Final500_T000095,3ce68f908e5e9d0822fbf10f41303def5bb525df6c95425096e81d5841128499,S0000656,30,85,unproductive_cycle,False,False,True,False,False,,56.0
Final500,Final500_T000096,6528540d388009ac568c8539ba146020aa1acafd7d891d62ce7793ae2e705339,S0000657,12,35,productive_iteration,True,True,False,False,False,,8.0
Final500,Final500_T000096,6528540d388009ac568c8539ba146020aa1acafd7d891d62ce7793ae2e705339,S0000658,18,19,unproductive_cycle,False,False,True,False,False,,2.0
Final500,Final500_T000096,6528540d388009ac568c8539ba146020aa1acafd7d891d62ce7793ae2e705339,S0000659,0,11,productive_iteration,False,True,False,False,False,,9.0
Final500,Final500_T000096,6528540d388009ac568c8539ba146020aa1acafd7d891d62ce7793ae2e705339,S0000660,36,40,productive_iteration,True,True,False,False,False,,2.0
Final500,Final500_T000097,94bc36cd33e269520493e720ed981fc3e933f06bbea62cdfbca0dc85b1b4268d,S0000661,5,11,productive_iteration,True,True,False,False,False,,4.0
Final500,Final500_T000097,94bc36cd33e269520493e720ed981fc3e933f06bbea62cdfbca0dc85b1b4268d,S0000662,12,33,productive_iteration,True,True,False,False,False,,5.0
Final500,Final500_T000097,94bc36cd33e269520493e720ed981fc3e933f06bbea62cdfbca0dc85b1b4268d,S0000663,12,33,unproductive_cycle,False,False,True,False,False,,17.0
Final500,Final500_T000098,7023ade4e9c5d9770fa7330c890c3d1515262e71268c382f894ac2cac0f0d5b0,S0000664,0,29,productive_iteration,True,True,False,False,False,,8.0
Final500,Final500_T000098,7023ade4e9c5d9770fa7330c890c3d1515262e71268c382f894ac2cac0f0d5b0,S0000665,30,31,unproductive_cycle,False,False,True,False,False,,2.0
Final500,Final500_T000098,7023ade4e9c5d9770fa7330c890c3d1515262e71268c382f894ac2cac0f0d5b0,S0000666,32,35,productive_iteration,True,True,False,False,False,,3.0
Final500,Final500_T000098,7023ade4e9c5d9770fa7330c890c3d1515262e71268c382f894ac2cac0f0d5b0,S0000667,12,15,unproductive_cycle,False,False,True,False,False,,4.0
Final500,Final500_T000098,7023ade4e9c5d9770fa7330c890c3d1515262e71268c382f894ac2cac0f0d5b0,S0000668,19,27,productive_iteration,True,True,False,False,False,,2.0
Final500,Final500_T000098,7023ade4e9c5d9770fa7330c890c3d1515262e71268c382f894ac2cac0f0d5b0,S0000669,19,27,unproductive_cycle,False,False,True,False,False,,7.0
Final500,Final500_T000099,8bce3e2e6fce9dacd6ea7abb335273e5045f88e127311025950c5d48829eb5ff,S0000670,0,12,productive_iteration,False,True,False,False,False,,6.0
Final500,Final500_T000100,7f9c16d91f6c4cc15ba19c7719f16e1b04898e09bec3ae6dc37d58e32fcb2a94,S0000671,0,13,productive_iteration,False,True,False,False,False,,14.0
Final500,Final500_T000101,8fd0258aea17f2ba0222c82365b3424a1808a6194aa8e1058356a1a96770ce90,S0000672,15,18,unproductive_cycle,False,False,True,False,False,,4.0
Final500,Final500_T000101,8fd0258aea17f2ba0222c82365b3424a1808a6194aa8e1058356a1a96770ce90,S0000673,0,14,productive_iteration,True,True,False,False,False,,15.0
Final500,Final500_T000102,76df889155a932a7f4ae02258aa531a8085e994549383419e3d3842a6a98fadd,S0000674,0,20,productive_iteration,False,True,False,False,False,,20.0
Final500,Final500_T000103,e2c85334056f5d69c750d12e90c4bca4aeccf3c41d34ef5b1cc01e62b1d7194a,S0000675,0,16,productive_iteration,True,True,False,False,False,,17.0
Final500,Final500_T000104,db58c39a5e1203cdf65b4c928bfa9d1c776d3c5d728575def4a97cf3fe56c476,S0000676,0,7,productive_iteration,False,True,False,False,False,,8.0
Final500,Final500_T000104,db58c39a5e1203cdf65b4c928bfa9d1c776d3c5d728575def4a97cf3fe56c476,S0000677,9,10,productive_iteration,False,True,False,False,False,,2.0
Final500,Final500_T000104,db58c39a5e1203cdf65b4c928bfa9d1c776d3c5d728575def4a97cf3fe56c476,S0000678,12,17,productive_iteration,False,True,False,False,False,,4.0
Final500,Final500_T000105,fb5e16c4dd5bd296f4812424adbb6cc6b8aceff106778c660b47acc7d1a228d6,S0000679,0,18,productive_iteration,True,True,False,False,False,,18.0
Final500,Final500_T000106,2a406cccdc81de4929c5459d1f5ac72ab11c83efa6dbce17e29abe6c77da5cfb,S0000680,0,14,productive_iteration,False,True,False,False,False,,15.0
Final500,Final500_T000107,105b431214d172aaae16aeb6c6fa1171019d5cbfaad638f8d358a1b3ec82d5bf,S0000681,3,7,productive_iteration,False,True,False,False,False,,3.0
Final500,Final500_T000107,105b431214d172aaae16aeb6c6fa1171019d5cbfaad638f8d358a1b3ec82d5bf,S0000682,8,8,unproductive_cycle,False,False,True,False,False,,1.0
Final500,Final500_T000107,105b431214d172aaae16aeb6c6fa1171019d5cbfaad638f8d358a1b3ec82d5bf,S0000683,0,2,productive_iteration,False,True,False,False,False,,3.0
Final500,Final500_T000107,105b431214d172aaae16aeb6c6fa1171019d5cbfaad638f8d358a1b3ec82d5bf,S0000684,4,5,productive_iteration,False,True,False,False,False,,2.0
Final500,Final500_T000107,105b431214d172aaae16aeb6c6fa1171019d5cbfaad638f8d358a1b3ec82d5bf,S0000685,9,10,productive_iteration,True,True,False,False,False,,2.0
Final500,Final500_T000108,204d34bbdce1aa4513fcd647bcabcacb39ea8e3c107ad7409e932d66e045476d,S0000686,8,15,productive_iteration,True,True,False,False,False,,2.0
Final500,Final500_T000108,204d34bbdce1aa4513fcd647bcabcacb39ea8e3c107ad7409e932d66e045476d,S0000687,5,7,productive_iteration,False,True,False,False,False,,3.0
Final500,Final500_T000108,204d34bbdce1aa4513fcd647bcabcacb39ea8e3c107ad7409e932d66e045476d,S0000688,17,171,unproductive_cycle,False,False,True,False,False,,125.0
Final500,Final500_T000109,f9c723e5524926d44c8b5d8b74fc5b134264d4ae8b2ffea54a71601f462a474a,S0000689,7,11,productive_iteration,False,True,False,False,False,,2.0
Final500,Final500_T000109,f9c723e5524926d44c8b5d8b74fc5b134264d4ae8b2ffea54a71601f462a474a,S0000690,23,29,productive_iteration,False,True,False,False,False,,6.0
Final500,Final500_T000109,f9c723e5524926d44c8b5d8b74fc5b134264d4ae8b2ffea54a71601f462a474a,S0000691,39,40,productive_iteration,False,True,False,False,False,,2.0
Final500,Final500_T000109,f9c723e5524926d44c8b5d8b74fc5b134264d4ae8b2ffea54a71601f462a474a,S0000692,1,6,unproductive_cycle,False,False,True,False,False,,6.0
Final500,Final500_T000110,748bd703cc4e94ba5953153e925c37d73cc0c15f33385dd694985e94ed2da54f,S0000693,11,34,productive_iteration,False,True,False,False,False,,7.0
Final500,Final500_T000110,748bd703cc4e94ba5953153e925c37d73cc0c15f33385dd694985e94ed2da54f,S0000694,24,24,unproductive_cycle,False,False,True,False,False,,1.0
Final500,Final500_T000110,748bd703cc4e94ba5953153e925c37d73cc0c15f33385dd694985e94ed2da54f,S0000695,3,10,productive_iteration,False,True,False,False,False,,2.0
Final500,Final500_T000110,748bd703cc4e94ba5953153e925c37d73cc0c15f33385dd694985e94ed2da54f,S0000696,14,15,productive_iteration,False,True,False,False,False,,2.0
Final500,Final500_T000110,748bd703cc4e94ba5953153e925c37d73cc0c15f33385dd694985e94ed2da54f,S0000697,17,18,productive_iteration,False,True,False,False,False,,1.0
Final500,Final500_T000110,748bd703cc4e94ba5953153e925c37d73cc0c15f33385dd694985e94ed2da54f,S0000698,20,23,productive_iteration,False,True,False,False,False,,3.0
Final500,Final500_T000110,748bd703cc4e94ba5953153e925c37d73cc0c15f33385dd694985e94ed2da54f,S0000699,25,32,unproductive_cycle,False,False,True,False,False,,8.0
Final500,Final500_T000110,748bd703cc4e94ba5953153e925c37d73cc0c15f33385dd694985e94ed2da54f,S0000700,35,46,unproductive_cycle,False,False,True,False,False,,12.0
Final500,Final500_T000111,7b82d7e91b4f91f85449d4bbab325a8760ba85858998761c24626c4d5439c824,S0000701,0,16,productive_iteration,False,True,False,False,False,,17.0
Final500,Final500_T000111,7b82d7e91b4f91f85449d4bbab325a8760ba85858998761c24626c4d5439c824,S0000702,17,19,unproductive_cycle,False,False,True,False,False,,3.0
Final500,Final500_T000112,71752d7f0e82219d6264016f73b65219b1e72a911e65caf133844d06bf4724b5,S0000703,9,9,productive_iteration,False,True,False,False,False,,1.0
Final500,Final500_T000112,71752d7f0e82219d6264016f73b65219b1e72a911e65caf133844d06bf4724b5,S0000704,0,8,productive_iteration,False,True,False,False,False,,9.0
Final500,Final500_T000112,71752d7f0e82219d6264016f73b65219b1e72a911e65caf133844d06bf4724b5,S0000705,10,15,productive_iteration,True,True,False,False,False,,6.0
Final500,Final500_T000113,7f72290ab787806bdae16d188d6457c111e8761ff949771a0210ab33d428043c,S0000706,0,12,productive_iteration,False,True,False,False,False,,13.0
Final500,Final500_T000114,74b954c7db0d4fa00145ca5acda35e73116047300070e7f3700482d7caa6d31c,S0000707,12,40,productive_iteration,True,True,False,False,False,,18.0
Final500,Final500_T000114,74b954c7db0d4fa00145ca5acda35e73116047300070e7f3700482d7caa6d31c,S0000708,15,41,unproductive_cycle,False,False,True,False,False,,7.0
Final500,Final500_T000114,74b954c7db0d4fa00145ca5acda35e73116047300070e7f3700482d7caa6d31c,S0000709,17,18,productive_iteration,True,True,False,False,False,,1.0
Final500,Final500_T000114,74b954c7db0d4fa00145ca5acda35e73116047300070e7f3700482d7caa6d31c,S0000710,42,43,productive_iteration,True,True,False,False,False,,2.0
Final500,Final500_T000114,74b954c7db0d4fa00145ca5acda35e73116047300070e7f3700482d7caa6d31c,S0000711,36,38,unproductive_cycle,False,False,True,False,False,,3.0
Final500,Final500_T000115,7b49fd4eae20b81abf38a10429bd3648837d01690ab593b0feb8064702f9017c,S0000712,17,17,unproductive_cycle,False,False,True,False,False,,1.0
Final500,Final500_T000115,7b49fd4eae20b81abf38a10429bd3648837d01690ab593b0feb8064702f9017c,S0000713,0,16,productive_iteration,False,True,False,False,False,,17.0
Final500,Final500_T000115,7b49fd4eae20b81abf38a10429bd3648837d01690ab593b0feb8064702f9017c,S0000714,18,28,productive_iteration,True,True,False,False,False,,5.0
Final500,Final500_T000115,7b49fd4eae20b81abf38a10429bd3648837d01690ab593b0feb8064702f9017c,S0000715,18,28,unproductive_cycle,False,False,True,False,False,,6.0
Final500,Final500_T000116,8823cc51e756ea17ec18cddf76dc670b9c66f20515eb179bf42d9c48881f8607,S0000716,5,6,productive_iteration,False,True,False,False,False,,2.0
Final500,Final500_T000116,8823cc51e756ea17ec18cddf76dc670b9c66f20515eb179bf42d9c48881f8607,S0000717,0,4,productive_iteration,False,True,False,False,False,,5.0
Final500,Final500_T000116,8823cc51e756ea17ec18cddf76dc670b9c66f20515eb179bf42d9c48881f8607,S0000718,7,13,productive_iteration,False,True,False,False,False,,7.0
Final500,Final500_T000117,eb0eb2618e6a7e06c66de019323b138c444f268f38992709420de4b8846f43b4,S0000719,9,10,productive_iteration,True,True,False,False,False,,2.0
Final500,Final500_T000117,eb0eb2618e6a7e06c66de019323b138c444f268f38992709420de4b8846f43b4,S0000720,0,8,productive_iteration,False,True,False,False,False,,9.0
Final500,Final500_T000117,eb0eb2618e6a7e06c66de019323b138c444f268f38992709420de4b8846f43b4,S0000721,11,13,productive_iteration,False,True,False,False,False,,3.0
Final500,Final500_T000118,276cd18e0364c82801f7a04e8aad085c6c45f825cd0e055ed453dceb9b876672,S0000722,0,12,productive_iteration,False,True,False,False,False,,11.0
Final500,Final500_T000118,276cd18e0364c82801f7a04e8aad085c6c45f825cd0e055ed453dceb9b876672,S0000723,0,12,unproductive_cycle,False,False,True,False,False,,1.0
Final500,Final500_T000119,6facd4e7365a0620557af65447309c8a445f057b15826d2c374f176218fd4f76,S0000724,1,9,productive_iteration,True,True,False,False,False,,6.0
Final500,Final500_T000119,6facd4e7365a0620557af65447309c8a445f057b15826d2c374f176218fd4f76,S0000725,1,9,unproductive_cycle,False,False,True,False,False,,1.0
Final500,Final500_T000120,b348c033346609e34c4319c07ecc802670a7a5103e3892e33b9a0ab513f9f3f3,S0000726,12,12,productive_iteration,True,True,False,False,False,,1.0
Final500,Final500_T000120,b348c033346609e34c4319c07ecc802670a7a5103e3892e33b9a0ab513f9f3f3,S0000727,13,13,unproductive_cycle,False,False,True,False,False,,1.0
Final500,Final500_T000120,b348c033346609e34c4319c07ecc802670a7a5103e3892e33b9a0ab513f9f3f3,S0000728,0,3,productive_iteration,False,True,False,False,False,,4.0
Final500,Final500_T000120,b348c033346609e34c4319c07ecc802670a7a5103e3892e33b9a0ab513f9f3f3,S0000729,5,11,productive_iteration,False,True,False,False,False,,7.0
Final500,Final500_T000120,b348c033346609e34c4319c07ecc802670a7a5103e3892e33b9a0ab513f9f3f3,S0000730,14,15,productive_iteration,False,True,False,False,False,,2.0
Final500,Final500_T000121,6eb35e6ebe164899a4a31fc95c2d935ed4b9e52b4fe0a541da5802b61a18149e,S0000731,0,15,productive_iteration,True,True,False,False,False,,15.0
Final500,Final500_T000122,59a3cdaaeaf6ce9c0d3d091a031c53b4521840bb702018e99798591a3200a4dd,S0000732,3,3,unproductive_cycle,False,False,True,False,False,,1.0
Final500,Final500_T000122,59a3cdaaeaf6ce9c0d3d091a031c53b4521840bb702018e99798591a3200a4dd,S0000733,0,2,productive_iteration,False,True,False,False,False,,2.0
Final500,Final500_T000122,59a3cdaaeaf6ce9c0d3d091a031c53b4521840bb702018e99798591a3200a4dd,S0000734,4,16,productive_iteration,False,True,False,False,False,,12.0
Final500,Final500_T000122,59a3cdaaeaf6ce9c0d3d091a031c53b4521840bb702018e99798591a3200a4dd,S0000735,4,16,unproductive_cycle,False,False,True,False,False,,1.0
Final500,Final500_T000123,902702229cfb75a989c70a927913df9630020150b44176e56664a3b5513892d7,S0000736,0,17,productive_iteration,True,True,False,False,False,,17.0
Final500,Final500_T000123,902702229cfb75a989c70a927913df9630020150b44176e56664a3b5513892d7,S0000737,0,17,unproductive_cycle,False,False,True,False,False,,1.0
Final500,Final500_T000124,41e41218df82893c9bcb38d5e67902060e96fe56c0e80a3c27929b656599af44,S0000738,6,66,productive_iteration,True,True,False,False,False,,13.0
Final500,Final500_T000124,41e41218df82893c9bcb38d5e67902060e96fe56c0e80a3c27929b656599af44,S0000739,48,81,unproductive_cycle,False,False,True,False,False,,7.0
Final500,Final500_T000124,41e41218df82893c9bcb38d5e67902060e96fe56c0e80a3c27929b656599af44,S0000740,0,5,productive_iteration,False,True,False,False,False,,2.0
Final500,Final500_T000124,41e41218df82893c9bcb38d5e67902060e96fe56c0e80a3c27929b656599af44,S0000741,7,13,productive_iteration,False,True,False,False,False,,3.0
Final500,Final500_T000124,41e41218df82893c9bcb38d5e67902060e96fe56c0e80a3c27929b656599af44,S0000742,32,47,productive_iteration,True,True,False,False,False,,11.0
Final500,Final500_T000124,41e41218df82893c9bcb38d5e67902060e96fe56c0e80a3c27929b656599af44,S0000743,16,24,unproductive_cycle,False,False,True,False,False,,9.0
Final500,Final500_T000124,41e41218df82893c9bcb38d5e67902060e96fe56c0e80a3c27929b656599af44,S0000744,26,31,unproductive_cycle,False,False,True,False,False,,6.0
Final500,Final500_T000124,41e41218df82893c9bcb38d5e67902060e96fe56c0e80a3c27929b656599af44,S0000745,51,55,productive_iteration,False,True,False,False,False,,1.0
Final500,Final500_T000124,41e41218df82893c9bcb38d5e67902060e96fe56c0e80a3c27929b656599af44,S0000746,51,55,unproductive_cycle,False,False,True,False,False,,4.0
Final500,Final500_T000124,41e41218df82893c9bcb38d5e67902060e96fe56c0e80a3c27929b656599af44,S0000747,67,73,productive_iteration,True,True,False,False,False,,1.0
Final500,Final500_T000124,41e41218df82893c9bcb38d5e67902060e96fe56c0e80a3c27929b656599af44,S0000748,67,73,unproductive_cycle,False,False,True,False,False,,6.0
Final500,Final500_T000124,41e41218df82893c9bcb38d5e67902060e96fe56c0e80a3c27929b656599af44,S0000749,75,79,unproductive_cycle,False,False,True,False,False,,5.0
Final500,Final500_T000124,41e41218df82893c9bcb38d5e67902060e96fe56c0e80a3c27929b656599af44,S0000750,82,86,unproductive_cycle,False,False,True,False,False,,5.0
Final500,Final500_T000125,f5b98566ca8b21e4af74e6e19c4ad26121fad7ac9cdfd9ffcba691f329e791e9,S0000751,0,5,productive_iteration,False,True,False,False,False,,6.0
Final500,Final500_T000125,f5b98566ca8b21e4af74e6e19c4ad26121fad7ac9cdfd9ffcba691f329e791e9,S0000752,7,23,productive_iteration,True,True,False,False,False,,15.0
Final500,Final500_T000126,b0d0c0c07cb956cee8bfd8a6727d3191c8f8a1b1cbb42eb69e8617a98b009b63,S0000753,19,20,unproductive_cycle,False,False,True,False,False,,2.0
Final500,Final500_T000126,b0d0c0c07cb956cee8bfd8a6727d3191c8f8a1b1cbb42eb69e8617a98b009b63,S0000754,0,10,productive_iteration,False,True,False,False,False,,10.0
Final500,Final500_T000126,b0d0c0c07cb956cee8bfd8a6727d3191c8f8a1b1cbb42eb69e8617a98b009b63,S0000755,12,18,productive_iteration,False,True,False,False,False,,5.0
Final500,Final500_T000126,b0d0c0c07cb956cee8bfd8a6727d3191c8f8a1b1cbb42eb69e8617a98b009b63,S0000756,12,18,unproductive_cycle,False,False,True,False,False,,2.0
Final500,Final500_T000127,9fd2314e7f54e367e8dacd7c3a06315aa715972982cdf7a2a89b1ddbf6dad946,S0000757,0,14,productive_iteration,False,True,False,False,False,,15.0
Final500,Final500_T000127,9fd2314e7f54e367e8dacd7c3a06315aa715972982cdf7a2a89b1ddbf6dad946,S0000758,16,19,productive_iteration,False,True,False,False,False,,4.0
Final500,Final500_T000127,9fd2314e7f54e367e8dacd7c3a06315aa715972982cdf7a2a89b1ddbf6dad946,S0000759,20,24,unproductive_cycle,False,False,True,False,False,,5.0
Final500,Final500_T000128,a9ef1b7a51258dac62ad5c87de7ea1809a0dabbdaf510c48b0881005134e5ddf,S0000760,0,20,productive_iteration,False,True,False,False,False,,20.0
Final500,Final500_T000129,12aede04230765c25b651b2738ebdd37a7b5def34157d6148574083d75292627,S0000761,14,15,productive_iteration,True,True,False,False,False,,2.0
Final500,Final500_T000129,12aede04230765c25b651b2738ebdd37a7b5def34157d6148574083d75292627,S0000762,0,13,productive_iteration,False,True,False,False,False,,14.0
Final500,Final500_T000129,12aede04230765c25b651b2738ebdd37a7b5def34157d6148574083d75292627,S0000763,16,26,productive_iteration,True,True,False,False,False,,11.0
Final500,Final500_T000130,3f16a4eeb7c4129bb87806b9ccff79545d009cacccaffb4d111f953f3fbcc882,S0000764,0,18,productive_iteration,True,True,False,False,False,,17.0
Final500,Final500_T000130,3f16a4eeb7c4129bb87806b9ccff79545d009cacccaffb4d111f953f3fbcc882,S0000765,0,18,unproductive_cycle,False,False,True,False,False,,1.0
Final500,Final500_T000131,bdf6bbaa5a1f3e8c222491cc54ea25537bf3561ac464e204bd149c2edae6f51a,S0000766,0,4,productive_iteration,False,True,False,False,False,,4.0
Final500,Final500_T000131,bdf6bbaa5a1f3e8c222491cc54ea25537bf3561ac464e204bd149c2edae6f51a,S0000767,6,13,productive_iteration,False,True,False,False,False,,7.0
Final500,Final500_T000131,bdf6bbaa5a1f3e8c222491cc54ea25537bf3561ac464e204bd149c2edae6f51a,S0000768,15,17,productive_iteration,False,True,False,False,False,,3.0
Final500,Final500_T000132,5b11132884f34fec6a703d24f08387103e51cadebaae32a2d91ffcf90e39fa2b,S0000769,0,1,productive_iteration,False,True,False,False,False,,2.0
Final500,Final500_T000132,5b11132884f34fec6a703d24f08387103e51cadebaae32a2d91ffcf90e39fa2b,S0000770,2,16,productive_iteration,True,True,False,False,False,,15.0
Final500,Final500_T000133,c4ad59054d3620d43e59b39389ce602235c3b2c5a68f632e850fc54012288f5c,S0000771,0,6,productive_iteration,False,True,False,False,False,,7.0
Final500,Final500_T000133,c4ad59054d3620d43e59b39389ce602235c3b2c5a68f632e850fc54012288f5c,S0000772,8,19,productive_iteration,True,True,False,False,False,,11.0
Final500,Final500_T000134,05cbc2dd49229e572de9a899bbb986a2285ce75ebf68f3279994c589a6fbc543,S0000773,0,13,productive_iteration,True,True,False,False,False,,14.0
Final500,Final500_T000135,2d1e1dc205af4c405cf745535c2b683aa1cdd920a497143e0ce8ec3e21508e9d,S0000774,0,0,productive_iteration,False,True,False,False,False,,1.0
Final500,Final500_T000135,2d1e1dc205af4c405cf745535c2b683aa1cdd920a497143e0ce8ec3e21508e9d,S0000775,2,7,productive_iteration,False,True,False,False,False,,6.0
Final500,Final500_T000135,2d1e1dc205af4c405cf745535c2b683aa1cdd920a497143e0ce8ec3e21508e9d,S0000776,11,15,productive_iteration,True,True,False,False,False,,3.0
Final500,Final500_T000135,2d1e1dc205af4c405cf745535c2b683aa1cdd920a497143e0ce8ec3e21508e9d,S0000777,11,15,unproductive_cycle,False,False,True,False,False,,2.0
Final500,Final500_T000135,2d1e1dc205af4c405cf745535c2b683aa1cdd920a497143e0ce8ec3e21508e9d,S0000778,8,10,unproductive_cycle,False,False,True,False,False,,3.0
Final500,Final500_T000136,89bc161e25a759f6905a9833677f733c35086aed46d8a0e23bf6eac1a49b7e6f,S0000779,0,35,productive_iteration,True,True,False,False,False,,12.0
Final500,Final500_T000136,89bc161e25a759f6905a9833677f733c35086aed46d8a0e23bf6eac1a49b7e6f,S0000780,25,33,unproductive_cycle,False,False,True,False,False,,4.0
Final500,Final500_T000136,89bc161e25a759f6905a9833677f733c35086aed46d8a0e23bf6eac1a49b7e6f,S0000781,4,10,productive_iteration,False,True,False,False,False,,3.0
Final500,Final500_T000136,89bc161e25a759f6905a9833677f733c35086aed46d8a0e23bf6eac1a49b7e6f,S0000782,14,15,productive_iteration,False,True,False,False,False,,2.0
Final500,Final500_T000136,89bc161e25a759f6905a9833677f733c35086aed46d8a0e23bf6eac1a49b7e6f,S0000783,18,21,productive_iteration,False,True,False,False,False,,2.0
Final500,Final500_T000136,89bc161e25a759f6905a9833677f733c35086aed46d8a0e23bf6eac1a49b7e6f,S0000784,36,39,productive_iteration,False,True,False,False,False,,4.0
Final500,Final500_T000136,89bc161e25a759f6905a9833677f733c35086aed46d8a0e23bf6eac1a49b7e6f,S0000785,40,42,unproductive_cycle,False,False,True,False,False,,3.0
Final500,Final500_T000136,89bc161e25a759f6905a9833677f733c35086aed46d8a0e23bf6eac1a49b7e6f,S0000786,44,52,unproductive_cycle,False,False,True,False,False,,9.0
Final500,Final500_T000137,a9cf6edb6483a4a5e98dd853c50759b8ec4a1f4550bc939f19b1418e7cec262b,S0000787,21,34,productive_iteration,True,True,False,False,False,,8.0
Final500,Final500_T000137,a9cf6edb6483a4a5e98dd853c50759b8ec4a1f4550bc939f19b1418e7cec262b,S0000788,10,28,unproductive_cycle,False,False,True,False,False,,5.0
Final500,Final500_T000137,a9cf6edb6483a4a5e98dd853c50759b8ec4a1f4550bc939f19b1418e7cec262b,S0000789,13,20,productive_iteration,False,True,False,False,False,,8.0
Final500,Final500_T000137,a9cf6edb6483a4a5e98dd853c50759b8ec4a1f4550bc939f19b1418e7cec262b,S0000790,22,23,productive_iteration,False,True,False,False,False,,1.0
Final500,Final500_T000137,a9cf6edb6483a4a5e98dd853c50759b8ec4a1f4550bc939f19b1418e7cec262b,S0000791,35,36,productive_iteration,False,True,False,False,False,,1.0
Final500,Final500_T000138,8668f8d501602f0b48c6217ae2d67a68c49b109f705abfd53c2aa972df755b49,S0000792,0,15,productive_iteration,False,True,False,False,False,,14.0
Final500,Final500_T000139,cbe119c677e6a04c993a68e9f3cdfb01d1f55a77610519e1b44cf5c7c8997ee8,S0000793,0,25,productive_iteration,False,True,False,False,False,,20.0
Final500,Final500_T000140,4602927085abd4bf5d837df8f6bd02ed37faa23d74bf1d0dc2c58577a6b31669,S0000794,17,17,productive_iteration,True,True,False,False,False,,1.0
Final500,Final500_T000140,4602927085abd4bf5d837df8f6bd02ed37faa23d74bf1d0dc2c58577a6b31669,S0000795,0,16,productive_iteration,False,True,False,False,False,,17.0
Final500,Final500_T000140,4602927085abd4bf5d837df8f6bd02ed37faa23d74bf1d0dc2c58577a6b31669,S0000796,18,23,productive_iteration,False,True,False,False,False,,5.0
Final500,Final500_T000141,5379ff4df617c3756d32ca391f57a6370a4fbd655f111baba122a65610f52c1f,S0000797,0,31,productive_iteration,True,True,False,False,False,,6.0
Final500,Final500_T000141,5379ff4df617c3756d32ca391f57a6370a4fbd655f111baba122a65610f52c1f,S0000798,19,29,productive_iteration,True,True,False,False,False,,2.0
Final500,Final500_T000141,5379ff4df617c3756d32ca391f57a6370a4fbd655f111baba122a65610f52c1f,S0000799,2,4,unproductive_cycle,False,False,True,False,False,,3.0
Final500,Final500_T000141,5379ff4df617c3756d32ca391f57a6370a4fbd655f111baba122a65610f52c1f,S0000800,8,18,productive_iteration,False,True,False,False,False,,5.0
Final500,Final500_T000142,afb430537b4fa14064e392cba51e531538a04d2dae4db0069338539651a0dd8d,S0000801,1,43,productive_iteration,False,True,False,False,False,,14.0
Final500,Final500_T000142,afb430537b4fa14064e392cba51e531538a04d2dae4db0069338539651a0dd8d,S0000802,30,47,unproductive_cycle,False,False,True,False,False,,2.0
Final500,Final500_T000142,afb430537b4fa14064e392cba51e531538a04d2dae4db0069338539651a0dd8d,S0000803,5,6,productive_iteration,False,True,False,False,False,,2.0
Final500,Final500_T000142,afb430537b4fa14064e392cba51e531538a04d2dae4db0069338539651a0dd8d,S0000804,10,11,productive_iteration,False,True,False,False,False,,2.0
Final500,Final500_T000142,afb430537b4fa14064e392cba51e531538a04d2dae4db0069338539651a0dd8d,S0000805,14,18,productive_iteration,False,True,False,False,False,,1.0
Final500,Final500_T000142,afb430537b4fa14064e392cba51e531538a04d2dae4db0069338539651a0dd8d,S0000806,23,24,productive_iteration,False,True,False,False,False,,2.0
Final500,Final500_T000142,afb430537b4fa14064e392cba51e531538a04d2dae4db0069338539651a0dd8d,S0000807,31,38,productive_iteration,False,True,False,False,False,,5.0
Final500,Final500_T000142,afb430537b4fa14064e392cba51e531538a04d2dae4db0069338539651a0dd8d,S0000808,44,46,unproductive_cycle,False,False,True,False,False,,3.0
Final500,Final500_T000143,295f7eff90f02b1915f15e902aeb9d4c0094f3824f74d3d5bffc110df48c4505,S0000809,11,12,productive_iteration,True,True,False,False,False,,2.0
Final500,Final500_T000143,295f7eff90f02b1915f15e902aeb9d4c0094f3824f74d3d5bffc110df48c4505,S0000810,21,31,unproductive_cycle,False,False,True,False,False,,9.0
Final500,Final500_T000143,295f7eff90f02b1915f15e902aeb9d4c0094f3824f74d3d5bffc110df48c4505,S0000811,35,45,productive_iteration,False,True,False,False,False,,7.0
Final500,Final500_T000143,295f7eff90f02b1915f15e902aeb9d4c0094f3824f74d3d5bffc110df48c4505,S0000812,35,45,unproductive_cycle,False,False,True,False,False,,1.0
Final500,Final500_T000143,295f7eff90f02b1915f15e902aeb9d4c0094f3824f74d3d5bffc110df48c4505,S0000813,8,10,unproductive_cycle,False,False,True,False,False,,2.0
Final500,Final500_T000144,825e3189c70d4cc67b391c82a78dc7be6fa24ae1da712f6912afe6a01cb332aa,S0000814,0,27,productive_iteration,True,True,False,False,False,,26.0
Final500,Final500_T000145,8aaff28e80a602655f52fa00b1c45d2c627aca216ea4d038d66a7db8e777fe6d,S0000815,0,28,productive_iteration,True,True,False,False,False,,29.0
Final500,Final500_T000146,2bff158169570405f2af4940dab5b233458d8ca56939bb982d8f1642da1fb8d2,S0000816,0,7,productive_iteration,False,True,False,False,False,,8.0
Final500,Final500_T000147,1922eec45b68d55f5ed936d21ad6dd922113782ca0360489d629c6fc5486e7d7,S0000817,14,28,productive_iteration,True,True,False,False,False,,5.0
Final500,Final500_T000147,1922eec45b68d55f5ed936d21ad6dd922113782ca0360489d629c6fc5486e7d7,S0000818,19,36,unproductive_cycle,False,False,True,False,False,,2.0
Final500,Final500_T000147,1922eec45b68d55f5ed936d21ad6dd922113782ca0360489d629c6fc5486e7d7,S0000819,29,35,unproductive_cycle,False,False,True,False,False,,7.0
Final500,Final500_T000147,1922eec45b68d55f5ed936d21ad6dd922113782ca0360489d629c6fc5486e7d7,S0000820,37,39,unproductive_cycle,False,False,True,False,False,,3.0
Final500,Final500_T000148,4b3d64f1136f6030ec054435a87639100710d678cef8cd9c102a31e0bd2ab268,S0000821,13,55,productive_iteration,True,True,False,False,False,,9.0
Final500,Final500_T000148,4b3d64f1136f6030ec054435a87639100710d678cef8cd9c102a31e0bd2ab268,S0000822,26,30,unproductive_cycle,False,False,True,False,False,,3.0
Final500,Final500_T000148,4b3d64f1136f6030ec054435a87639100710d678cef8cd9c102a31e0bd2ab268,S0000823,0,5,productive_iteration,False,True,False,False,False,,4.0
Final500,Final500_T000148,4b3d64f1136f6030ec054435a87639100710d678cef8cd9c102a31e0bd2ab268,S0000824,8,12,productive_iteration,False,True,False,False,False,,4.0
Final500,Final500_T000148,4b3d64f1136f6030ec054435a87639100710d678cef8cd9c102a31e0bd2ab268,S0000825,14,24,productive_iteration,False,True,False,False,False,,3.0
Final500,Final500_T000148,4b3d64f1136f6030ec054435a87639100710d678cef8cd9c102a31e0bd2ab268,S0000826,33,36,productive_iteration,False,True,False,False,False,,2.0
Final500,Final500_T000148,4b3d64f1136f6030ec054435a87639100710d678cef8cd9c102a31e0bd2ab268,S0000827,40,47,productive_iteration,False,True,False,False,False,,4.0
Final500,Final500_T000148,4b3d64f1136f6030ec054435a87639100710d678cef8cd9c102a31e0bd2ab268,S0000828,37,39,unproductive_cycle,False,False,True,False,False,,3.0
Final500,Final500_T000148,4b3d64f1136f6030ec054435a87639100710d678cef8cd9c102a31e0bd2ab268,S0000829,56,90,unproductive_cycle,False,False,True,False,False,,35.0
Final500,Final500_T000149,2438f92fbbee5f59281f6e1d285d81af4af29d1a6481700f6c70c11123b1874f,S0000830,0,11,productive_iteration,True,True,False,False,False,,12.0
Final500,Final500_T000150,dc88184be680d24e81ac8a62273bfef36539cc89d5bf21277e18df6e494fe63b,S0000831,0,13,productive_iteration,False,True,False,False,False,,14.0
Final500,Final500_T000151,0b7d783044ff231b4c672a0ffe97fde2a166c7e6ac529d9fa74706f19623d884,S0000832,8,94,unproductive_cycle,False,False,True,False,False,,9.0
Final500,Final500_T000151,0b7d783044ff231b4c672a0ffe97fde2a166c7e6ac529d9fa74706f19623d884,S0000833,0,5,productive_iteration,True,True,False,False,False,,3.0
Final500,Final500_T000151,0b7d783044ff231b4c672a0ffe97fde2a166c7e6ac529d9fa74706f19623d884,S0000834,91,92,productive_iteration,False,True,False,False,False,,1.0
Final500,Final500_T000151,0b7d783044ff231b4c672a0ffe97fde2a166c7e6ac529d9fa74706f19623d884,S0000835,91,92,unproductive_cycle,False,False,True,False,False,,1.0
Final500,Final500_T000151,0b7d783044ff231b4c672a0ffe97fde2a166c7e6ac529d9fa74706f19623d884,S0000836,14,89,unproductive_cycle,False,False,True,False,False,,76.0
Final500,Final500_T000152,01a788bc7324b19d7e47078588acef921530a9c90ad9b388b998bd20013ad1ec,S0000837,0,14,productive_iteration,False,True,False,False,False,,15.0
Final500,Final500_T000153,d333c5e9284e88e0a363115d0382709517f8092396e8c90d27fc77acacaac013,S0000838,0,25,productive_iteration,True,True,False,False,False,,24.0
Final500,Final500_T000154,e8d414391a63192fd1464d69d6c3a07ff4d1c1d3b8c5af6f0ed39d6fa23f9404,S0000839,0,7,productive_iteration,False,True,False,False,False,,8.0
Final500,Final500_T000155,6f038d60f93fffeb17fcf14a9684751fd703093ce275260dd1c458d24f966b1f,S0000840,0,17,productive_iteration,True,True,False,False,False,,17.0
Final500,Final500_T000156,c4eb50a797222d957b32d6169da151d2937d92141fef65531fe47b5ca2f2404e,S0000841,2,27,productive_iteration,True,True,False,False,False,,11.0
Final500,Final500_T000156,c4eb50a797222d957b32d6169da151d2937d92141fef65531fe47b5ca2f2404e,S0000842,28,76,unproductive_cycle,False,False,True,False,False,,2.0
Final500,Final500_T000156,c4eb50a797222d957b32d6169da151d2937d92141fef65531fe47b5ca2f2404e,S0000843,0,1,productive_iteration,False,True,False,False,False,,2.0
Final500,Final500_T000156,c4eb50a797222d957b32d6169da151d2937d92141fef65531fe47b5ca2f2404e,S0000844,17,18,productive_iteration,True,True,False,False,False,,2.0
Final500,Final500_T000156,c4eb50a797222d957b32d6169da151d2937d92141fef65531fe47b5ca2f2404e,S0000845,12,14,productive_iteration,False,True,False,False,False,,2.0
Final500,Final500_T000156,c4eb50a797222d957b32d6169da151d2937d92141fef65531fe47b5ca2f2404e,S0000846,19,24,unproductive_cycle,False,False,True,False,False,,6.0
Final500,Final500_T000156,c4eb50a797222d957b32d6169da151d2937d92141fef65531fe47b5ca2f2404e,S0000847,29,75,unproductive_cycle,False,False,True,False,False,,43.0
Final500,Final500_T000157,ac92d88cab5e5960a035d2d139022221504278e1c309ad976449231b63391b6d,S0000848,0,7,productive_iteration,False,True,False,False,False,,8.0
Final500,Final500_T000158,cfa18346d9618e3f239052a2505dbda78b36206ad61124698cd82248e358f91a,S0000849,0,15,productive_iteration,True,True,False,False,False,,16.0
Final500,Final500_T000159,2391acb8f3852bed4cd0cca2753f99656313c30addec09dd117d29a5dada33b0,S0000850,0,10,productive_iteration,False,True,False,False,False,,11.0
Final500,Final500_T000160,4d848a882aa35571ee8f61e739324852958cb64c27d2a035b48ab1b8177c2ec5,S0000851,0,9,productive_iteration,False,True,False,False,False,,10.0
Final500,Final500_T000161,ffa7842f8644838f47cd42916ce303ea8c208f2ad099bf70f25dc50b31174dea,S0000852,0,16,productive_iteration,True,True,False,False,False,,16.0
Final500,Final500_T000162,166725bf397ca11cb5320c28610f677e669a08afe214d9b13ab76be5cc7eb9ea,S0000853,0,11,productive_iteration,False,True,False,False,False,,12.0
Final500,Final500_T000163,4b2574fd3ca33f02a0c446bc0afeb6fe96206fc2d6ab19ea1fcbf87bf692dd95,S0000854,11,12,unproductive_cycle,False,False,True,False,False,,2.0
Final500,Final500_T000163,4b2574fd3ca33f02a0c446bc0afeb6fe96206fc2d6ab19ea1fcbf87bf692dd95,S0000855,0,7,productive_iteration,False,True,False,False,False,,8.0
Final500,Final500_T000163,4b2574fd3ca33f02a0c446bc0afeb6fe96206fc2d6ab19ea1fcbf87bf692dd95,S0000856,9,10,productive_iteration,False,True,False,False,False,,2.0
Final500,Final500_T000163,4b2574fd3ca33f02a0c446bc0afeb6fe96206fc2d6ab19ea1fcbf87bf692dd95,S0000857,13,16,productive_iteration,True,True,False,False,False,,4.0
Final500,Final500_T000164,4999ae87d05b211642d98b3eec3b9089d48305312cbeff01596fa651ba854757,S0000858,0,19,productive_iteration,True,True,False,False,False,,20.0
Final500,Final500_T000165,491cb29e29183d6d518b45eda024dded3264113ac3404ff4162cf90cd04bb428,S0000859,5,22,productive_iteration,True,True,False,False,False,,8.0
Final500,Final500_T000165,491cb29e29183d6d518b45eda024dded3264113ac3404ff4162cf90cd04bb428,S0000860,23,23,unproductive_cycle,False,False,True,False,False,,1.0
Final500,Final500_T000165,491cb29e29183d6d518b45eda024dded3264113ac3404ff4162cf90cd04bb428,S0000861,24,30,productive_iteration,True,True,False,False,False,,1.0
Final500,Final500_T000166,dacd7abbf9b2419401fc8348d4bf7f2e783a2f7f62e67e0e62eaaa5142ce8176,S0000862,10,10,unproductive_cycle,False,False,True,False,False,,1.0
Final500,Final500_T000166,dacd7abbf9b2419401fc8348d4bf7f2e783a2f7f62e67e0e62eaaa5142ce8176,S0000863,0,9,productive_iteration,False,True,False,False,False,,8.0
Final500,Final500_T000166,dacd7abbf9b2419401fc8348d4bf7f2e783a2f7f62e67e0e62eaaa5142ce8176,S0000864,0,9,unproductive_cycle,False,False,True,False,False,,2.0
Final500,Final500_T000166,dacd7abbf9b2419401fc8348d4bf7f2e783a2f7f62e67e0e62eaaa5142ce8176,S0000865,11,12,productive_iteration,False,True,False,False,False,,2.0
Final500,Final500_T000166,dacd7abbf9b2419401fc8348d4bf7f2e783a2f7f62e67e0e62eaaa5142ce8176,S0000866,18,19,productive_iteration,False,True,False,False,False,,2.0
Final500,Final500_T000166,dacd7abbf9b2419401fc8348d4bf7f2e783a2f7f62e67e0e62eaaa5142ce8176,S0000867,13,17,productive_iteration,True,True,False,False,False,,2.0
Final500,Final500_T000166,dacd7abbf9b2419401fc8348d4bf7f2e783a2f7f62e67e0e62eaaa5142ce8176,S0000868,13,17,unproductive_cycle,False,False,True,False,False,,3.0
Final500,Final500_T000167,0ae69050aa7f7d34c21491cc9a598ad33ca762615353fc964a12325109461f4b,S0000869,0,18,productive_iteration,False,True,False,False,False,,17.0
Final500,Final500_T000168,5b1a45586562734c162fc6bc4142f130f09785d3ef664f385daa0a2a424f2dad,S0000870,4,25,productive_iteration,True,True,False,False,False,,13.0
Final500,Final500_T000168,5b1a45586562734c162fc6bc4142f130f09785d3ef664f385daa0a2a424f2dad,S0000871,0,3,productive_iteration,False,True,False,False,False,,4.0
Final500,Final500_T000168,5b1a45586562734c162fc6bc4142f130f09785d3ef664f385daa0a2a424f2dad,S0000872,5,7,productive_iteration,False,True,False,False,False,,3.0
Final500,Final500_T000168,5b1a45586562734c162fc6bc4142f130f09785d3ef664f385daa0a2a424f2dad,S0000873,16,17,productive_iteration,True,True,False,False,False,,1.0
Final500,Final500_T000168,5b1a45586562734c162fc6bc4142f130f09785d3ef664f385daa0a2a424f2dad,S0000874,26,30,productive_iteration,True,True,False,False,False,,4.0
Final500,Final500_T000169,8091198935b2556d87ef211e8dad38f59673582d0854bb077c132cb33510c8c6,S0000875,0,15,productive_iteration,True,True,False,False,False,,16.0
Final500,Final500_T000169,8091198935b2556d87ef211e8dad38f59673582d0854bb077c132cb33510c8c6,S0000876,19,28,productive_iteration,False,True,False,False,False,,7.0
Final500,Final500_T000169,8091198935b2556d87ef211e8dad38f59673582d0854bb077c132cb33510c8c6,S0000877,16,18,unproductive_cycle,False,False,True,False,False,,3.0
Final500,Final500_T000170,29f0a6609cc09d1f8c79843534ce60f8a4bbbff46f2036c70733b389f06fc671,S0000878,0,13,productive_iteration,False,True,False,False,False,,14.0
Final500,Final500_T000171,7d7f2ec3070303ae0d8cb08e127875f42374f9a57b54278b0e4fdcf5e990f3bf,S0000879,8,8,unproductive_cycle,False,False,True,False,False,,1.0
Final500,Final500_T000171,7d7f2ec3070303ae0d8cb08e127875f42374f9a57b54278b0e4fdcf5e990f3bf,S0000880,0,7,productive_iteration,False,True,False,False,False,,8.0
Final500,Final500_T000171,7d7f2ec3070303ae0d8cb08e127875f42374f9a57b54278b0e4fdcf5e990f3bf,S0000881,9,19,productive_iteration,True,True,False,False,False,,11.0
Final500,Final500_T000172,e9ff158585ce86246b931314ea296c71b451c8591dc7b432ed645d044420bdcb,S0000882,6,6,unproductive_cycle,False,False,True,False,False,,1.0
Final500,Final500_T000172,e9ff158585ce86246b931314ea296c71b451c8591dc7b432ed645d044420bdcb,S0000883,0,5,productive_iteration,False,True,False,False,False,,6.0
Final500,Final500_T000172,e9ff158585ce86246b931314ea296c71b451c8591dc7b432ed645d044420bdcb,S0000884,7,11,productive_iteration,False,True,False,False,False,,4.0
Final500,Final500_T000172,e9ff158585ce86246b931314ea296c71b451c8591dc7b432ed645d044420bdcb,S0000885,7,11,unproductive_cycle,False,False,True,False,False,,1.0
Final500,Final500_T000173,af36f0d4df86ac6071400c3cab04ec29052f776a44a4aeffa165fa4b31d1e113,S0000886,0,16,productive_iteration,True,True,False,False,False,,17.0
Final500,Final500_T000173,af36f0d4df86ac6071400c3cab04ec29052f776a44a4aeffa165fa4b31d1e113,S0000887,20,29,productive_iteration,False,True,False,False,False,,9.0
Final500,Final500_T000173,af36f0d4df86ac6071400c3cab04ec29052f776a44a4aeffa165fa4b31d1e113,S0000888,20,29,unproductive_cycle,False,False,True,False,False,,1.0
Final500,Final500_T000174,7665b06024750ba799181cd5522408fda2cd3d8f3ef539f9329cc7d49f0df3bd,S0000889,0,9,productive_iteration,False,True,False,False,False,,10.0
Final500,Final500_T000174,7665b06024750ba799181cd5522408fda2cd3d8f3ef539f9329cc7d49f0df3bd,S0000890,13,17,productive_iteration,True,True,False,False,False,,5.0
Final500,Final500_T000174,7665b06024750ba799181cd5522408fda2cd3d8f3ef539f9329cc7d49f0df3bd,S0000891,10,12,unproductive_cycle,False,False,True,False,False,,3.0
Final500,Final500_T000175,2b815c7260afdbf75c7ec981901fff2a203f9e19623ce4a773316392ea228006,S0000892,0,13,productive_iteration,True,True,False,False,False,,14.0
Final500,Final500_T000175,2b815c7260afdbf75c7ec981901fff2a203f9e19623ce4a773316392ea228006,S0000893,15,16,productive_iteration,False,True,False,False,False,,2.0
Final500,Final500_T000175,2b815c7260afdbf75c7ec981901fff2a203f9e19623ce4a773316392ea228006,S0000894,17,22,unproductive_cycle,False,False,True,False,False,,6.0
Final500,Final500_T000176,1d0633bd889920cf8eaaacc5e5645dc198baeea33f15b07ae9d5b6742df508dd,S0000895,21,22,unproductive_cycle,False,False,True,False,False,,2.0
Final500,Final500_T000176,1d0633bd889920cf8eaaacc5e5645dc198baeea33f15b07ae9d5b6742df508dd,S0000896,0,20,productive_iteration,True,True,False,False,False,,20.0
Final500,Final500_T000176,1d0633bd889920cf8eaaacc5e5645dc198baeea33f15b07ae9d5b6742df508dd,S0000897,0,20,unproductive_cycle,False,False,True,False,False,,1.0
Final500,Final500_T000176,1d0633bd889920cf8eaaacc5e5645dc198baeea33f15b07ae9d5b6742df508dd,S0000898,23,26,productive_iteration,False,True,False,False,False,,3.0
Final500,Final500_T000177,6dadfff83f78497fe9569b28ada7bf90c63aaa1ea3bd99cfea734b35e1a95c9d,S0000899,0,22,productive_iteration,True,True,False,False,False,,23.0
Final500,Final500_T000178,6168473acfb91f4430f52c38672193932ad3805de739482995b05623fff0d5ae,S0000900,11,11,unproductive_cycle,False,False,True,False,False,,1.0
Final500,Final500_T000178,6168473acfb91f4430f52c38672193932ad3805de739482995b05623fff0d5ae,S0000901,0,10,productive_iteration,False,True,False,False,False,,10.0
Final500,Final500_T000179,06368c3c0a5ac9a527dfd1d7eb9cac8e34c0f658a46042962c6e013bfe9d696f,S0000902,0,11,productive_iteration,True,True,False,False,False,,9.0
Final500,Final500_T000179,06368c3c0a5ac9a527dfd1d7eb9cac8e34c0f658a46042962c6e013bfe9d696f,S0000903,6,8,productive_iteration,False,True,False,False,False,,3.0
Final500,Final500_T000180,ec57fe5427e217a78a1646b89dcb9c93c5d2c6bdbbd25d78bbdeec04c78d0231,S0000904,0,20,productive_iteration,True,True,False,False,False,,21.0
Final500,Final500_T000181,4c27a286b1f60215ba924bebd8643e1292eec67d7021093773ea72d9f90a95b6,S0000905,0,14,productive_iteration,True,True,False,False,False,,13.0
Final500,Final500_T000182,7ff52bfd0a0d40e7d71ce42edcca4daf7795718ee5ec0adf2a2acba02b59b616,S0000906,38,47,unproductive_cycle,False,False,True,False,False,,6.0
Final500,Final500_T000182,7ff52bfd0a0d40e7d71ce42edcca4daf7795718ee5ec0adf2a2acba02b59b616,S0000907,40,41,unproductive_cycle,False,False,True,False,False,,2.0
Final500,Final500_T000182,7ff52bfd0a0d40e7d71ce42edcca4daf7795718ee5ec0adf2a2acba02b59b616,S0000908,43,44,unproductive_cycle,False,False,True,False,False,,2.0
Final500,Final500_T000182,7ff52bfd0a0d40e7d71ce42edcca4daf7795718ee5ec0adf2a2acba02b59b616,S0000909,8,36,productive_iteration,True,True,False,False,False,,8.0
Final500,Final500_T000182,7ff52bfd0a0d40e7d71ce42edcca4daf7795718ee5ec0adf2a2acba02b59b616,S0000910,8,36,unproductive_cycle,False,False,True,False,False,,21.0
Final500,Final500_T000182,7ff52bfd0a0d40e7d71ce42edcca4daf7795718ee5ec0adf2a2acba02b59b616,S0000911,48,84,unproductive_cycle,False,False,True,False,False,,37.0
Final500,Final500_T000183,24decb3acd8538bf7841c34a533e805ef2de7068ed7921ae7d2e509e4d5b1608,S0000912,0,11,productive_iteration,False,True,False,False,False,,11.0
Final500,Final500_T000184,5ea320110fa291c3ec2dafb4af0173d6cfb8157504b3f3bbfbdf27b1b4f0771f,S0000913,0,13,productive_iteration,False,True,False,False,False,,14.0
Final500,Final500_T000185,adb57589524daa54f3003ed0fa2260098c928924e8e554be5595a3cc6baab205,S0000914,0,26,productive_iteration,True,True,False,False,False,,6.0
Final500,Final500_T000185,adb57589524daa54f3003ed0fa2260098c928924e8e554be5595a3cc6baab205,S0000915,11,25,unproductive_cycle,False,False,True,False,False,,4.0
Final500,Final500_T000185,adb57589524daa54f3003ed0fa2260098c928924e8e554be5595a3cc6baab205,S0000916,2,7,productive_iteration,False,True,False,False,False,,6.0
Final500,Final500_T000185,adb57589524daa54f3003ed0fa2260098c928924e8e554be5595a3cc6baab205,S0000917,12,18,productive_iteration,True,True,False,False,False,,6.0
Final500,Final500_T000185,adb57589524daa54f3003ed0fa2260098c928924e8e554be5595a3cc6baab205,S0000918,21,22,productive_iteration,True,True,False,False,False,,2.0
Final500,Final500_T000185,adb57589524daa54f3003ed0fa2260098c928924e8e554be5595a3cc6baab205,S0000919,31,37,productive_iteration,True,True,False,False,False,,5.0
Final500,Final500_T000185,adb57589524daa54f3003ed0fa2260098c928924e8e554be5595a3cc6baab205,S0000920,27,30,unproductive_cycle,False,False,True,False,False,,4.0
Final500,Final500_T000186,56ce556a2c7608d9159c50bd402be08d74765779ab07ae811ba0168ebb1d75d6,S0000921,0,8,productive_iteration,False,True,False,False,False,,9.0
Final500,Final500_T000187,edb4947baca44acd6cf8683840c2a8dce6df5ea517e4a216a99242829041f0bb,S0000922,0,11,productive_iteration,False,True,False,False,False,,9.0
Final500,Final500_T000188,8cd8a2fee6f8fdfc345102c1a879845c60e4e10c6cc39d31524b5ca0dd012d14,S0000923,0,10,productive_iteration,False,True,False,False,False,,11.0
Final500,Final500_T000188,8cd8a2fee6f8fdfc345102c1a879845c60e4e10c6cc39d31524b5ca0dd012d14,S0000924,12,13,productive_iteration,False,True,False,False,False,,2.0
Final500,Final500_T000188,8cd8a2fee6f8fdfc345102c1a879845c60e4e10c6cc39d31524b5ca0dd012d14,S0000925,14,17,unproductive_cycle,False,False,True,False,False,,4.0
Final500,Final500_T000189,0cd0adbf18db516f70bcceac01dd8d49dbb6f06fda6a0ab7ddfda856d796d67b,S0000926,6,15,productive_iteration,True,True,False,False,False,,9.0
Final500,Final500_T000189,0cd0adbf18db516f70bcceac01dd8d49dbb6f06fda6a0ab7ddfda856d796d67b,S0000927,24,43,unproductive_cycle,False,False,True,False,False,,8.0
Final500,Final500_T000189,0cd0adbf18db516f70bcceac01dd8d49dbb6f06fda6a0ab7ddfda856d796d67b,S0000928,16,23,productive_iteration,True,True,False,False,False,,1.0
Final500,Final500_T000189,0cd0adbf18db516f70bcceac01dd8d49dbb6f06fda6a0ab7ddfda856d796d67b,S0000929,16,23,unproductive_cycle,False,False,True,False,False,,7.0
Final500,Final500_T000189,0cd0adbf18db516f70bcceac01dd8d49dbb6f06fda6a0ab7ddfda856d796d67b,S0000930,31,41,unproductive_cycle,False,False,True,False,False,,11.0
Final500,Final500_T000189,0cd0adbf18db516f70bcceac01dd8d49dbb6f06fda6a0ab7ddfda856d796d67b,S0000931,44,158,unproductive_cycle,False,False,True,False,False,,99.0
Final500,Final500_T000190,5b6ade51a4a94902e084fcf782d3f31236e898a6e08f205dcff2466e68605254,S0000932,2,29,productive_iteration,True,True,False,False,False,,7.0
Final500,Final500_T000190,5b6ade51a4a94902e084fcf782d3f31236e898a6e08f205dcff2466e68605254,S0000933,21,27,unproductive_cycle,False,False,True,False,False,,5.0
Final500,Final500_T000190,5b6ade51a4a94902e084fcf782d3f31236e898a6e08f205dcff2466e68605254,S0000934,0,1,productive_iteration,False,True,False,False,False,,2.0
Final500,Final500_T000190,5b6ade51a4a94902e084fcf782d3f31236e898a6e08f205dcff2466e68605254,S0000935,7,10,productive_iteration,False,True,False,False,False,,4.0
Final500,Final500_T000190,5b6ade51a4a94902e084fcf782d3f31236e898a6e08f205dcff2466e68605254,S0000936,16,20,productive_iteration,False,True,False,False,False,,5.0
Final500,Final500_T000190,5b6ade51a4a94902e084fcf782d3f31236e898a6e08f205dcff2466e68605254,S0000937,30,35,productive_iteration,True,True,False,False,False,,2.0
Final500,Final500_T000190,5b6ade51a4a94902e084fcf782d3f31236e898a6e08f205dcff2466e68605254,S0000938,13,15,productive_iteration,True,True,False,False,False,,3.0
Final500,Final500_T000191,6fbdd47330d8de86baa76504e98b538aca940fffc50801966a2de1b3fe22b10b,S0000939,0,12,productive_iteration,True,True,False,False,False,,13.0
Final500,Final500_T000192,518bcdaeb8e47bfcf629e6bf39d811ff0170a2febcb0e1d8a8c5a4e1ddd7a8ec,S0000940,0,24,productive_iteration,True,True,False,False,False,,23.0
Final500,Final500_T000193,977dd520e2efd564907881e133c0210aace8455de425af62d62ee3d0cdf0a4c7,S0000941,9,29,productive_iteration,False,True,False,False,False,,7.0
Final500,Final500_T000193,977dd520e2efd564907881e133c0210aace8455de425af62d62ee3d0cdf0a4c7,S0000942,14,19,productive_iteration,True,True,False,False,False,,5.0
Final500,Final500_T000193,977dd520e2efd564907881e133c0210aace8455de425af62d62ee3d0cdf0a4c7,S0000943,22,23,productive_iteration,True,True,False,False,False,,2.0
Final500,Final500_T000193,977dd520e2efd564907881e133c0210aace8455de425af62d62ee3d0cdf0a4c7,S0000944,25,28,productive_iteration,True,True,False,False,False,,4.0
Final500,Final500_T000193,977dd520e2efd564907881e133c0210aace8455de425af62d62ee3d0cdf0a4c7,S0000945,30,34,productive_iteration,True,True,False,False,False,,5.0
Final500,Final500_T000194,b41528fa977ad15eead8f5d9942ebd2270d66a9faf4f4abb1b09b80c71bab681,S0000946,0,3,productive_iteration,False,True,False,False,False,,4.0
Final500,Final500_T000194,b41528fa977ad15eead8f5d9942ebd2270d66a9faf4f4abb1b09b80c71bab681,S0000947,5,8,productive_iteration,False,True,False,False,False,,4.0
Final500,Final500_T000195,f30e28917b38b464b40ce62a6c3d98d657b8df5c2a4448adc3d3e5b95634cf47,S0000948,17,17,unproductive_cycle,False,False,True,False,False,,1.0
Final500,Final500_T000195,f30e28917b38b464b40ce62a6c3d98d657b8df5c2a4448adc3d3e5b95634cf47,S0000949,0,4,productive_iteration,False,True,False,False,False,,3.0
Final500,Final500_T000195,f30e28917b38b464b40ce62a6c3d98d657b8df5c2a4448adc3d3e5b95634cf47,S0000950,0,4,unproductive_cycle,False,False,True,False,False,,1.0
Final500,Final500_T000195,f30e28917b38b464b40ce62a6c3d98d657b8df5c2a4448adc3d3e5b95634cf47,S0000951,6,16,productive_iteration,False,True,False,False,False,,9.0
Final500,Final500_T000195,f30e28917b38b464b40ce62a6c3d98d657b8df5c2a4448adc3d3e5b95634cf47,S0000952,6,16,unproductive_cycle,False,False,True,False,False,,2.0
Final500,Final500_T000195,f30e28917b38b464b40ce62a6c3d98d657b8df5c2a4448adc3d3e5b95634cf47,S0000953,18,29,productive_iteration,True,True,False,False,False,,10.0
Final500,Final500_T000195,f30e28917b38b464b40ce62a6c3d98d657b8df5c2a4448adc3d3e5b95634cf47,S0000954,18,29,unproductive_cycle,False,False,True,False,False,,2.0
Final500,Final500_T000196,bfbe70f42ec7f6108b9d155f849488b64172070c6d3b541f99472f23255da213,S0000955,0,24,productive_iteration,True,True,False,False,False,,25.0
Final500,Final500_T000197,9c7a462c740e98eab43d006ecda7d9393d6918e50c521e530242d00349dff0bd,S0000956,0,11,productive_iteration,True,True,False,False,False,,10.0
Final500,Final500_T000198,dc8795c6a11e106144bd0af15e2e8fb9a9cf367243559aacf905e32dcdc53a10,S0000957,0,7,productive_iteration,False,True,False,False,False,,8.0
Final500,Final500_T000198,dc8795c6a11e106144bd0af15e2e8fb9a9cf367243559aacf905e32dcdc53a10,S0000958,9,15,productive_iteration,False,True,False,False,False,,7.0
Final500,Final500_T000198,dc8795c6a11e106144bd0af15e2e8fb9a9cf367243559aacf905e32dcdc53a10,S0000959,21,24,productive_iteration,True,True,False,False,False,,4.0
Final500,Final500_T000198,dc8795c6a11e106144bd0af15e2e8fb9a9cf367243559aacf905e32dcdc53a10,S0000960,16,20,unproductive_cycle,False,False,True,False,False,,5.0
Final500,Final500_T000199,814ffdf37ecb78b091fa463e51c9724e1255af005af0e1e8535d83b505761cc7,S0000961,0,6,productive_iteration,False,True,False,False,False,,7.0
Final500,Final500_T000199,814ffdf37ecb78b091fa463e51c9724e1255af005af0e1e8535d83b505761cc7,S0000962,8,12,productive_iteration,False,True,False,False,False,,5.0
Final500,Final500_T000199,814ffdf37ecb78b091fa463e51c9724e1255af005af0e1e8535d83b505761cc7,S0000963,14,16,productive_iteration,False,True,False,False,False,,3.0
Final500,Final500_T000199,814ffdf37ecb78b091fa463e51c9724e1255af005af0e1e8535d83b505761cc7,S0000964,19,22,unproductive_cycle,False,False,True,False,False,,4.0
Final500,Final500_T000200,870ca1a56d8c9b888f594ee867ea151800a9a08f71f2d2a323080721510e730d,S0000965,18,23,productive_iteration,True,True,False,False,False,,3.0
Final500,Final500_T000200,870ca1a56d8c9b888f594ee867ea151800a9a08f71f2d2a323080721510e730d,S0000966,8,17,unproductive_cycle,False,False,True,False,False,,6.0
Final500,Final500_T000200,870ca1a56d8c9b888f594ee867ea151800a9a08f71f2d2a323080721510e730d,S0000967,19,21,productive_iteration,False,True,False,False,False,,3.0
Final500,Final500_T000200,870ca1a56d8c9b888f594ee867ea151800a9a08f71f2d2a323080721510e730d,S0000968,24,106,unproductive_cycle,False,False,True,False,False,,83.0
Final500,Final500_T000201,70b49b93a3960a589b07fedfdae93986af71812d783212a4918f73bf49c2fa70,S0000969,0,7,productive_iteration,False,True,False,False,False,,8.0
Final500,Final500_T000201,70b49b93a3960a589b07fedfdae93986af71812d783212a4918f73bf49c2fa70,S0000970,8,12,unproductive_cycle,False,False,True,False,False,,5.0
Final500,Final500_T000202,8675b1b6208612b5473fdf8b334964b96edc54bba43739153d427bf58ecc27cf,S0000971,0,11,productive_iteration,False,True,False,False,False,,11.0
Final500,Final500_T000203,b3cc8b28aefb3bcaf8f0b443f2e54a1cb2972d39a50fdfcefc3911575867e16e,S0000972,8,102,unproductive_cycle,False,False,True,False,False,,13.0
Final500,Final500_T000203,b3cc8b28aefb3bcaf8f0b443f2e54a1cb2972d39a50fdfcefc3911575867e16e,S0000973,0,7,productive_iteration,True,True,False,False,False,,8.0
Final500,Final500_T000203,b3cc8b28aefb3bcaf8f0b443f2e54a1cb2972d39a50fdfcefc3911575867e16e,S0000974,10,12,productive_iteration,False,True,False,False,False,,2.0
Final500,Final500_T000203,b3cc8b28aefb3bcaf8f0b443f2e54a1cb2972d39a50fdfcefc3911575867e16e,S0000975,10,12,unproductive_cycle,False,False,True,False,False,,1.0
Final500,Final500_T000203,b3cc8b28aefb3bcaf8f0b443f2e54a1cb2972d39a50fdfcefc3911575867e16e,S0000976,16,29,productive_iteration,False,True,False,False,False,,2.0
Final500,Final500_T000203,b3cc8b28aefb3bcaf8f0b443f2e54a1cb2972d39a50fdfcefc3911575867e16e,S0000977,16,29,unproductive_cycle,False,False,True,False,False,,12.0
Final500,Final500_T000203,b3cc8b28aefb3bcaf8f0b443f2e54a1cb2972d39a50fdfcefc3911575867e16e,S0000978,57,60,unproductive_cycle,False,False,True,False,False,,4.0
Final500,Final500_T000203,b3cc8b28aefb3bcaf8f0b443f2e54a1cb2972d39a50fdfcefc3911575867e16e,S0000979,88,91,unproductive_cycle,False,False,True,False,False,,4.0
Final500,Final500_T000203,b3cc8b28aefb3bcaf8f0b443f2e54a1cb2972d39a50fdfcefc3911575867e16e,S0000980,13,15,unproductive_cycle,False,False,True,False,False,,3.0
Final500,Final500_T000203,b3cc8b28aefb3bcaf8f0b443f2e54a1cb2972d39a50fdfcefc3911575867e16e,S0000981,33,38,unproductive_cycle,False,False,True,False,False,,6.0
Final500,Final500_T000203,b3cc8b28aefb3bcaf8f0b443f2e54a1cb2972d39a50fdfcefc3911575867e16e,S0000982,40,56,unproductive_cycle,False,False,True,False,False,,17.0
Final500,Final500_T000203,b3cc8b28aefb3bcaf8f0b443f2e54a1cb2972d39a50fdfcefc3911575867e16e,S0000983,61,87,unproductive_cycle,False,False,True,False,False,,27.0
Final500,Final500_T000203,b3cc8b28aefb3bcaf8f0b443f2e54a1cb2972d39a50fdfcefc3911575867e16e,S0000984,93,96,unproductive_cycle,False,False,True,False,False,,4.0
Final500,Final500_T000203,b3cc8b28aefb3bcaf8f0b443f2e54a1cb2972d39a50fdfcefc3911575867e16e,S0000985,103,111,unproductive_cycle,False,False,True,False,False,,9.0
Final500,Final500_T000204,5d2ec3c227707e1ba9b55ee9f1de1f2ec8eb5398146f6a4a2979c9ea0f789579,S0000986,6,13,productive_iteration,False,True,False,False,False,,2.0
Final500,Final500_T000204,5d2ec3c227707e1ba9b55ee9f1de1f2ec8eb5398146f6a4a2979c9ea0f789579,S0000987,0,5,productive_iteration,False,True,False,False,False,,6.0
Final500,Final500_T000204,5d2ec3c227707e1ba9b55ee9f1de1f2ec8eb5398146f6a4a2979c9ea0f789579,S0000988,7,10,productive_iteration,False,True,False,False,False,,4.0
Final500,Final500_T000204,5d2ec3c227707e1ba9b55ee9f1de1f2ec8eb5398146f6a4a2979c9ea0f789579,S0000989,16,19,productive_iteration,False,True,False,False,False,,4.0
Final500,Final500_T000205,1185439a8144ad227d537dc54434681428681718468ac2a8e16ef9b1f33d04e9,S0000990,0,9,productive_iteration,False,True,False,False,False,,9.0
Final500,Final500_T000205,1185439a8144ad227d537dc54434681428681718468ac2a8e16ef9b1f33d04e9,S0000991,12,24,productive_iteration,False,True,False,False,False,,12.0
Final500,Final500_T000206,638fe255115c7185c6dc010a08a92c45088c10b45d66f9d445b2363a4bef5018,S0000992,1,25,productive_iteration,True,True,False,False,False,,11.0
Final500,Final500_T000206,638fe255115c7185c6dc010a08a92c45088c10b45d66f9d445b2363a4bef5018,S0000993,10,15,productive_iteration,False,True,False,False,False,,6.0
Final500,Final500_T000206,638fe255115c7185c6dc010a08a92c45088c10b45d66f9d445b2363a4bef5018,S0000994,21,24,unproductive_cycle,False,False,True,False,False,,4.0
Final500,Final500_T000206,638fe255115c7185c6dc010a08a92c45088c10b45d66f9d445b2363a4bef5018,S0000995,26,79,productive_iteration,True,True,False,False,False,,1.0
Final500,Final500_T000206,638fe255115c7185c6dc010a08a92c45088c10b45d66f9d445b2363a4bef5018,S0000996,26,79,unproductive_cycle,False,False,True,False,False,,39.0
Final500,Final500_T000207,e699c33461de9fc213dc80ea67cf2de048a4065a9d9c943d5adcc603ea4ef6b3,S0000997,0,3,productive_iteration,False,True,False,False,False,,4.0
Final500,Final500_T000207,e699c33461de9fc213dc80ea67cf2de048a4065a9d9c943d5adcc603ea4ef6b3,S0000998,5,14,productive_iteration,True,True,False,False,False,,9.0
Final500,Final500_T000208,4be65b3bdf058b15b13921c32a5365fc55dba9ef6e4687eede80c2598ffd66a3,S0000999,0,14,productive_iteration,False,True,False,False,False,,14.0
Final500,Final500_T000209,9ba0e92c4dfe6869c16c9853b5d1d7c711e53eae7bf1b1e510f97f39b9f72ba0,S0001000,4,6,productive_iteration,False,True,False,False,False,,3.0
Final500,Final500_T000209,9ba0e92c4dfe6869c16c9853b5d1d7c711e53eae7bf1b1e510f97f39b9f72ba0,S0001001,0,3,productive_iteration,False,True,False,False,False,,4.0
Final500,Final500_T000209,9ba0e92c4dfe6869c16c9853b5d1d7c711e53eae7bf1b1e510f97f39b9f72ba0,S0001002,7,8,productive_iteration,False,True,False,False,False,,1.0
Final500,Final500_T000209,9ba0e92c4dfe6869c16c9853b5d1d7c711e53eae7bf1b1e510f97f39b9f72ba0,S0001003,16,197,unproductive_cycle,False,False,True,False,False,,174.0
Final500,Final500_T000210,07486f6a9bc2986546f11dddbb711e3034bfd220f6983588a4c873628451d658,S0001004,13,13,unproductive_cycle,False,False,True,False,False,,1.0
Final500,Final500_T000210,07486f6a9bc2986546f11dddbb711e3034bfd220f6983588a4c873628451d658,S0001005,4,12,productive_iteration,False,True,False,False,False,,7.0
Final500,Final500_T000210,07486f6a9bc2986546f11dddbb711e3034bfd220f6983588a4c873628451d658,S0001006,0,3,unproductive_cycle,False,False,True,False,False,,4.0
Final500,Final500_T000211,7f3b9722ca112642a1527033ddc0f30f800c5558abea252bdc08905192545749,S0001007,1,37,productive_iteration,True,True,False,False,False,,8.0
Final500,Final500_T000211,7f3b9722ca112642a1527033ddc0f30f800c5558abea252bdc08905192545749,S0001008,80,80,unproductive_cycle,False,False,True,False,False,,1.0
Final500,Final500_T000211,7f3b9722ca112642a1527033ddc0f30f800c5558abea252bdc08905192545749,S0001009,3,5,productive_iteration,False,True,False,False,False,,3.0
Final500,Final500_T000211,7f3b9722ca112642a1527033ddc0f30f800c5558abea252bdc08905192545749,S0001010,29,34,productive_iteration,True,True,False,False,False,,1.0
Final500,Final500_T000211,7f3b9722ca112642a1527033ddc0f30f800c5558abea252bdc08905192545749,S0001011,25,28,productive_iteration,True,True,False,False,False,,2.0
Final500,Final500_T000211,7f3b9722ca112642a1527033ddc0f30f800c5558abea252bdc08905192545749,S0001012,40,79,productive_iteration,True,True,False,False,False,,3.0
Final500,Final500_T000211,7f3b9722ca112642a1527033ddc0f30f800c5558abea252bdc08905192545749,S0001013,40,79,unproductive_cycle,False,False,True,False,False,,35.0
Final500,Final500_T000212,480669b63a6357f10bf7f3379130d165bbd674a2888720cc995e3fd7ed35d177,S0001014,14,14,unproductive_cycle,False,False,True,False,False,,1.0
Final500,Final500_T000212,480669b63a6357f10bf7f3379130d165bbd674a2888720cc995e3fd7ed35d177,S0001015,0,13,productive_iteration,False,True,False,False,False,,12.0
Final500,Final500_T000212,480669b63a6357f10bf7f3379130d165bbd674a2888720cc995e3fd7ed35d177,S0001016,15,17,productive_iteration,False,True,False,False,False,,3.0
Final500,Final500_T000213,77097fe3646f23956526fedfb65c410f4b1804be9006f5ec0cf4c3afba65d7a1,S0001017,7,7,unproductive_cycle,False,False,True,False,False,,1.0
Final500,Final500_T000213,77097fe3646f23956526fedfb65c410f4b1804be9006f5ec0cf4c3afba65d7a1,S0001018,0,6,productive_iteration,False,True,False,False,False,,7.0
Final500,Final500_T000213,77097fe3646f23956526fedfb65c410f4b1804be9006f5ec0cf4c3afba65d7a1,S0001019,8,18,productive_iteration,True,True,False,False,False,,10.0
Final500,Final500_T000213,77097fe3646f23956526fedfb65c410f4b1804be9006f5ec0cf4c3afba65d7a1,S0001020,8,18,unproductive_cycle,False,False,True,False,False,,1.0
Final500,Final500_T000214,26d96b74ffbbc61c08949e9765cd3a5ccc9e9f167fc9a4f193412a583aa2993b,S0001021,22,22,unproductive_cycle,False,False,True,False,False,,1.0
Final500,Final500_T000214,26d96b74ffbbc61c08949e9765cd3a5ccc9e9f167fc9a4f193412a583aa2993b,S0001022,0,21,productive_iteration,True,True,False,False,False,,21.0
Final500,Final500_T000214,26d96b74ffbbc61c08949e9765cd3a5ccc9e9f167fc9a4f193412a583aa2993b,S0001023,0,21,unproductive_cycle,False,False,True,False,False,,1.0
Final500,Final500_T000214,26d96b74ffbbc61c08949e9765cd3a5ccc9e9f167fc9a4f193412a583aa2993b,S0001024,23,25,productive_iteration,False,True,False,False,False,,1.0
Final500,Final500_T000215,d61b111a8b32bbdcef3891a382b5078ee65e33592f3ecf4b72ec8a6d23c7f305,S0001025,3,63,productive_iteration,True,True,False,False,False,,28.0
Final500,Final500_T000215,d61b111a8b32bbdcef3891a382b5078ee65e33592f3ecf4b72ec8a6d23c7f305,S0001026,88,91,productive_iteration,True,True,False,False,False,,4.0
Final500,Final500_T000215,d61b111a8b32bbdcef3891a382b5078ee65e33592f3ecf4b72ec8a6d23c7f305,S0001027,8,15,productive_iteration,False,True,False,False,False,,3.0
Final500,Final500_T000215,d61b111a8b32bbdcef3891a382b5078ee65e33592f3ecf4b72ec8a6d23c7f305,S0001028,19,23,productive_iteration,True,True,False,False,False,,5.0
Final500,Final500_T000215,d61b111a8b32bbdcef3891a382b5078ee65e33592f3ecf4b72ec8a6d23c7f305,S0001029,32,47,productive_iteration,True,True,False,False,False,,16.0
Final500,Final500_T000215,d61b111a8b32bbdcef3891a382b5078ee65e33592f3ecf4b72ec8a6d23c7f305,S0001030,64,87,productive_iteration,True,True,False,False,False,,16.0
Final500,Final500_T000216,fcf00d3a77b7bf7094fd398938948bffaba9ea35f64f99c8b27cf02edf1ce736,S0001031,9,27,productive_iteration,False,True,False,False,False,,6.0
Final500,Final500_T000216,fcf00d3a77b7bf7094fd398938948bffaba9ea35f64f99c8b27cf02edf1ce736,S0001032,28,89,unproductive_cycle,False,False,True,False,False,,21.0
Final500,Final500_T000216,fcf00d3a77b7bf7094fd398938948bffaba9ea35f64f99c8b27cf02edf1ce736,S0001033,20,23,productive_iteration,False,True,False,False,False,,4.0
Final500,Final500_T000216,fcf00d3a77b7bf7094fd398938948bffaba9ea35f64f99c8b27cf02edf1ce736,S0001034,35,39,unproductive_cycle,False,False,True,False,False,,5.0
Final500,Final500_T000216,fcf00d3a77b7bf7094fd398938948bffaba9ea35f64f99c8b27cf02edf1ce736,S0001035,52,57,unproductive_cycle,False,False,True,False,False,,2.0
Final500,Final500_T000216,fcf00d3a77b7bf7094fd398938948bffaba9ea35f64f99c8b27cf02edf1ce736,S0001036,59,64,unproductive_cycle,False,False,True,False,False,,6.0
Final500,Final500_T000216,fcf00d3a77b7bf7094fd398938948bffaba9ea35f64f99c8b27cf02edf1ce736,S0001037,66,68,unproductive_cycle,False,False,True,False,False,,3.0
Final500,Final500_T000216,fcf00d3a77b7bf7094fd398938948bffaba9ea35f64f99c8b27cf02edf1ce736,S0001038,84,88,unproductive_cycle,False,False,True,False,False,,5.0
Final500,Final500_T000217,9b0532f87fafad296ae937f475443cecb7b16757ff9fd16b20815b55d1079483,S0001039,23,35,productive_iteration,False,True,False,False,False,,7.0
Final500,Final500_T000217,9b0532f87fafad296ae937f475443cecb7b16757ff9fd16b20815b55d1079483,S0001040,10,11,unproductive_cycle,False,False,True,False,False,,2.0
Final500,Final500_T000217,9b0532f87fafad296ae937f475443cecb7b16757ff9fd16b20815b55d1079483,S0001041,12,19,productive_iteration,False,True,False,False,False,,5.0
Final500,Final500_T000217,9b0532f87fafad296ae937f475443cecb7b16757ff9fd16b20815b55d1079483,S0001042,33,34,productive_iteration,False,True,False,False,False,,2.0
Final500,Final500_T000217,9b0532f87fafad296ae937f475443cecb7b16757ff9fd16b20815b55d1079483,S0001043,30,32,productive_iteration,False,True,False,False,False,,1.0
Final500,Final500_T000218,d97d696848cb15ba469621ebfd9cde06adc1c04dfd3c65299edbda50d9bddf74,S0001044,4,4,unproductive_cycle,False,False,True,False,False,,1.0
Final500,Final500_T000218,d97d696848cb15ba469621ebfd9cde06adc1c04dfd3c65299edbda50d9bddf74,S0001045,0,3,productive_iteration,False,True,False,False,False,,4.0
Final500,Final500_T000218,d97d696848cb15ba469621ebfd9cde06adc1c04dfd3c65299edbda50d9bddf74,S0001046,5,17,productive_iteration,True,True,False,False,False,,12.0
Final500,Final500_T000219,8454f4b4a70f1a9ea7db43a1da683150597557427cd48af77c90be3a2058008e,S0001047,0,21,productive_iteration,False,True,False,False,False,,22.0
Final500,Final500_T000220,9f5a3f0aa84d148ee614e2eea68374c2799bbc0d93539ced9ad0dd052ddc65c5,S0001048,0,10,productive_iteration,False,True,False,False,False,,11.0
Final500,Final500_T000221,65449394a4e4f1e760e6b9fd527ee0f8df8cc0137f1b2033d4e4eda75b7e4f5f,S0001049,0,18,productive_iteration,True,True,False,False,False,,19.0
Final500,Final500_T000222,6047b70c98f21c1ea399736ccb2a19ecf69536356b3247efd8e9a9dca1c04eb9,S0001050,0,24,productive_iteration,True,True,False,False,False,,24.0
Final500,Final500_T000223,8e2117ad838feec01253f2130b5b317c4429e832b9ebb12b349fd586f576bc8f,S0001051,0,1,productive_iteration,False,True,False,False,False,,2.0
Final500,Final500_T000223,8e2117ad838feec01253f2130b5b317c4429e832b9ebb12b349fd586f576bc8f,S0001052,3,17,productive_iteration,False,True,False,False,False,,15.0
Final500,Final500_T000224,758227f685494826880e828cee8351e7293761a9d8ce3cc34bb11210ad9a16cc,S0001053,0,20,productive_iteration,False,True,False,False,False,,21.0
Final500,Final500_T000225,4e88fb3682c60871184002901612af2385e903c8081634ad068ab2a912ec2cdd,S0001054,18,19,productive_iteration,True,True,False,False,False,,2.0
Final500,Final500_T000225,4e88fb3682c60871184002901612af2385e903c8081634ad068ab2a912ec2cdd,S0001055,0,14,productive_iteration,True,True,False,False,False,,15.0
Final500,Final500_T000225,4e88fb3682c60871184002901612af2385e903c8081634ad068ab2a912ec2cdd,S0001056,16,17,productive_iteration,True,True,False,False,False,,2.0
Final500,Final500_T000225,4e88fb3682c60871184002901612af2385e903c8081634ad068ab2a912ec2cdd,S0001057,22,23,productive_iteration,False,True,False,False,False,,2.0
Final500,Final500_T000226,5e11ed6921d5feb169c5ba3d868034746975f286f005b969bae87688483e8aa5,S0001058,23,23,unproductive_cycle,False,False,True,False,False,,1.0
Final500,Final500_T000226,5e11ed6921d5feb169c5ba3d868034746975f286f005b969bae87688483e8aa5,S0001059,2,17,productive_iteration,False,True,False,False,False,,9.0
Final500,Final500_T000226,5e11ed6921d5feb169c5ba3d868034746975f286f005b969bae87688483e8aa5,S0001060,2,17,unproductive_cycle,False,False,True,False,False,,7.0
Final500,Final500_T000226,5e11ed6921d5feb169c5ba3d868034746975f286f005b969bae87688483e8aa5,S0001061,18,22,unproductive_cycle,False,False,True,False,False,,5.0
Final500,Final500_T000226,5e11ed6921d5feb169c5ba3d868034746975f286f005b969bae87688483e8aa5,S0001062,24,93,unproductive_cycle,False,False,True,False,False,,70.0
Final500,Final500_T000227,3699b79cca55ba52d3d0ee2fde0cca76034b6c5344577636e0e3f96c0beb1719,S0001063,0,11,productive_iteration,True,True,False,False,False,,12.0
Final500,Final500_T000227,3699b79cca55ba52d3d0ee2fde0cca76034b6c5344577636e0e3f96c0beb1719,S0001064,13,16,productive_iteration,True,True,False,False,False,,4.0
Final500,Final500_T000228,5f232a26be86cdf98beb7fc9acd297924f9a8745f33e7d946f04e4ec9069a207,S0001065,4,10,productive_iteration,False,True,False,False,False,,2.0
Final500,Final500_T000228,5f232a26be86cdf98beb7fc9acd297924f9a8745f33e7d946f04e4ec9069a207,S0001066,0,3,productive_iteration,False,True,False,False,False,,4.0
Final500,Final500_T000228,5f232a26be86cdf98beb7fc9acd297924f9a8745f33e7d946f04e4ec9069a207,S0001067,5,9,productive_iteration,False,True,False,False,False,,5.0
Final500,Final500_T000228,5f232a26be86cdf98beb7fc9acd297924f9a8745f33e7d946f04e4ec9069a207,S0001068,11,16,productive_iteration,True,True,False,False,False,,6.0
Final500,Final500_T000229,5ead77e2a56545c9ac4a3276f517180d29b35187bd877c47b268f526a46057aa,S0001069,0,10,productive_iteration,True,True,False,False,False,,11.0
Final500,Final500_T000230,dbcbb891bf6b509f2a147a39ca074c1e6f8302b79342a3d2d6434cf6f1ce825a,S0001070,0,10,productive_iteration,False,True,False,False,False,,11.0
Final500,Final500_T000231,70fb3484fc181a997ce104f74cbeadc63037c15eef977dc29554feb9046e5b43,S0001071,15,16,productive_iteration,True,True,False,False,False,,2.0
Final500,Final500_T000231,70fb3484fc181a997ce104f74cbeadc63037c15eef977dc29554feb9046e5b43,S0001072,0,14,productive_iteration,True,True,False,False,False,,14.0
Final500,Final500_T000232,ac520bce23c0062ec3064a56f494e9901a7a4d7cf5780cf626b9d02b7b0c8c25,S0001073,0,15,productive_iteration,False,True,False,False,False,,15.0
Final500,Final500_T000233,fea304bbe976afd7079b5725a7e3e8e7b9e7275a8277224d7d43b4a503bd7f08,S0001074,0,9,productive_iteration,False,True,False,False,False,,10.0
Final500,Final500_T000233,fea304bbe976afd7079b5725a7e3e8e7b9e7275a8277224d7d43b4a503bd7f08,S0001075,11,20,productive_iteration,True,True,False,False,False,,8.0
Final500,Final500_T000234,b6593e2dd0f02aabcf3e2cc733138ebcb7ea2ccd41d493480a0d65fae14aeede,S0001076,0,23,productive_iteration,False,True,False,False,False,,24.0
Final500,Final500_T000235,95fd6353738fcc1b75c7f3b939a52b2ede35d32dc4b8b99cea63d3b5ad2e0904,S0001077,7,21,productive_iteration,False,True,False,False,False,,5.0
Final500,Final500_T000235,95fd6353738fcc1b75c7f3b939a52b2ede35d32dc4b8b99cea63d3b5ad2e0904,S0001078,8,11,productive_iteration,True,True,False,False,False,,1.0
Final500,Final500_T000235,95fd6353738fcc1b75c7f3b939a52b2ede35d32dc4b8b99cea63d3b5ad2e0904,S0001079,23,28,unproductive_cycle,False,False,True,False,False,,5.0
Final500,Final500_T000236,0c6ba5bfd848acb54396132c93b391a508f5d357dcd2ce7750cecab695b59d78,S0001080,15,15,unproductive_cycle,False,False,True,False,False,,1.0
Final500,Final500_T000236,0c6ba5bfd848acb54396132c93b391a508f5d357dcd2ce7750cecab695b59d78,S0001081,0,14,productive_iteration,False,True,False,False,False,,13.0
Final500,Final500_T000236,0c6ba5bfd848acb54396132c93b391a508f5d357dcd2ce7750cecab695b59d78,S0001082,0,14,unproductive_cycle,False,False,True,False,False,,2.0
Final500,Final500_T000236,0c6ba5bfd848acb54396132c93b391a508f5d357dcd2ce7750cecab695b59d78,S0001083,16,21,productive_iteration,False,True,False,False,False,,6.0
Final500,Final500_T000237,ef9052a3ff8872bc0320bafe99a0e773d2ac728426d21018909aab1d30c28428,S0001084,0,14,productive_iteration,True,True,False,False,False,,15.0
Final500,Final500_T000238,517d3ab95063333c2ed3355af550dd8a4eda7962921ad93e0ad7c3d944d8a8e1,S0001085,0,4,productive_iteration,False,True,False,False,False,,5.0
Final500,Final500_T000238,517d3ab95063333c2ed3355af550dd8a4eda7962921ad93e0ad7c3d944d8a8e1,S0001086,6,25,productive_iteration,False,True,False,False,False,,18.0
Final500,Final500_T000238,517d3ab95063333c2ed3355af550dd8a4eda7962921ad93e0ad7c3d944d8a8e1,S0001087,6,25,unproductive_cycle,False,False,True,False,False,,1.0
Final500,Final500_T000239,d32662efcf1e607558f01387fc30d678bdb15bf1fa806acd93ee2122df244d2b,S0001088,0,11,productive_iteration,False,True,False,False,False,,12.0
Final500,Final500_T000240,8ce045f373ae371caf420afe00a9ce3fb444cf56ca5fd149808a6d26adb61fb1,S0001089,0,9,productive_iteration,True,True,False,False,False,,10.0
Final500,Final500_T000241,6ceedd7311f2f7798630d08dae152ac91029c6c99ab5c25f8ea6fd3aec23362e,S0001090,1,1,productive_iteration,False,True,False,False,False,,1.0
Final500,Final500_T000241,6ceedd7311f2f7798630d08dae152ac91029c6c99ab5c25f8ea6fd3aec23362e,S0001091,71,71,unproductive_cycle,False,False,True,False,False,,1.0
Final500,Final500_T000241,6ceedd7311f2f7798630d08dae152ac91029c6c99ab5c25f8ea6fd3aec23362e,S0001092,8,70,unproductive_cycle,False,False,True,False,False,,58.0
Final500,Final500_T000241,6ceedd7311f2f7798630d08dae152ac91029c6c99ab5c25f8ea6fd3aec23362e,S0001093,72,185,unproductive_cycle,False,False,True,False,False,,102.0
Final500,Final500_T000242,d6534c3a644e21b244fc6ea61b1f97c12960d070ece1adcd23c95d4c33f825c3,S0001094,0,12,productive_iteration,True,True,False,False,False,,13.0
Final500,Final500_T000243,8e9cf62559d786adfdf9bcf54fa1087734cead222adcc634ea04b4bf5461976e,S0001095,0,24,productive_iteration,False,True,False,False,False,,20.0
Final500,Final500_T000243,8e9cf62559d786adfdf9bcf54fa1087734cead222adcc634ea04b4bf5461976e,S0001096,0,24,unproductive_cycle,False,False,True,False,False,,5.0
Final500,Final500_T000244,ef4ae9f115cce30e4b0d69fcbe3a72a70be8941648e4266d46773229e24f3ebb,S0001097,0,18,productive_iteration,True,True,False,False,False,,19.0
Final500,Final500_T000245,78aca2d346f01166d7b08e25cadd43fef633728ad0ddc29b6ff1f10bf9a2aee0,S0001098,0,11,productive_iteration,False,True,False,False,False,,10.0
Final500,Final500_T000245,78aca2d346f01166d7b08e25cadd43fef633728ad0ddc29b6ff1f10bf9a2aee0,S0001099,0,11,unproductive_cycle,False,False,True,False,False,,1.0
Final500,Final500_T000246,9ec9863677ccf44a11af76deeae121ed05d567a89b0caa901491bf552ce27ac3,S0001100,14,14,productive_iteration,True,True,False,False,False,,1.0
Final500,Final500_T000246,9ec9863677ccf44a11af76deeae121ed05d567a89b0caa901491bf552ce27ac3,S0001101,0,6,productive_iteration,False,True,False,False,False,,7.0
Final500,Final500_T000246,9ec9863677ccf44a11af76deeae121ed05d567a89b0caa901491bf552ce27ac3,S0001102,8,13,productive_iteration,False,True,False,False,False,,6.0
Final500,Final500_T000246,9ec9863677ccf44a11af76deeae121ed05d567a89b0caa901491bf552ce27ac3,S0001103,15,18,productive_iteration,True,True,False,False,False,,4.0
Final500,Final500_T000247,46726e9677a2d2284379439bedfae97327d802430bee6b09e039eff7d8cda654,S0001104,0,20,productive_iteration,True,True,False,False,False,,18.0
Final500,Final500_T000247,46726e9677a2d2284379439bedfae97327d802430bee6b09e039eff7d8cda654,S0001105,0,20,unproductive_cycle,False,False,True,False,False,,1.0
Final500,Final500_T000248,a4ec8ba4c97302638c24badb9709c83780f08a74375030987916b43bf6d4f138,S0001106,12,30,productive_iteration,False,True,False,False,False,,7.0
Final500,Final500_T000248,a4ec8ba4c97302638c24badb9709c83780f08a74375030987916b43bf6d4f138,S0001107,9,20,unproductive_cycle,False,False,True,False,False,,5.0
Final500,Final500_T000248,a4ec8ba4c97302638c24badb9709c83780f08a74375030987916b43bf6d4f138,S0001108,21,23,unproductive_cycle,False,False,True,False,False,,2.0
Final500,Final500_T000248,a4ec8ba4c97302638c24badb9709c83780f08a74375030987916b43bf6d4f138,S0001109,25,29,unproductive_cycle,False,False,True,False,False,,5.0
Final500,Final500_T000249,5031b809d5ad225b994967f5ef5fd5751b9959d1ce3b16d4030607bcd97e9e5c,S0001110,12,25,productive_iteration,True,True,False,False,False,,9.0
Final500,Final500_T000249,5031b809d5ad225b994967f5ef5fd5751b9959d1ce3b16d4030607bcd97e9e5c,S0001111,0,4,productive_iteration,False,True,False,False,False,,5.0
Final500,Final500_T000249,5031b809d5ad225b994967f5ef5fd5751b9959d1ce3b16d4030607bcd97e9e5c,S0001112,6,11,productive_iteration,True,True,False,False,False,,6.0
Final500,Final500_T000249,5031b809d5ad225b994967f5ef5fd5751b9959d1ce3b16d4030607bcd97e9e5c,S0001113,26,33,productive_iteration,True,True,False,False,False,,1.0
Final500,Final500_T000250,24cf34dd11a5cfa2fd99783ed3d625771c5c5d022ae9a62940d1c279af055c2c,S0001114,0,26,productive_iteration,True,True,False,False,False,,9.0
Final500,Final500_T000250,24cf34dd11a5cfa2fd99783ed3d625771c5c5d022ae9a62940d1c279af055c2c,S0001115,14,19,productive_iteration,True,True,False,False,False,,2.0
Final500,Final500_T000250,24cf34dd11a5cfa2fd99783ed3d625771c5c5d022ae9a62940d1c279af055c2c,S0001116,14,19,unproductive_cycle,False,False,True,False,False,,4.0
Final500,Final500_T000251,2886e8b9e89effb2bb5b2f14cddd88e20ef4fcf1de092708d9fc2a3a0024bc31,S0001117,18,18,unproductive_cycle,False,False,True,False,False,,1.0
Final500,Final500_T000251,2886e8b9e89effb2bb5b2f14cddd88e20ef4fcf1de092708d9fc2a3a0024bc31,S0001118,0,17,productive_iteration,True,True,False,False,False,,18.0
Final500,Final500_T000251,2886e8b9e89effb2bb5b2f14cddd88e20ef4fcf1de092708d9fc2a3a0024bc31,S0001119,19,21,productive_iteration,True,True,False,False,False,,3.0
Final500,Final500_T000252,3f59899ea39e58facb8cb1281deeff3f203a6b307ccf450376b20440cfd44fdf,S0001120,9,9,unproductive_cycle,False,False,True,False,False,,1.0
Final500,Final500_T000252,3f59899ea39e58facb8cb1281deeff3f203a6b307ccf450376b20440cfd44fdf,S0001121,0,8,productive_iteration,False,True,False,False,False,,9.0
Final500,Final500_T000252,3f59899ea39e58facb8cb1281deeff3f203a6b307ccf450376b20440cfd44fdf,S0001122,10,19,productive_iteration,True,True,False,False,False,,10.0
Final500,Final500_T000253,30e7c5ecbf72b8e8966969bef58628b4d9c371b1d332576329b3324d394526f6,S0001123,8,8,unproductive_cycle,False,False,True,False,False,,1.0
Final500,Final500_T000253,30e7c5ecbf72b8e8966969bef58628b4d9c371b1d332576329b3324d394526f6,S0001124,0,7,productive_iteration,False,True,False,False,False,,6.0
Final500,Final500_T000253,30e7c5ecbf72b8e8966969bef58628b4d9c371b1d332576329b3324d394526f6,S0001125,9,23,productive_iteration,True,True,False,False,False,,15.0
Final500,Final500_T000254,6fc2bf0243c4d2026955369f1e88718aeb6bb4555649557a14002f64b8f254bb,S0001126,31,38,productive_iteration,True,True,False,False,False,,3.0
Final500,Final500_T000254,6fc2bf0243c4d2026955369f1e88718aeb6bb4555649557a14002f64b8f254bb,S0001127,21,104,unproductive_cycle,False,False,True,False,False,,8.0
Final500,Final500_T000254,6fc2bf0243c4d2026955369f1e88718aeb6bb4555649557a14002f64b8f254bb,S0001128,17,19,unproductive_cycle,False,False,True,False,False,,3.0
Final500,Final500_T000254,6fc2bf0243c4d2026955369f1e88718aeb6bb4555649557a14002f64b8f254bb,S0001129,39,103,unproductive_cycle,False,False,True,False,False,,63.0
Final500,Final500_T000255,89ccf18fb9bc63373a29ec624d9438e45e629fe70a76793bd5601dc7e189c285,S0001130,8,30,productive_iteration,True,True,False,False,False,,7.0
Final500,Final500_T000255,89ccf18fb9bc63373a29ec624d9438e45e629fe70a76793bd5601dc7e189c285,S0001131,11,36,unproductive_cycle,False,False,True,False,False,,11.0
Final500,Final500_T000255,89ccf18fb9bc63373a29ec624d9438e45e629fe70a76793bd5601dc7e189c285,S0001132,25,27,productive_iteration,False,True,False,False,False,,3.0
Final500,Final500_T000256,cc60edee6d05af8649cd3c08af915e82b5755ce951056e6f3387d200c5e2e804,S0001133,13,13,unproductive_cycle,False,False,True,False,False,,1.0
Final500,Final500_T000256,cc60edee6d05af8649cd3c08af915e82b5755ce951056e6f3387d200c5e2e804,S0001134,0,12,productive_iteration,True,True,False,False,False,,12.0
Final500,Final500_T000256,cc60edee6d05af8649cd3c08af915e82b5755ce951056e6f3387d200c5e2e804,S0001135,0,12,unproductive_cycle,False,False,True,False,False,,1.0
Final500,Final500_T000256,cc60edee6d05af8649cd3c08af915e82b5755ce951056e6f3387d200c5e2e804,S0001136,14,27,productive_iteration,True,True,False,False,False,,13.0
Final500,Final500_T000256,cc60edee6d05af8649cd3c08af915e82b5755ce951056e6f3387d200c5e2e804,S0001137,14,27,unproductive_cycle,False,False,True,False,False,,1.0
Final500,Final500_T000257,794efee157f2d7cae2a7dfe2fc4086fdadb50931c0d3bce68b9d91003bac5ca6,S0001138,0,17,productive_iteration,False,True,False,False,False,,3.0
Final500,Final500_T000257,794efee157f2d7cae2a7dfe2fc4086fdadb50931c0d3bce68b9d91003bac5ca6,S0001139,19,85,unproductive_cycle,False,False,True,False,False,,41.0
Final500,Final500_T000257,794efee157f2d7cae2a7dfe2fc4086fdadb50931c0d3bce68b9d91003bac5ca6,S0001140,6,16,productive_iteration,False,True,False,False,False,,1.0
Final500,Final500_T000257,794efee157f2d7cae2a7dfe2fc4086fdadb50931c0d3bce68b9d91003bac5ca6,S0001141,37,38,unproductive_cycle,False,False,True,False,False,,1.0
Final500,Final500_T000257,794efee157f2d7cae2a7dfe2fc4086fdadb50931c0d3bce68b9d91003bac5ca6,S0001142,48,49,unproductive_cycle,False,False,True,False,False,,2.0
Final500,Final500_T000257,794efee157f2d7cae2a7dfe2fc4086fdadb50931c0d3bce68b9d91003bac5ca6,S0001143,53,54,unproductive_cycle,False,False,True,False,False,,2.0
Final500,Final500_T000257,794efee157f2d7cae2a7dfe2fc4086fdadb50931c0d3bce68b9d91003bac5ca6,S0001144,75,76,unproductive_cycle,False,False,True,False,False,,2.0
Final500,Final500_T000258,aaa91ea21abb9d848815bf818a75f767b9dde9cb147bcdba6fc33dd78c34a785,S0001145,21,87,productive_iteration,True,True,False,False,False,,3.0
Final500,Final500_T000258,aaa91ea21abb9d848815bf818a75f767b9dde9cb147bcdba6fc33dd78c34a785,S0001146,17,85,unproductive_cycle,False,False,True,False,False,,26.0
Final500,Final500_T000258,aaa91ea21abb9d848815bf818a75f767b9dde9cb147bcdba6fc33dd78c34a785,S0001147,1,16,productive_iteration,True,True,False,False,False,,8.0
Final500,Final500_T000258,aaa91ea21abb9d848815bf818a75f767b9dde9cb147bcdba6fc33dd78c34a785,S0001148,69,70,unproductive_cycle,False,False,True,False,False,,1.0
Final500,Final500_T000258,aaa91ea21abb9d848815bf818a75f767b9dde9cb147bcdba6fc33dd78c34a785,S0001149,88,89,productive_iteration,False,True,False,False,False,,1.0
Final500,Final500_T000258,aaa91ea21abb9d848815bf818a75f767b9dde9cb147bcdba6fc33dd78c34a785,S0001150,22,33,productive_iteration,True,True,False,False,False,,3.0
Final500,Final500_T000258,aaa91ea21abb9d848815bf818a75f767b9dde9cb147bcdba6fc33dd78c34a785,S0001151,22,33,unproductive_cycle,False,False,True,False,False,,9.0
Final500,Final500_T000258,aaa91ea21abb9d848815bf818a75f767b9dde9cb147bcdba6fc33dd78c34a785,S0001152,41,43,unproductive_cycle,False,False,True,False,False,,3.0
Final500,Final500_T000258,aaa91ea21abb9d848815bf818a75f767b9dde9cb147bcdba6fc33dd78c34a785,S0001153,46,53,unproductive_cycle,False,False,True,False,False,,6.0
Final500,Final500_T000258,aaa91ea21abb9d848815bf818a75f767b9dde9cb147bcdba6fc33dd78c34a785,S0001154,55,57,unproductive_cycle,False,False,True,False,False,,3.0
Final500,Final500_T000258,aaa91ea21abb9d848815bf818a75f767b9dde9cb147bcdba6fc33dd78c34a785,S0001155,61,63,unproductive_cycle,False,False,True,False,False,,3.0
Final500,Final500_T000258,aaa91ea21abb9d848815bf818a75f767b9dde9cb147bcdba6fc33dd78c34a785,S0001156,66,68,unproductive_cycle,False,False,True,False,False,,3.0
Final500,Final500_T000258,aaa91ea21abb9d848815bf818a75f767b9dde9cb147bcdba6fc33dd78c34a785,S0001157,75,79,unproductive_cycle,False,False,True,False,False,,5.0
Final500,Final500_T000259,672564493ce77a06ffb357db8ac6451ad05e31d33ca22bc31546d3f6acc43c5b,S0001158,0,13,productive_iteration,True,True,False,False,False,,13.0
Final500,Final500_T000260,93857d2528cad7ef6b28546a1345e5239bc2bcc65f0b177dfaa2b27eecf6a0d8,S0001159,0,14,productive_iteration,True,True,False,False,False,,12.0
Final500,Final500_T000260,93857d2528cad7ef6b28546a1345e5239bc2bcc65f0b177dfaa2b27eecf6a0d8,S0001160,0,14,unproductive_cycle,False,False,True,False,False,,1.0
Final500,Final500_T000261,bb00ed1e39a514c3da40db00400d7fcce8c497073ae979b2062afef2ae1ac142,S0001161,8,10,productive_iteration,False,True,False,False,False,,2.0
Final500,Final500_T000261,bb00ed1e39a514c3da40db00400d7fcce8c497073ae979b2062afef2ae1ac142,S0001162,28,33,unproductive_cycle,False,False,True,False,False,,2.0
Final500,Final500_T000261,bb00ed1e39a514c3da40db00400d7fcce8c497073ae979b2062afef2ae1ac142,S0001163,11,27,productive_iteration,True,True,False,False,False,,13.0
Final500,Final500_T000261,bb00ed1e39a514c3da40db00400d7fcce8c497073ae979b2062afef2ae1ac142,S0001164,11,27,unproductive_cycle,False,False,True,False,False,,3.0
Final500,Final500_T000261,bb00ed1e39a514c3da40db00400d7fcce8c497073ae979b2062afef2ae1ac142,S0001165,29,32,productive_iteration,True,True,False,False,False,,4.0
Final500,Final500_T000261,bb00ed1e39a514c3da40db00400d7fcce8c497073ae979b2062afef2ae1ac142,S0001166,34,38,productive_iteration,True,True,False,False,False,,3.0
Final500,Final500_T000262,76df1536ad523e855200a1cbc9e4785c78d05e952533b392f1767aff7b33e782,S0001167,15,35,productive_iteration,True,True,False,False,False,,6.0
Final500,Final500_T000262,76df1536ad523e855200a1cbc9e4785c78d05e952533b392f1767aff7b33e782,S0001168,32,33,unproductive_cycle,False,False,True,False,False,,2.0
Final500,Final500_T000262,76df1536ad523e855200a1cbc9e4785c78d05e952533b392f1767aff7b33e782,S0001169,36,39,productive_iteration,False,True,False,False,False,,1.0
Final500,Final500_T000262,76df1536ad523e855200a1cbc9e4785c78d05e952533b392f1767aff7b33e782,S0001170,36,39,unproductive_cycle,False,False,True,False,False,,2.0
Final500,Final500_T000263,ef5a30b7c8021b94fd7cbac1daec56f9a64e59c088cd312267ec58eb031b401b,S0001171,0,10,productive_iteration,True,True,False,False,False,,10.0
Final500,Final500_T000264,1dac5b94e803eb5005b44c285375dbc9acc844aeea4ec6fdcad6690f859be88a,S0001172,8,8,productive_iteration,False,True,False,False,False,,1.0
Final500,Final500_T000264,1dac5b94e803eb5005b44c285375dbc9acc844aeea4ec6fdcad6690f859be88a,S0001173,0,7,productive_iteration,False,True,False,False,False,,7.0
Final500,Final500_T000264,1dac5b94e803eb5005b44c285375dbc9acc844aeea4ec6fdcad6690f859be88a,S0001174,9,24,productive_iteration,False,True,False,False,False,,15.0
Final500,Final500_T000265,a8d38677a2ce6d5b2ce59b950d8433153d1f5c2322f2820df0ba1f23976e4d4c,S0001175,0,13,productive_iteration,True,True,False,False,False,,14.0
Final500,Final500_T000266,ecedf1bffcf17194e6d4d9c80b33af0b82a366fa7d4fba0d0d2ac9e54702f006,S0001176,9,9,productive_iteration,True,True,False,False,False,,1.0
Final500,Final500_T000266,ecedf1bffcf17194e6d4d9c80b33af0b82a366fa7d4fba0d0d2ac9e54702f006,S0001177,0,8,productive_iteration,True,True,False,False,False,,8.0
Final500,Final500_T000266,ecedf1bffcf17194e6d4d9c80b33af0b82a366fa7d4fba0d0d2ac9e54702f006,S0001178,10,11,productive_iteration,False,True,False,False,False,,2.0
Final500,Final500_T000267,3b7c71f8354a34fb909c463518273d9d52f4f1682dc8f63a9786325f7a8bc86b,S0001179,7,35,productive_iteration,False,True,False,False,False,,5.0
Final500,Final500_T000267,3b7c71f8354a34fb909c463518273d9d52f4f1682dc8f63a9786325f7a8bc86b,S0001180,31,34,unproductive_cycle,False,False,True,False,False,,4.0
Final500,Final500_T000267,3b7c71f8354a34fb909c463518273d9d52f4f1682dc8f63a9786325f7a8bc86b,S0001181,0,2,productive_iteration,False,True,False,False,False,,3.0
Final500,Final500_T000267,3b7c71f8354a34fb909c463518273d9d52f4f1682dc8f63a9786325f7a8bc86b,S0001182,4,5,productive_iteration,False,True,False,False,False,,2.0
Final500,Final500_T000267,3b7c71f8354a34fb909c463518273d9d52f4f1682dc8f63a9786325f7a8bc86b,S0001183,12,29,productive_iteration,False,True,False,False,False,,6.0
Final500,Final500_T000268,b76d8a2dd4d0016e58d947d41bd914e962f8b32fd1c08dffec8f5545364f47fc,S0001184,0,14,productive_iteration,True,True,False,False,False,,14.0
Final500,Final500_T000269,53d3a65376f4b9c1db17c330e07c9d329c9d81ca850f593088ac857716a76cf1,S0001185,0,14,productive_iteration,True,True,False,False,False,,15.0
Final500,Final500_T000269,53d3a65376f4b9c1db17c330e07c9d329c9d81ca850f593088ac857716a76cf1,S0001186,16,22,productive_iteration,True,True,False,False,False,,7.0
Final500,Final500_T000269,53d3a65376f4b9c1db17c330e07c9d329c9d81ca850f593088ac857716a76cf1,S0001187,23,42,productive_iteration,False,True,False,False,False,,1.0
Final500,Final500_T000269,53d3a65376f4b9c1db17c330e07c9d329c9d81ca850f593088ac857716a76cf1,S0001188,23,42,unproductive_cycle,False,False,True,False,False,,19.0
Final500,Final500_T000270,5883cbf3204c913c348d84a450fc45abc5d8d6df5460fbf9a4807df87fa020b0,S0001189,0,14,productive_iteration,False,True,False,False,False,,15.0
Final500,Final500_T000271,8f326e0996a64a359e39b8c7ec9d7ed5563601ec6e7a34b6fa5bbf2ed1a5258f,S0001190,0,8,productive_iteration,False,True,False,False,False,,9.0
Final500,Final500_T000272,06ac6b42e35f3a7dc08a7664ae648ebdf240a9ed2b3fd9dde4dbb017a3628f91,S0001191,0,8,productive_iteration,True,True,False,False,False,,9.0
Final500,Final500_T000273,c5eb83a933d7ea587f8cf6adf4ed053698de484c30c7def6a84b19a7b3c7a2c8,S0001192,0,8,productive_iteration,False,True,False,False,False,,9.0
Final500,Final500_T000274,6471eb08fedf5bd3f3efad7044a764d4af4846b77c262fbc753feb0d7fb6067b,S0001193,5,43,productive_iteration,True,True,False,False,False,,15.0
Final500,Final500_T000274,6471eb08fedf5bd3f3efad7044a764d4af4846b77c262fbc753feb0d7fb6067b,S0001194,48,49,unproductive_cycle,False,False,True,False,False,,2.0
Final500,Final500_T000274,6471eb08fedf5bd3f3efad7044a764d4af4846b77c262fbc753feb0d7fb6067b,S0001195,38,40,productive_iteration,False,True,False,False,False,,3.0
Final500,Final500_T000274,6471eb08fedf5bd3f3efad7044a764d4af4846b77c262fbc753feb0d7fb6067b,S0001196,44,45,productive_iteration,False,True,False,False,False,,2.0
Final500,Final500_T000274,6471eb08fedf5bd3f3efad7044a764d4af4846b77c262fbc753feb0d7fb6067b,S0001197,17,20,productive_iteration,False,True,False,False,False,,2.0
Final500,Final500_T000274,6471eb08fedf5bd3f3efad7044a764d4af4846b77c262fbc753feb0d7fb6067b,S0001198,17,20,unproductive_cycle,False,False,True,False,False,,2.0
Final500,Final500_T000275,c85357c7baa8b1cdd5834109e51d84ce7a324b08e3332615eeae3a5eb8b70461,S0001199,0,7,productive_iteration,False,True,False,False,False,,7.0
Final500,Final500_T000275,c85357c7baa8b1cdd5834109e51d84ce7a324b08e3332615eeae3a5eb8b70461,S0001200,8,10,productive_iteration,False,True,False,False,False,,1.0
Final500,Final500_T000276,cda687d4a95b38482ce41270643c01ec662951d32c2260e73bdd0a3b0f86b0b5,S0001201,0,63,productive_iteration,True,True,False,False,False,,17.0
Final500,Final500_T000276,cda687d4a95b38482ce41270643c01ec662951d32c2260e73bdd0a3b0f86b0b5,S0001202,40,79,unproductive_cycle,False,False,True,False,False,,11.0
Final500,Final500_T000276,cda687d4a95b38482ce41270643c01ec662951d32c2260e73bdd0a3b0f86b0b5,S0001203,3,4,productive_iteration,False,True,False,False,False,,2.0
Final500,Final500_T000276,cda687d4a95b38482ce41270643c01ec662951d32c2260e73bdd0a3b0f86b0b5,S0001204,48,50,unproductive_cycle,False,False,True,False,False,,1.0
Final500,Final500_T000276,cda687d4a95b38482ce41270643c01ec662951d32c2260e73bdd0a3b0f86b0b5,S0001205,52,55,unproductive_cycle,False,False,True,False,False,,1.0
Final500,Final500_T000276,cda687d4a95b38482ce41270643c01ec662951d32c2260e73bdd0a3b0f86b0b5,S0001206,64,66,productive_iteration,False,True,False,False,False,,2.0
Final500,Final500_T000276,cda687d4a95b38482ce41270643c01ec662951d32c2260e73bdd0a3b0f86b0b5,S0001207,16,18,productive_iteration,True,True,False,False,False,,3.0
Final500,Final500_T000276,cda687d4a95b38482ce41270643c01ec662951d32c2260e73bdd0a3b0f86b0b5,S0001208,58,62,productive_iteration,False,True,False,False,False,,3.0
Final500,Final500_T000276,cda687d4a95b38482ce41270643c01ec662951d32c2260e73bdd0a3b0f86b0b5,S0001209,58,62,unproductive_cycle,False,False,True,False,False,,2.0
Final500,Final500_T000276,cda687d4a95b38482ce41270643c01ec662951d32c2260e73bdd0a3b0f86b0b5,S0001210,67,69,unproductive_cycle,False,False,True,False,False,,2.0
Final500,Final500_T000277,a65785795a0482d1e665fbd2d746094d59750ca6e7272803e182fc801e8e17f1,S0001211,0,10,productive_iteration,False,True,False,False,False,,11.0
Final500,Final500_T000278,19aec8091ee168b0c1e07a1b9ebea787c254d686226dbd9f95150f509fc88a1f,S0001212,20,34,productive_iteration,True,True,False,False,False,,7.0
Final500,Final500_T000278,19aec8091ee168b0c1e07a1b9ebea787c254d686226dbd9f95150f509fc88a1f,S0001213,46,46,unproductive_cycle,False,False,True,False,False,,1.0
Final500,Final500_T000278,19aec8091ee168b0c1e07a1b9ebea787c254d686226dbd9f95150f509fc88a1f,S0001214,0,19,productive_iteration,True,True,False,False,False,,19.0
Final500,Final500_T000278,19aec8091ee168b0c1e07a1b9ebea787c254d686226dbd9f95150f509fc88a1f,S0001215,25,26,productive_iteration,False,True,False,False,False,,2.0
Final500,Final500_T000278,19aec8091ee168b0c1e07a1b9ebea787c254d686226dbd9f95150f509fc88a1f,S0001216,28,32,productive_iteration,False,True,False,False,False,,5.0
Final500,Final500_T000278,19aec8091ee168b0c1e07a1b9ebea787c254d686226dbd9f95150f509fc88a1f,S0001217,35,45,productive_iteration,True,True,False,False,False,,1.0
Final500,Final500_T000278,19aec8091ee168b0c1e07a1b9ebea787c254d686226dbd9f95150f509fc88a1f,S0001218,35,45,unproductive_cycle,False,False,True,False,False,,10.0
Final500,Final500_T000278,19aec8091ee168b0c1e07a1b9ebea787c254d686226dbd9f95150f509fc88a1f,S0001219,47,100,unproductive_cycle,False,False,True,False,False,,54.0
Final500,Final500_T000279,e8c6d1b99d2471bb052724e13ab0150daaaee65ca23df0afc3ac8526e075e118,S0001220,0,14,productive_iteration,False,True,False,False,False,,15.0
Final500,Final500_T000280,76ba3e0b1ccc4787fdb13e513f98a6639078165ce76eecedf11637fbf8156aa0,S0001221,12,72,productive_iteration,True,True,False,False,False,,23.0
Final500,Final500_T000280,76ba3e0b1ccc4787fdb13e513f98a6639078165ce76eecedf11637fbf8156aa0,S0001222,28,88,unproductive_cycle,False,False,True,False,False,,17.0
Final500,Final500_T000280,76ba3e0b1ccc4787fdb13e513f98a6639078165ce76eecedf11637fbf8156aa0,S0001223,31,38,unproductive_cycle,False,False,True,False,False,,8.0
Final500,Final500_T000280,76ba3e0b1ccc4787fdb13e513f98a6639078165ce76eecedf11637fbf8156aa0,S0001224,48,60,unproductive_cycle,False,False,True,False,False,,13.0
Final500,Final500_T000280,76ba3e0b1ccc4787fdb13e513f98a6639078165ce76eecedf11637fbf8156aa0,S0001225,80,87,unproductive_cycle,False,False,True,False,False,,8.0
Final500,Final500_T000281,225dbcd14bd0ee965e5fa7a35021fa9dec3457ac6c19a8d0e89d1aa99f1a8916,S0001226,2,47,productive_iteration,True,True,False,False,False,,12.0
Final500,Final500_T000281,225dbcd14bd0ee965e5fa7a35021fa9dec3457ac6c19a8d0e89d1aa99f1a8916,S0001227,21,21,unproductive_cycle,False,False,True,False,False,,1.0
Final500,Final500_T000281,225dbcd14bd0ee965e5fa7a35021fa9dec3457ac6c19a8d0e89d1aa99f1a8916,S0001228,22,25,productive_iteration,False,True,False,False,False,,1.0
Final500,Final500_T000281,225dbcd14bd0ee965e5fa7a35021fa9dec3457ac6c19a8d0e89d1aa99f1a8916,S0001229,22,25,unproductive_cycle,False,False,True,False,False,,1.0
Final500,Final500_T000281,225dbcd14bd0ee965e5fa7a35021fa9dec3457ac6c19a8d0e89d1aa99f1a8916,S0001230,34,36,productive_iteration,True,True,False,False,False,,2.0
Final500,Final500_T000281,225dbcd14bd0ee965e5fa7a35021fa9dec3457ac6c19a8d0e89d1aa99f1a8916,S0001231,13,17,productive_iteration,False,True,False,False,False,,2.0
Final500,Final500_T000281,225dbcd14bd0ee965e5fa7a35021fa9dec3457ac6c19a8d0e89d1aa99f1a8916,S0001232,13,17,unproductive_cycle,False,False,True,False,False,,3.0
Final500,Final500_T000281,225dbcd14bd0ee965e5fa7a35021fa9dec3457ac6c19a8d0e89d1aa99f1a8916,S0001233,37,46,productive_iteration,False,True,False,False,False,,6.0
Final500,Final500_T000282,2bb0334cf4874970af426f3f40f9c7a6d2d882f50b546e4a8e797a73c8ecacd6,S0001234,0,23,productive_iteration,True,True,False,False,False,,13.0
Final500,Final500_T000282,2bb0334cf4874970af426f3f40f9c7a6d2d882f50b546e4a8e797a73c8ecacd6,S0001235,24,25,productive_iteration,True,True,False,False,False,,1.0
Final500,Final500_T000282,2bb0334cf4874970af426f3f40f9c7a6d2d882f50b546e4a8e797a73c8ecacd6,S0001236,27,31,productive_iteration,True,True,False,False,False,,1.0
Final500,Final500_T000283,a2aa97b4350ea632f6596fc1a076d8bfb8c43a90b16c16f25e9eaa31f1dcbd5d,S0001237,24,24,productive_iteration,True,True,False,False,False,,1.0
Final500,Final500_T000283,a2aa97b4350ea632f6596fc1a076d8bfb8c43a90b16c16f25e9eaa31f1dcbd5d,S0001238,49,74,unproductive_cycle,False,False,True,False,False,,5.0
Final500,Final500_T000283,a2aa97b4350ea632f6596fc1a076d8bfb8c43a90b16c16f25e9eaa31f1dcbd5d,S0001239,0,9,productive_iteration,False,True,False,False,False,,10.0
Final500,Final500_T000283,a2aa97b4350ea632f6596fc1a076d8bfb8c43a90b16c16f25e9eaa31f1dcbd5d,S0001240,14,15,productive_iteration,False,True,False,False,False,,1.0
Final500,Final500_T000283,a2aa97b4350ea632f6596fc1a076d8bfb8c43a90b16c16f25e9eaa31f1dcbd5d,S0001241,14,15,unproductive_cycle,False,False,True,False,False,,1.0
Final500,Final500_T000283,a2aa97b4350ea632f6596fc1a076d8bfb8c43a90b16c16f25e9eaa31f1dcbd5d,S0001242,20,23,productive_iteration,False,True,False,False,False,,2.0
Final500,Final500_T000283,a2aa97b4350ea632f6596fc1a076d8bfb8c43a90b16c16f25e9eaa31f1dcbd5d,S0001243,20,23,unproductive_cycle,False,False,True,False,False,,2.0
Final500,Final500_T000283,a2aa97b4350ea632f6596fc1a076d8bfb8c43a90b16c16f25e9eaa31f1dcbd5d,S0001244,25,30,productive_iteration,False,True,False,False,False,,2.0
Final500,Final500_T000283,a2aa97b4350ea632f6596fc1a076d8bfb8c43a90b16c16f25e9eaa31f1dcbd5d,S0001245,25,30,unproductive_cycle,False,False,True,False,False,,4.0
Final500,Final500_T000283,a2aa97b4350ea632f6596fc1a076d8bfb8c43a90b16c16f25e9eaa31f1dcbd5d,S0001246,10,13,productive_iteration,True,True,False,False,False,,4.0
Final500,Final500_T000283,a2aa97b4350ea632f6596fc1a076d8bfb8c43a90b16c16f25e9eaa31f1dcbd5d,S0001247,16,19,unproductive_cycle,False,False,True,False,False,,4.0
Final500,Final500_T000283,a2aa97b4350ea632f6596fc1a076d8bfb8c43a90b16c16f25e9eaa31f1dcbd5d,S0001248,31,48,unproductive_cycle,False,False,True,False,False,,18.0
Final500,Final500_T000283,a2aa97b4350ea632f6596fc1a076d8bfb8c43a90b16c16f25e9eaa31f1dcbd5d,S0001249,50,63,unproductive_cycle,False,False,True,False,False,,14.0
Final500,Final500_T000283,a2aa97b4350ea632f6596fc1a076d8bfb8c43a90b16c16f25e9eaa31f1dcbd5d,S0001250,65,71,unproductive_cycle,False,False,True,False,False,,7.0
Final500,Final500_T000283,a2aa97b4350ea632f6596fc1a076d8bfb8c43a90b16c16f25e9eaa31f1dcbd5d,S0001251,75,84,unproductive_cycle,False,False,True,False,False,,10.0
Final500,Final500_T000284,99e33d7eb154a850f9815eef9a81517aabebd7a59a12e151104015ff20d1e549,S0001252,2,23,productive_iteration,True,True,False,False,False,,3.0
Final500,Final500_T000284,99e33d7eb154a850f9815eef9a81517aabebd7a59a12e151104015ff20d1e549,S0001253,8,91,unproductive_cycle,False,False,True,False,False,,20.0
Final500,Final500_T000284,99e33d7eb154a850f9815eef9a81517aabebd7a59a12e151104015ff20d1e549,S0001254,0,1,productive_iteration,False,True,False,False,False,,2.0
Final500,Final500_T000284,99e33d7eb154a850f9815eef9a81517aabebd7a59a12e151104015ff20d1e549,S0001255,3,6,productive_iteration,False,True,False,False,False,,4.0
Final500,Final500_T000284,99e33d7eb154a850f9815eef9a81517aabebd7a59a12e151104015ff20d1e549,S0001256,13,15,productive_iteration,False,True,False,False,False,,1.0
Final500,Final500_T000284,99e33d7eb154a850f9815eef9a81517aabebd7a59a12e151104015ff20d1e549,S0001257,24,25,productive_iteration,True,True,False,False,False,,2.0
Final500,Final500_T000284,99e33d7eb154a850f9815eef9a81517aabebd7a59a12e151104015ff20d1e549,S0001258,34,35,unproductive_cycle,False,False,True,False,False,,2.0
Final500,Final500_T000284,99e33d7eb154a850f9815eef9a81517aabebd7a59a12e151104015ff20d1e549,S0001259,54,55,unproductive_cycle,False,False,True,False,False,,2.0
Final500,Final500_T000284,99e33d7eb154a850f9815eef9a81517aabebd7a59a12e151104015ff20d1e549,S0001260,16,20,unproductive_cycle,False,False,True,False,False,,5.0
Final500,Final500_T000284,99e33d7eb154a850f9815eef9a81517aabebd7a59a12e151104015ff20d1e549,S0001261,26,31,unproductive_cycle,False,False,True,False,False,,6.0
Final500,Final500_T000284,99e33d7eb154a850f9815eef9a81517aabebd7a59a12e151104015ff20d1e549,S0001262,36,39,unproductive_cycle,False,False,True,False,False,,4.0
Final500,Final500_T000284,99e33d7eb154a850f9815eef9a81517aabebd7a59a12e151104015ff20d1e549,S0001263,46,53,unproductive_cycle,False,False,True,False,False,,7.0
Final500,Final500_T000284,99e33d7eb154a850f9815eef9a81517aabebd7a59a12e151104015ff20d1e549,S0001264,56,62,unproductive_cycle,False,False,True,False,False,,7.0
Final500,Final500_T000284,99e33d7eb154a850f9815eef9a81517aabebd7a59a12e151104015ff20d1e549,S0001265,66,72,unproductive_cycle,False,False,True,False,False,,7.0
Final500,Final500_T000284,99e33d7eb154a850f9815eef9a81517aabebd7a59a12e151104015ff20d1e549,S0001266,76,79,unproductive_cycle,False,False,True,False,False,,1.0
Final500,Final500_T000284,99e33d7eb154a850f9815eef9a81517aabebd7a59a12e151104015ff20d1e549,S0001267,86,89,unproductive_cycle,False,False,True,False,False,,3.0
Final500,Final500_T000285,47485a35a8d22a3e294d227b27ef944c84d84796eb9de1e0b1547fa8a19b069f,S0001268,22,25,unproductive_cycle,False,False,True,False,False,,4.0
Final500,Final500_T000285,47485a35a8d22a3e294d227b27ef944c84d84796eb9de1e0b1547fa8a19b069f,S0001269,8,21,productive_iteration,False,True,False,False,False,,3.0
Final500,Final500_T000285,47485a35a8d22a3e294d227b27ef944c84d84796eb9de1e0b1547fa8a19b069f,S0001270,8,21,unproductive_cycle,False,False,True,False,False,,11.0
Final500,Final500_T000285,47485a35a8d22a3e294d227b27ef944c84d84796eb9de1e0b1547fa8a19b069f,S0001271,26,158,unproductive_cycle,False,False,True,False,False,,124.0
Final500,Final500_T000286,6ea9cac09c81422ab27c6f589cedd6d07553ab3ffe78bee577b4884744c7a003,S0001272,1,64,productive_iteration,True,True,False,False,False,,14.0
Final500,Final500_T000286,6ea9cac09c81422ab27c6f589cedd6d07553ab3ffe78bee577b4884744c7a003,S0001273,65,153,unproductive_cycle,False,False,True,False,False,,43.0
Final500,Final500_T000286,6ea9cac09c81422ab27c6f589cedd6d07553ab3ffe78bee577b4884744c7a003,S0001274,10,12,productive_iteration,False,True,False,False,False,,2.0
Final500,Final500_T000286,6ea9cac09c81422ab27c6f589cedd6d07553ab3ffe78bee577b4884744c7a003,S0001275,14,15,productive_iteration,False,True,False,False,False,,2.0
Final500,Final500_T000286,6ea9cac09c81422ab27c6f589cedd6d07553ab3ffe78bee577b4884744c7a003,S0001276,19,21,productive_iteration,False,True,False,False,False,,3.0
Final500,Final500_T000286,6ea9cac09c81422ab27c6f589cedd6d07553ab3ffe78bee577b4884744c7a003,S0001277,23,25,productive_iteration,False,True,False,False,False,,1.0
Final500,Final500_T000286,6ea9cac09c81422ab27c6f589cedd6d07553ab3ffe78bee577b4884744c7a003,S0001278,33,36,productive_iteration,True,True,False,False,False,,4.0
Final500,Final500_T000286,6ea9cac09c81422ab27c6f589cedd6d07553ab3ffe78bee577b4884744c7a003,S0001279,40,45,productive_iteration,False,True,False,False,False,,2.0
Final500,Final500_T000286,6ea9cac09c81422ab27c6f589cedd6d07553ab3ffe78bee577b4884744c7a003,S0001280,60,62,productive_iteration,True,True,False,False,False,,2.0
Final500,Final500_T000286,6ea9cac09c81422ab27c6f589cedd6d07553ab3ffe78bee577b4884744c7a003,S0001281,67,70,unproductive_cycle,False,False,True,False,False,,4.0
Final500,Final500_T000286,6ea9cac09c81422ab27c6f589cedd6d07553ab3ffe78bee577b4884744c7a003,S0001282,77,80,unproductive_cycle,False,False,True,False,False,,4.0
Final500,Final500_T000286,6ea9cac09c81422ab27c6f589cedd6d07553ab3ffe78bee577b4884744c7a003,S0001283,87,90,unproductive_cycle,False,False,True,False,False,,4.0
Final500,Final500_T000286,6ea9cac09c81422ab27c6f589cedd6d07553ab3ffe78bee577b4884744c7a003,S0001284,97,100,unproductive_cycle,False,False,True,False,False,,4.0
Final500,Final500_T000286,6ea9cac09c81422ab27c6f589cedd6d07553ab3ffe78bee577b4884744c7a003,S0001285,102,110,unproductive_cycle,False,False,True,False,False,,9.0
Final500,Final500_T000286,6ea9cac09c81422ab27c6f589cedd6d07553ab3ffe78bee577b4884744c7a003,S0001286,127,130,unproductive_cycle,False,False,True,False,False,,4.0
Final500,Final500_T000287,2c416e641c1fca51179d0fccff2ec51430a98eb80ba812bcbfee61b58f2531be,S0001287,0,6,productive_iteration,False,True,False,False,False,,7.0
Final500,Final500_T000287,2c416e641c1fca51179d0fccff2ec51430a98eb80ba812bcbfee61b58f2531be,S0001288,10,12,productive_iteration,True,True,False,False,False,,3.0
Final500,Final500_T000287,2c416e641c1fca51179d0fccff2ec51430a98eb80ba812bcbfee61b58f2531be,S0001289,7,9,productive_iteration,True,True,False,False,False,,3.0
Final500,Final500_T000288,65d70cfda9da9f86739f7f2bce9dc5f57da740b7b06de4630a13d29016bdcca2,S0001290,3,31,productive_iteration,True,True,False,False,False,,5.0
Final500,Final500_T000288,65d70cfda9da9f86739f7f2bce9dc5f57da740b7b06de4630a13d29016bdcca2,S0001291,7,12,productive_iteration,False,True,False,False,False,,3.0
Final500,Final500_T000288,65d70cfda9da9f86739f7f2bce9dc5f57da740b7b06de4630a13d29016bdcca2,S0001292,18,20,productive_iteration,False,True,False,False,False,,1.0
Final500,Final500_T000288,65d70cfda9da9f86739f7f2bce9dc5f57da740b7b06de4630a13d29016bdcca2,S0001293,22,25,productive_iteration,False,True,False,False,False,,1.0
Final500,Final500_T000288,65d70cfda9da9f86739f7f2bce9dc5f57da740b7b06de4630a13d29016bdcca2,S0001294,27,30,productive_iteration,True,True,False,False,False,,3.0
Final500,Final500_T000288,65d70cfda9da9f86739f7f2bce9dc5f57da740b7b06de4630a13d29016bdcca2,S0001295,32,86,productive_iteration,True,True,False,False,False,,1.0
Final500,Final500_T000288,65d70cfda9da9f86739f7f2bce9dc5f57da740b7b06de4630a13d29016bdcca2,S0001296,32,86,unproductive_cycle,False,False,True,False,False,,46.0
Final500,Final500_T000289,5368b864fcd40763cea90b29e1c7b900019de1393e375ce7749ba5af9ff3792d,S0001297,0,12,productive_iteration,False,True,False,False,False,,12.0
Final500,Final500_T000290,ca4971e761d437a76aced062a7ac3053125dc7b26aac84cad28de214d3f99b93,S0001298,15,15,productive_iteration,False,True,False,False,False,,1.0
Final500,Final500_T000290,ca4971e761d437a76aced062a7ac3053125dc7b26aac84cad28de214d3f99b93,S0001299,0,14,productive_iteration,True,True,False,False,False,,12.0
Final500,Final500_T000290,ca4971e761d437a76aced062a7ac3053125dc7b26aac84cad28de214d3f99b93,S0001300,36,39,productive_iteration,True,True,False,False,False,,2.0
Final500,Final500_T000291,391ac2dbb4016820ba5ed8505e035bd08dfdcf947b94eb9686069a53164e779a,S0001301,9,34,productive_iteration,False,True,False,False,False,,6.0
Final500,Final500_T000291,391ac2dbb4016820ba5ed8505e035bd08dfdcf947b94eb9686069a53164e779a,S0001302,0,8,productive_iteration,True,True,False,False,False,,1.0
Final500,Final500_T000291,391ac2dbb4016820ba5ed8505e035bd08dfdcf947b94eb9686069a53164e779a,S0001303,18,22,productive_iteration,False,True,False,False,False,,1.0
Final500,Final500_T000291,391ac2dbb4016820ba5ed8505e035bd08dfdcf947b94eb9686069a53164e779a,S0001304,27,33,productive_iteration,True,True,False,False,False,,1.0
Final500,Final500_T000292,7ee463d001952970677cb2a1e3234b2309b28d7ee4af580f59b561ccacb7aade,S0001305,16,26,productive_iteration,True,True,False,False,False,,2.0
Final500,Final500_T000292,7ee463d001952970677cb2a1e3234b2309b28d7ee4af580f59b561ccacb7aade,S0001306,0,9,productive_iteration,True,True,False,False,False,,9.0
Final500,Final500_T000292,7ee463d001952970677cb2a1e3234b2309b28d7ee4af580f59b561ccacb7aade,S0001307,17,24,productive_iteration,False,True,False,False,False,,7.0
Final500,Final500_T000292,7ee463d001952970677cb2a1e3234b2309b28d7ee4af580f59b561ccacb7aade,S0001308,27,30,productive_iteration,True,True,False,False,False,,4.0
Final500,Final500_T000293,d4f5ada25554d6d6f25a65e9988ca12b924111dc7f40ddd5f2d2d1fffc4b1ef3,S0001309,0,10,productive_iteration,True,True,False,False,False,,11.0
Final500,Final500_T000294,e070fa6379a0a8cf2edef0806d99e60b2fd31678d2c0446a6ecd86d13ed7614a,S0001310,0,31,productive_iteration,True,True,False,False,False,,32.0
Final500,Final500_T000295,2ab18487b642f47c495df0ccfa8227ca2cbecc0100d06fa94251f07738295eff,S0001311,25,25,productive_iteration,True,True,False,False,False,,1.0
Final500,Final500_T000295,2ab18487b642f47c495df0ccfa8227ca2cbecc0100d06fa94251f07738295eff,S0001312,0,14,productive_iteration,True,True,False,False,False,,13.0
Final500,Final500_T000295,2ab18487b642f47c495df0ccfa8227ca2cbecc0100d06fa94251f07738295eff,S0001313,17,24,productive_iteration,False,True,False,False,False,,8.0
Final500,Final500_T000295,2ab18487b642f47c495df0ccfa8227ca2cbecc0100d06fa94251f07738295eff,S0001314,26,29,productive_iteration,False,True,False,False,False,,4.0
Final500,Final500_T000295,2ab18487b642f47c495df0ccfa8227ca2cbecc0100d06fa94251f07738295eff,S0001315,33,36,productive_iteration,True,True,False,False,False,,4.0
Final500,Final500_T000295,2ab18487b642f47c495df0ccfa8227ca2cbecc0100d06fa94251f07738295eff,S0001316,30,32,productive_iteration,True,True,False,False,False,,3.0
Final500,Final500_T000296,5d1920e7cf655c71c051f30cb8758246b0c0bf2e1ed8fbf635694bc148c14890,S0001317,0,11,productive_iteration,False,True,False,False,False,,12.0
Final500,Final500_T000297,8bdeef2e0241926f5c6992dc54a12ab6b11dc541a3850da7647067f148d570c7,S0001318,0,5,productive_iteration,False,True,False,False,False,,6.0
Final500,Final500_T000297,8bdeef2e0241926f5c6992dc54a12ab6b11dc541a3850da7647067f148d570c7,S0001319,9,11,productive_iteration,False,True,False,False,False,,2.0
Final500,Final500_T000297,8bdeef2e0241926f5c6992dc54a12ab6b11dc541a3850da7647067f148d570c7,S0001320,6,8,unproductive_cycle,False,False,True,False,False,,1.0
Final500,Final500_T000298,af7e6176bcb9d4b032106185a907d609ed18c9a92eca425fdd1a3b635094470c,S0001321,9,9,productive_iteration,False,True,False,False,False,,1.0
Final500,Final500_T000298,af7e6176bcb9d4b032106185a907d609ed18c9a92eca425fdd1a3b635094470c,S0001322,0,8,productive_iteration,False,True,False,False,False,,9.0
Final500,Final500_T000298,af7e6176bcb9d4b032106185a907d609ed18c9a92eca425fdd1a3b635094470c,S0001323,10,18,productive_iteration,True,True,False,False,False,,9.0
Final500,Final500_T000298,af7e6176bcb9d4b032106185a907d609ed18c9a92eca425fdd1a3b635094470c,S0001324,22,43,productive_iteration,True,True,False,False,False,,19.0
Final500,Final500_T000298,af7e6176bcb9d4b032106185a907d609ed18c9a92eca425fdd1a3b635094470c,S0001325,19,21,unproductive_cycle,False,False,True,False,False,,3.0
Final500,Final500_T000299,77b76ef0254d66b865713deb97a27a3fbe6c205970faef943c3375ae834b24d2,S0001326,0,7,productive_iteration,True,True,False,False,False,,8.0
Final500,Final500_T000299,77b76ef0254d66b865713deb97a27a3fbe6c205970faef943c3375ae834b24d2,S0001327,12,13,productive_iteration,False,True,False,False,False,,2.0
Final500,Final500_T000299,77b76ef0254d66b865713deb97a27a3fbe6c205970faef943c3375ae834b24d2,S0001328,8,11,productive_iteration,False,True,False,False,False,,4.0
Final500,Final500_T000299,77b76ef0254d66b865713deb97a27a3fbe6c205970faef943c3375ae834b24d2,S0001329,14,33,productive_iteration,True,True,False,False,False,,1.0
Final500,Final500_T000299,77b76ef0254d66b865713deb97a27a3fbe6c205970faef943c3375ae834b24d2,S0001330,14,33,unproductive_cycle,False,False,True,False,False,,19.0
Final500,Final500_T000300,77d092e476dfb74b81326647d029feb14226b31fa92203ff1a72957c7c43aebc,S0001331,0,8,productive_iteration,True,True,False,False,False,,9.0
Final500,Final500_T000300,77d092e476dfb74b81326647d029feb14226b31fa92203ff1a72957c7c43aebc,S0001332,12,13,productive_iteration,False,True,False,False,False,,2.0
Final500,Final500_T000300,77d092e476dfb74b81326647d029feb14226b31fa92203ff1a72957c7c43aebc,S0001333,9,11,productive_iteration,False,True,False,False,False,,1.0
Final500,Final500_T000301,9c9312220109684be5226a93017ee6e8b5e877b8a8a191ee4340b34bc52e258a,S0001334,4,11,productive_iteration,True,True,False,False,False,,4.0
Final500,Final500_T000301,9c9312220109684be5226a93017ee6e8b5e877b8a8a191ee4340b34bc52e258a,S0001335,0,3,productive_iteration,False,True,False,False,False,,4.0
Final500,Final500_T000301,9c9312220109684be5226a93017ee6e8b5e877b8a8a191ee4340b34bc52e258a,S0001336,6,7,productive_iteration,False,True,False,False,False,,2.0
Final500,Final500_T000301,9c9312220109684be5226a93017ee6e8b5e877b8a8a191ee4340b34bc52e258a,S0001337,9,10,productive_iteration,True,True,False,False,False,,2.0
Final500,Final500_T000301,9c9312220109684be5226a93017ee6e8b5e877b8a8a191ee4340b34bc52e258a,S0001338,12,29,productive_iteration,True,True,False,False,False,,18.0
Final500,Final500_T000301,9c9312220109684be5226a93017ee6e8b5e877b8a8a191ee4340b34bc52e258a,S0001339,33,34,productive_iteration,True,True,False,False,False,,2.0
Final500,Final500_T000301,9c9312220109684be5226a93017ee6e8b5e877b8a8a191ee4340b34bc52e258a,S0001340,30,32,productive_iteration,True,True,False,False,False,,3.0
Final500,Final500_T000302,5e4229bdd9200500b32cd3c26d4fe4144ee4674d536ca0bb30e7cfdca229ca62,S0001341,0,9,productive_iteration,False,True,False,False,False,,9.0
Final500,Final500_T000303,7340576847bd07c9f68b4173f9d1399f609a82b8162d77271ab4f49f56627152,S0001342,21,21,productive_iteration,False,True,False,False,False,,1.0
Final500,Final500_T000303,7340576847bd07c9f68b4173f9d1399f609a82b8162d77271ab4f49f56627152,S0001343,17,22,unproductive_cycle,False,False,True,False,False,,3.0
Final500,Final500_T000303,7340576847bd07c9f68b4173f9d1399f609a82b8162d77271ab4f49f56627152,S0001344,4,16,productive_iteration,True,True,False,False,False,,12.0
Final500,Final500_T000303,7340576847bd07c9f68b4173f9d1399f609a82b8162d77271ab4f49f56627152,S0001345,24,31,productive_iteration,False,True,False,False,False,,5.0
Final500,Final500_T000303,7340576847bd07c9f68b4173f9d1399f609a82b8162d77271ab4f49f56627152,S0001346,24,31,unproductive_cycle,False,False,True,False,False,,1.0
Final500,Final500_T000303,7340576847bd07c9f68b4173f9d1399f609a82b8162d77271ab4f49f56627152,S0001347,1,3,unproductive_cycle,False,False,True,False,False,,1.0
Final500,Final500_T000303,7340576847bd07c9f68b4173f9d1399f609a82b8162d77271ab4f49f56627152,S0001348,32,36,unproductive_cycle,False,False,True,False,False,,5.0
Final500,Final500_T000304,2dc4f327a71b9ce448143dc8dfe58e2575fdd0d1d838d8a53a7857c475d3fd3c,S0001349,0,11,productive_iteration,False,True,False,False,False,,12.0
Final500,Final500_T000305,0e244e4c2aaf75718ececf36c25b83ac481eb321a914e1df6603cb593f6a4134,S0001350,0,13,productive_iteration,False,True,False,False,False,,14.0
Final500,Final500_T000306,5b56508481e0137f67e289a449923f401ab36419fd7cd9dc3f54db1e1973e0a5,S0001351,0,10,productive_iteration,False,True,False,False,False,,10.0
Final500,Final500_T000307,58caad0c374e6149498ddabbae774b3ba858e5bb156e71593864172b52ad5fe1,S0001352,0,11,productive_iteration,False,True,False,False,False,,11.0
Final500,Final500_T000308,948dc23fa56d239663b38ee6f6db51bda6777a13050ffafed3b0134e24ada676,S0001353,0,3,productive_iteration,False,True,False,False,False,,4.0
Final500,Final500_T000308,948dc23fa56d239663b38ee6f6db51bda6777a13050ffafed3b0134e24ada676,S0001354,5,12,productive_iteration,False,True,False,False,False,,8.0
Final500,Final500_T000309,2c2ec24a360a5a90b3633c2ebed711a5fee9352fc64d3a838004e21214502db6,S0001355,0,11,productive_iteration,True,True,False,False,False,,10.0
Final500,Final500_T000310,df7efbf4311cb267df13b7cced0370c364976bf660b860820660cd77f69a07bd,S0001356,0,1,productive_iteration,False,True,False,False,False,,2.0
Final500,Final500_T000310,df7efbf4311cb267df13b7cced0370c364976bf660b860820660cd77f69a07bd,S0001357,4,30,productive_iteration,False,True,False,False,False,,23.0
Final500,Final500_T000311,3911fe4235a53ba103da0c6c9273d3f59a3274f972a4071d6aca3ad9593f060c,S0001358,0,10,productive_iteration,False,True,False,False,False,,10.0
Final500,Final500_T000312,5aa7c1afc58de1e6d2a92d9e7e15b13e29bf2afff4d92804ec8c18dbb83f419d,S0001359,10,14,productive_iteration,False,True,False,False,False,,5.0
Final500,Final500_T000312,5aa7c1afc58de1e6d2a92d9e7e15b13e29bf2afff4d92804ec8c18dbb83f419d,S0001360,40,105,unproductive_cycle,False,False,True,False,False,,3.0
Final500,Final500_T000312,5aa7c1afc58de1e6d2a92d9e7e15b13e29bf2afff4d92804ec8c18dbb83f419d,S0001361,0,7,productive_iteration,False,True,False,False,False,,8.0
Final500,Final500_T000312,5aa7c1afc58de1e6d2a92d9e7e15b13e29bf2afff4d92804ec8c18dbb83f419d,S0001362,15,39,productive_iteration,True,True,False,False,False,,8.0
Final500,Final500_T000312,5aa7c1afc58de1e6d2a92d9e7e15b13e29bf2afff4d92804ec8c18dbb83f419d,S0001363,15,39,unproductive_cycle,False,False,True,False,False,,13.0
Final500,Final500_T000312,5aa7c1afc58de1e6d2a92d9e7e15b13e29bf2afff4d92804ec8c18dbb83f419d,S0001364,41,45,unproductive_cycle,False,False,True,False,False,,5.0
Final500,Final500_T000312,5aa7c1afc58de1e6d2a92d9e7e15b13e29bf2afff4d92804ec8c18dbb83f419d,S0001365,47,104,unproductive_cycle,False,False,True,False,False,,56.0
Final500,Final500_T000313,aea1cc2a516c8adac4b863982578ba26b53d8895fceecf935d4d66ed103a749f,S0001366,0,7,productive_iteration,False,True,False,False,False,,8.0
Final500,Final500_T000314,490f0613dd8cd505a127acf4d1e3234a82e4ce45601ea0beaf57f611f85d5e7d,S0001367,26,35,productive_iteration,True,True,False,False,False,,2.0
Final500,Final500_T000314,490f0613dd8cd505a127acf4d1e3234a82e4ce45601ea0beaf57f611f85d5e7d,S0001368,22,27,unproductive_cycle,False,False,True,False,False,,2.0
Final500,Final500_T000314,490f0613dd8cd505a127acf4d1e3234a82e4ce45601ea0beaf57f611f85d5e7d,S0001369,0,9,productive_iteration,True,True,False,False,False,,10.0
Final500,Final500_T000314,490f0613dd8cd505a127acf4d1e3234a82e4ce45601ea0beaf57f611f85d5e7d,S0001370,13,21,productive_iteration,False,True,False,False,False,,7.0
Final500,Final500_T000314,490f0613dd8cd505a127acf4d1e3234a82e4ce45601ea0beaf57f611f85d5e7d,S0001371,13,21,unproductive_cycle,False,False,True,False,False,,2.0
Final500,Final500_T000314,490f0613dd8cd505a127acf4d1e3234a82e4ce45601ea0beaf57f611f85d5e7d,S0001372,23,25,productive_iteration,True,True,False,False,False,,3.0
Final500,Final500_T000314,490f0613dd8cd505a127acf4d1e3234a82e4ce45601ea0beaf57f611f85d5e7d,S0001373,28,34,productive_iteration,True,True,False,False,False,,7.0
Final500,Final500_T000314,490f0613dd8cd505a127acf4d1e3234a82e4ce45601ea0beaf57f611f85d5e7d,S0001374,36,41,productive_iteration,False,True,False,False,False,,5.0
Final500,Final500_T000314,490f0613dd8cd505a127acf4d1e3234a82e4ce45601ea0beaf57f611f85d5e7d,S0001375,10,12,productive_iteration,False,True,False,False,False,,1.0
Final500,Final500_T000314,490f0613dd8cd505a127acf4d1e3234a82e4ce45601ea0beaf57f611f85d5e7d,S0001376,10,12,unproductive_cycle,False,False,True,False,False,,2.0
Final500,Final500_T000315,a4f8078c483e8420270cfd805e25991887d011fac9aad2abdd81a95207181413,S0001377,6,14,productive_iteration,False,True,False,False,False,,6.0
Final500,Final500_T000315,a4f8078c483e8420270cfd805e25991887d011fac9aad2abdd81a95207181413,S0001378,15,115,unproductive_cycle,False,False,True,False,False,,85.0
Final500,Final500_T000316,03b16897c5368f2bf7c12aa31d4b385950fec8f8d8d77f63a0c0b814eddd3fce,S0001379,29,33,productive_iteration,True,True,False,False,False,,2.0
Final500,Final500_T000316,03b16897c5368f2bf7c12aa31d4b385950fec8f8d8d77f63a0c0b814eddd3fce,S0001380,0,8,productive_iteration,False,True,False,False,False,,9.0
Final500,Final500_T000316,03b16897c5368f2bf7c12aa31d4b385950fec8f8d8d77f63a0c0b814eddd3fce,S0001381,14,28,productive_iteration,True,True,False,False,False,,13.0
Final500,Final500_T000316,03b16897c5368f2bf7c12aa31d4b385950fec8f8d8d77f63a0c0b814eddd3fce,S0001382,14,28,unproductive_cycle,False,False,True,False,False,,2.0
Final500,Final500_T000316,03b16897c5368f2bf7c12aa31d4b385950fec8f8d8d77f63a0c0b814eddd3fce,S0001383,30,31,productive_iteration,False,True,False,False,False,,2.0
Final500,Final500_T000316,03b16897c5368f2bf7c12aa31d4b385950fec8f8d8d77f63a0c0b814eddd3fce,S0001384,34,42,productive_iteration,True,True,False,False,False,,9.0
Final500,Final500_T000316,03b16897c5368f2bf7c12aa31d4b385950fec8f8d8d77f63a0c0b814eddd3fce,S0001385,9,13,productive_iteration,False,True,False,False,False,,1.0
Final500,Final500_T000316,03b16897c5368f2bf7c12aa31d4b385950fec8f8d8d77f63a0c0b814eddd3fce,S0001386,9,13,unproductive_cycle,False,False,True,False,False,,4.0
Final500,Final500_T000317,c13345ac0201987afbacda459b7551c692a323e3e82b705002bb590f07643514,S0001387,6,89,productive_iteration,True,True,False,False,False,,13.0
Final500,Final500_T000317,c13345ac0201987afbacda459b7551c692a323e3e82b705002bb590f07643514,S0001388,27,127,unproductive_cycle,False,False,True,False,False,,42.0
Final500,Final500_T000317,c13345ac0201987afbacda459b7551c692a323e3e82b705002bb590f07643514,S0001389,21,24,productive_iteration,True,True,False,False,False,,3.0
Final500,Final500_T000317,c13345ac0201987afbacda459b7551c692a323e3e82b705002bb590f07643514,S0001390,70,72,unproductive_cycle,False,False,True,False,False,,3.0
Final500,Final500_T000317,c13345ac0201987afbacda459b7551c692a323e3e82b705002bb590f07643514,S0001391,118,120,unproductive_cycle,False,False,True,False,False,,2.0
Final500,Final500_T000318,5c68184c071b53cbb3ca2688389ddd16e551ff594d74964a5d83e9f7c313a135,S0001392,0,12,productive_iteration,False,True,False,False,False,,13.0
Final500,Final500_T000318,5c68184c071b53cbb3ca2688389ddd16e551ff594d74964a5d83e9f7c313a135,S0001393,14,23,productive_iteration,False,True,False,False,False,,10.0
Final500,Final500_T000318,5c68184c071b53cbb3ca2688389ddd16e551ff594d74964a5d83e9f7c313a135,S0001394,25,31,productive_iteration,False,True,False,False,False,,7.0
Final500,Final500_T000319,a2c509c5c2296740fdc832306de270835fa7285f64b48e1fc76693ccd8c1190c,S0001395,0,10,productive_iteration,False,True,False,False,False,,5.0
Final500,Final500_T000319,a2c509c5c2296740fdc832306de270835fa7285f64b48e1fc76693ccd8c1190c,S0001396,1,6,productive_iteration,False,True,False,False,False,,6.0
Final500,Final500_T000319,a2c509c5c2296740fdc832306de270835fa7285f64b48e1fc76693ccd8c1190c,S0001397,11,23,productive_iteration,False,True,False,False,False,,10.0
Final500,Final500_T000319,a2c509c5c2296740fdc832306de270835fa7285f64b48e1fc76693ccd8c1190c,S0001398,11,23,unproductive_cycle,False,False,True,False,False,,3.0
Final500,Final500_T000319,a2c509c5c2296740fdc832306de270835fa7285f64b48e1fc76693ccd8c1190c,S0001399,76,92,productive_iteration,True,True,False,False,False,,17.0
Final500,Final500_T000319,a2c509c5c2296740fdc832306de270835fa7285f64b48e1fc76693ccd8c1190c,S0001400,24,75,unproductive_cycle,False,False,True,False,False,,52.0
Final500,Final500_T000320,54691904a92a31bd14d8e1474099810a4473643658c973dd9d06af5fe1f053c4,S0001401,3,3,productive_iteration,False,True,False,False,False,,1.0
Final500,Final500_T000320,54691904a92a31bd14d8e1474099810a4473643658c973dd9d06af5fe1f053c4,S0001402,19,31,unproductive_cycle,False,False,True,False,False,,5.0
Final500,Final500_T000320,54691904a92a31bd14d8e1474099810a4473643658c973dd9d06af5fe1f053c4,S0001403,0,2,productive_iteration,False,True,False,False,False,,3.0
Final500,Final500_T000320,54691904a92a31bd14d8e1474099810a4473643658c973dd9d06af5fe1f053c4,S0001404,4,13,productive_iteration,False,True,False,False,False,,10.0
Final500,Final500_T000320,54691904a92a31bd14d8e1474099810a4473643658c973dd9d06af5fe1f053c4,S0001405,15,18,productive_iteration,False,True,False,False,False,,2.0
Final500,Final500_T000320,54691904a92a31bd14d8e1474099810a4473643658c973dd9d06af5fe1f053c4,S0001406,15,18,unproductive_cycle,False,False,True,False,False,,2.0
Final500,Final500_T000320,54691904a92a31bd14d8e1474099810a4473643658c973dd9d06af5fe1f053c4,S0001407,35,37,unproductive_cycle,False,False,True,False,False,,3.0
Final500,Final500_T000320,54691904a92a31bd14d8e1474099810a4473643658c973dd9d06af5fe1f053c4,S0001408,23,25,unproductive_cycle,False,False,True,False,False,,3.0
Final500,Final500_T000320,54691904a92a31bd14d8e1474099810a4473643658c973dd9d06af5fe1f053c4,S0001409,27,30,unproductive_cycle,False,False,True,False,False,,4.0
Final500,Final500_T000320,54691904a92a31bd14d8e1474099810a4473643658c973dd9d06af5fe1f053c4,S0001410,32,34,unproductive_cycle,False,False,True,False,False,,3.0
Final500,Final500_T000321,9425dafe9de4ce4077c7b1ff1f616445dff86146cf53ac77592d2fe56dfb5414,S0001411,26,30,unproductive_cycle,False,False,True,False,False,,3.0
Final500,Final500_T000321,9425dafe9de4ce4077c7b1ff1f616445dff86146cf53ac77592d2fe56dfb5414,S0001412,0,16,productive_iteration,True,True,False,False,False,,17.0
Final500,Final500_T000321,9425dafe9de4ce4077c7b1ff1f616445dff86146cf53ac77592d2fe56dfb5414,S0001413,21,25,productive_iteration,True,True,False,False,False,,4.0
Final500,Final500_T000321,9425dafe9de4ce4077c7b1ff1f616445dff86146cf53ac77592d2fe56dfb5414,S0001414,21,25,unproductive_cycle,False,False,True,False,False,,1.0
Final500,Final500_T000321,9425dafe9de4ce4077c7b1ff1f616445dff86146cf53ac77592d2fe56dfb5414,S0001415,27,28,productive_iteration,False,True,False,False,False,,1.0
Final500,Final500_T000321,9425dafe9de4ce4077c7b1ff1f616445dff86146cf53ac77592d2fe56dfb5414,S0001416,27,28,unproductive_cycle,False,False,True,False,False,,1.0
Final500,Final500_T000321,9425dafe9de4ce4077c7b1ff1f616445dff86146cf53ac77592d2fe56dfb5414,S0001417,31,45,productive_iteration,True,True,False,False,False,,10.0
Final500,Final500_T000321,9425dafe9de4ce4077c7b1ff1f616445dff86146cf53ac77592d2fe56dfb5414,S0001418,31,45,unproductive_cycle,False,False,True,False,False,,5.0
Final500,Final500_T000321,9425dafe9de4ce4077c7b1ff1f616445dff86146cf53ac77592d2fe56dfb5414,S0001419,17,20,productive_iteration,False,True,False,False,False,,3.0
Final500,Final500_T000322,d9a20c6193353e0dca6d26bb5dd5fca24ad080bd2567d9f781c89b852aaacad6,S0001420,19,22,productive_iteration,True,True,False,False,False,,3.0
Final500,Final500_T000322,d9a20c6193353e0dca6d26bb5dd5fca24ad080bd2567d9f781c89b852aaacad6,S0001421,0,8,productive_iteration,False,True,False,False,False,,9.0
Final500,Final500_T000322,d9a20c6193353e0dca6d26bb5dd5fca24ad080bd2567d9f781c89b852aaacad6,S0001422,10,18,productive_iteration,False,True,False,False,False,,9.0
Final500,Final500_T000322,d9a20c6193353e0dca6d26bb5dd5fca24ad080bd2567d9f781c89b852aaacad6,S0001423,23,32,productive_iteration,True,True,False,False,False,,9.0
Final500,Final500_T000323,f4975c392e8e4c6a84d934f4c5cd7693edfd3a70499e7b3eae9844738ecad571,S0001424,17,18,productive_iteration,False,True,False,False,False,,2.0
Final500,Final500_T000323,f4975c392e8e4c6a84d934f4c5cd7693edfd3a70499e7b3eae9844738ecad571,S0001425,54,199,unproductive_cycle,False,False,True,False,False,,18.0
Final500,Final500_T000323,f4975c392e8e4c6a84d934f4c5cd7693edfd3a70499e7b3eae9844738ecad571,S0001426,0,4,productive_iteration,False,True,False,False,False,,5.0
Final500,Final500_T000323,f4975c392e8e4c6a84d934f4c5cd7693edfd3a70499e7b3eae9844738ecad571,S0001427,6,16,productive_iteration,False,True,False,False,False,,11.0
Final500,Final500_T000323,f4975c392e8e4c6a84d934f4c5cd7693edfd3a70499e7b3eae9844738ecad571,S0001428,19,20,productive_iteration,False,True,False,False,False,,2.0
Final500,Final500_T000323,f4975c392e8e4c6a84d934f4c5cd7693edfd3a70499e7b3eae9844738ecad571,S0001429,43,45,unproductive_cycle,False,False,True,False,False,,3.0
Final500,Final500_T000323,f4975c392e8e4c6a84d934f4c5cd7693edfd3a70499e7b3eae9844738ecad571,S0001430,52,53,unproductive_cycle,False,False,True,False,False,,2.0
Final500,Final500_T000323,f4975c392e8e4c6a84d934f4c5cd7693edfd3a70499e7b3eae9844738ecad571,S0001431,64,65,unproductive_cycle,False,False,True,False,False,,2.0
Final500,Final500_T000323,f4975c392e8e4c6a84d934f4c5cd7693edfd3a70499e7b3eae9844738ecad571,S0001432,73,74,productive_iteration,False,True,False,False,False,,2.0
Final500,Final500_T000323,f4975c392e8e4c6a84d934f4c5cd7693edfd3a70499e7b3eae9844738ecad571,S0001433,82,85,productive_iteration,False,True,False,False,False,,2.0
Final500,Final500_T000323,f4975c392e8e4c6a84d934f4c5cd7693edfd3a70499e7b3eae9844738ecad571,S0001434,82,85,unproductive_cycle,False,False,True,False,False,,2.0
Final500,Final500_T000323,f4975c392e8e4c6a84d934f4c5cd7693edfd3a70499e7b3eae9844738ecad571,S0001435,91,92,unproductive_cycle,False,False,True,False,False,,2.0
Final500,Final500_T000323,f4975c392e8e4c6a84d934f4c5cd7693edfd3a70499e7b3eae9844738ecad571,S0001436,97,101,unproductive_cycle,False,False,True,False,False,,5.0
Final500,Final500_T000323,f4975c392e8e4c6a84d934f4c5cd7693edfd3a70499e7b3eae9844738ecad571,S0001437,106,107,unproductive_cycle,False,False,True,False,False,,2.0
Final500,Final500_T000323,f4975c392e8e4c6a84d934f4c5cd7693edfd3a70499e7b3eae9844738ecad571,S0001438,109,111,unproductive_cycle,False,False,True,False,False,,3.0
Final500,Final500_T000323,f4975c392e8e4c6a84d934f4c5cd7693edfd3a70499e7b3eae9844738ecad571,S0001439,145,147,productive_iteration,False,True,False,False,False,,2.0
Final500,Final500_T000323,f4975c392e8e4c6a84d934f4c5cd7693edfd3a70499e7b3eae9844738ecad571,S0001440,145,147,unproductive_cycle,False,False,True,False,False,,1.0
Final500,Final500_T000323,f4975c392e8e4c6a84d934f4c5cd7693edfd3a70499e7b3eae9844738ecad571,S0001441,154,155,unproductive_cycle,False,False,True,False,False,,2.0
Final500,Final500_T000323,f4975c392e8e4c6a84d934f4c5cd7693edfd3a70499e7b3eae9844738ecad571,S0001442,196,197,unproductive_cycle,False,False,True,False,False,,2.0
Final500,Final500_T000323,f4975c392e8e4c6a84d934f4c5cd7693edfd3a70499e7b3eae9844738ecad571,S0001443,21,42,productive_iteration,True,True,False,False,False,,4.0
Final500,Final500_T000323,f4975c392e8e4c6a84d934f4c5cd7693edfd3a70499e7b3eae9844738ecad571,S0001444,21,42,unproductive_cycle,False,False,True,False,False,,18.0
Final500,Final500_T000323,f4975c392e8e4c6a84d934f4c5cd7693edfd3a70499e7b3eae9844738ecad571,S0001445,46,51,unproductive_cycle,False,False,True,False,False,,6.0
Final500,Final500_T000323,f4975c392e8e4c6a84d934f4c5cd7693edfd3a70499e7b3eae9844738ecad571,S0001446,57,63,unproductive_cycle,False,False,True,False,False,,7.0
Final500,Final500_T000323,f4975c392e8e4c6a84d934f4c5cd7693edfd3a70499e7b3eae9844738ecad571,S0001447,66,72,unproductive_cycle,False,False,True,False,False,,7.0
Final500,Final500_T000323,f4975c392e8e4c6a84d934f4c5cd7693edfd3a70499e7b3eae9844738ecad571,S0001448,75,81,unproductive_cycle,False,False,True,False,False,,7.0
Final500,Final500_T000323,f4975c392e8e4c6a84d934f4c5cd7693edfd3a70499e7b3eae9844738ecad571,S0001449,86,90,unproductive_cycle,False,False,True,False,False,,5.0
Final500,Final500_T000323,f4975c392e8e4c6a84d934f4c5cd7693edfd3a70499e7b3eae9844738ecad571,S0001450,93,96,unproductive_cycle,False,False,True,False,False,,4.0
Final500,Final500_T000323,f4975c392e8e4c6a84d934f4c5cd7693edfd3a70499e7b3eae9844738ecad571,S0001451,102,105,unproductive_cycle,False,False,True,False,False,,4.0
Final500,Final500_T000323,f4975c392e8e4c6a84d934f4c5cd7693edfd3a70499e7b3eae9844738ecad571,S0001452,112,114,unproductive_cycle,False,False,True,False,False,,3.0
Final500,Final500_T000323,f4975c392e8e4c6a84d934f4c5cd7693edfd3a70499e7b3eae9844738ecad571,S0001453,119,127,unproductive_cycle,False,False,True,False,False,,9.0
Final500,Final500_T000323,f4975c392e8e4c6a84d934f4c5cd7693edfd3a70499e7b3eae9844738ecad571,S0001454,129,132,unproductive_cycle,False,False,True,False,False,,4.0
Final500,Final500_T000323,f4975c392e8e4c6a84d934f4c5cd7693edfd3a70499e7b3eae9844738ecad571,S0001455,134,136,unproductive_cycle,False,False,True,False,False,,3.0
Final500,Final500_T000323,f4975c392e8e4c6a84d934f4c5cd7693edfd3a70499e7b3eae9844738ecad571,S0001456,138,141,unproductive_cycle,False,False,True,False,False,,4.0
Final500,Final500_T000323,f4975c392e8e4c6a84d934f4c5cd7693edfd3a70499e7b3eae9844738ecad571,S0001457,148,153,unproductive_cycle,False,False,True,False,False,,6.0
Final500,Final500_T000323,f4975c392e8e4c6a84d934f4c5cd7693edfd3a70499e7b3eae9844738ecad571,S0001458,156,163,unproductive_cycle,False,False,True,False,False,,8.0
Final500,Final500_T000323,f4975c392e8e4c6a84d934f4c5cd7693edfd3a70499e7b3eae9844738ecad571,S0001459,165,172,unproductive_cycle,False,False,True,False,False,,8.0
Final500,Final500_T000323,f4975c392e8e4c6a84d934f4c5cd7693edfd3a70499e7b3eae9844738ecad571,S0001460,174,181,unproductive_cycle,False,False,True,False,False,,8.0
Final500,Final500_T000323,f4975c392e8e4c6a84d934f4c5cd7693edfd3a70499e7b3eae9844738ecad571,S0001461,183,195,unproductive_cycle,False,False,True,False,False,,13.0
Final500,Final500_T000324,fc53d761bc8a2b48a1f3f993cbcc8faa43f3345f07c05b8963e1d4d035ed59f1,S0001462,0,32,productive_iteration,True,True,False,False,False,,32.0
Final500,Final500_T000325,061d3277f77aa271e609795657c6ddf95a62e01716683ffa0f824d01903e5e91,S0001463,2,2,productive_iteration,False,True,False,False,False,,1.0
Final500,Final500_T000325,061d3277f77aa271e609795657c6ddf95a62e01716683ffa0f824d01903e5e91,S0001464,0,1,productive_iteration,False,True,False,False,False,,2.0
Final500,Final500_T000325,061d3277f77aa271e609795657c6ddf95a62e01716683ffa0f824d01903e5e91,S0001465,3,30,productive_iteration,False,True,False,False,False,,27.0
Final500,Final500_T000326,1ff27bf89c44fe2941950fdcb0fe73babaa09797045a7574e870a8429d06321e,S0001466,0,11,productive_iteration,True,True,False,False,False,,12.0
Final500,Final500_T000326,1ff27bf89c44fe2941950fdcb0fe73babaa09797045a7574e870a8429d06321e,S0001467,14,16,productive_iteration,True,True,False,False,False,,3.0
Final500,Final500_T000326,1ff27bf89c44fe2941950fdcb0fe73babaa09797045a7574e870a8429d06321e,S0001468,19,20,productive_iteration,False,True,False,False,False,,2.0
Final500,Final500_T000326,1ff27bf89c44fe2941950fdcb0fe73babaa09797045a7574e870a8429d06321e,S0001469,21,108,productive_iteration,True,True,False,False,False,,1.0
Final500,Final500_T000326,1ff27bf89c44fe2941950fdcb0fe73babaa09797045a7574e870a8429d06321e,S0001470,21,108,unproductive_cycle,False,False,True,False,False,,85.0
Final500,Final500_T000327,29bbd1fb2cfb28484b42c5346c42f074988d2f12681d3e2ce316279c2797fcf3,S0001471,17,28,productive_iteration,False,True,False,False,False,,2.0
Final500,Final500_T000327,29bbd1fb2cfb28484b42c5346c42f074988d2f12681d3e2ce316279c2797fcf3,S0001472,0,16,productive_iteration,False,True,False,False,False,,17.0
Final500,Final500_T000327,29bbd1fb2cfb28484b42c5346c42f074988d2f12681d3e2ce316279c2797fcf3,S0001473,18,26,productive_iteration,True,True,False,False,False,,9.0
Final500,Final500_T000327,29bbd1fb2cfb28484b42c5346c42f074988d2f12681d3e2ce316279c2797fcf3,S0001474,29,30,productive_iteration,False,True,False,False,False,,2.0
Final500,Final500_T000327,29bbd1fb2cfb28484b42c5346c42f074988d2f12681d3e2ce316279c2797fcf3,S0001475,32,37,productive_iteration,True,True,False,False,False,,5.0
Final500,Final500_T000328,be5ecc23d3ecd6eec00594cd27539da8184c3c79e0f1e3ead3f5fa7c460fd142,S0001476,20,25,productive_iteration,True,True,False,False,False,,2.0
Final500,Final500_T000328,be5ecc23d3ecd6eec00594cd27539da8184c3c79e0f1e3ead3f5fa7c460fd142,S0001477,0,19,productive_iteration,True,True,False,False,False,,20.0
Final500,Final500_T000328,be5ecc23d3ecd6eec00594cd27539da8184c3c79e0f1e3ead3f5fa7c460fd142,S0001478,21,24,productive_iteration,True,True,False,False,False,,4.0
Final500,Final500_T000328,be5ecc23d3ecd6eec00594cd27539da8184c3c79e0f1e3ead3f5fa7c460fd142,S0001479,26,31,productive_iteration,True,True,False,False,False,,6.0
Final500,Final500_T000329,8fbeb217efc85108ec29b6ff85fb3de0cc80ebab69efca9d9cafa7c4bbc49ec3,S0001480,16,30,productive_iteration,True,True,False,False,False,,7.0
Final500,Final500_T000329,8fbeb217efc85108ec29b6ff85fb3de0cc80ebab69efca9d9cafa7c4bbc49ec3,S0001481,0,7,productive_iteration,False,True,False,False,False,,8.0
Final500,Final500_T000329,8fbeb217efc85108ec29b6ff85fb3de0cc80ebab69efca9d9cafa7c4bbc49ec3,S0001482,11,15,productive_iteration,True,True,False,False,False,,5.0
Final500,Final500_T000329,8fbeb217efc85108ec29b6ff85fb3de0cc80ebab69efca9d9cafa7c4bbc49ec3,S0001483,20,21,productive_iteration,False,True,False,False,False,,2.0
Final500,Final500_T000329,8fbeb217efc85108ec29b6ff85fb3de0cc80ebab69efca9d9cafa7c4bbc49ec3,S0001484,23,25,productive_iteration,False,True,False,False,False,,3.0
Final500,Final500_T000329,8fbeb217efc85108ec29b6ff85fb3de0cc80ebab69efca9d9cafa7c4bbc49ec3,S0001485,27,29,productive_iteration,False,True,False,False,False,,3.0
Final500,Final500_T000329,8fbeb217efc85108ec29b6ff85fb3de0cc80ebab69efca9d9cafa7c4bbc49ec3,S0001486,31,49,productive_iteration,True,True,False,False,False,,19.0
Final500,Final500_T000329,8fbeb217efc85108ec29b6ff85fb3de0cc80ebab69efca9d9cafa7c4bbc49ec3,S0001487,8,10,productive_iteration,False,True,False,False,False,,3.0
Final500,Final500_T000330,e542b0c4d20f2ede36ffab382fc95b6b5f0d9dffeb460286004114b2a4120d45,S0001488,77,78,productive_iteration,False,True,False,False,False,,2.0
Final500,Final500_T000330,e542b0c4d20f2ede36ffab382fc95b6b5f0d9dffeb460286004114b2a4120d45,S0001489,0,6,productive_iteration,True,True,False,False,False,,7.0
Final500,Final500_T000330,e542b0c4d20f2ede36ffab382fc95b6b5f0d9dffeb460286004114b2a4120d45,S0001490,69,76,productive_iteration,True,True,False,False,False,,8.0
Final500,Final500_T000330,e542b0c4d20f2ede36ffab382fc95b6b5f0d9dffeb460286004114b2a4120d45,S0001491,7,68,productive_iteration,True,True,False,False,False,,2.0
Final500,Final500_T000330,e542b0c4d20f2ede36ffab382fc95b6b5f0d9dffeb460286004114b2a4120d45,S0001492,7,68,unproductive_cycle,False,False,True,False,False,,60.0
Final500,Final500_T000331,eded2adc23178fa21f64f8a88e19dbb01c9431a3257210386baf313be734ca1b,S0001493,0,33,productive_iteration,False,True,False,False,False,,5.0
Final500,Final500_T000331,eded2adc23178fa21f64f8a88e19dbb01c9431a3257210386baf313be734ca1b,S0001494,10,34,unproductive_cycle,False,False,True,False,False,,5.0
Final500,Final500_T000331,eded2adc23178fa21f64f8a88e19dbb01c9431a3257210386baf313be734ca1b,S0001495,1,4,productive_iteration,False,True,False,False,False,,4.0
Final500,Final500_T000331,eded2adc23178fa21f64f8a88e19dbb01c9431a3257210386baf313be734ca1b,S0001496,6,8,productive_iteration,False,True,False,False,False,,3.0
Final500,Final500_T000331,eded2adc23178fa21f64f8a88e19dbb01c9431a3257210386baf313be734ca1b,S0001497,11,15,productive_iteration,False,True,False,False,False,,5.0
Final500,Final500_T000331,eded2adc23178fa21f64f8a88e19dbb01c9431a3257210386baf313be734ca1b,S0001498,19,24,productive_iteration,False,True,False,False,False,,6.0
Final500,Final500_T000331,eded2adc23178fa21f64f8a88e19dbb01c9431a3257210386baf313be734ca1b,S0001499,31,32,productive_iteration,False,True,False,False,False,,2.0
Final500,Final500_T000331,eded2adc23178fa21f64f8a88e19dbb01c9431a3257210386baf313be734ca1b,S0001500,35,36,productive_iteration,False,True,False,False,False,,1.0
Final500,Final500_T000331,eded2adc23178fa21f64f8a88e19dbb01c9431a3257210386baf313be734ca1b,S0001501,27,30,productive_iteration,True,True,False,False,False,,2.0
Final500,Final500_T000332,558be8d43a64580ce8fa58014c4e00bef02822fc88cf2bfd20736c8ec7123300,S0001502,26,30,productive_iteration,True,True,False,False,False,,3.0
Final500,Final500_T000332,558be8d43a64580ce8fa58014c4e00bef02822fc88cf2bfd20736c8ec7123300,S0001503,39,71,unproductive_cycle,False,False,True,False,False,,3.0
Final500,Final500_T000332,558be8d43a64580ce8fa58014c4e00bef02822fc88cf2bfd20736c8ec7123300,S0001504,0,9,productive_iteration,False,True,False,False,False,,7.0
Final500,Final500_T000332,558be8d43a64580ce8fa58014c4e00bef02822fc88cf2bfd20736c8ec7123300,S0001505,11,25,productive_iteration,True,True,False,False,False,,14.0
Final500,Final500_T000332,558be8d43a64580ce8fa58014c4e00bef02822fc88cf2bfd20736c8ec7123300,S0001506,27,28,productive_iteration,True,True,False,False,False,,2.0
Final500,Final500_T000332,558be8d43a64580ce8fa58014c4e00bef02822fc88cf2bfd20736c8ec7123300,S0001507,31,35,productive_iteration,True,True,False,False,False,,2.0
Final500,Final500_T000332,558be8d43a64580ce8fa58014c4e00bef02822fc88cf2bfd20736c8ec7123300,S0001508,31,35,unproductive_cycle,False,False,True,False,False,,3.0
Final500,Final500_T000332,558be8d43a64580ce8fa58014c4e00bef02822fc88cf2bfd20736c8ec7123300,S0001509,80,81,unproductive_cycle,False,False,True,False,False,,2.0
Final500,Final500_T000332,558be8d43a64580ce8fa58014c4e00bef02822fc88cf2bfd20736c8ec7123300,S0001510,36,38,unproductive_cycle,False,False,True,False,False,,3.0
Final500,Final500_T000332,558be8d43a64580ce8fa58014c4e00bef02822fc88cf2bfd20736c8ec7123300,S0001511,40,47,unproductive_cycle,False,False,True,False,False,,8.0
Final500,Final500_T000332,558be8d43a64580ce8fa58014c4e00bef02822fc88cf2bfd20736c8ec7123300,S0001512,49,70,unproductive_cycle,False,False,True,False,False,,22.0
Final500,Final500_T000332,558be8d43a64580ce8fa58014c4e00bef02822fc88cf2bfd20736c8ec7123300,S0001513,72,79,unproductive_cycle,False,False,True,False,False,,8.0
Final500,Final500_T000333,77a60a88c59cffbd0072b4346f43a6651a6b8332aeebd86da225cc8380fba60c,S0001514,3,15,productive_iteration,False,True,False,False,False,,2.0
Final500,Final500_T000333,77a60a88c59cffbd0072b4346f43a6651a6b8332aeebd86da225cc8380fba60c,S0001515,37,37,unproductive_cycle,False,False,True,False,False,,1.0
Final500,Final500_T000333,77a60a88c59cffbd0072b4346f43a6651a6b8332aeebd86da225cc8380fba60c,S0001516,0,2,productive_iteration,False,True,False,False,False,,3.0
Final500,Final500_T000333,77a60a88c59cffbd0072b4346f43a6651a6b8332aeebd86da225cc8380fba60c,S0001517,4,14,productive_iteration,False,True,False,False,False,,11.0
Final500,Final500_T000333,77a60a88c59cffbd0072b4346f43a6651a6b8332aeebd86da225cc8380fba60c,S0001518,19,27,productive_iteration,False,True,False,False,False,,8.0
Final500,Final500_T000333,77a60a88c59cffbd0072b4346f43a6651a6b8332aeebd86da225cc8380fba60c,S0001519,16,18,productive_iteration,False,True,False,False,False,,3.0
Final500,Final500_T000333,77a60a88c59cffbd0072b4346f43a6651a6b8332aeebd86da225cc8380fba60c,S0001520,30,36,unproductive_cycle,False,False,True,False,False,,7.0
Final500,Final500_T000333,77a60a88c59cffbd0072b4346f43a6651a6b8332aeebd86da225cc8380fba60c,S0001521,38,104,unproductive_cycle,False,False,True,False,False,,67.0
Final500,Final500_T000334,8a30dd9c14d9718e0f9e721be82f4149be650639043ae8bfc1eaa11586e808da,S0001522,31,75,unproductive_cycle,False,False,True,False,False,,39.0
Final500,Final500_T000334,8a30dd9c14d9718e0f9e721be82f4149be650639043ae8bfc1eaa11586e808da,S0001523,0,14,productive_iteration,True,True,False,False,False,,15.0
Final500,Final500_T000334,8a30dd9c14d9718e0f9e721be82f4149be650639043ae8bfc1eaa11586e808da,S0001524,15,30,productive_iteration,True,True,False,False,False,,3.0
Final500,Final500_T000334,8a30dd9c14d9718e0f9e721be82f4149be650639043ae8bfc1eaa11586e808da,S0001525,15,30,unproductive_cycle,False,False,True,False,False,,13.0
Final500,Final500_T000334,8a30dd9c14d9718e0f9e721be82f4149be650639043ae8bfc1eaa11586e808da,S0001526,54,58,unproductive_cycle,False,False,True,False,False,,5.0
Final500,Final500_T000335,08a5904f82d523fd7430edd29c69fbe24dffdb8958e583ea695b8319b5515f0b,S0001527,19,25,productive_iteration,True,True,False,False,False,,3.0
Final500,Final500_T000335,08a5904f82d523fd7430edd29c69fbe24dffdb8958e583ea695b8319b5515f0b,S0001528,161,161,unproductive_cycle,False,False,True,False,False,,1.0
Final500,Final500_T000335,08a5904f82d523fd7430edd29c69fbe24dffdb8958e583ea695b8319b5515f0b,S0001529,0,18,productive_iteration,True,True,False,False,False,,19.0
Final500,Final500_T000335,08a5904f82d523fd7430edd29c69fbe24dffdb8958e583ea695b8319b5515f0b,S0001530,20,21,productive_iteration,False,True,False,False,False,,2.0
Final500,Final500_T000335,08a5904f82d523fd7430edd29c69fbe24dffdb8958e583ea695b8319b5515f0b,S0001531,23,24,productive_iteration,False,True,False,False,False,,2.0
Final500,Final500_T000335,08a5904f82d523fd7430edd29c69fbe24dffdb8958e583ea695b8319b5515f0b,S0001532,30,160,unproductive_cycle,False,False,True,False,False,,127.0
Final500,Final500_T000336,3bedfa6ff8d7f2cce4e7286bf875965a2ced9bbc6a30b97023c6aee140b5e5e2,S0001533,23,31,productive_iteration,False,True,False,False,False,,2.0
Final500,Final500_T000336,3bedfa6ff8d7f2cce4e7286bf875965a2ced9bbc6a30b97023c6aee140b5e5e2,S0001534,0,12,productive_iteration,True,True,False,False,False,,13.0
Final500,Final500_T000336,3bedfa6ff8d7f2cce4e7286bf875965a2ced9bbc6a30b97023c6aee140b5e5e2,S0001535,19,22,productive_iteration,True,True,False,False,False,,4.0
Final500,Final500_T000336,3bedfa6ff8d7f2cce4e7286bf875965a2ced9bbc6a30b97023c6aee140b5e5e2,S0001536,24,30,productive_iteration,True,True,False,False,False,,7.0
Final500,Final500_T000336,3bedfa6ff8d7f2cce4e7286bf875965a2ced9bbc6a30b97023c6aee140b5e5e2,S0001537,32,36,productive_iteration,False,True,False,False,False,,4.0
Final500,Final500_T000337,c4535caade7fa97ca95f0453e0435200ad02b2a53c05950d1d9836d26c435b0c,S0001538,38,44,productive_iteration,False,True,False,False,False,,2.0
Final500,Final500_T000337,c4535caade7fa97ca95f0453e0435200ad02b2a53c05950d1d9836d26c435b0c,S0001539,0,23,productive_iteration,False,True,False,False,False,,24.0
Final500,Final500_T000337,c4535caade7fa97ca95f0453e0435200ad02b2a53c05950d1d9836d26c435b0c,S0001540,36,37,productive_iteration,True,True,False,False,False,,2.0
Final500,Final500_T000337,c4535caade7fa97ca95f0453e0435200ad02b2a53c05950d1d9836d26c435b0c,S0001541,39,43,productive_iteration,True,True,False,False,False,,5.0
Final500,Final500_T000337,c4535caade7fa97ca95f0453e0435200ad02b2a53c05950d1d9836d26c435b0c,S0001542,45,49,productive_iteration,False,True,False,False,False,,5.0
Final500,Final500_T000337,c4535caade7fa97ca95f0453e0435200ad02b2a53c05950d1d9836d26c435b0c,S0001543,24,35,productive_iteration,True,True,False,False,False,,11.0
Final500,Final500_T000337,c4535caade7fa97ca95f0453e0435200ad02b2a53c05950d1d9836d26c435b0c,S0001544,24,35,unproductive_cycle,False,False,True,False,False,,1.0
Final500,Final500_T000338,df5e056317f8bb74448d1e1b673ae0d321b8823022cae29ec76c4f5f3ffe745f,S0001545,7,9,productive_iteration,True,True,False,False,False,,3.0
Final500,Final500_T000338,df5e056317f8bb74448d1e1b673ae0d321b8823022cae29ec76c4f5f3ffe745f,S0001546,10,63,unproductive_cycle,False,False,True,False,False,,32.0
Final500,Final500_T000338,df5e056317f8bb74448d1e1b673ae0d321b8823022cae29ec76c4f5f3ffe745f,S0001547,0,6,productive_iteration,False,True,False,False,False,,7.0
Final500,Final500_T000338,df5e056317f8bb74448d1e1b673ae0d321b8823022cae29ec76c4f5f3ffe745f,S0001548,64,79,productive_iteration,False,True,False,False,False,,13.0
Final500,Final500_T000338,df5e056317f8bb74448d1e1b673ae0d321b8823022cae29ec76c4f5f3ffe745f,S0001549,64,79,unproductive_cycle,False,False,True,False,False,,2.0
Final500,Final500_T000339,7ed97cfc1107e57c3c26ac847b41357e8467f24efd286917bf275a04d2f11288,S0001550,0,7,productive_iteration,False,True,False,False,False,,8.0
Final500,Final500_T000339,7ed97cfc1107e57c3c26ac847b41357e8467f24efd286917bf275a04d2f11288,S0001551,29,37,productive_iteration,True,True,False,False,False,,8.0
Final500,Final500_T000339,7ed97cfc1107e57c3c26ac847b41357e8467f24efd286917bf275a04d2f11288,S0001552,29,37,unproductive_cycle,False,False,True,False,False,,1.0
Final500,Final500_T000339,7ed97cfc1107e57c3c26ac847b41357e8467f24efd286917bf275a04d2f11288,S0001553,8,28,unproductive_cycle,False,False,True,False,False,,20.0
Final500,Final500_T000340,4070e37e87e410215bd06c1591143a541e45feb6a9f99c03584d3bee4a00b700,S0001554,0,24,productive_iteration,True,True,False,False,False,,23.0
Final500,Final500_T000340,4070e37e87e410215bd06c1591143a541e45feb6a9f99c03584d3bee4a00b700,S0001555,26,30,productive_iteration,True,True,False,False,False,,5.0
Final500,Final500_T000340,4070e37e87e410215bd06c1591143a541e45feb6a9f99c03584d3bee4a00b700,S0001556,32,33,productive_iteration,False,True,False,False,False,,2.0
Final500,Final500_T000341,b098736abae391c8bb0220470251dda480bec88e1167dc8864facc5488d9ef93,S0001557,11,11,productive_iteration,False,True,False,False,False,,1.0
Final500,Final500_T000341,b098736abae391c8bb0220470251dda480bec88e1167dc8864facc5488d9ef93,S0001558,0,3,productive_iteration,False,True,False,False,False,,4.0
Final500,Final500_T000341,b098736abae391c8bb0220470251dda480bec88e1167dc8864facc5488d9ef93,S0001559,6,10,productive_iteration,True,True,False,False,False,,5.0
Final500,Final500_T000341,b098736abae391c8bb0220470251dda480bec88e1167dc8864facc5488d9ef93,S0001560,14,30,productive_iteration,True,True,False,False,False,,16.0
Final500,Final500_T000342,ddc92b73b187f4a582390cd9e91ff3177aea7913932420bd6c063763bd42e99f,S0001561,12,13,productive_iteration,False,True,False,False,False,,2.0
Final500,Final500_T000342,ddc92b73b187f4a582390cd9e91ff3177aea7913932420bd6c063763bd42e99f,S0001562,0,11,productive_iteration,True,True,False,False,False,,12.0
Final500,Final500_T000342,ddc92b73b187f4a582390cd9e91ff3177aea7913932420bd6c063763bd42e99f,S0001563,14,29,productive_iteration,True,True,False,False,False,,16.0
Final500,Final500_T000342,ddc92b73b187f4a582390cd9e91ff3177aea7913932420bd6c063763bd42e99f,S0001564,30,33,productive_iteration,False,True,False,False,False,,1.0
Final500,Final500_T000342,ddc92b73b187f4a582390cd9e91ff3177aea7913932420bd6c063763bd42e99f,S0001565,30,33,unproductive_cycle,False,False,True,False,False,,3.0
Final500,Final500_T000343,b72af22921212d33fdee8e111bbc61063f45d11943006979512dbe0ebbf678de,S0001566,11,21,productive_iteration,True,True,False,False,False,,3.0
Final500,Final500_T000343,b72af22921212d33fdee8e111bbc61063f45d11943006979512dbe0ebbf678de,S0001567,0,10,productive_iteration,True,True,False,False,False,,11.0
Final500,Final500_T000343,b72af22921212d33fdee8e111bbc61063f45d11943006979512dbe0ebbf678de,S0001568,12,16,productive_iteration,False,True,False,False,False,,5.0
Final500,Final500_T000343,b72af22921212d33fdee8e111bbc61063f45d11943006979512dbe0ebbf678de,S0001569,18,20,productive_iteration,False,True,False,False,False,,3.0
Final500,Final500_T000343,b72af22921212d33fdee8e111bbc61063f45d11943006979512dbe0ebbf678de,S0001570,24,198,unproductive_cycle,False,False,True,False,False,,173.0
Final500,Final500_T000344,ffb169c618356ecaf644f5cb4eeeae4b6d33e0a2c849088e9b6c38bdbb7c8b35,S0001571,13,31,productive_iteration,True,True,False,False,False,,5.0
Final500,Final500_T000344,ffb169c618356ecaf644f5cb4eeeae4b6d33e0a2c849088e9b6c38bdbb7c8b35,S0001572,0,12,productive_iteration,True,True,False,False,False,,13.0
Final500,Final500_T000344,ffb169c618356ecaf644f5cb4eeeae4b6d33e0a2c849088e9b6c38bdbb7c8b35,S0001573,15,22,productive_iteration,True,True,False,False,False,,8.0
Final500,Final500_T000344,ffb169c618356ecaf644f5cb4eeeae4b6d33e0a2c849088e9b6c38bdbb7c8b35,S0001574,24,27,productive_iteration,True,True,False,False,False,,4.0
Final500,Final500_T000344,ffb169c618356ecaf644f5cb4eeeae4b6d33e0a2c849088e9b6c38bdbb7c8b35,S0001575,29,30,productive_iteration,True,True,False,False,False,,2.0
Final500,Final500_T000345,8e2dcb307cfaca7196a1e8789808c19596e5bb06bfaf6773296a964191376f3a,S0001576,0,8,productive_iteration,True,True,False,False,False,,7.0
Final500,Final500_T000345,8e2dcb307cfaca7196a1e8789808c19596e5bb06bfaf6773296a964191376f3a,S0001577,14,22,productive_iteration,True,True,False,False,False,,9.0
Final500,Final500_T000345,8e2dcb307cfaca7196a1e8789808c19596e5bb06bfaf6773296a964191376f3a,S0001578,30,31,productive_iteration,False,True,False,False,False,,2.0
Final500,Final500_T000345,8e2dcb307cfaca7196a1e8789808c19596e5bb06bfaf6773296a964191376f3a,S0001579,40,46,productive_iteration,True,True,False,False,False,,7.0
Final500,Final500_T000345,8e2dcb307cfaca7196a1e8789808c19596e5bb06bfaf6773296a964191376f3a,S0001580,9,13,unproductive_cycle,False,False,True,False,False,,5.0
Final500,Final500_T000345,8e2dcb307cfaca7196a1e8789808c19596e5bb06bfaf6773296a964191376f3a,S0001581,32,39,productive_iteration,False,True,False,False,False,,8.0
Final500,Final500_T000345,8e2dcb307cfaca7196a1e8789808c19596e5bb06bfaf6773296a964191376f3a,S0001582,47,124,productive_iteration,False,True,False,False,False,,1.0
Final500,Final500_T000345,8e2dcb307cfaca7196a1e8789808c19596e5bb06bfaf6773296a964191376f3a,S0001583,47,124,unproductive_cycle,False,False,True,False,False,,77.0
Final500,Final500_T000346,4ddf9d86fc527ab7a3df0beca04342da1619161d7aed2d7d5bf5ad01db502d80,S0001584,0,14,productive_iteration,False,True,False,False,False,,2.0
Final500,Final500_T000346,4ddf9d86fc527ab7a3df0beca04342da1619161d7aed2d7d5bf5ad01db502d80,S0001585,26,98,unproductive_cycle,False,False,True,False,False,,11.0
Final500,Final500_T000346,4ddf9d86fc527ab7a3df0beca04342da1619161d7aed2d7d5bf5ad01db502d80,S0001586,1,4,productive_iteration,False,True,False,False,False,,4.0
Final500,Final500_T000346,4ddf9d86fc527ab7a3df0beca04342da1619161d7aed2d7d5bf5ad01db502d80,S0001587,8,13,productive_iteration,True,True,False,False,False,,6.0
Final500,Final500_T000346,4ddf9d86fc527ab7a3df0beca04342da1619161d7aed2d7d5bf5ad01db502d80,S0001588,15,25,productive_iteration,True,True,False,False,False,,11.0
Final500,Final500_T000346,4ddf9d86fc527ab7a3df0beca04342da1619161d7aed2d7d5bf5ad01db502d80,S0001589,5,7,unproductive_cycle,False,False,True,False,False,,3.0
Final500,Final500_T000346,4ddf9d86fc527ab7a3df0beca04342da1619161d7aed2d7d5bf5ad01db502d80,S0001590,27,37,unproductive_cycle,False,False,True,False,False,,11.0
Final500,Final500_T000346,4ddf9d86fc527ab7a3df0beca04342da1619161d7aed2d7d5bf5ad01db502d80,S0001591,39,57,unproductive_cycle,False,False,True,False,False,,19.0
Final500,Final500_T000346,4ddf9d86fc527ab7a3df0beca04342da1619161d7aed2d7d5bf5ad01db502d80,S0001592,59,61,unproductive_cycle,False,False,True,False,False,,3.0
Final500,Final500_T000346,4ddf9d86fc527ab7a3df0beca04342da1619161d7aed2d7d5bf5ad01db502d80,S0001593,63,65,unproductive_cycle,False,False,True,False,False,,3.0
Final500,Final500_T000346,4ddf9d86fc527ab7a3df0beca04342da1619161d7aed2d7d5bf5ad01db502d80,S0001594,67,73,unproductive_cycle,False,False,True,False,False,,7.0
Final500,Final500_T000346,4ddf9d86fc527ab7a3df0beca04342da1619161d7aed2d7d5bf5ad01db502d80,S0001595,75,81,unproductive_cycle,False,False,True,False,False,,7.0
Final500,Final500_T000346,4ddf9d86fc527ab7a3df0beca04342da1619161d7aed2d7d5bf5ad01db502d80,S0001596,83,85,unproductive_cycle,False,False,True,False,False,,3.0
Final500,Final500_T000346,4ddf9d86fc527ab7a3df0beca04342da1619161d7aed2d7d5bf5ad01db502d80,S0001597,87,89,unproductive_cycle,False,False,True,False,False,,3.0
Final500,Final500_T000346,4ddf9d86fc527ab7a3df0beca04342da1619161d7aed2d7d5bf5ad01db502d80,S0001598,91,93,unproductive_cycle,False,False,True,False,False,,3.0
Final500,Final500_T000346,4ddf9d86fc527ab7a3df0beca04342da1619161d7aed2d7d5bf5ad01db502d80,S0001599,95,97,unproductive_cycle,False,False,True,False,False,,3.0
Final500,Final500_T000347,52b2cfcc5ae58df535b7f312d0cd288d999000ed832c30af530c2727be07065f,S0001600,0,14,productive_iteration,True,True,False,False,False,,15.0
Final500,Final500_T000347,52b2cfcc5ae58df535b7f312d0cd288d999000ed832c30af530c2727be07065f,S0001601,18,38,productive_iteration,True,True,False,False,False,,19.0
Final500,Final500_T000347,52b2cfcc5ae58df535b7f312d0cd288d999000ed832c30af530c2727be07065f,S0001602,15,17,productive_iteration,True,True,False,False,False,,3.0
Final500,Final500_T000348,b2b428406c55958bfd32b4af44d0ab2beaefe17ebf6bda0b910cb86edd4adc2d,S0001603,10,10,productive_iteration,False,True,False,False,False,,1.0
Final500,Final500_T000348,b2b428406c55958bfd32b4af44d0ab2beaefe17ebf6bda0b910cb86edd4adc2d,S0001604,0,9,productive_iteration,False,True,False,False,False,,10.0
Final500,Final500_T000348,b2b428406c55958bfd32b4af44d0ab2beaefe17ebf6bda0b910cb86edd4adc2d,S0001605,11,20,productive_iteration,True,True,False,False,False,,10.0
Final500,Final500_T000348,b2b428406c55958bfd32b4af44d0ab2beaefe17ebf6bda0b910cb86edd4adc2d,S0001606,29,36,productive_iteration,False,True,False,False,False,,7.0
Final500,Final500_T000348,b2b428406c55958bfd32b4af44d0ab2beaefe17ebf6bda0b910cb86edd4adc2d,S0001607,21,28,productive_iteration,True,True,False,False,False,,4.0
Final500,Final500_T000348,b2b428406c55958bfd32b4af44d0ab2beaefe17ebf6bda0b910cb86edd4adc2d,S0001608,21,28,unproductive_cycle,False,False,True,False,False,,2.0
Final500,Final500_T000349,6fb40f377882c1f414def34fe7ebf830b320d7bb2868a0cb6fce57f9643a1923,S0001609,13,21,productive_iteration,False,True,False,False,False,,2.0
Final500,Final500_T000349,6fb40f377882c1f414def34fe7ebf830b320d7bb2868a0cb6fce57f9643a1923,S0001610,31,59,unproductive_cycle,False,False,True,False,False,,9.0
Final500,Final500_T000349,6fb40f377882c1f414def34fe7ebf830b320d7bb2868a0cb6fce57f9643a1923,S0001611,0,7,productive_iteration,False,True,False,False,False,,8.0
Final500,Final500_T000349,6fb40f377882c1f414def34fe7ebf830b320d7bb2868a0cb6fce57f9643a1923,S0001612,18,20,productive_iteration,False,True,False,False,False,,3.0
Final500,Final500_T000349,6fb40f377882c1f414def34fe7ebf830b320d7bb2868a0cb6fce57f9643a1923,S0001613,22,30,productive_iteration,True,True,False,False,False,,8.0
Final500,Final500_T000349,6fb40f377882c1f414def34fe7ebf830b320d7bb2868a0cb6fce57f9643a1923,S0001614,22,30,unproductive_cycle,False,False,True,False,False,,1.0
Final500,Final500_T000349,6fb40f377882c1f414def34fe7ebf830b320d7bb2868a0cb6fce57f9643a1923,S0001615,32,43,productive_iteration,False,True,False,False,False,,7.0
Final500,Final500_T000349,6fb40f377882c1f414def34fe7ebf830b320d7bb2868a0cb6fce57f9643a1923,S0001616,32,43,unproductive_cycle,False,False,True,False,False,,5.0
Final500,Final500_T000349,6fb40f377882c1f414def34fe7ebf830b320d7bb2868a0cb6fce57f9643a1923,S0001617,50,54,productive_iteration,False,True,False,False,False,,5.0
Final500,Final500_T000349,6fb40f377882c1f414def34fe7ebf830b320d7bb2868a0cb6fce57f9643a1923,S0001618,56,57,productive_iteration,False,True,False,False,False,,2.0
Final500,Final500_T000349,6fb40f377882c1f414def34fe7ebf830b320d7bb2868a0cb6fce57f9643a1923,S0001619,60,67,productive_iteration,False,True,False,False,False,,6.0
Final500,Final500_T000349,6fb40f377882c1f414def34fe7ebf830b320d7bb2868a0cb6fce57f9643a1923,S0001620,60,67,unproductive_cycle,False,False,True,False,False,,2.0
Final500,Final500_T000349,6fb40f377882c1f414def34fe7ebf830b320d7bb2868a0cb6fce57f9643a1923,S0001621,8,12,productive_iteration,False,True,False,False,False,,1.0
Final500,Final500_T000349,6fb40f377882c1f414def34fe7ebf830b320d7bb2868a0cb6fce57f9643a1923,S0001622,8,12,unproductive_cycle,False,False,True,False,False,,4.0
Final500,Final500_T000349,6fb40f377882c1f414def34fe7ebf830b320d7bb2868a0cb6fce57f9643a1923,S0001623,14,17,productive_iteration,False,True,False,False,False,,1.0
Final500,Final500_T000349,6fb40f377882c1f414def34fe7ebf830b320d7bb2868a0cb6fce57f9643a1923,S0001624,14,17,unproductive_cycle,False,False,True,False,False,,3.0
Final500,Final500_T000350,fd43289836be7138a0479959d5bcc640c4bce2413c198f8d59bc30b0490946be,S0001625,14,14,productive_iteration,True,True,False,False,False,,1.0
Final500,Final500_T000350,fd43289836be7138a0479959d5bcc640c4bce2413c198f8d59bc30b0490946be,S0001626,35,138,unproductive_cycle,False,False,True,False,False,,14.0
Final500,Final500_T000350,fd43289836be7138a0479959d5bcc640c4bce2413c198f8d59bc30b0490946be,S0001627,0,13,productive_iteration,False,True,False,False,False,,14.0
Final500,Final500_T000350,fd43289836be7138a0479959d5bcc640c4bce2413c198f8d59bc30b0490946be,S0001628,15,25,productive_iteration,True,True,False,False,False,,11.0
Final500,Final500_T000350,fd43289836be7138a0479959d5bcc640c4bce2413c198f8d59bc30b0490946be,S0001629,136,137,unproductive_cycle,False,False,True,False,False,,2.0
Final500,Final500_T000350,fd43289836be7138a0479959d5bcc640c4bce2413c198f8d59bc30b0490946be,S0001630,26,34,productive_iteration,True,True,False,False,False,,2.0
Final500,Final500_T000350,fd43289836be7138a0479959d5bcc640c4bce2413c198f8d59bc30b0490946be,S0001631,26,34,unproductive_cycle,False,False,True,False,False,,7.0
Final500,Final500_T000350,fd43289836be7138a0479959d5bcc640c4bce2413c198f8d59bc30b0490946be,S0001632,36,42,unproductive_cycle,False,False,True,False,False,,7.0
Final500,Final500_T000350,fd43289836be7138a0479959d5bcc640c4bce2413c198f8d59bc30b0490946be,S0001633,44,46,unproductive_cycle,False,False,True,False,False,,3.0
Final500,Final500_T000350,fd43289836be7138a0479959d5bcc640c4bce2413c198f8d59bc30b0490946be,S0001634,48,50,unproductive_cycle,False,False,True,False,False,,3.0
Final500,Final500_T000350,fd43289836be7138a0479959d5bcc640c4bce2413c198f8d59bc30b0490946be,S0001635,52,66,unproductive_cycle,False,False,True,False,False,,15.0
Final500,Final500_T000350,fd43289836be7138a0479959d5bcc640c4bce2413c198f8d59bc30b0490946be,S0001636,68,70,unproductive_cycle,False,False,True,False,False,,3.0
Final500,Final500_T000350,fd43289836be7138a0479959d5bcc640c4bce2413c198f8d59bc30b0490946be,S0001637,72,74,unproductive_cycle,False,False,True,False,False,,3.0
Final500,Final500_T000350,fd43289836be7138a0479959d5bcc640c4bce2413c198f8d59bc30b0490946be,S0001638,76,78,unproductive_cycle,False,False,True,False,False,,3.0
Final500,Final500_T000350,fd43289836be7138a0479959d5bcc640c4bce2413c198f8d59bc30b0490946be,S0001639,80,106,unproductive_cycle,False,False,True,False,False,,27.0
Final500,Final500_T000350,fd43289836be7138a0479959d5bcc640c4bce2413c198f8d59bc30b0490946be,S0001640,108,110,unproductive_cycle,False,False,True,False,False,,3.0
Final500,Final500_T000350,fd43289836be7138a0479959d5bcc640c4bce2413c198f8d59bc30b0490946be,S0001641,112,114,unproductive_cycle,False,False,True,False,False,,3.0
Final500,Final500_T000350,fd43289836be7138a0479959d5bcc640c4bce2413c198f8d59bc30b0490946be,S0001642,116,122,unproductive_cycle,False,False,True,False,False,,7.0
Final500,Final500_T000350,fd43289836be7138a0479959d5bcc640c4bce2413c198f8d59bc30b0490946be,S0001643,124,130,unproductive_cycle,False,False,True,False,False,,7.0
Final500,Final500_T000350,fd43289836be7138a0479959d5bcc640c4bce2413c198f8d59bc30b0490946be,S0001644,132,135,unproductive_cycle,False,False,True,False,False,,4.0
Final500,Final500_T000351,fbcdb976bed4f532728fd24c71809dd1913f46d1ac09c174e705b98f09f3b624,S0001645,25,47,productive_iteration,False,True,False,False,False,,4.0
Final500,Final500_T000351,fbcdb976bed4f532728fd24c71809dd1913f46d1ac09c174e705b98f09f3b624,S0001646,0,19,productive_iteration,True,True,False,False,False,,20.0
Final500,Final500_T000351,fbcdb976bed4f532728fd24c71809dd1913f46d1ac09c174e705b98f09f3b624,S0001647,27,45,productive_iteration,True,True,False,False,False,,19.0
Final500,Final500_T000351,fbcdb976bed4f532728fd24c71809dd1913f46d1ac09c174e705b98f09f3b624,S0001648,20,24,productive_iteration,True,True,False,False,False,,5.0
Final500,Final500_T000352,0a79391a6b6522bd27d3d96abbbb8e9baafc795e1b44b8f0a2c7fa9f364bdc35,S0001649,7,7,productive_iteration,False,True,False,False,False,,1.0
Final500,Final500_T000352,0a79391a6b6522bd27d3d96abbbb8e9baafc795e1b44b8f0a2c7fa9f364bdc35,S0001650,0,6,productive_iteration,False,True,False,False,False,,7.0
Final500,Final500_T000352,0a79391a6b6522bd27d3d96abbbb8e9baafc795e1b44b8f0a2c7fa9f364bdc35,S0001651,8,19,productive_iteration,True,True,False,False,False,,12.0
Final500,Final500_T000352,0a79391a6b6522bd27d3d96abbbb8e9baafc795e1b44b8f0a2c7fa9f364bdc35,S0001652,23,34,productive_iteration,True,True,False,False,False,,12.0
Final500,Final500_T000352,0a79391a6b6522bd27d3d96abbbb8e9baafc795e1b44b8f0a2c7fa9f364bdc35,S0001653,20,22,productive_iteration,True,True,False,False,False,,3.0
Final500,Final500_T000353,94d82970afdaf54f360e69fc5b54d6ce74056b6ea5ca9d306f18c4abc4df5da6,S0001654,18,18,productive_iteration,False,True,False,False,False,,1.0
Final500,Final500_T000353,94d82970afdaf54f360e69fc5b54d6ce74056b6ea5ca9d306f18c4abc4df5da6,S0001655,0,17,productive_iteration,False,True,False,False,False,,18.0
Final500,Final500_T000353,94d82970afdaf54f360e69fc5b54d6ce74056b6ea5ca9d306f18c4abc4df5da6,S0001656,19,30,productive_iteration,True,True,False,False,False,,12.0
Final500,Final500_T000354,c14a18d24ede5c7680222d405244f10e0e3dc998d01217f285348916e0d941db,S0001657,5,38,productive_iteration,True,True,False,False,False,,4.0
Final500,Final500_T000354,c14a18d24ede5c7680222d405244f10e0e3dc998d01217f285348916e0d941db,S0001658,37,37,unproductive_cycle,False,False,True,False,False,,1.0
Final500,Final500_T000354,c14a18d24ede5c7680222d405244f10e0e3dc998d01217f285348916e0d941db,S0001659,0,4,productive_iteration,False,True,False,False,False,,5.0
Final500,Final500_T000354,c14a18d24ede5c7680222d405244f10e0e3dc998d01217f285348916e0d941db,S0001660,7,8,productive_iteration,False,True,False,False,False,,2.0
Final500,Final500_T000354,c14a18d24ede5c7680222d405244f10e0e3dc998d01217f285348916e0d941db,S0001661,10,14,productive_iteration,True,True,False,False,False,,5.0
Final500,Final500_T000354,c14a18d24ede5c7680222d405244f10e0e3dc998d01217f285348916e0d941db,S0001662,28,35,productive_iteration,True,True,False,False,False,,8.0
Final500,Final500_T000354,c14a18d24ede5c7680222d405244f10e0e3dc998d01217f285348916e0d941db,S0001663,15,27,productive_iteration,False,True,False,False,False,,1.0
Final500,Final500_T000354,c14a18d24ede5c7680222d405244f10e0e3dc998d01217f285348916e0d941db,S0001664,15,27,unproductive_cycle,False,False,True,False,False,,12.0
Final500,Final500_T000355,f43b23ca322114c2358146b08fb842e6739458e49bffeba912f9ef4071ab3ac2,S0001665,18,18,productive_iteration,False,True,False,False,False,,1.0
Final500,Final500_T000355,f43b23ca322114c2358146b08fb842e6739458e49bffeba912f9ef4071ab3ac2,S0001666,0,17,productive_iteration,True,True,False,False,False,,18.0
Final500,Final500_T000355,f43b23ca322114c2358146b08fb842e6739458e49bffeba912f9ef4071ab3ac2,S0001667,19,26,productive_iteration,False,True,False,False,False,,8.0
Final500,Final500_T000355,f43b23ca322114c2358146b08fb842e6739458e49bffeba912f9ef4071ab3ac2,S0001668,27,93,productive_iteration,False,True,False,False,False,,1.0
Final500,Final500_T000355,f43b23ca322114c2358146b08fb842e6739458e49bffeba912f9ef4071ab3ac2,S0001669,27,93,unproductive_cycle,False,False,True,False,False,,66.0
Final500,Final500_T000356,3420376463cac196cdd022f18e11a1269fac183d0256981244ee7f8711413b7e,S0001670,1,13,productive_iteration,False,True,False,False,False,,13.0
Final500,Final500_T000356,3420376463cac196cdd022f18e11a1269fac183d0256981244ee7f8711413b7e,S0001671,14,94,productive_iteration,False,True,False,False,False,,2.0
Final500,Final500_T000356,3420376463cac196cdd022f18e11a1269fac183d0256981244ee7f8711413b7e,S0001672,14,94,unproductive_cycle,False,False,True,False,False,,79.0
Final500,Final500_T000357,393ba0ae94771d098a55bca34b2ba90528dde576eb81f5329b2c3ec8f0d8ee08,S0001673,5,5,productive_iteration,False,True,False,False,False,,1.0
Final500,Final500_T000357,393ba0ae94771d098a55bca34b2ba90528dde576eb81f5329b2c3ec8f0d8ee08,S0001674,0,3,productive_iteration,False,True,False,False,False,,4.0
Final500,Final500_T000357,393ba0ae94771d098a55bca34b2ba90528dde576eb81f5329b2c3ec8f0d8ee08,S0001675,12,13,productive_iteration,False,True,False,False,False,,2.0
Final500,Final500_T000357,393ba0ae94771d098a55bca34b2ba90528dde576eb81f5329b2c3ec8f0d8ee08,S0001676,18,32,productive_iteration,True,True,False,False,False,,14.0
Final500,Final500_T000357,393ba0ae94771d098a55bca34b2ba90528dde576eb81f5329b2c3ec8f0d8ee08,S0001677,6,11,productive_iteration,True,True,False,False,False,,6.0
Final500,Final500_T000357,393ba0ae94771d098a55bca34b2ba90528dde576eb81f5329b2c3ec8f0d8ee08,S0001678,14,17,unproductive_cycle,False,False,True,False,False,,4.0
Final500,Final500_T000358,71496caa577448a3ff9ff05451cadeecf6ad66bc4f0576278bf8b88a08cfca92,S0001679,16,91,productive_iteration,True,True,False,False,False,,18.0
Final500,Final500_T000358,71496caa577448a3ff9ff05451cadeecf6ad66bc4f0576278bf8b88a08cfca92,S0001680,0,15,productive_iteration,True,True,False,False,False,,16.0
Final500,Final500_T000358,71496caa577448a3ff9ff05451cadeecf6ad66bc4f0576278bf8b88a08cfca92,S0001681,23,24,productive_iteration,True,True,False,False,False,,2.0
Final500,Final500_T000358,71496caa577448a3ff9ff05451cadeecf6ad66bc4f0576278bf8b88a08cfca92,S0001682,27,29,productive_iteration,False,True,False,False,False,,3.0
Final500,Final500_T000358,71496caa577448a3ff9ff05451cadeecf6ad66bc4f0576278bf8b88a08cfca92,S0001683,32,34,productive_iteration,True,True,False,False,False,,3.0
Final500,Final500_T000358,71496caa577448a3ff9ff05451cadeecf6ad66bc4f0576278bf8b88a08cfca92,S0001684,36,46,productive_iteration,True,True,False,False,False,,11.0
Final500,Final500_T000358,71496caa577448a3ff9ff05451cadeecf6ad66bc4f0576278bf8b88a08cfca92,S0001685,48,50,productive_iteration,False,True,False,False,False,,3.0
Final500,Final500_T000358,71496caa577448a3ff9ff05451cadeecf6ad66bc4f0576278bf8b88a08cfca92,S0001686,52,58,productive_iteration,False,True,False,False,False,,7.0
Final500,Final500_T000358,71496caa577448a3ff9ff05451cadeecf6ad66bc4f0576278bf8b88a08cfca92,S0001687,62,67,productive_iteration,True,True,False,False,False,,6.0
Final500,Final500_T000358,71496caa577448a3ff9ff05451cadeecf6ad66bc4f0576278bf8b88a08cfca92,S0001688,69,71,productive_iteration,False,True,False,False,False,,3.0
Final500,Final500_T000358,71496caa577448a3ff9ff05451cadeecf6ad66bc4f0576278bf8b88a08cfca92,S0001689,75,78,productive_iteration,True,True,False,False,False,,4.0
Final500,Final500_T000358,71496caa577448a3ff9ff05451cadeecf6ad66bc4f0576278bf8b88a08cfca92,S0001690,80,85,productive_iteration,True,True,False,False,False,,6.0
Final500,Final500_T000358,71496caa577448a3ff9ff05451cadeecf6ad66bc4f0576278bf8b88a08cfca92,S0001691,87,89,productive_iteration,False,True,False,False,False,,3.0
Final500,Final500_T000359,6a76fb8256eeb843b40edd50ba0376fab0cffa26b878d6eb9365293c39e8946b,S0001692,11,11,productive_iteration,False,True,False,False,False,,1.0
Final500,Final500_T000359,6a76fb8256eeb843b40edd50ba0376fab0cffa26b878d6eb9365293c39e8946b,S0001693,0,9,productive_iteration,True,True,False,False,False,,10.0
Final500,Final500_T000359,6a76fb8256eeb843b40edd50ba0376fab0cffa26b878d6eb9365293c39e8946b,S0001694,12,52,productive_iteration,False,True,False,False,False,,1.0
Final500,Final500_T000359,6a76fb8256eeb843b40edd50ba0376fab0cffa26b878d6eb9365293c39e8946b,S0001695,12,52,unproductive_cycle,False,False,True,False,False,,40.0
Final500,Final500_T000360,287e27fd24594e1c80ccf54e15a33c26eb149104b916e1288746d2bf51166049,S0001696,6,80,productive_iteration,True,True,False,False,False,,24.0
Final500,Final500_T000360,287e27fd24594e1c80ccf54e15a33c26eb149104b916e1288746d2bf51166049,S0001697,0,5,productive_iteration,False,True,False,False,False,,6.0
Final500,Final500_T000360,287e27fd24594e1c80ccf54e15a33c26eb149104b916e1288746d2bf51166049,S0001698,14,19,productive_iteration,False,True,False,False,False,,6.0
Final500,Final500_T000360,287e27fd24594e1c80ccf54e15a33c26eb149104b916e1288746d2bf51166049,S0001699,45,49,productive_iteration,False,True,False,False,False,,5.0
Final500,Final500_T000360,287e27fd24594e1c80ccf54e15a33c26eb149104b916e1288746d2bf51166049,S0001700,52,53,productive_iteration,False,True,False,False,False,,2.0
Final500,Final500_T000360,287e27fd24594e1c80ccf54e15a33c26eb149104b916e1288746d2bf51166049,S0001701,59,62,productive_iteration,False,True,False,False,False,,4.0
Final500,Final500_T000360,287e27fd24594e1c80ccf54e15a33c26eb149104b916e1288746d2bf51166049,S0001702,65,66,productive_iteration,False,True,False,False,False,,2.0
Final500,Final500_T000360,287e27fd24594e1c80ccf54e15a33c26eb149104b916e1288746d2bf51166049,S0001703,68,69,productive_iteration,True,True,False,False,False,,2.0
Final500,Final500_T000360,287e27fd24594e1c80ccf54e15a33c26eb149104b916e1288746d2bf51166049,S0001704,71,74,productive_iteration,True,True,False,False,False,,4.0
Final500,Final500_T000360,287e27fd24594e1c80ccf54e15a33c26eb149104b916e1288746d2bf51166049,S0001705,77,78,productive_iteration,False,True,False,False,False,,2.0
Final500,Final500_T000360,287e27fd24594e1c80ccf54e15a33c26eb149104b916e1288746d2bf51166049,S0001706,8,10,productive_iteration,True,True,False,False,False,,2.0
Final500,Final500_T000360,287e27fd24594e1c80ccf54e15a33c26eb149104b916e1288746d2bf51166049,S0001707,8,10,unproductive_cycle,False,False,True,False,False,,1.0
Final500,Final500_T000360,287e27fd24594e1c80ccf54e15a33c26eb149104b916e1288746d2bf51166049,S0001708,25,30,productive_iteration,False,True,False,False,False,,5.0
Final500,Final500_T000360,287e27fd24594e1c80ccf54e15a33c26eb149104b916e1288746d2bf51166049,S0001709,25,30,unproductive_cycle,False,False,True,False,False,,1.0
Final500,Final500_T000360,287e27fd24594e1c80ccf54e15a33c26eb149104b916e1288746d2bf51166049,S0001710,33,35,productive_iteration,True,True,False,False,False,,2.0
Final500,Final500_T000360,287e27fd24594e1c80ccf54e15a33c26eb149104b916e1288746d2bf51166049,S0001711,37,44,productive_iteration,True,True,False,False,False,,8.0
Final500,Final500_T000361,4719cfde2a6f8dee4398b80a6682571322cfde3a94fa2595fa8202df78a46725,S0001712,0,3,productive_iteration,False,True,False,False,False,,4.0
Final500,Final500_T000361,4719cfde2a6f8dee4398b80a6682571322cfde3a94fa2595fa8202df78a46725,S0001713,8,10,productive_iteration,False,True,False,False,False,,3.0
Final500,Final500_T000361,4719cfde2a6f8dee4398b80a6682571322cfde3a94fa2595fa8202df78a46725,S0001714,4,7,productive_iteration,False,True,False,False,False,,2.0
Final500,Final500_T000361,4719cfde2a6f8dee4398b80a6682571322cfde3a94fa2595fa8202df78a46725,S0001715,11,59,productive_iteration,False,True,False,False,False,,1.0
Final500,Final500_T000361,4719cfde2a6f8dee4398b80a6682571322cfde3a94fa2595fa8202df78a46725,S0001716,11,59,unproductive_cycle,False,False,True,False,False,,48.0
Final500,Final500_T000362,ec137b37055236054ef2ba0519ed0d21a157ec3c2e364ba7d21729e594a385c6,S0001717,8,12,productive_iteration,True,True,False,False,False,,2.0
Final500,Final500_T000362,ec137b37055236054ef2ba0519ed0d21a157ec3c2e364ba7d21729e594a385c6,S0001718,0,7,productive_iteration,True,True,False,False,False,,7.0
Final500,Final500_T000362,ec137b37055236054ef2ba0519ed0d21a157ec3c2e364ba7d21729e594a385c6,S0001719,9,11,productive_iteration,True,True,False,False,False,,3.0
Final500,Final500_T000362,ec137b37055236054ef2ba0519ed0d21a157ec3c2e364ba7d21729e594a385c6,S0001720,13,22,productive_iteration,True,True,False,False,False,,10.0
Final500,Final500_T000362,ec137b37055236054ef2ba0519ed0d21a157ec3c2e364ba7d21729e594a385c6,S0001721,26,27,productive_iteration,False,True,False,False,False,,2.0
Final500,Final500_T000362,ec137b37055236054ef2ba0519ed0d21a157ec3c2e364ba7d21729e594a385c6,S0001722,23,25,productive_iteration,False,True,False,False,False,,1.0
Final500,Final500_T000362,ec137b37055236054ef2ba0519ed0d21a157ec3c2e364ba7d21729e594a385c6,S0001723,23,25,unproductive_cycle,False,False,True,False,False,,2.0
Final500,Final500_T000362,ec137b37055236054ef2ba0519ed0d21a157ec3c2e364ba7d21729e594a385c6,S0001724,28,32,productive_iteration,False,True,False,False,False,,2.0
Final500,Final500_T000363,750f3bffe42a8a6d4ae5ebe617207339aebff0938c01e90feda939c092c19398,S0001725,20,29,productive_iteration,False,True,False,False,False,,4.0
Final500,Final500_T000363,750f3bffe42a8a6d4ae5ebe617207339aebff0938c01e90feda939c092c19398,S0001726,0,5,productive_iteration,True,True,False,False,False,,6.0
Final500,Final500_T000363,750f3bffe42a8a6d4ae5ebe617207339aebff0938c01e90feda939c092c19398,S0001727,9,11,productive_iteration,False,True,False,False,False,,3.0
Final500,Final500_T000363,750f3bffe42a8a6d4ae5ebe617207339aebff0938c01e90feda939c092c19398,S0001728,13,19,productive_iteration,False,True,False,False,False,,7.0
Final500,Final500_T000363,750f3bffe42a8a6d4ae5ebe617207339aebff0938c01e90feda939c092c19398,S0001729,22,27,productive_iteration,False,True,False,False,False,,6.0
Final500,Final500_T000363,750f3bffe42a8a6d4ae5ebe617207339aebff0938c01e90feda939c092c19398,S0001730,30,44,productive_iteration,False,True,False,False,False,,15.0
Final500,Final500_T000363,750f3bffe42a8a6d4ae5ebe617207339aebff0938c01e90feda939c092c19398,S0001731,6,8,productive_iteration,True,True,False,False,False,,3.0
Final500,Final500_T000363,750f3bffe42a8a6d4ae5ebe617207339aebff0938c01e90feda939c092c19398,S0001732,45,60,productive_iteration,False,True,False,False,False,,1.0
Final500,Final500_T000363,750f3bffe42a8a6d4ae5ebe617207339aebff0938c01e90feda939c092c19398,S0001733,45,60,unproductive_cycle,False,False,True,False,False,,15.0
Final500,Final500_T000364,b316d2ad68d14fc84b1afc2c8ff682a7b0cdf2ef9ccc8463d2b4c0d6dfda8ff8,S0001734,2,83,productive_iteration,True,True,False,False,False,,34.0
Final500,Final500_T000364,b316d2ad68d14fc84b1afc2c8ff682a7b0cdf2ef9ccc8463d2b4c0d6dfda8ff8,S0001735,7,10,productive_iteration,True,True,False,False,False,,4.0
Final500,Final500_T000364,b316d2ad68d14fc84b1afc2c8ff682a7b0cdf2ef9ccc8463d2b4c0d6dfda8ff8,S0001736,14,17,productive_iteration,False,True,False,False,False,,2.0
Final500,Final500_T000364,b316d2ad68d14fc84b1afc2c8ff682a7b0cdf2ef9ccc8463d2b4c0d6dfda8ff8,S0001737,21,23,productive_iteration,False,True,False,False,False,,2.0
Final500,Final500_T000364,b316d2ad68d14fc84b1afc2c8ff682a7b0cdf2ef9ccc8463d2b4c0d6dfda8ff8,S0001738,29,32,productive_iteration,False,True,False,False,False,,3.0
Final500,Final500_T000364,b316d2ad68d14fc84b1afc2c8ff682a7b0cdf2ef9ccc8463d2b4c0d6dfda8ff8,S0001739,40,42,productive_iteration,False,True,False,False,False,,2.0
Final500,Final500_T000364,b316d2ad68d14fc84b1afc2c8ff682a7b0cdf2ef9ccc8463d2b4c0d6dfda8ff8,S0001740,46,48,productive_iteration,False,True,False,False,False,,2.0
Final500,Final500_T000364,b316d2ad68d14fc84b1afc2c8ff682a7b0cdf2ef9ccc8463d2b4c0d6dfda8ff8,S0001741,54,56,productive_iteration,False,True,False,False,False,,2.0
Final500,Final500_T000364,b316d2ad68d14fc84b1afc2c8ff682a7b0cdf2ef9ccc8463d2b4c0d6dfda8ff8,S0001742,66,68,productive_iteration,False,True,False,False,False,,2.0
Final500,Final500_T000364,b316d2ad68d14fc84b1afc2c8ff682a7b0cdf2ef9ccc8463d2b4c0d6dfda8ff8,S0001743,78,79,productive_iteration,False,True,False,False,False,,1.0
Final500,Final500_T000365,0bf8162ca9880636e0179e630cb018c54b34af3c95085195e1f015533e7e0d6a,S0001744,8,26,productive_iteration,True,True,False,False,False,,6.0
Final500,Final500_T000365,0bf8162ca9880636e0179e630cb018c54b34af3c95085195e1f015533e7e0d6a,S0001745,27,100,unproductive_cycle,False,False,True,False,False,,26.0
Final500,Final500_T000365,0bf8162ca9880636e0179e630cb018c54b34af3c95085195e1f015533e7e0d6a,S0001746,0,7,productive_iteration,False,True,False,False,False,,4.0
Final500,Final500_T000365,0bf8162ca9880636e0179e630cb018c54b34af3c95085195e1f015533e7e0d6a,S0001747,9,10,productive_iteration,True,True,False,False,False,,1.0
Final500,Final500_T000365,0bf8162ca9880636e0179e630cb018c54b34af3c95085195e1f015533e7e0d6a,S0001748,20,21,productive_iteration,False,True,False,False,False,,1.0
Final500,Final500_T000365,0bf8162ca9880636e0179e630cb018c54b34af3c95085195e1f015533e7e0d6a,S0001749,11,19,productive_iteration,False,True,False,False,False,,2.0
Final500,Final500_T000365,0bf8162ca9880636e0179e630cb018c54b34af3c95085195e1f015533e7e0d6a,S0001750,11,19,unproductive_cycle,False,False,True,False,False,,4.0
Final500,Final500_T000365,0bf8162ca9880636e0179e630cb018c54b34af3c95085195e1f015533e7e0d6a,S0001751,72,74,unproductive_cycle,False,False,True,False,False,,3.0
Final500,Final500_T000366,e784456e23f28c27fd9969a8ea621c0eb17b0c5472468323ea29b940e203e45f,S0001752,15,85,productive_iteration,True,True,False,False,False,,42.0
Final500,Final500_T000366,e784456e23f28c27fd9969a8ea621c0eb17b0c5472468323ea29b940e203e45f,S0001753,0,8,productive_iteration,True,True,False,False,False,,6.0
Final500,Final500_T000366,e784456e23f28c27fd9969a8ea621c0eb17b0c5472468323ea29b940e203e45f,S0001754,50,51,productive_iteration,False,True,False,False,False,,2.0
Final500,Final500_T000366,e784456e23f28c27fd9969a8ea621c0eb17b0c5472468323ea29b940e203e45f,S0001755,86,88,productive_iteration,True,True,False,False,False,,3.0
Final500,Final500_T000366,e784456e23f28c27fd9969a8ea621c0eb17b0c5472468323ea29b940e203e45f,S0001756,25,28,productive_iteration,True,True,False,False,False,,4.0
Final500,Final500_T000366,e784456e23f28c27fd9969a8ea621c0eb17b0c5472468323ea29b940e203e45f,S0001757,33,38,productive_iteration,True,True,False,False,False,,4.0
Final500,Final500_T000366,e784456e23f28c27fd9969a8ea621c0eb17b0c5472468323ea29b940e203e45f,S0001758,45,47,productive_iteration,False,True,False,False,False,,3.0
Final500,Final500_T000366,e784456e23f28c27fd9969a8ea621c0eb17b0c5472468323ea29b940e203e45f,S0001759,64,71,productive_iteration,False,True,False,False,False,,8.0
Final500,Final500_T000367,32d606f40783f315398de6b9fb93e8f75fa33af354fc2293c9a10df08fe53d8e,S0001760,0,33,productive_iteration,True,True,False,False,False,,17.0
Final500,Final500_T000367,32d606f40783f315398de6b9fb93e8f75fa33af354fc2293c9a10df08fe53d8e,S0001761,34,96,unproductive_cycle,False,False,True,False,False,,33.0
Final500,Final500_T000367,32d606f40783f315398de6b9fb93e8f75fa33af354fc2293c9a10df08fe53d8e,S0001762,6,8,productive_iteration,False,True,False,False,False,,3.0
Final500,Final500_T000367,32d606f40783f315398de6b9fb93e8f75fa33af354fc2293c9a10df08fe53d8e,S0001763,23,30,productive_iteration,True,True,False,False,False,,6.0
Final500,Final500_T000367,32d606f40783f315398de6b9fb93e8f75fa33af354fc2293c9a10df08fe53d8e,S0001764,64,69,unproductive_cycle,False,False,True,False,False,,5.0
Final500,Final500_T000367,32d606f40783f315398de6b9fb93e8f75fa33af354fc2293c9a10df08fe53d8e,S0001765,13,16,productive_iteration,False,True,False,False,False,,4.0
Final500,Final500_T000367,32d606f40783f315398de6b9fb93e8f75fa33af354fc2293c9a10df08fe53d8e,S0001766,35,38,unproductive_cycle,False,False,True,False,False,,4.0
Final500,Final500_T000367,32d606f40783f315398de6b9fb93e8f75fa33af354fc2293c9a10df08fe53d8e,S0001767,76,79,unproductive_cycle,False,False,True,False,False,,4.0
Final500,Final500_T000367,32d606f40783f315398de6b9fb93e8f75fa33af354fc2293c9a10df08fe53d8e,S0001768,87,95,unproductive_cycle,False,False,True,False,False,,5.0
Final500,Final500_T000368,96f103acfa34221349874937711605eb15636c2bff09066f638abfc1c8db7be9,S0001769,3,30,productive_iteration,True,True,False,False,False,,8.0
Final500,Final500_T000368,96f103acfa34221349874937711605eb15636c2bff09066f638abfc1c8db7be9,S0001770,47,47,unproductive_cycle,False,False,True,False,False,,1.0
Final500,Final500_T000368,96f103acfa34221349874937711605eb15636c2bff09066f638abfc1c8db7be9,S0001771,0,2,productive_iteration,True,True,False,False,False,,3.0
Final500,Final500_T000368,96f103acfa34221349874937711605eb15636c2bff09066f638abfc1c8db7be9,S0001772,4,5,productive_iteration,True,True,False,False,False,,2.0
Final500,Final500_T000368,96f103acfa34221349874937711605eb15636c2bff09066f638abfc1c8db7be9,S0001773,7,15,productive_iteration,False,True,False,False,False,,1.0
Final500,Final500_T000368,96f103acfa34221349874937711605eb15636c2bff09066f638abfc1c8db7be9,S0001774,31,35,productive_iteration,True,True,False,False,False,,4.0
Final500,Final500_T000368,96f103acfa34221349874937711605eb15636c2bff09066f638abfc1c8db7be9,S0001775,39,43,productive_iteration,False,True,False,False,False,,1.0
Final500,Final500_T000368,96f103acfa34221349874937711605eb15636c2bff09066f638abfc1c8db7be9,S0001776,36,38,productive_iteration,False,True,False,False,False,,1.0
Final500,Final500_T000368,96f103acfa34221349874937711605eb15636c2bff09066f638abfc1c8db7be9,S0001777,36,38,unproductive_cycle,False,False,True,False,False,,2.0
Final500,Final500_T000368,96f103acfa34221349874937711605eb15636c2bff09066f638abfc1c8db7be9,S0001778,44,46,unproductive_cycle,False,False,True,False,False,,3.0
Final500,Final500_T000368,96f103acfa34221349874937711605eb15636c2bff09066f638abfc1c8db7be9,S0001779,48,131,unproductive_cycle,False,False,True,False,False,,72.0
Final500,Final500_T000369,a778f9be552ed250b2dcd551f5a1407203641838d5bd6f1f5057761b491a3240,S0001780,26,26,productive_iteration,False,True,False,False,False,,1.0
Final500,Final500_T000369,a778f9be552ed250b2dcd551f5a1407203641838d5bd6f1f5057761b491a3240,S0001781,1,7,productive_iteration,False,True,False,False,False,,7.0
Final500,Final500_T000369,a778f9be552ed250b2dcd551f5a1407203641838d5bd6f1f5057761b491a3240,S0001782,12,25,productive_iteration,True,True,False,False,False,,14.0
Final500,Final500_T000369,a778f9be552ed250b2dcd551f5a1407203641838d5bd6f1f5057761b491a3240,S0001783,27,42,productive_iteration,True,True,False,False,False,,16.0
Final500,Final500_T000369,a778f9be552ed250b2dcd551f5a1407203641838d5bd6f1f5057761b491a3240,S0001784,8,11,productive_iteration,False,True,False,False,False,,4.0
Final500,Final500_T000370,05f05076c58f981f93e7207bb803c5549fa6d2bcbb078ec431628250d37f9b4b,S0001785,0,29,productive_iteration,True,True,False,False,False,,30.0
Final500,Final500_T000371,33a2d93b38541d1e1c8be9dd467766deb5ef2217bda16ee9996f237d61780d88,S0001786,14,26,productive_iteration,False,True,False,False,False,,5.0
Final500,Final500_T000371,33a2d93b38541d1e1c8be9dd467766deb5ef2217bda16ee9996f237d61780d88,S0001787,0,13,productive_iteration,True,True,False,False,False,,14.0
Final500,Final500_T000371,33a2d93b38541d1e1c8be9dd467766deb5ef2217bda16ee9996f237d61780d88,S0001788,15,19,productive_iteration,True,True,False,False,False,,5.0
Final500,Final500_T000371,33a2d93b38541d1e1c8be9dd467766deb5ef2217bda16ee9996f237d61780d88,S0001789,21,23,productive_iteration,False,True,False,False,False,,3.0
Final500,Final500_T000371,33a2d93b38541d1e1c8be9dd467766deb5ef2217bda16ee9996f237d61780d88,S0001790,27,32,productive_iteration,False,True,False,False,False,,6.0
Final500,Final500_T000372,b365c473106430c4df50f6430d7b6b0d744f729591ba76ec4df855144c5d9b4b,S0001791,14,18,productive_iteration,False,True,False,False,False,,2.0
Final500,Final500_T000372,b365c473106430c4df50f6430d7b6b0d744f729591ba76ec4df855144c5d9b4b,S0001792,0,13,productive_iteration,True,True,False,False,False,,14.0
Final500,Final500_T000372,b365c473106430c4df50f6430d7b6b0d744f729591ba76ec4df855144c5d9b4b,S0001793,15,17,productive_iteration,True,True,False,False,False,,3.0
Final500,Final500_T000372,b365c473106430c4df50f6430d7b6b0d744f729591ba76ec4df855144c5d9b4b,S0001794,19,57,productive_iteration,True,True,False,False,False,,39.0
Final500,Final500_T000373,9ba874d161c97c0ba87ca1a6e86ef99f8f85db901197ae2493c90d7d09f7ae4c,S0001795,40,52,productive_iteration,False,True,False,False,False,,7.0
Final500,Final500_T000373,9ba874d161c97c0ba87ca1a6e86ef99f8f85db901197ae2493c90d7d09f7ae4c,S0001796,0,23,productive_iteration,True,True,False,False,False,,24.0
Final500,Final500_T000373,9ba874d161c97c0ba87ca1a6e86ef99f8f85db901197ae2493c90d7d09f7ae4c,S0001797,27,36,productive_iteration,True,True,False,False,False,,10.0
Final500,Final500_T000373,9ba874d161c97c0ba87ca1a6e86ef99f8f85db901197ae2493c90d7d09f7ae4c,S0001798,42,44,productive_iteration,False,True,False,False,False,,3.0
Final500,Final500_T000373,9ba874d161c97c0ba87ca1a6e86ef99f8f85db901197ae2493c90d7d09f7ae4c,S0001799,47,49,productive_iteration,True,True,False,False,False,,3.0
Final500,Final500_T000373,9ba874d161c97c0ba87ca1a6e86ef99f8f85db901197ae2493c90d7d09f7ae4c,S0001800,24,26,productive_iteration,False,True,False,False,False,,3.0
Final500,Final500_T000373,9ba874d161c97c0ba87ca1a6e86ef99f8f85db901197ae2493c90d7d09f7ae4c,S0001801,37,39,productive_iteration,False,True,False,False,False,,3.0
Final500,Final500_T000374,51b24102127708d3abff619eccaabfd842451d95a95c52a72edfb3000b274973,S0001802,0,9,productive_iteration,True,True,False,False,False,,10.0
Final500,Final500_T000374,51b24102127708d3abff619eccaabfd842451d95a95c52a72edfb3000b274973,S0001803,17,18,productive_iteration,True,True,False,False,False,,2.0
Final500,Final500_T000374,51b24102127708d3abff619eccaabfd842451d95a95c52a72edfb3000b274973,S0001804,24,29,productive_iteration,True,True,False,False,False,,6.0
Final500,Final500_T000374,51b24102127708d3abff619eccaabfd842451d95a95c52a72edfb3000b274973,S0001805,10,16,productive_iteration,True,True,False,False,False,,4.0
Final500,Final500_T000374,51b24102127708d3abff619eccaabfd842451d95a95c52a72edfb3000b274973,S0001806,10,16,unproductive_cycle,False,False,True,False,False,,3.0
Final500,Final500_T000374,51b24102127708d3abff619eccaabfd842451d95a95c52a72edfb3000b274973,S0001807,19,23,productive_iteration,True,True,False,False,False,,4.0
Final500,Final500_T000374,51b24102127708d3abff619eccaabfd842451d95a95c52a72edfb3000b274973,S0001808,19,23,unproductive_cycle,False,False,True,False,False,,1.0
Final500,Final500_T000374,51b24102127708d3abff619eccaabfd842451d95a95c52a72edfb3000b274973,S0001809,30,127,unproductive_cycle,False,False,True,False,False,,97.0
Final500,Final500_T000375,fb42a5cb442adf8a7070a1c100d82cc39f4f1dff51675efaa552123e46dfc67c,S0001810,12,63,productive_iteration,False,True,False,False,False,,3.0
Final500,Final500_T000375,fb42a5cb442adf8a7070a1c100d82cc39f4f1dff51675efaa552123e46dfc67c,S0001811,3,4,productive_iteration,False,True,False,False,False,,2.0
Final500,Final500_T000375,fb42a5cb442adf8a7070a1c100d82cc39f4f1dff51675efaa552123e46dfc67c,S0001812,41,44,productive_iteration,False,True,False,False,False,,4.0
Final500,Final500_T000375,fb42a5cb442adf8a7070a1c100d82cc39f4f1dff51675efaa552123e46dfc67c,S0001813,47,51,productive_iteration,False,True,False,False,False,,5.0
Final500,Final500_T000375,fb42a5cb442adf8a7070a1c100d82cc39f4f1dff51675efaa552123e46dfc67c,S0001814,0,2,productive_iteration,False,True,False,False,False,,2.0
Final500,Final500_T000375,fb42a5cb442adf8a7070a1c100d82cc39f4f1dff51675efaa552123e46dfc67c,S0001815,0,2,unproductive_cycle,False,False,True,False,False,,1.0
Final500,Final500_T000375,fb42a5cb442adf8a7070a1c100d82cc39f4f1dff51675efaa552123e46dfc67c,S0001816,5,7,productive_iteration,False,True,False,False,False,,3.0
Final500,Final500_T000375,fb42a5cb442adf8a7070a1c100d82cc39f4f1dff51675efaa552123e46dfc67c,S0001817,9,11,productive_iteration,False,True,False,False,False,,2.0
Final500,Final500_T000375,fb42a5cb442adf8a7070a1c100d82cc39f4f1dff51675efaa552123e46dfc67c,S0001818,9,11,unproductive_cycle,False,False,True,False,False,,1.0
Final500,Final500_T000375,fb42a5cb442adf8a7070a1c100d82cc39f4f1dff51675efaa552123e46dfc67c,S0001819,13,40,productive_iteration,False,True,False,False,False,,17.0
Final500,Final500_T000375,fb42a5cb442adf8a7070a1c100d82cc39f4f1dff51675efaa552123e46dfc67c,S0001820,13,40,unproductive_cycle,False,False,True,False,False,,11.0
Final500,Final500_T000375,fb42a5cb442adf8a7070a1c100d82cc39f4f1dff51675efaa552123e46dfc67c,S0001821,52,62,productive_iteration,False,True,False,False,False,,11.0
Final500,Final500_T000376,f4d154a4b8e05a46be18b0e7903a498603ff9d6d44a937fc0a28907236793d58,S0001822,7,7,productive_iteration,True,True,False,False,False,,1.0
Final500,Final500_T000376,f4d154a4b8e05a46be18b0e7903a498603ff9d6d44a937fc0a28907236793d58,S0001823,14,110,unproductive_cycle,False,False,True,False,False,,15.0
Final500,Final500_T000376,f4d154a4b8e05a46be18b0e7903a498603ff9d6d44a937fc0a28907236793d58,S0001824,0,6,productive_iteration,False,True,False,False,False,,7.0
Final500,Final500_T000376,f4d154a4b8e05a46be18b0e7903a498603ff9d6d44a937fc0a28907236793d58,S0001825,8,13,productive_iteration,True,True,False,False,False,,6.0
Final500,Final500_T000376,f4d154a4b8e05a46be18b0e7903a498603ff9d6d44a937fc0a28907236793d58,S0001826,18,21,productive_iteration,False,True,False,False,False,,4.0
Final500,Final500_T000376,f4d154a4b8e05a46be18b0e7903a498603ff9d6d44a937fc0a28907236793d58,S0001827,24,32,productive_iteration,False,True,False,False,False,,3.0
Final500,Final500_T000376,f4d154a4b8e05a46be18b0e7903a498603ff9d6d44a937fc0a28907236793d58,S0001828,24,32,unproductive_cycle,False,False,True,False,False,,6.0
Final500,Final500_T000376,f4d154a4b8e05a46be18b0e7903a498603ff9d6d44a937fc0a28907236793d58,S0001829,34,38,productive_iteration,False,True,False,False,False,,4.0
Final500,Final500_T000376,f4d154a4b8e05a46be18b0e7903a498603ff9d6d44a937fc0a28907236793d58,S0001830,34,38,unproductive_cycle,False,False,True,False,False,,1.0
Final500,Final500_T000376,f4d154a4b8e05a46be18b0e7903a498603ff9d6d44a937fc0a28907236793d58,S0001831,40,54,productive_iteration,False,True,False,False,False,,11.0
Final500,Final500_T000376,f4d154a4b8e05a46be18b0e7903a498603ff9d6d44a937fc0a28907236793d58,S0001832,40,54,unproductive_cycle,False,False,True,False,False,,4.0
Final500,Final500_T000376,f4d154a4b8e05a46be18b0e7903a498603ff9d6d44a937fc0a28907236793d58,S0001833,56,69,productive_iteration,False,True,False,False,False,,6.0
Final500,Final500_T000376,f4d154a4b8e05a46be18b0e7903a498603ff9d6d44a937fc0a28907236793d58,S0001834,56,69,unproductive_cycle,False,False,True,False,False,,8.0
Final500,Final500_T000376,f4d154a4b8e05a46be18b0e7903a498603ff9d6d44a937fc0a28907236793d58,S0001835,72,77,productive_iteration,False,True,False,False,False,,4.0
Final500,Final500_T000376,f4d154a4b8e05a46be18b0e7903a498603ff9d6d44a937fc0a28907236793d58,S0001836,72,77,unproductive_cycle,False,False,True,False,False,,2.0
Final500,Final500_T000376,f4d154a4b8e05a46be18b0e7903a498603ff9d6d44a937fc0a28907236793d58,S0001837,80,88,productive_iteration,False,True,False,False,False,,4.0
Final500,Final500_T000376,f4d154a4b8e05a46be18b0e7903a498603ff9d6d44a937fc0a28907236793d58,S0001838,80,88,unproductive_cycle,False,False,True,False,False,,5.0
Final500,Final500_T000376,f4d154a4b8e05a46be18b0e7903a498603ff9d6d44a937fc0a28907236793d58,S0001839,90,93,productive_iteration,False,True,False,False,False,,3.0
Final500,Final500_T000376,f4d154a4b8e05a46be18b0e7903a498603ff9d6d44a937fc0a28907236793d58,S0001840,90,93,unproductive_cycle,False,False,True,False,False,,1.0
Final500,Final500_T000376,f4d154a4b8e05a46be18b0e7903a498603ff9d6d44a937fc0a28907236793d58,S0001841,96,104,productive_iteration,False,True,False,False,False,,3.0
Final500,Final500_T000376,f4d154a4b8e05a46be18b0e7903a498603ff9d6d44a937fc0a28907236793d58,S0001842,96,104,unproductive_cycle,False,False,True,False,False,,5.0
Final500,Final500_T000376,f4d154a4b8e05a46be18b0e7903a498603ff9d6d44a937fc0a28907236793d58,S0001843,106,109,productive_iteration,False,True,False,False,False,,3.0
Final500,Final500_T000376,f4d154a4b8e05a46be18b0e7903a498603ff9d6d44a937fc0a28907236793d58,S0001844,106,109,unproductive_cycle,False,False,True,False,False,,1.0
Final500,Final500_T000377,7ed393320de6a12b6bf3afd5aecdcd54839ba339af1cbf002744269f00335e89,S0001845,19,91,unproductive_cycle,False,False,True,False,False,,4.0
Final500,Final500_T000377,7ed393320de6a12b6bf3afd5aecdcd54839ba339af1cbf002744269f00335e89,S0001846,0,18,productive_iteration,True,True,False,False,False,,19.0
Final500,Final500_T000377,7ed393320de6a12b6bf3afd5aecdcd54839ba339af1cbf002744269f00335e89,S0001847,89,90,unproductive_cycle,False,False,True,False,False,,2.0
Final500,Final500_T000377,7ed393320de6a12b6bf3afd5aecdcd54839ba339af1cbf002744269f00335e89,S0001848,21,47,unproductive_cycle,False,False,True,False,False,,27.0
Final500,Final500_T000377,7ed393320de6a12b6bf3afd5aecdcd54839ba339af1cbf002744269f00335e89,S0001849,49,88,unproductive_cycle,False,False,True,False,False,,40.0
Final500,Final500_T000378,872302aa7377f9654aa20ab419757945f279c01ef2b3a10cf3ea0f50f8426000,S0001850,0,11,productive_iteration,False,True,False,False,False,,11.0
Final500,Final500_T000378,872302aa7377f9654aa20ab419757945f279c01ef2b3a10cf3ea0f50f8426000,S0001851,13,15,productive_iteration,False,True,False,False,False,,3.0
Final500,Final500_T000378,872302aa7377f9654aa20ab419757945f279c01ef2b3a10cf3ea0f50f8426000,S0001852,18,31,productive_iteration,True,True,False,False,False,,14.0
Final500,Final500_T000379,01d2804ad872271709635ca6c45e047e2d70afaffba55165dd1b899d170afde6,S0001853,16,31,productive_iteration,True,True,False,False,False,,9.0
Final500,Final500_T000379,01d2804ad872271709635ca6c45e047e2d70afaffba55165dd1b899d170afde6,S0001854,0,15,productive_iteration,True,True,False,False,False,,16.0
Final500,Final500_T000379,01d2804ad872271709635ca6c45e047e2d70afaffba55165dd1b899d170afde6,S0001855,23,29,productive_iteration,True,True,False,False,False,,7.0
Final500,Final500_T000379,01d2804ad872271709635ca6c45e047e2d70afaffba55165dd1b899d170afde6,S0001856,32,35,productive_iteration,True,True,False,False,False,,4.0
Final500,Final500_T000380,a4465bbc2eb8730f9522089ee409acfbe1a5794f2dfbf729555babc7f6d58cae,S0001857,0,14,productive_iteration,True,True,False,False,False,,4.0
Final500,Final500_T000380,a4465bbc2eb8730f9522089ee409acfbe1a5794f2dfbf729555babc7f6d58cae,S0001858,70,99,unproductive_cycle,False,False,True,False,False,,7.0
Final500,Final500_T000380,a4465bbc2eb8730f9522089ee409acfbe1a5794f2dfbf729555babc7f6d58cae,S0001859,8,12,productive_iteration,False,True,False,False,False,,5.0
Final500,Final500_T000380,a4465bbc2eb8730f9522089ee409acfbe1a5794f2dfbf729555babc7f6d58cae,S0001860,15,18,productive_iteration,True,True,False,False,False,,4.0
Final500,Final500_T000380,a4465bbc2eb8730f9522089ee409acfbe1a5794f2dfbf729555babc7f6d58cae,S0001861,25,27,productive_iteration,True,True,False,False,False,,2.0
Final500,Final500_T000380,a4465bbc2eb8730f9522089ee409acfbe1a5794f2dfbf729555babc7f6d58cae,S0001862,25,27,unproductive_cycle,False,False,True,False,False,,1.0
Final500,Final500_T000380,a4465bbc2eb8730f9522089ee409acfbe1a5794f2dfbf729555babc7f6d58cae,S0001863,34,36,unproductive_cycle,False,False,True,False,False,,3.0
Final500,Final500_T000380,a4465bbc2eb8730f9522089ee409acfbe1a5794f2dfbf729555babc7f6d58cae,S0001864,43,45,productive_iteration,False,True,False,False,False,,2.0
Final500,Final500_T000380,a4465bbc2eb8730f9522089ee409acfbe1a5794f2dfbf729555babc7f6d58cae,S0001865,43,45,unproductive_cycle,False,False,True,False,False,,1.0
Final500,Final500_T000380,a4465bbc2eb8730f9522089ee409acfbe1a5794f2dfbf729555babc7f6d58cae,S0001866,52,54,unproductive_cycle,False,False,True,False,False,,3.0
Final500,Final500_T000380,a4465bbc2eb8730f9522089ee409acfbe1a5794f2dfbf729555babc7f6d58cae,S0001867,2,7,productive_iteration,False,True,False,False,False,,6.0
Final500,Final500_T000380,a4465bbc2eb8730f9522089ee409acfbe1a5794f2dfbf729555babc7f6d58cae,S0001868,19,24,productive_iteration,False,True,False,False,False,,1.0
Final500,Final500_T000380,a4465bbc2eb8730f9522089ee409acfbe1a5794f2dfbf729555babc7f6d58cae,S0001869,19,24,unproductive_cycle,False,False,True,False,False,,5.0
Final500,Final500_T000380,a4465bbc2eb8730f9522089ee409acfbe1a5794f2dfbf729555babc7f6d58cae,S0001870,28,33,unproductive_cycle,False,False,True,False,False,,6.0
Final500,Final500_T000380,a4465bbc2eb8730f9522089ee409acfbe1a5794f2dfbf729555babc7f6d58cae,S0001871,37,42,unproductive_cycle,False,False,True,False,False,,6.0
Final500,Final500_T000380,a4465bbc2eb8730f9522089ee409acfbe1a5794f2dfbf729555babc7f6d58cae,S0001872,46,51,unproductive_cycle,False,False,True,False,False,,6.0
Final500,Final500_T000380,a4465bbc2eb8730f9522089ee409acfbe1a5794f2dfbf729555babc7f6d58cae,S0001873,55,60,unproductive_cycle,False,False,True,False,False,,6.0
Final500,Final500_T000380,a4465bbc2eb8730f9522089ee409acfbe1a5794f2dfbf729555babc7f6d58cae,S0001874,62,69,unproductive_cycle,False,False,True,False,False,,8.0
Final500,Final500_T000380,a4465bbc2eb8730f9522089ee409acfbe1a5794f2dfbf729555babc7f6d58cae,S0001875,73,80,unproductive_cycle,False,False,True,False,False,,8.0
Final500,Final500_T000380,a4465bbc2eb8730f9522089ee409acfbe1a5794f2dfbf729555babc7f6d58cae,S0001876,82,89,unproductive_cycle,False,False,True,False,False,,8.0
Final500,Final500_T000380,a4465bbc2eb8730f9522089ee409acfbe1a5794f2dfbf729555babc7f6d58cae,S0001877,91,96,unproductive_cycle,False,False,True,False,False,,6.0
Final500,Final500_T000381,277012c743fd7f08d93f5c410b8077358088a7acc54ced9364265d0bbbc2b9ad,S0001878,34,34,productive_iteration,False,True,False,False,False,,1.0
Final500,Final500_T000381,277012c743fd7f08d93f5c410b8077358088a7acc54ced9364265d0bbbc2b9ad,S0001879,0,19,productive_iteration,True,True,False,False,False,,20.0
Final500,Final500_T000381,277012c743fd7f08d93f5c410b8077358088a7acc54ced9364265d0bbbc2b9ad,S0001880,23,32,productive_iteration,True,True,False,False,False,,10.0
Final500,Final500_T000381,277012c743fd7f08d93f5c410b8077358088a7acc54ced9364265d0bbbc2b9ad,S0001881,35,39,productive_iteration,True,True,False,False,False,,5.0
Final500,Final500_T000381,277012c743fd7f08d93f5c410b8077358088a7acc54ced9364265d0bbbc2b9ad,S0001882,20,22,productive_iteration,False,True,False,False,False,,3.0
Final500,Final500_T000382,24b0a096a135601795b65a4257f259baef4e3a70178042e3ef124a058cf394c2,S0001883,0,26,productive_iteration,True,True,False,False,False,,26.0
Final500,Final500_T000382,24b0a096a135601795b65a4257f259baef4e3a70178042e3ef124a058cf394c2,S0001884,27,31,productive_iteration,False,True,False,False,False,,2.0
Final500,Final500_T000382,24b0a096a135601795b65a4257f259baef4e3a70178042e3ef124a058cf394c2,S0001885,27,31,unproductive_cycle,False,False,True,False,False,,3.0
Final500,Final500_T000383,1b659305fe1ab174e035d41fb09007e49320d106b057ef5459424f30cb3f7a3f,S0001886,28,29,productive_iteration,False,True,False,False,False,,2.0
Final500,Final500_T000383,1b659305fe1ab174e035d41fb09007e49320d106b057ef5459424f30cb3f7a3f,S0001887,14,14,unproductive_cycle,False,False,True,False,False,,1.0
Final500,Final500_T000383,1b659305fe1ab174e035d41fb09007e49320d106b057ef5459424f30cb3f7a3f,S0001888,0,3,productive_iteration,True,True,False,False,False,,4.0
Final500,Final500_T000383,1b659305fe1ab174e035d41fb09007e49320d106b057ef5459424f30cb3f7a3f,S0001889,8,13,productive_iteration,True,True,False,False,False,,1.0
Final500,Final500_T000383,1b659305fe1ab174e035d41fb09007e49320d106b057ef5459424f30cb3f7a3f,S0001890,8,13,unproductive_cycle,False,False,True,False,False,,5.0
Final500,Final500_T000383,1b659305fe1ab174e035d41fb09007e49320d106b057ef5459424f30cb3f7a3f,S0001891,15,16,productive_iteration,False,True,False,False,False,,2.0
Final500,Final500_T000383,1b659305fe1ab174e035d41fb09007e49320d106b057ef5459424f30cb3f7a3f,S0001892,21,27,productive_iteration,False,True,False,False,False,,7.0
Final500,Final500_T000383,1b659305fe1ab174e035d41fb09007e49320d106b057ef5459424f30cb3f7a3f,S0001893,4,7,productive_iteration,False,True,False,False,False,,4.0
Final500,Final500_T000383,1b659305fe1ab174e035d41fb09007e49320d106b057ef5459424f30cb3f7a3f,S0001894,17,20,productive_iteration,False,True,False,False,False,,4.0
Final500,Final500_T000384,a8a91db838159bd64c4614553d29e3a12965b6ce66d351ce22aa3d8d8453f056,S0001895,0,33,productive_iteration,True,True,False,False,False,,31.0
Final500,Final500_T000385,1468d834f446bc70178946965bdb7e46da1e217f7c169bda6ae30cbd75aba946,S0001896,0,5,productive_iteration,True,True,False,False,False,,6.0
Final500,Final500_T000385,1468d834f446bc70178946965bdb7e46da1e217f7c169bda6ae30cbd75aba946,S0001897,9,11,productive_iteration,False,True,False,False,False,,3.0
Final500,Final500_T000385,1468d834f446bc70178946965bdb7e46da1e217f7c169bda6ae30cbd75aba946,S0001898,51,53,productive_iteration,True,True,False,False,False,,3.0
Final500,Final500_T000385,1468d834f446bc70178946965bdb7e46da1e217f7c169bda6ae30cbd75aba946,S0001899,90,96,productive_iteration,True,True,False,False,False,,7.0
Final500,Final500_T000385,1468d834f446bc70178946965bdb7e46da1e217f7c169bda6ae30cbd75aba946,S0001900,102,103,productive_iteration,False,True,False,False,False,,2.0
Final500,Final500_T000385,1468d834f446bc70178946965bdb7e46da1e217f7c169bda6ae30cbd75aba946,S0001901,107,120,productive_iteration,True,True,False,False,False,,14.0
Final500,Final500_T000385,1468d834f446bc70178946965bdb7e46da1e217f7c169bda6ae30cbd75aba946,S0001902,6,8,productive_iteration,True,True,False,False,False,,3.0
Final500,Final500_T000385,1468d834f446bc70178946965bdb7e46da1e217f7c169bda6ae30cbd75aba946,S0001903,12,50,productive_iteration,False,True,False,False,False,,21.0
Final500,Final500_T000385,1468d834f446bc70178946965bdb7e46da1e217f7c169bda6ae30cbd75aba946,S0001904,12,50,unproductive_cycle,False,False,True,False,False,,18.0
Final500,Final500_T000385,1468d834f446bc70178946965bdb7e46da1e217f7c169bda6ae30cbd75aba946,S0001905,54,89,productive_iteration,False,True,False,False,False,,18.0
Final500,Final500_T000385,1468d834f446bc70178946965bdb7e46da1e217f7c169bda6ae30cbd75aba946,S0001906,54,89,unproductive_cycle,False,False,True,False,False,,18.0
Final500,Final500_T000385,1468d834f446bc70178946965bdb7e46da1e217f7c169bda6ae30cbd75aba946,S0001907,97,101,productive_iteration,False,True,False,False,False,,1.0
Final500,Final500_T000385,1468d834f446bc70178946965bdb7e46da1e217f7c169bda6ae30cbd75aba946,S0001908,97,101,unproductive_cycle,False,False,True,False,False,,4.0
Final500,Final500_T000385,1468d834f446bc70178946965bdb7e46da1e217f7c169bda6ae30cbd75aba946,S0001909,104,106,unproductive_cycle,False,False,True,False,False,,3.0
Final500,Final500_T000386,e497d0efd7e86d46e9a3d0360bca6241af398e6c7fb269082827799494a8dbc3,S0001910,2,7,productive_iteration,True,True,False,False,False,,3.0
Final500,Final500_T000386,e497d0efd7e86d46e9a3d0360bca6241af398e6c7fb269082827799494a8dbc3,S0001911,12,83,unproductive_cycle,False,False,True,False,False,,21.0
Final500,Final500_T000386,e497d0efd7e86d46e9a3d0360bca6241af398e6c7fb269082827799494a8dbc3,S0001912,0,1,productive_iteration,False,True,False,False,False,,2.0
Final500,Final500_T000386,e497d0efd7e86d46e9a3d0360bca6241af398e6c7fb269082827799494a8dbc3,S0001913,4,6,productive_iteration,False,True,False,False,False,,3.0
Final500,Final500_T000386,e497d0efd7e86d46e9a3d0360bca6241af398e6c7fb269082827799494a8dbc3,S0001914,15,26,productive_iteration,False,True,False,False,False,,3.0
Final500,Final500_T000386,e497d0efd7e86d46e9a3d0360bca6241af398e6c7fb269082827799494a8dbc3,S0001915,15,26,unproductive_cycle,False,False,True,False,False,,9.0
Final500,Final500_T000386,e497d0efd7e86d46e9a3d0360bca6241af398e6c7fb269082827799494a8dbc3,S0001916,29,36,unproductive_cycle,False,False,True,False,False,,8.0
Final500,Final500_T000386,e497d0efd7e86d46e9a3d0360bca6241af398e6c7fb269082827799494a8dbc3,S0001917,41,45,productive_iteration,False,True,False,False,False,,2.0
Final500,Final500_T000386,e497d0efd7e86d46e9a3d0360bca6241af398e6c7fb269082827799494a8dbc3,S0001918,41,45,unproductive_cycle,False,False,True,False,False,,3.0
Final500,Final500_T000386,e497d0efd7e86d46e9a3d0360bca6241af398e6c7fb269082827799494a8dbc3,S0001919,53,63,productive_iteration,False,True,False,False,False,,2.0
Final500,Final500_T000386,e497d0efd7e86d46e9a3d0360bca6241af398e6c7fb269082827799494a8dbc3,S0001920,53,63,unproductive_cycle,False,False,True,False,False,,9.0
Final500,Final500_T000386,e497d0efd7e86d46e9a3d0360bca6241af398e6c7fb269082827799494a8dbc3,S0001921,65,69,unproductive_cycle,False,False,True,False,False,,5.0
Final500,Final500_T000386,e497d0efd7e86d46e9a3d0360bca6241af398e6c7fb269082827799494a8dbc3,S0001922,76,81,productive_iteration,False,True,False,False,False,,3.0
Final500,Final500_T000386,e497d0efd7e86d46e9a3d0360bca6241af398e6c7fb269082827799494a8dbc3,S0001923,76,81,unproductive_cycle,False,False,True,False,False,,3.0
Final500,Final500_T000386,e497d0efd7e86d46e9a3d0360bca6241af398e6c7fb269082827799494a8dbc3,S0001924,8,11,productive_iteration,True,True,False,False,False,,3.0
Final500,Final500_T000386,e497d0efd7e86d46e9a3d0360bca6241af398e6c7fb269082827799494a8dbc3,S0001925,8,11,unproductive_cycle,False,False,True,False,False,,1.0
Final500,Final500_T000386,e497d0efd7e86d46e9a3d0360bca6241af398e6c7fb269082827799494a8dbc3,S0001926,47,49,unproductive_cycle,False,False,True,False,False,,3.0
Final500,Final500_T000387,c3e1361956ad0847d5300abef940f784774437061a7c8ba7dd8e120beb40e5e0,S0001927,23,27,productive_iteration,True,True,False,False,False,,5.0
Final500,Final500_T000387,c3e1361956ad0847d5300abef940f784774437061a7c8ba7dd8e120beb40e5e0,S0001928,0,22,productive_iteration,True,True,False,False,False,,22.0
Final500,Final500_T000387,c3e1361956ad0847d5300abef940f784774437061a7c8ba7dd8e120beb40e5e0,S0001929,28,31,productive_iteration,True,True,False,False,False,,4.0
Final500,Final500_T000388,3aba029382d2f728b60ef2e8483674ae846b2729b00fc5e84560dd0acf6ad86a,S0001930,12,12,productive_iteration,True,True,False,False,False,,1.0
Final500,Final500_T000388,3aba029382d2f728b60ef2e8483674ae846b2729b00fc5e84560dd0acf6ad86a,S0001931,58,113,unproductive_cycle,False,False,True,False,False,,4.0
Final500,Final500_T000388,3aba029382d2f728b60ef2e8483674ae846b2729b00fc5e84560dd0acf6ad86a,S0001932,0,8,productive_iteration,True,True,False,False,False,,9.0
Final500,Final500_T000388,3aba029382d2f728b60ef2e8483674ae846b2729b00fc5e84560dd0acf6ad86a,S0001933,48,50,unproductive_cycle,False,False,True,False,False,,3.0
Final500,Final500_T000388,3aba029382d2f728b60ef2e8483674ae846b2729b00fc5e84560dd0acf6ad86a,S0001934,88,90,unproductive_cycle,False,False,True,False,False,,3.0
Final500,Final500_T000388,3aba029382d2f728b60ef2e8483674ae846b2729b00fc5e84560dd0acf6ad86a,S0001935,97,98,unproductive_cycle,False,False,True,False,False,,2.0
Final500,Final500_T000388,3aba029382d2f728b60ef2e8483674ae846b2729b00fc5e84560dd0acf6ad86a,S0001936,136,138,unproductive_cycle,False,False,True,False,False,,3.0
Final500,Final500_T000388,3aba029382d2f728b60ef2e8483674ae846b2729b00fc5e84560dd0acf6ad86a,S0001937,9,11,productive_iteration,True,True,False,False,False,,3.0
Final500,Final500_T000388,3aba029382d2f728b60ef2e8483674ae846b2729b00fc5e84560dd0acf6ad86a,S0001938,13,47,productive_iteration,True,True,False,False,False,,1.0
Final500,Final500_T000388,3aba029382d2f728b60ef2e8483674ae846b2729b00fc5e84560dd0acf6ad86a,S0001939,13,47,unproductive_cycle,False,False,True,False,False,,34.0
Final500,Final500_T000388,3aba029382d2f728b60ef2e8483674ae846b2729b00fc5e84560dd0acf6ad86a,S0001940,51,57,unproductive_cycle,False,False,True,False,False,,7.0
Final500,Final500_T000388,3aba029382d2f728b60ef2e8483674ae846b2729b00fc5e84560dd0acf6ad86a,S0001941,59,72,unproductive_cycle,False,False,True,False,False,,14.0
Final500,Final500_T000388,3aba029382d2f728b60ef2e8483674ae846b2729b00fc5e84560dd0acf6ad86a,S0001942,74,82,unproductive_cycle,False,False,True,False,False,,9.0
Final500,Final500_T000388,3aba029382d2f728b60ef2e8483674ae846b2729b00fc5e84560dd0acf6ad86a,S0001943,84,87,unproductive_cycle,False,False,True,False,False,,4.0
Final500,Final500_T000388,3aba029382d2f728b60ef2e8483674ae846b2729b00fc5e84560dd0acf6ad86a,S0001944,91,96,unproductive_cycle,False,False,True,False,False,,6.0
Final500,Final500_T000388,3aba029382d2f728b60ef2e8483674ae846b2729b00fc5e84560dd0acf6ad86a,S0001945,99,112,unproductive_cycle,False,False,True,False,False,,14.0
Final500,Final500_T000388,3aba029382d2f728b60ef2e8483674ae846b2729b00fc5e84560dd0acf6ad86a,S0001946,114,135,unproductive_cycle,False,False,True,False,False,,22.0
Final500,Final500_T000388,3aba029382d2f728b60ef2e8483674ae846b2729b00fc5e84560dd0acf6ad86a,S0001947,139,174,unproductive_cycle,False,False,True,False,False,,36.0
Final500,Final500_T000389,f5856fde5d78e9ed2a650d607e47576714cd7f419bd2f6d0b17288b27047de5d,S0001948,13,22,productive_iteration,True,True,False,False,False,,6.0
Final500,Final500_T000389,f5856fde5d78e9ed2a650d607e47576714cd7f419bd2f6d0b17288b27047de5d,S0001949,0,12,productive_iteration,True,True,False,False,False,,13.0
Final500,Final500_T000389,f5856fde5d78e9ed2a650d607e47576714cd7f419bd2f6d0b17288b27047de5d,S0001950,18,21,productive_iteration,True,True,False,False,False,,4.0
Final500,Final500_T000389,f5856fde5d78e9ed2a650d607e47576714cd7f419bd2f6d0b17288b27047de5d,S0001951,23,30,productive_iteration,False,True,False,False,False,,8.0
Final500,Final500_T000390,4a0ceabe022041c30ae91e848fea5ed3a7f50f8d37d3ac514dba8ccc5acad556,S0001952,23,23,unproductive_cycle,False,False,True,False,False,,1.0
Final500,Final500_T000390,4a0ceabe022041c30ae91e848fea5ed3a7f50f8d37d3ac514dba8ccc5acad556,S0001953,0,22,productive_iteration,True,True,False,False,False,,23.0
Final500,Final500_T000390,4a0ceabe022041c30ae91e848fea5ed3a7f50f8d37d3ac514dba8ccc5acad556,S0001954,24,87,unproductive_cycle,False,False,True,False,False,,64.0
Final500,Final500_T000391,a2cfe7545543ae74df6d735055bfe94dd9adcdd61c2887e3a363c198ff2b84ed,S0001955,9,14,productive_iteration,False,True,False,False,False,,4.0
Final500,Final500_T000391,a2cfe7545543ae74df6d735055bfe94dd9adcdd61c2887e3a363c198ff2b84ed,S0001956,0,8,productive_iteration,False,True,False,False,False,,9.0
Final500,Final500_T000391,a2cfe7545543ae74df6d735055bfe94dd9adcdd61c2887e3a363c198ff2b84ed,S0001957,10,11,productive_iteration,False,True,False,False,False,,2.0
Final500,Final500_T000391,a2cfe7545543ae74df6d735055bfe94dd9adcdd61c2887e3a363c198ff2b84ed,S0001958,15,22,productive_iteration,True,True,False,False,False,,8.0
Final500,Final500_T000391,a2cfe7545543ae74df6d735055bfe94dd9adcdd61c2887e3a363c198ff2b84ed,S0001959,25,29,productive_iteration,False,True,False,False,False,,4.0
Final500,Final500_T000391,a2cfe7545543ae74df6d735055bfe94dd9adcdd61c2887e3a363c198ff2b84ed,S0001960,31,34,productive_iteration,False,True,False,False,False,,4.0
Final500,Final500_T000392,b8e109d5ddb02865a019df247a837b7621e912de976ad36d39049a87eac80d94,S0001961,0,12,productive_iteration,True,True,False,False,False,,13.0
Final500,Final500_T000392,b8e109d5ddb02865a019df247a837b7621e912de976ad36d39049a87eac80d94,S0001962,13,78,productive_iteration,True,True,False,False,False,,4.0
Final500,Final500_T000392,b8e109d5ddb02865a019df247a837b7621e912de976ad36d39049a87eac80d94,S0001963,13,78,unproductive_cycle,False,False,True,False,False,,62.0
Final500,Final500_T000393,456c823f5cda13879ae290847f871a4fe6bc226de93bba45d3e5091a2641921d,S0001964,0,14,productive_iteration,True,True,False,False,False,,7.0
Final500,Final500_T000393,456c823f5cda13879ae290847f871a4fe6bc226de93bba45d3e5091a2641921d,S0001965,1,6,productive_iteration,True,True,False,False,False,,2.0
Final500,Final500_T000394,4f5814fcb323da6cffd44870eb93470f53b438aed8f5c950071abab7effbb46d,S0001966,0,22,productive_iteration,True,True,False,False,False,,23.0
Final500,Final500_T000394,4f5814fcb323da6cffd44870eb93470f53b438aed8f5c950071abab7effbb46d,S0001967,26,33,productive_iteration,True,True,False,False,False,,6.0
Final500,Final500_T000394,4f5814fcb323da6cffd44870eb93470f53b438aed8f5c950071abab7effbb46d,S0001968,23,25,productive_iteration,True,True,False,False,False,,3.0
Final500,Final500_T000395,efe8e19e247c7205161425d776f7dc78cdf7067590fe1b2d6b1629727a8db064,S0001969,8,29,productive_iteration,True,True,False,False,False,,7.0
Final500,Final500_T000395,efe8e19e247c7205161425d776f7dc78cdf7067590fe1b2d6b1629727a8db064,S0001970,0,7,productive_iteration,False,True,False,False,False,,8.0
Final500,Final500_T000395,efe8e19e247c7205161425d776f7dc78cdf7067590fe1b2d6b1629727a8db064,S0001971,12,16,productive_iteration,False,True,False,False,False,,5.0
Final500,Final500_T000395,efe8e19e247c7205161425d776f7dc78cdf7067590fe1b2d6b1629727a8db064,S0001972,19,28,productive_iteration,False,True,False,False,False,,10.0
Final500,Final500_T000395,efe8e19e247c7205161425d776f7dc78cdf7067590fe1b2d6b1629727a8db064,S0001973,30,35,productive_iteration,True,True,False,False,False,,6.0
Final500,Final500_T000396,4e4319183325b8ca3bb2b6654fba3175ef67a0bf08a491fc39ccb8055ef0e540,S0001974,25,84,unproductive_cycle,False,False,True,False,False,,9.0
Final500,Final500_T000396,4e4319183325b8ca3bb2b6654fba3175ef67a0bf08a491fc39ccb8055ef0e540,S0001975,0,8,productive_iteration,False,True,False,False,False,,9.0
Final500,Final500_T000396,4e4319183325b8ca3bb2b6654fba3175ef67a0bf08a491fc39ccb8055ef0e540,S0001976,9,24,productive_iteration,False,True,False,False,False,,1.0
Final500,Final500_T000396,4e4319183325b8ca3bb2b6654fba3175ef67a0bf08a491fc39ccb8055ef0e540,S0001977,9,24,unproductive_cycle,False,False,True,False,False,,15.0
Final500,Final500_T000396,4e4319183325b8ca3bb2b6654fba3175ef67a0bf08a491fc39ccb8055ef0e540,S0001978,26,72,unproductive_cycle,False,False,True,False,False,,47.0
Final500,Final500_T000396,4e4319183325b8ca3bb2b6654fba3175ef67a0bf08a491fc39ccb8055ef0e540,S0001979,80,83,unproductive_cycle,False,False,True,False,False,,4.0
Final500,Final500_T000397,c298f91423aa1bb8361d8bd27c9c4b0ffca75861f0f20bcd7ebac5735798137e,S0001980,34,34,productive_iteration,False,True,False,False,False,,1.0
Final500,Final500_T000397,c298f91423aa1bb8361d8bd27c9c4b0ffca75861f0f20bcd7ebac5735798137e,S0001981,22,25,unproductive_cycle,False,False,True,False,False,,3.0
Final500,Final500_T000397,c298f91423aa1bb8361d8bd27c9c4b0ffca75861f0f20bcd7ebac5735798137e,S0001982,0,21,productive_iteration,True,True,False,False,False,,22.0
Final500,Final500_T000397,c298f91423aa1bb8361d8bd27c9c4b0ffca75861f0f20bcd7ebac5735798137e,S0001983,26,33,productive_iteration,True,True,False,False,False,,8.0
Final500,Final500_T000397,c298f91423aa1bb8361d8bd27c9c4b0ffca75861f0f20bcd7ebac5735798137e,S0001984,36,41,productive_iteration,False,True,False,False,False,,6.0
Final500,Final500_T000398,c56dfd781052ded58fed70bef144986f4c52b9b8b71df61c4801d47ce139d17f,S0001985,0,15,productive_iteration,False,True,False,False,False,,4.0
Final500,Final500_T000398,c56dfd781052ded58fed70bef144986f4c52b9b8b71df61c4801d47ce139d17f,S0001986,195,195,unproductive_cycle,False,False,True,False,False,,1.0
Final500,Final500_T000398,c56dfd781052ded58fed70bef144986f4c52b9b8b71df61c4801d47ce139d17f,S0001987,2,9,productive_iteration,True,True,False,False,False,,8.0
Final500,Final500_T000398,c56dfd781052ded58fed70bef144986f4c52b9b8b71df61c4801d47ce139d17f,S0001988,185,194,productive_iteration,False,True,False,False,False,,2.0
Final500,Final500_T000398,c56dfd781052ded58fed70bef144986f4c52b9b8b71df61c4801d47ce139d17f,S0001989,185,194,unproductive_cycle,False,False,True,False,False,,8.0
Final500,Final500_T000398,c56dfd781052ded58fed70bef144986f4c52b9b8b71df61c4801d47ce139d17f,S0001990,12,14,productive_iteration,False,True,False,False,False,,1.0
Final500,Final500_T000398,c56dfd781052ded58fed70bef144986f4c52b9b8b71df61c4801d47ce139d17f,S0001991,12,14,unproductive_cycle,False,False,True,False,False,,2.0
Final500,Final500_T000398,c56dfd781052ded58fed70bef144986f4c52b9b8b71df61c4801d47ce139d17f,S0001992,16,184,productive_iteration,False,True,False,False,False,,7.0
Final500,Final500_T000398,c56dfd781052ded58fed70bef144986f4c52b9b8b71df61c4801d47ce139d17f,S0001993,16,184,unproductive_cycle,False,False,True,False,False,,162.0
Final500,Final500_T000399,01977202d769ad279e03e663069fdc18fbcdfe38247eec33e38e2d77960374c3,S0001994,10,16,productive_iteration,True,True,False,False,False,,2.0
Final500,Final500_T000399,01977202d769ad279e03e663069fdc18fbcdfe38247eec33e38e2d77960374c3,S0001995,17,163,unproductive_cycle,False,False,True,False,False,,12.0
Final500,Final500_T000399,01977202d769ad279e03e663069fdc18fbcdfe38247eec33e38e2d77960374c3,S0001996,0,9,productive_iteration,True,True,False,False,False,,10.0
Final500,Final500_T000399,01977202d769ad279e03e663069fdc18fbcdfe38247eec33e38e2d77960374c3,S0001997,14,15,productive_iteration,False,True,False,False,False,,2.0
Final500,Final500_T000399,01977202d769ad279e03e663069fdc18fbcdfe38247eec33e38e2d77960374c3,S0001998,112,114,unproductive_cycle,False,False,True,False,False,,3.0
Final500,Final500_T000399,01977202d769ad279e03e663069fdc18fbcdfe38247eec33e38e2d77960374c3,S0001999,11,13,productive_iteration,False,True,False,False,False,,3.0
Final500,Final500_T000399,01977202d769ad279e03e663069fdc18fbcdfe38247eec33e38e2d77960374c3,S0002000,18,44,unproductive_cycle,False,False,True,False,False,,27.0
Final500,Final500_T000399,01977202d769ad279e03e663069fdc18fbcdfe38247eec33e38e2d77960374c3,S0002001,46,72,unproductive_cycle,False,False,True,False,False,,27.0
Final500,Final500_T000399,01977202d769ad279e03e663069fdc18fbcdfe38247eec33e38e2d77960374c3,S0002002,74,93,unproductive_cycle,False,False,True,False,False,,20.0
Final500,Final500_T000399,01977202d769ad279e03e663069fdc18fbcdfe38247eec33e38e2d77960374c3,S0002003,95,111,unproductive_cycle,False,False,True,False,False,,17.0
Final500,Final500_T000399,01977202d769ad279e03e663069fdc18fbcdfe38247eec33e38e2d77960374c3,S0002004,116,119,unproductive_cycle,False,False,True,False,False,,4.0
Final500,Final500_T000399,01977202d769ad279e03e663069fdc18fbcdfe38247eec33e38e2d77960374c3,S0002005,121,127,unproductive_cycle,False,False,True,False,False,,7.0
Final500,Final500_T000399,01977202d769ad279e03e663069fdc18fbcdfe38247eec33e38e2d77960374c3,S0002006,130,135,unproductive_cycle,False,False,True,False,False,,6.0
Final500,Final500_T000399,01977202d769ad279e03e663069fdc18fbcdfe38247eec33e38e2d77960374c3,S0002007,137,149,unproductive_cycle,False,False,True,False,False,,13.0
Final500,Final500_T000399,01977202d769ad279e03e663069fdc18fbcdfe38247eec33e38e2d77960374c3,S0002008,151,156,unproductive_cycle,False,False,True,False,False,,6.0
Final500,Final500_T000399,01977202d769ad279e03e663069fdc18fbcdfe38247eec33e38e2d77960374c3,S0002009,158,161,unproductive_cycle,False,False,True,False,False,,4.0
Final500,Final500_T000400,59963bdaaba4a09b0c86102e2e975824b4c7fbfad004dbfc3450ad5488d1a46e,S0002010,0,38,productive_iteration,True,True,False,False,False,,39.0
Final500,Final500_T000401,c5ad13c3e126eb2be3417b511b78dc5552cfa89e3b793670534b13dda378d831,S0002011,8,29,productive_iteration,False,True,False,False,False,,4.0
Final500,Final500_T000401,c5ad13c3e126eb2be3417b511b78dc5552cfa89e3b793670534b13dda378d831,S0002012,58,105,unproductive_cycle,False,False,True,False,False,,4.0
Final500,Final500_T000401,c5ad13c3e126eb2be3417b511b78dc5552cfa89e3b793670534b13dda378d831,S0002013,0,7,productive_iteration,False,True,False,False,False,,8.0
Final500,Final500_T000401,c5ad13c3e126eb2be3417b511b78dc5552cfa89e3b793670534b13dda378d831,S0002014,10,16,productive_iteration,True,True,False,False,False,,7.0
Final500,Final500_T000401,c5ad13c3e126eb2be3417b511b78dc5552cfa89e3b793670534b13dda378d831,S0002015,21,27,productive_iteration,False,True,False,False,False,,7.0
Final500,Final500_T000401,c5ad13c3e126eb2be3417b511b78dc5552cfa89e3b793670534b13dda378d831,S0002016,40,42,unproductive_cycle,False,False,True,False,False,,3.0
Final500,Final500_T000401,c5ad13c3e126eb2be3417b511b78dc5552cfa89e3b793670534b13dda378d831,S0002017,64,65,unproductive_cycle,False,False,True,False,False,,2.0
Final500,Final500_T000401,c5ad13c3e126eb2be3417b511b78dc5552cfa89e3b793670534b13dda378d831,S0002018,72,74,unproductive_cycle,False,False,True,False,False,,3.0
Final500,Final500_T000401,c5ad13c3e126eb2be3417b511b78dc5552cfa89e3b793670534b13dda378d831,S0002019,128,130,unproductive_cycle,False,False,True,False,False,,3.0
Final500,Final500_T000401,c5ad13c3e126eb2be3417b511b78dc5552cfa89e3b793670534b13dda378d831,S0002020,137,138,unproductive_cycle,False,False,True,False,False,,2.0
Final500,Final500_T000401,c5ad13c3e126eb2be3417b511b78dc5552cfa89e3b793670534b13dda378d831,S0002021,144,145,productive_iteration,False,True,False,False,False,,2.0
Final500,Final500_T000401,c5ad13c3e126eb2be3417b511b78dc5552cfa89e3b793670534b13dda378d831,S0002022,17,20,unproductive_cycle,False,False,True,False,False,,4.0
Final500,Final500_T000401,c5ad13c3e126eb2be3417b511b78dc5552cfa89e3b793670534b13dda378d831,S0002023,30,39,unproductive_cycle,False,False,True,False,False,,10.0
Final500,Final500_T000401,c5ad13c3e126eb2be3417b511b78dc5552cfa89e3b793670534b13dda378d831,S0002024,43,57,unproductive_cycle,False,False,True,False,False,,15.0
Final500,Final500_T000401,c5ad13c3e126eb2be3417b511b78dc5552cfa89e3b793670534b13dda378d831,S0002025,59,63,unproductive_cycle,False,False,True,False,False,,5.0
Final500,Final500_T000401,c5ad13c3e126eb2be3417b511b78dc5552cfa89e3b793670534b13dda378d831,S0002026,67,71,unproductive_cycle,False,False,True,False,False,,5.0
Final500,Final500_T000401,c5ad13c3e126eb2be3417b511b78dc5552cfa89e3b793670534b13dda378d831,S0002027,75,103,unproductive_cycle,False,False,True,False,False,,29.0
Final500,Final500_T000401,c5ad13c3e126eb2be3417b511b78dc5552cfa89e3b793670534b13dda378d831,S0002028,106,127,unproductive_cycle,False,False,True,False,False,,22.0
Final500,Final500_T000401,c5ad13c3e126eb2be3417b511b78dc5552cfa89e3b793670534b13dda378d831,S0002029,131,136,unproductive_cycle,False,False,True,False,False,,6.0
Final500,Final500_T000401,c5ad13c3e126eb2be3417b511b78dc5552cfa89e3b793670534b13dda378d831,S0002030,139,143,unproductive_cycle,False,False,True,False,False,,5.0
Final500,Final500_T000401,c5ad13c3e126eb2be3417b511b78dc5552cfa89e3b793670534b13dda378d831,S0002031,146,148,unproductive_cycle,False,False,True,False,False,,3.0
Final500,Final500_T000402,850d1e19497b24f26a1d433ba693526711e7e27c23cb85b721c4c38602a5de92,S0002032,0,9,productive_iteration,False,True,False,False,False,,6.0
Final500,Final500_T000402,850d1e19497b24f26a1d433ba693526711e7e27c23cb85b721c4c38602a5de92,S0002033,1,3,productive_iteration,False,True,False,False,False,,3.0
Final500,Final500_T000402,850d1e19497b24f26a1d433ba693526711e7e27c23cb85b721c4c38602a5de92,S0002034,10,27,productive_iteration,True,True,False,False,False,,18.0
Final500,Final500_T000402,850d1e19497b24f26a1d433ba693526711e7e27c23cb85b721c4c38602a5de92,S0002035,36,37,productive_iteration,False,True,False,False,False,,2.0
Final500,Final500_T000402,850d1e19497b24f26a1d433ba693526711e7e27c23cb85b721c4c38602a5de92,S0002036,28,35,productive_iteration,True,True,False,False,False,,8.0
Final500,Final500_T000403,a284f270b13ff709dea0dd52d89ca93e1513d67d0b2ed01ac6b2694a21c15637,S0002037,8,22,productive_iteration,True,True,False,False,False,,3.0
Final500,Final500_T000403,a284f270b13ff709dea0dd52d89ca93e1513d67d0b2ed01ac6b2694a21c15637,S0002038,0,7,productive_iteration,False,True,False,False,False,,8.0
Final500,Final500_T000403,a284f270b13ff709dea0dd52d89ca93e1513d67d0b2ed01ac6b2694a21c15637,S0002039,9,20,productive_iteration,False,True,False,False,False,,12.0
Final500,Final500_T000403,a284f270b13ff709dea0dd52d89ca93e1513d67d0b2ed01ac6b2694a21c15637,S0002040,23,32,productive_iteration,True,True,False,False,False,,10.0
Final500,Final500_T000404,196e19470e67223f7af1c458702ba55e771662932cd3d07c9fe57237f4aaaa1c,S0002041,16,99,unproductive_cycle,False,False,True,False,False,,4.0
Final500,Final500_T000404,196e19470e67223f7af1c458702ba55e771662932cd3d07c9fe57237f4aaaa1c,S0002042,0,12,productive_iteration,True,True,False,False,False,,13.0
Final500,Final500_T000404,196e19470e67223f7af1c458702ba55e771662932cd3d07c9fe57237f4aaaa1c,S0002043,33,36,unproductive_cycle,False,False,True,False,False,,4.0
Final500,Final500_T000404,196e19470e67223f7af1c458702ba55e771662932cd3d07c9fe57237f4aaaa1c,S0002044,40,42,unproductive_cycle,False,False,True,False,False,,3.0
Final500,Final500_T000404,196e19470e67223f7af1c458702ba55e771662932cd3d07c9fe57237f4aaaa1c,S0002045,64,66,unproductive_cycle,False,False,True,False,False,,3.0
Final500,Final500_T000404,196e19470e67223f7af1c458702ba55e771662932cd3d07c9fe57237f4aaaa1c,S0002046,81,84,unproductive_cycle,False,False,True,False,False,,4.0
Final500,Final500_T000404,196e19470e67223f7af1c458702ba55e771662932cd3d07c9fe57237f4aaaa1c,S0002047,13,15,productive_iteration,True,True,False,False,False,,1.0
Final500,Final500_T000404,196e19470e67223f7af1c458702ba55e771662932cd3d07c9fe57237f4aaaa1c,S0002048,13,15,unproductive_cycle,False,False,True,False,False,,2.0
Final500,Final500_T000404,196e19470e67223f7af1c458702ba55e771662932cd3d07c9fe57237f4aaaa1c,S0002049,19,32,unproductive_cycle,False,False,True,False,False,,14.0
Final500,Final500_T000404,196e19470e67223f7af1c458702ba55e771662932cd3d07c9fe57237f4aaaa1c,S0002050,37,39,unproductive_cycle,False,False,True,False,False,,3.0
Final500,Final500_T000404,196e19470e67223f7af1c458702ba55e771662932cd3d07c9fe57237f4aaaa1c,S0002051,43,63,unproductive_cycle,False,False,True,False,False,,21.0
Final500,Final500_T000404,196e19470e67223f7af1c458702ba55e771662932cd3d07c9fe57237f4aaaa1c,S0002052,67,80,unproductive_cycle,False,False,True,False,False,,14.0
Final500,Final500_T000404,196e19470e67223f7af1c458702ba55e771662932cd3d07c9fe57237f4aaaa1c,S0002053,85,98,unproductive_cycle,False,False,True,False,False,,14.0
Final500,Final500_T000405,f793aa19b82b37fe1588539b5b606e58b99da05c4c3a740f2e78facee4deec56,S0002054,20,76,productive_iteration,True,True,False,False,False,,4.0
Final500,Final500_T000405,f793aa19b82b37fe1588539b5b606e58b99da05c4c3a740f2e78facee4deec56,S0002055,0,19,productive_iteration,False,True,False,False,False,,20.0
Final500,Final500_T000405,f793aa19b82b37fe1588539b5b606e58b99da05c4c3a740f2e78facee4deec56,S0002056,21,33,productive_iteration,True,True,False,False,False,,13.0
Final500,Final500_T000405,f793aa19b82b37fe1588539b5b606e58b99da05c4c3a740f2e78facee4deec56,S0002057,35,47,productive_iteration,False,True,False,False,False,,13.0
Final500,Final500_T000405,f793aa19b82b37fe1588539b5b606e58b99da05c4c3a740f2e78facee4deec56,S0002058,52,61,productive_iteration,False,True,False,False,False,,10.0
Final500,Final500_T000405,f793aa19b82b37fe1588539b5b606e58b99da05c4c3a740f2e78facee4deec56,S0002059,67,75,productive_iteration,True,True,False,False,False,,9.0
Final500,Final500_T000405,f793aa19b82b37fe1588539b5b606e58b99da05c4c3a740f2e78facee4deec56,S0002060,64,66,productive_iteration,True,True,False,False,False,,3.0
Final500,Final500_T000406,ad9589f3f417eed193530574d370ba3322660806453dcfcbefa9972716c4cb7e,S0002061,8,41,productive_iteration,True,True,False,False,False,,12.0
Final500,Final500_T000406,ad9589f3f417eed193530574d370ba3322660806453dcfcbefa9972716c4cb7e,S0002062,0,7,productive_iteration,False,True,False,False,False,,8.0
Final500,Final500_T000406,ad9589f3f417eed193530574d370ba3322660806453dcfcbefa9972716c4cb7e,S0002063,11,17,productive_iteration,False,True,False,False,False,,7.0
Final500,Final500_T000406,ad9589f3f417eed193530574d370ba3322660806453dcfcbefa9972716c4cb7e,S0002064,19,28,productive_iteration,False,True,False,False,False,,10.0
Final500,Final500_T000406,ad9589f3f417eed193530574d370ba3322660806453dcfcbefa9972716c4cb7e,S0002065,30,31,productive_iteration,False,True,False,False,False,,2.0
Final500,Final500_T000406,ad9589f3f417eed193530574d370ba3322660806453dcfcbefa9972716c4cb7e,S0002066,33,34,productive_iteration,False,True,False,False,False,,2.0
Final500,Final500_T000406,ad9589f3f417eed193530574d370ba3322660806453dcfcbefa9972716c4cb7e,S0002067,42,52,productive_iteration,True,True,False,False,False,,11.0
Final500,Final500_T000407,7df7ee927d2ee13c6971fafb1f4856f4de4b1d8e03fb2e4b97bbad10d4ebe8d3,S0002068,22,27,productive_iteration,True,True,False,False,False,,2.0
Final500,Final500_T000407,7df7ee927d2ee13c6971fafb1f4856f4de4b1d8e03fb2e4b97bbad10d4ebe8d3,S0002069,58,94,unproductive_cycle,False,False,True,False,False,,6.0
Final500,Final500_T000407,7df7ee927d2ee13c6971fafb1f4856f4de4b1d8e03fb2e4b97bbad10d4ebe8d3,S0002070,0,5,productive_iteration,False,True,False,False,False,,6.0
Final500,Final500_T000407,7df7ee927d2ee13c6971fafb1f4856f4de4b1d8e03fb2e4b97bbad10d4ebe8d3,S0002071,9,10,productive_iteration,False,True,False,False,False,,2.0
Final500,Final500_T000407,7df7ee927d2ee13c6971fafb1f4856f4de4b1d8e03fb2e4b97bbad10d4ebe8d3,S0002072,14,15,productive_iteration,True,True,False,False,False,,2.0
Final500,Final500_T000407,7df7ee927d2ee13c6971fafb1f4856f4de4b1d8e03fb2e4b97bbad10d4ebe8d3,S0002073,32,34,unproductive_cycle,False,False,True,False,False,,3.0
Final500,Final500_T000407,7df7ee927d2ee13c6971fafb1f4856f4de4b1d8e03fb2e4b97bbad10d4ebe8d3,S0002074,104,106,unproductive_cycle,False,False,True,False,False,,3.0
Final500,Final500_T000407,7df7ee927d2ee13c6971fafb1f4856f4de4b1d8e03fb2e4b97bbad10d4ebe8d3,S0002075,6,8,productive_iteration,False,True,False,False,False,,3.0
Final500,Final500_T000407,7df7ee927d2ee13c6971fafb1f4856f4de4b1d8e03fb2e4b97bbad10d4ebe8d3,S0002076,11,13,productive_iteration,False,True,False,False,False,,3.0
Final500,Final500_T000407,7df7ee927d2ee13c6971fafb1f4856f4de4b1d8e03fb2e4b97bbad10d4ebe8d3,S0002077,16,21,productive_iteration,True,True,False,False,False,,2.0
Final500,Final500_T000407,7df7ee927d2ee13c6971fafb1f4856f4de4b1d8e03fb2e4b97bbad10d4ebe8d3,S0002078,16,21,unproductive_cycle,False,False,True,False,False,,4.0
Final500,Final500_T000407,7df7ee927d2ee13c6971fafb1f4856f4de4b1d8e03fb2e4b97bbad10d4ebe8d3,S0002079,23,26,productive_iteration,True,True,False,False,False,,3.0
Final500,Final500_T000407,7df7ee927d2ee13c6971fafb1f4856f4de4b1d8e03fb2e4b97bbad10d4ebe8d3,S0002080,23,26,unproductive_cycle,False,False,True,False,False,,1.0
Final500,Final500_T000407,7df7ee927d2ee13c6971fafb1f4856f4de4b1d8e03fb2e4b97bbad10d4ebe8d3,S0002081,28,31,unproductive_cycle,False,False,True,False,False,,4.0
Final500,Final500_T000407,7df7ee927d2ee13c6971fafb1f4856f4de4b1d8e03fb2e4b97bbad10d4ebe8d3,S0002082,35,57,unproductive_cycle,False,False,True,False,False,,23.0
Final500,Final500_T000407,7df7ee927d2ee13c6971fafb1f4856f4de4b1d8e03fb2e4b97bbad10d4ebe8d3,S0002083,59,79,unproductive_cycle,False,False,True,False,False,,21.0
Final500,Final500_T000407,7df7ee927d2ee13c6971fafb1f4856f4de4b1d8e03fb2e4b97bbad10d4ebe8d3,S0002084,83,87,unproductive_cycle,False,False,True,False,False,,5.0
Final500,Final500_T000407,7df7ee927d2ee13c6971fafb1f4856f4de4b1d8e03fb2e4b97bbad10d4ebe8d3,S0002085,89,93,unproductive_cycle,False,False,True,False,False,,5.0
Final500,Final500_T000407,7df7ee927d2ee13c6971fafb1f4856f4de4b1d8e03fb2e4b97bbad10d4ebe8d3,S0002086,95,103,unproductive_cycle,False,False,True,False,False,,9.0
Final500,Final500_T000407,7df7ee927d2ee13c6971fafb1f4856f4de4b1d8e03fb2e4b97bbad10d4ebe8d3,S0002087,107,110,unproductive_cycle,False,False,True,False,False,,4.0
Final500,Final500_T000408,49f583223aa64877697c8298b8da136a55663692d8f8709362659433929046ae,S0002088,5,12,productive_iteration,False,True,False,False,False,,2.0
Final500,Final500_T000408,49f583223aa64877697c8298b8da136a55663692d8f8709362659433929046ae,S0002089,0,4,productive_iteration,True,True,False,False,False,,5.0
Final500,Final500_T000408,49f583223aa64877697c8298b8da136a55663692d8f8709362659433929046ae,S0002090,6,11,productive_iteration,False,True,False,False,False,,6.0
Final500,Final500_T000408,49f583223aa64877697c8298b8da136a55663692d8f8709362659433929046ae,S0002091,13,80,unproductive_cycle,False,False,True,False,False,,68.0
Final500,Final500_T000409,7d34bcc587b3001461333c5a8cdcfff4b0f7acc066cae2c77ed264d10819c1b0,S0002092,5,6,productive_iteration,True,True,False,False,False,,2.0
Final500,Final500_T000409,7d34bcc587b3001461333c5a8cdcfff4b0f7acc066cae2c77ed264d10819c1b0,S0002093,0,4,productive_iteration,False,True,False,False,False,,5.0
Final500,Final500_T000409,7d34bcc587b3001461333c5a8cdcfff4b0f7acc066cae2c77ed264d10819c1b0,S0002094,12,14,unproductive_cycle,False,False,True,False,False,,3.0
Final500,Final500_T000409,7d34bcc587b3001461333c5a8cdcfff4b0f7acc066cae2c77ed264d10819c1b0,S0002095,7,11,unproductive_cycle,False,False,True,False,False,,5.0
Final500,Final500_T000409,7d34bcc587b3001461333c5a8cdcfff4b0f7acc066cae2c77ed264d10819c1b0,S0002096,15,162,unproductive_cycle,False,False,True,False,False,,148.0
Final500,Final500_T000410,00f3e4547ca3ffd12a4ffa46926655a787be069a0cdb09e72bd53569ac000883,S0002097,10,35,productive_iteration,False,True,False,False,False,,4.0
Final500,Final500_T000410,00f3e4547ca3ffd12a4ffa46926655a787be069a0cdb09e72bd53569ac000883,S0002098,39,84,unproductive_cycle,False,False,True,False,False,,14.0
Final500,Final500_T000410,00f3e4547ca3ffd12a4ffa46926655a787be069a0cdb09e72bd53569ac000883,S0002099,0,9,productive_iteration,False,True,False,False,False,,10.0
Final500,Final500_T000410,00f3e4547ca3ffd12a4ffa46926655a787be069a0cdb09e72bd53569ac000883,S0002100,11,12,productive_iteration,False,True,False,False,False,,2.0
Final500,Final500_T000410,00f3e4547ca3ffd12a4ffa46926655a787be069a0cdb09e72bd53569ac000883,S0002101,14,17,productive_iteration,False,True,False,False,False,,4.0
Final500,Final500_T000410,00f3e4547ca3ffd12a4ffa46926655a787be069a0cdb09e72bd53569ac000883,S0002102,20,34,productive_iteration,True,True,False,False,False,,15.0
Final500,Final500_T000410,00f3e4547ca3ffd12a4ffa46926655a787be069a0cdb09e72bd53569ac000883,S0002103,36,38,productive_iteration,True,True,False,False,False,,3.0
Final500,Final500_T000410,00f3e4547ca3ffd12a4ffa46926655a787be069a0cdb09e72bd53569ac000883,S0002104,56,58,unproductive_cycle,False,False,True,False,False,,3.0
Final500,Final500_T000410,00f3e4547ca3ffd12a4ffa46926655a787be069a0cdb09e72bd53569ac000883,S0002105,72,73,unproductive_cycle,False,False,True,False,False,,2.0
Final500,Final500_T000410,00f3e4547ca3ffd12a4ffa46926655a787be069a0cdb09e72bd53569ac000883,S0002106,40,43,unproductive_cycle,False,False,True,False,False,,4.0
Final500,Final500_T000410,00f3e4547ca3ffd12a4ffa46926655a787be069a0cdb09e72bd53569ac000883,S0002107,45,47,unproductive_cycle,False,False,True,False,False,,3.0
Final500,Final500_T000410,00f3e4547ca3ffd12a4ffa46926655a787be069a0cdb09e72bd53569ac000883,S0002108,50,53,unproductive_cycle,False,False,True,False,False,,4.0
Final500,Final500_T000410,00f3e4547ca3ffd12a4ffa46926655a787be069a0cdb09e72bd53569ac000883,S0002109,60,63,unproductive_cycle,False,False,True,False,False,,4.0
Final500,Final500_T000410,00f3e4547ca3ffd12a4ffa46926655a787be069a0cdb09e72bd53569ac000883,S0002110,65,68,unproductive_cycle,False,False,True,False,False,,4.0
Final500,Final500_T000410,00f3e4547ca3ffd12a4ffa46926655a787be069a0cdb09e72bd53569ac000883,S0002111,75,78,unproductive_cycle,False,False,True,False,False,,4.0
Final500,Final500_T000410,00f3e4547ca3ffd12a4ffa46926655a787be069a0cdb09e72bd53569ac000883,S0002112,80,83,unproductive_cycle,False,False,True,False,False,,4.0
Final500,Final500_T000410,00f3e4547ca3ffd12a4ffa46926655a787be069a0cdb09e72bd53569ac000883,S0002113,85,87,unproductive_cycle,False,False,True,False,False,,3.0
Final500,Final500_T000411,2aeb65f7af91f0a9181715e9c0822a62ce4961633a35347afda5415a7b64a331,S0002114,0,12,productive_iteration,True,True,False,False,False,,13.0
Final500,Final500_T000411,2aeb65f7af91f0a9181715e9c0822a62ce4961633a35347afda5415a7b64a331,S0002115,14,50,productive_iteration,True,True,False,False,False,,36.0
Final500,Final500_T000411,2aeb65f7af91f0a9181715e9c0822a62ce4961633a35347afda5415a7b64a331,S0002116,14,50,unproductive_cycle,False,False,True,False,False,,1.0
Final500,Final500_T000412,9aa97a28fa2017aa231ab4fbe9be79ef0c431a6fda1575406df672e6f1ba4e4a,S0002117,0,19,productive_iteration,False,True,False,False,False,,4.0
Final500,Final500_T000412,9aa97a28fa2017aa231ab4fbe9be79ef0c431a6fda1575406df672e6f1ba4e4a,S0002118,2,4,productive_iteration,False,True,False,False,False,,3.0
Final500,Final500_T000412,9aa97a28fa2017aa231ab4fbe9be79ef0c431a6fda1575406df672e6f1ba4e4a,S0002119,6,12,productive_iteration,True,True,False,False,False,,7.0
Final500,Final500_T000412,9aa97a28fa2017aa231ab4fbe9be79ef0c431a6fda1575406df672e6f1ba4e4a,S0002120,14,18,productive_iteration,False,True,False,False,False,,5.0
Final500,Final500_T000412,9aa97a28fa2017aa231ab4fbe9be79ef0c431a6fda1575406df672e6f1ba4e4a,S0002121,21,41,productive_iteration,True,True,False,False,False,,20.0
Final500,Final500_T000413,ec752e68f58e1c165f90013fe2bd9ab7cb0095b326e2fd5498363d00707ba8cc,S0002122,0,22,productive_iteration,True,True,False,False,False,,4.0
Final500,Final500_T000413,ec752e68f58e1c165f90013fe2bd9ab7cb0095b326e2fd5498363d00707ba8cc,S0002123,3,14,productive_iteration,True,True,False,False,False,,12.0
Final500,Final500_T000413,ec752e68f58e1c165f90013fe2bd9ab7cb0095b326e2fd5498363d00707ba8cc,S0002124,16,19,productive_iteration,False,True,False,False,False,,3.0
Final500,Final500_T000413,ec752e68f58e1c165f90013fe2bd9ab7cb0095b326e2fd5498363d00707ba8cc,S0002125,24,28,productive_iteration,True,True,False,False,False,,5.0
Final500,Final500_T000413,ec752e68f58e1c165f90013fe2bd9ab7cb0095b326e2fd5498363d00707ba8cc,S0002126,30,34,productive_iteration,True,True,False,False,False,,5.0
Final500,Final500_T000414,7bc527e62bc17301efd3ab5030a8b299ade6ad5235d2c933b4d9c18f73c96145,S0002127,32,32,productive_iteration,True,True,False,False,False,,1.0
Final500,Final500_T000414,7bc527e62bc17301efd3ab5030a8b299ade6ad5235d2c933b4d9c18f73c96145,S0002128,33,95,unproductive_cycle,False,False,True,False,False,,2.0
Final500,Final500_T000414,7bc527e62bc17301efd3ab5030a8b299ade6ad5235d2c933b4d9c18f73c96145,S0002129,0,9,productive_iteration,True,True,False,False,False,,10.0
Final500,Final500_T000414,7bc527e62bc17301efd3ab5030a8b299ade6ad5235d2c933b4d9c18f73c96145,S0002130,14,31,productive_iteration,True,True,False,False,False,,18.0
Final500,Final500_T000414,7bc527e62bc17301efd3ab5030a8b299ade6ad5235d2c933b4d9c18f73c96145,S0002131,38,41,productive_iteration,False,True,False,False,False,,2.0
Final500,Final500_T000414,7bc527e62bc17301efd3ab5030a8b299ade6ad5235d2c933b4d9c18f73c96145,S0002132,38,41,unproductive_cycle,False,False,True,False,False,,2.0
Final500,Final500_T000414,7bc527e62bc17301efd3ab5030a8b299ade6ad5235d2c933b4d9c18f73c96145,S0002133,47,49,unproductive_cycle,False,False,True,False,False,,3.0
Final500,Final500_T000414,7bc527e62bc17301efd3ab5030a8b299ade6ad5235d2c933b4d9c18f73c96145,S0002134,55,57,productive_iteration,False,True,False,False,False,,1.0
Final500,Final500_T000414,7bc527e62bc17301efd3ab5030a8b299ade6ad5235d2c933b4d9c18f73c96145,S0002135,55,57,unproductive_cycle,False,False,True,False,False,,2.0
Final500,Final500_T000414,7bc527e62bc17301efd3ab5030a8b299ade6ad5235d2c933b4d9c18f73c96145,S0002136,63,65,productive_iteration,False,True,False,False,False,,2.0
Final500,Final500_T000414,7bc527e62bc17301efd3ab5030a8b299ade6ad5235d2c933b4d9c18f73c96145,S0002137,63,65,unproductive_cycle,False,False,True,False,False,,1.0
Final500,Final500_T000414,7bc527e62bc17301efd3ab5030a8b299ade6ad5235d2c933b4d9c18f73c96145,S0002138,71,73,productive_iteration,False,True,False,False,False,,1.0
Final500,Final500_T000414,7bc527e62bc17301efd3ab5030a8b299ade6ad5235d2c933b4d9c18f73c96145,S0002139,71,73,unproductive_cycle,False,False,True,False,False,,2.0
Final500,Final500_T000414,7bc527e62bc17301efd3ab5030a8b299ade6ad5235d2c933b4d9c18f73c96145,S0002140,78,81,productive_iteration,False,True,False,False,False,,2.0
Final500,Final500_T000414,7bc527e62bc17301efd3ab5030a8b299ade6ad5235d2c933b4d9c18f73c96145,S0002141,78,81,unproductive_cycle,False,False,True,False,False,,2.0
Final500,Final500_T000414,7bc527e62bc17301efd3ab5030a8b299ade6ad5235d2c933b4d9c18f73c96145,S0002142,87,89,unproductive_cycle,False,False,True,False,False,,3.0
Final500,Final500_T000414,7bc527e62bc17301efd3ab5030a8b299ade6ad5235d2c933b4d9c18f73c96145,S0002143,10,13,unproductive_cycle,False,False,True,False,False,,4.0
Final500,Final500_T000414,7bc527e62bc17301efd3ab5030a8b299ade6ad5235d2c933b4d9c18f73c96145,S0002144,34,37,unproductive_cycle,False,False,True,False,False,,4.0
Final500,Final500_T000414,7bc527e62bc17301efd3ab5030a8b299ade6ad5235d2c933b4d9c18f73c96145,S0002145,42,46,unproductive_cycle,False,False,True,False,False,,5.0
Final500,Final500_T000414,7bc527e62bc17301efd3ab5030a8b299ade6ad5235d2c933b4d9c18f73c96145,S0002146,50,54,unproductive_cycle,False,False,True,False,False,,5.0
Final500,Final500_T000414,7bc527e62bc17301efd3ab5030a8b299ade6ad5235d2c933b4d9c18f73c96145,S0002147,58,62,unproductive_cycle,False,False,True,False,False,,5.0
Final500,Final500_T000414,7bc527e62bc17301efd3ab5030a8b299ade6ad5235d2c933b4d9c18f73c96145,S0002148,66,70,unproductive_cycle,False,False,True,False,False,,5.0
Final500,Final500_T000414,7bc527e62bc17301efd3ab5030a8b299ade6ad5235d2c933b4d9c18f73c96145,S0002149,74,77,unproductive_cycle,False,False,True,False,False,,4.0
Final500,Final500_T000414,7bc527e62bc17301efd3ab5030a8b299ade6ad5235d2c933b4d9c18f73c96145,S0002150,82,86,unproductive_cycle,False,False,True,False,False,,5.0
Final500,Final500_T000414,7bc527e62bc17301efd3ab5030a8b299ade6ad5235d2c933b4d9c18f73c96145,S0002151,90,94,unproductive_cycle,False,False,True,False,False,,5.0
Final500,Final500_T000415,f5420c51a70a3a88d8ef5cb3c1941b477beb1cccf216602d2f908249f4c95cfd,S0002152,0,30,productive_iteration,True,True,False,False,False,,31.0
Final500,Final500_T000416,6ff71387f35b8ac79736148b8d603871f12f57d7cc9b4aa333bae4d27c9c42f8,S0002153,20,23,productive_iteration,True,True,False,False,False,,2.0
Final500,Final500_T000416,6ff71387f35b8ac79736148b8d603871f12f57d7cc9b4aa333bae4d27c9c42f8,S0002154,0,19,productive_iteration,False,True,False,False,False,,20.0
Final500,Final500_T000416,6ff71387f35b8ac79736148b8d603871f12f57d7cc9b4aa333bae4d27c9c42f8,S0002155,21,22,productive_iteration,False,True,False,False,False,,2.0
Final500,Final500_T000416,6ff71387f35b8ac79736148b8d603871f12f57d7cc9b4aa333bae4d27c9c42f8,S0002156,24,33,productive_iteration,True,True,False,False,False,,10.0
Final500,Final500_T000417,d16f7d5398567126c55289a98f2f45090686b0f45c83b4f84f8765f4030fa604,S0002157,7,8,productive_iteration,False,True,False,False,False,,2.0
Final500,Final500_T000417,d16f7d5398567126c55289a98f2f45090686b0f45c83b4f84f8765f4030fa604,S0002158,4,95,unproductive_cycle,False,False,True,False,False,,15.0
Final500,Final500_T000417,d16f7d5398567126c55289a98f2f45090686b0f45c83b4f84f8765f4030fa604,S0002159,10,20,productive_iteration,True,True,False,False,False,,9.0
Final500,Final500_T000417,d16f7d5398567126c55289a98f2f45090686b0f45c83b4f84f8765f4030fa604,S0002160,24,31,productive_iteration,True,True,False,False,False,,8.0
Final500,Final500_T000417,d16f7d5398567126c55289a98f2f45090686b0f45c83b4f84f8765f4030fa604,S0002161,56,59,unproductive_cycle,False,False,True,False,False,,4.0
Final500,Final500_T000417,d16f7d5398567126c55289a98f2f45090686b0f45c83b4f84f8765f4030fa604,S0002162,90,94,unproductive_cycle,False,False,True,False,False,,5.0
Final500,Final500_T000417,d16f7d5398567126c55289a98f2f45090686b0f45c83b4f84f8765f4030fa604,S0002163,1,3,unproductive_cycle,False,False,True,False,False,,3.0
Final500,Final500_T000417,d16f7d5398567126c55289a98f2f45090686b0f45c83b4f84f8765f4030fa604,S0002164,21,23,productive_iteration,True,True,False,False,False,,3.0
Final500,Final500_T000417,d16f7d5398567126c55289a98f2f45090686b0f45c83b4f84f8765f4030fa604,S0002165,32,48,productive_iteration,True,True,False,False,False,,6.0
Final500,Final500_T000417,d16f7d5398567126c55289a98f2f45090686b0f45c83b4f84f8765f4030fa604,S0002166,32,48,unproductive_cycle,False,False,True,False,False,,11.0
Final500,Final500_T000417,d16f7d5398567126c55289a98f2f45090686b0f45c83b4f84f8765f4030fa604,S0002167,53,55,unproductive_cycle,False,False,True,False,False,,3.0
Final500,Final500_T000417,d16f7d5398567126c55289a98f2f45090686b0f45c83b4f84f8765f4030fa604,S0002168,60,62,unproductive_cycle,False,False,True,False,False,,3.0
Final500,Final500_T000417,d16f7d5398567126c55289a98f2f45090686b0f45c83b4f84f8765f4030fa604,S0002169,64,79,unproductive_cycle,False,False,True,False,False,,16.0
Final500,Final500_T000417,d16f7d5398567126c55289a98f2f45090686b0f45c83b4f84f8765f4030fa604,S0002170,81,83,unproductive_cycle,False,False,True,False,False,,3.0
Final500,Final500_T000418,446624804a66c408a03a4a611092322356861a1548db5c0218c3b49d77e411e5,S0002171,7,7,productive_iteration,True,True,False,False,False,,1.0
Final500,Final500_T000418,446624804a66c408a03a4a611092322356861a1548db5c0218c3b49d77e411e5,S0002172,31,31,unproductive_cycle,False,False,True,False,False,,1.0
Final500,Final500_T000418,446624804a66c408a03a4a611092322356861a1548db5c0218c3b49d77e411e5,S0002173,0,6,productive_iteration,False,True,False,False,False,,7.0
Final500,Final500_T000418,446624804a66c408a03a4a611092322356861a1548db5c0218c3b49d77e411e5,S0002174,8,14,productive_iteration,True,True,False,False,False,,7.0
Final500,Final500_T000418,446624804a66c408a03a4a611092322356861a1548db5c0218c3b49d77e411e5,S0002175,15,30,unproductive_cycle,False,False,True,False,False,,16.0
Final500,Final500_T000419,3bda8a193cc0abf8337a4c9b7f0e6b063e3740c1414f95de2ab88bfe3cdbcedf,S0002176,14,41,productive_iteration,False,True,False,False,False,,2.0
Final500,Final500_T000419,3bda8a193cc0abf8337a4c9b7f0e6b063e3740c1414f95de2ab88bfe3cdbcedf,S0002177,42,44,unproductive_cycle,False,False,True,False,False,,3.0
Final500,Final500_T000419,3bda8a193cc0abf8337a4c9b7f0e6b063e3740c1414f95de2ab88bfe3cdbcedf,S0002178,0,7,productive_iteration,False,True,False,False,False,,8.0
Final500,Final500_T000419,3bda8a193cc0abf8337a4c9b7f0e6b063e3740c1414f95de2ab88bfe3cdbcedf,S0002179,23,25,productive_iteration,False,True,False,False,False,,3.0
Final500,Final500_T000419,3bda8a193cc0abf8337a4c9b7f0e6b063e3740c1414f95de2ab88bfe3cdbcedf,S0002180,27,31,productive_iteration,False,True,False,False,False,,5.0
Final500,Final500_T000419,3bda8a193cc0abf8337a4c9b7f0e6b063e3740c1414f95de2ab88bfe3cdbcedf,S0002181,8,13,productive_iteration,True,True,False,False,False,,6.0
Final500,Final500_T000419,3bda8a193cc0abf8337a4c9b7f0e6b063e3740c1414f95de2ab88bfe3cdbcedf,S0002182,15,22,productive_iteration,True,True,False,False,False,,6.0
Final500,Final500_T000419,3bda8a193cc0abf8337a4c9b7f0e6b063e3740c1414f95de2ab88bfe3cdbcedf,S0002183,15,22,unproductive_cycle,False,False,True,False,False,,2.0
Final500,Final500_T000419,3bda8a193cc0abf8337a4c9b7f0e6b063e3740c1414f95de2ab88bfe3cdbcedf,S0002184,32,40,productive_iteration,False,True,False,False,False,,3.0
Final500,Final500_T000419,3bda8a193cc0abf8337a4c9b7f0e6b063e3740c1414f95de2ab88bfe3cdbcedf,S0002185,32,40,unproductive_cycle,False,False,True,False,False,,6.0
Final500,Final500_T000419,3bda8a193cc0abf8337a4c9b7f0e6b063e3740c1414f95de2ab88bfe3cdbcedf,S0002186,45,143,unproductive_cycle,False,False,True,False,False,,99.0
Final500,Final500_T000420,960d41229278d363c3abd282d5e09ed50dd20fa236e89cf1bdd10ecb9f99ec34,S0002187,10,13,productive_iteration,False,True,False,False,False,,2.0
Final500,Final500_T000420,960d41229278d363c3abd282d5e09ed50dd20fa236e89cf1bdd10ecb9f99ec34,S0002188,24,37,unproductive_cycle,False,False,True,False,False,,3.0
Final500,Final500_T000420,960d41229278d363c3abd282d5e09ed50dd20fa236e89cf1bdd10ecb9f99ec34,S0002189,0,9,productive_iteration,False,True,False,False,False,,10.0
Final500,Final500_T000420,960d41229278d363c3abd282d5e09ed50dd20fa236e89cf1bdd10ecb9f99ec34,S0002190,11,12,productive_iteration,False,True,False,False,False,,2.0
Final500,Final500_T000420,960d41229278d363c3abd282d5e09ed50dd20fa236e89cf1bdd10ecb9f99ec34,S0002191,14,16,productive_iteration,True,True,False,False,False,,3.0
Final500,Final500_T000420,960d41229278d363c3abd282d5e09ed50dd20fa236e89cf1bdd10ecb9f99ec34,S0002192,19,23,productive_iteration,False,True,False,False,False,,2.0
Final500,Final500_T000420,960d41229278d363c3abd282d5e09ed50dd20fa236e89cf1bdd10ecb9f99ec34,S0002193,19,23,unproductive_cycle,False,False,True,False,False,,3.0
Final500,Final500_T000420,960d41229278d363c3abd282d5e09ed50dd20fa236e89cf1bdd10ecb9f99ec34,S0002194,25,26,productive_iteration,False,True,False,False,False,,2.0
Final500,Final500_T000420,960d41229278d363c3abd282d5e09ed50dd20fa236e89cf1bdd10ecb9f99ec34,S0002195,29,36,unproductive_cycle,False,False,True,False,False,,8.0
Final500,Final500_T000421,4d303a3449a6fda0e8b245e988eb97a9f761d0a9487494e58e7e5f3ed39b8974,S0002196,24,34,productive_iteration,True,True,False,False,False,,6.0
Final500,Final500_T000421,4d303a3449a6fda0e8b245e988eb97a9f761d0a9487494e58e7e5f3ed39b8974,S0002197,0,23,productive_iteration,True,True,False,False,False,,24.0
Final500,Final500_T000421,4d303a3449a6fda0e8b245e988eb97a9f761d0a9487494e58e7e5f3ed39b8974,S0002198,25,26,productive_iteration,True,True,False,False,False,,2.0
Final500,Final500_T000421,4d303a3449a6fda0e8b245e988eb97a9f761d0a9487494e58e7e5f3ed39b8974,S0002199,28,30,productive_iteration,True,True,False,False,False,,3.0
Final500,Final500_T000421,4d303a3449a6fda0e8b245e988eb97a9f761d0a9487494e58e7e5f3ed39b8974,S0002200,35,43,productive_iteration,True,True,False,False,False,,9.0
Final500,Final500_T000422,5c11010b5dade51169162c05d80236ce5761317f23ec8235a2c07ec252fc4e63,S0002201,22,34,productive_iteration,True,True,False,False,False,,3.0
Final500,Final500_T000422,5c11010b5dade51169162c05d80236ce5761317f23ec8235a2c07ec252fc4e63,S0002202,0,21,productive_iteration,True,True,False,False,False,,22.0
Final500,Final500_T000422,5c11010b5dade51169162c05d80236ce5761317f23ec8235a2c07ec252fc4e63,S0002203,23,32,productive_iteration,True,True,False,False,False,,10.0
Final500,Final500_T000422,5c11010b5dade51169162c05d80236ce5761317f23ec8235a2c07ec252fc4e63,S0002204,35,81,productive_iteration,True,True,False,False,False,,1.0
Final500,Final500_T000422,5c11010b5dade51169162c05d80236ce5761317f23ec8235a2c07ec252fc4e63,S0002205,35,81,unproductive_cycle,False,False,True,False,False,,46.0
Final500,Final500_T000423,1277c6d0a226928667e881b5725c9c1bf5bdc787d9c28d431cdc60566069f8b5,S0002206,0,5,productive_iteration,False,True,False,False,False,,6.0
Final500,Final500_T000423,1277c6d0a226928667e881b5725c9c1bf5bdc787d9c28d431cdc60566069f8b5,S0002207,11,30,productive_iteration,True,True,False,False,False,,20.0
Final500,Final500_T000423,1277c6d0a226928667e881b5725c9c1bf5bdc787d9c28d431cdc60566069f8b5,S0002208,6,10,productive_iteration,False,True,False,False,False,,5.0
Final500,Final500_T000424,ea0906fe18aae45bbe9e9143630f7388ef9d4dc7b60b131163cdbdc5f47304e0,S0002209,8,8,productive_iteration,False,True,False,False,False,,1.0
Final500,Final500_T000424,ea0906fe18aae45bbe9e9143630f7388ef9d4dc7b60b131163cdbdc5f47304e0,S0002210,25,25,unproductive_cycle,False,False,True,False,False,,1.0
Final500,Final500_T000424,ea0906fe18aae45bbe9e9143630f7388ef9d4dc7b60b131163cdbdc5f47304e0,S0002211,0,3,productive_iteration,False,True,False,False,False,,2.0
Final500,Final500_T000424,ea0906fe18aae45bbe9e9143630f7388ef9d4dc7b60b131163cdbdc5f47304e0,S0002212,9,14,productive_iteration,False,True,False,False,False,,6.0
Final500,Final500_T000424,ea0906fe18aae45bbe9e9143630f7388ef9d4dc7b60b131163cdbdc5f47304e0,S0002213,27,30,productive_iteration,False,True,False,False,False,,4.0
Final500,Final500_T000424,ea0906fe18aae45bbe9e9143630f7388ef9d4dc7b60b131163cdbdc5f47304e0,S0002214,15,23,unproductive_cycle,False,False,True,False,False,,9.0
Final500,Final500_T000425,5414b649e30d7e09fe135adff36f770b9523110fa6c8d61abc8bb67957e2ee26,S0002215,12,16,productive_iteration,True,True,False,False,False,,5.0
Final500,Final500_T000425,5414b649e30d7e09fe135adff36f770b9523110fa6c8d61abc8bb67957e2ee26,S0002216,0,11,productive_iteration,True,True,False,False,False,,12.0
Final500,Final500_T000425,5414b649e30d7e09fe135adff36f770b9523110fa6c8d61abc8bb67957e2ee26,S0002217,24,37,productive_iteration,True,True,False,False,False,,14.0
Final500,Final500_T000425,5414b649e30d7e09fe135adff36f770b9523110fa6c8d61abc8bb67957e2ee26,S0002218,17,23,productive_iteration,True,True,False,False,False,,7.0
Final500,Final500_T000426,051009577c97f6b31975ff3688963175ba84ce2e4959b62bc741d65628b54a31,S0002219,0,19,productive_iteration,True,True,False,False,False,,4.0
Final500,Final500_T000426,051009577c97f6b31975ff3688963175ba84ce2e4959b62bc741d65628b54a31,S0002220,80,80,unproductive_cycle,False,False,True,False,False,,1.0
Final500,Final500_T000426,051009577c97f6b31975ff3688963175ba84ce2e4959b62bc741d65628b54a31,S0002221,2,3,productive_iteration,False,True,False,False,False,,2.0
Final500,Final500_T000426,051009577c97f6b31975ff3688963175ba84ce2e4959b62bc741d65628b54a31,S0002222,5,18,productive_iteration,True,True,False,False,False,,14.0
Final500,Final500_T000426,051009577c97f6b31975ff3688963175ba84ce2e4959b62bc741d65628b54a31,S0002223,20,79,unproductive_cycle,False,False,True,False,False,,60.0
Final500,Final500_T000427,c9e28b886d77ba458107e12164e2a9665abfa15d6365869d90928c40be2e177d,S0002224,4,35,productive_iteration,True,True,False,False,False,,4.0
Final500,Final500_T000427,c9e28b886d77ba458107e12164e2a9665abfa15d6365869d90928c40be2e177d,S0002225,0,3,productive_iteration,False,True,False,False,False,,4.0
Final500,Final500_T000427,c9e28b886d77ba458107e12164e2a9665abfa15d6365869d90928c40be2e177d,S0002226,5,18,productive_iteration,False,True,False,False,False,,12.0
Final500,Final500_T000427,c9e28b886d77ba458107e12164e2a9665abfa15d6365869d90928c40be2e177d,S0002227,23,24,productive_iteration,True,True,False,False,False,,2.0
Final500,Final500_T000427,c9e28b886d77ba458107e12164e2a9665abfa15d6365869d90928c40be2e177d,S0002228,29,30,productive_iteration,False,True,False,False,False,,2.0
Final500,Final500_T000427,c9e28b886d77ba458107e12164e2a9665abfa15d6365869d90928c40be2e177d,S0002229,32,33,productive_iteration,True,True,False,False,False,,2.0
Final500,Final500_T000427,c9e28b886d77ba458107e12164e2a9665abfa15d6365869d90928c40be2e177d,S0002230,20,22,productive_iteration,False,True,False,False,False,,2.0
Final500,Final500_T000427,c9e28b886d77ba458107e12164e2a9665abfa15d6365869d90928c40be2e177d,S0002231,20,22,unproductive_cycle,False,False,True,False,False,,1.0
Final500,Final500_T000428,144f91f056da3ffd50a3205717f6dde9304c4d433bf5aceb58f143b55bb17a37,S0002232,4,4,productive_iteration,False,True,False,False,False,,1.0
Final500,Final500_T000428,144f91f056da3ffd50a3205717f6dde9304c4d433bf5aceb58f143b55bb17a37,S0002233,0,3,productive_iteration,False,True,False,False,False,,4.0
Final500,Final500_T000428,144f91f056da3ffd50a3205717f6dde9304c4d433bf5aceb58f143b55bb17a37,S0002234,6,17,productive_iteration,True,True,False,False,False,,12.0
Final500,Final500_T000428,144f91f056da3ffd50a3205717f6dde9304c4d433bf5aceb58f143b55bb17a37,S0002235,18,85,productive_iteration,True,True,False,False,False,,10.0
Final500,Final500_T000428,144f91f056da3ffd50a3205717f6dde9304c4d433bf5aceb58f143b55bb17a37,S0002236,18,85,unproductive_cycle,False,False,True,False,False,,58.0
Final500,Final500_T000429,c736e368a3b685e34627f21d8969e7bc1af52737280d0ec0e7127c93e8a770eb,S0002237,13,19,productive_iteration,True,True,False,False,False,,3.0
Final500,Final500_T000429,c736e368a3b685e34627f21d8969e7bc1af52737280d0ec0e7127c93e8a770eb,S0002238,34,82,unproductive_cycle,False,False,True,False,False,,7.0
Final500,Final500_T000429,c736e368a3b685e34627f21d8969e7bc1af52737280d0ec0e7127c93e8a770eb,S0002239,0,12,productive_iteration,True,True,False,False,False,,13.0
Final500,Final500_T000429,c736e368a3b685e34627f21d8969e7bc1af52737280d0ec0e7127c93e8a770eb,S0002240,20,21,productive_iteration,False,True,False,False,False,,2.0
Final500,Final500_T000429,c736e368a3b685e34627f21d8969e7bc1af52737280d0ec0e7127c93e8a770eb,S0002241,15,17,productive_iteration,True,True,False,False,False,,3.0
Final500,Final500_T000429,c736e368a3b685e34627f21d8969e7bc1af52737280d0ec0e7127c93e8a770eb,S0002242,22,33,productive_iteration,True,True,False,False,False,,1.0
Final500,Final500_T000429,c736e368a3b685e34627f21d8969e7bc1af52737280d0ec0e7127c93e8a770eb,S0002243,22,33,unproductive_cycle,False,False,True,False,False,,11.0
Final500,Final500_T000429,c736e368a3b685e34627f21d8969e7bc1af52737280d0ec0e7127c93e8a770eb,S0002244,35,38,unproductive_cycle,False,False,True,False,False,,4.0
Final500,Final500_T000429,c736e368a3b685e34627f21d8969e7bc1af52737280d0ec0e7127c93e8a770eb,S0002245,40,43,unproductive_cycle,False,False,True,False,False,,4.0
Final500,Final500_T000429,c736e368a3b685e34627f21d8969e7bc1af52737280d0ec0e7127c93e8a770eb,S0002246,45,48,unproductive_cycle,False,False,True,False,False,,4.0
Final500,Final500_T000429,c736e368a3b685e34627f21d8969e7bc1af52737280d0ec0e7127c93e8a770eb,S0002247,50,53,unproductive_cycle,False,False,True,False,False,,4.0
Final500,Final500_T000429,c736e368a3b685e34627f21d8969e7bc1af52737280d0ec0e7127c93e8a770eb,S0002248,55,63,unproductive_cycle,False,False,True,False,False,,9.0
Final500,Final500_T000429,c736e368a3b685e34627f21d8969e7bc1af52737280d0ec0e7127c93e8a770eb,S0002249,65,81,unproductive_cycle,False,False,True,False,False,,17.0
Final500,Final500_T000430,6020be4ba4b4db5c2ac32239cb74c7267fe45c1b70dbdf6db054c050172dbc5e,S0002250,10,11,productive_iteration,False,True,False,False,False,,2.0
Final500,Final500_T000430,6020be4ba4b4db5c2ac32239cb74c7267fe45c1b70dbdf6db054c050172dbc5e,S0002251,0,9,productive_iteration,False,True,False,False,False,,10.0
Final500,Final500_T000430,6020be4ba4b4db5c2ac32239cb74c7267fe45c1b70dbdf6db054c050172dbc5e,S0002252,81,82,productive_iteration,True,True,False,False,False,,2.0
Final500,Final500_T000430,6020be4ba4b4db5c2ac32239cb74c7267fe45c1b70dbdf6db054c050172dbc5e,S0002253,12,80,unproductive_cycle,False,False,True,False,False,,69.0
Final500,Final500_T000431,df70e5dcbe1c341a6a2326abae30e9b965a153cfdd2cdcec91565cc466249e3b,S0002254,0,13,productive_iteration,False,True,False,False,False,,14.0
Final500,Final500_T000431,df70e5dcbe1c341a6a2326abae30e9b965a153cfdd2cdcec91565cc466249e3b,S0002255,25,32,productive_iteration,False,True,False,False,False,,8.0
Final500,Final500_T000431,df70e5dcbe1c341a6a2326abae30e9b965a153cfdd2cdcec91565cc466249e3b,S0002256,14,24,productive_iteration,False,True,False,False,False,,1.0
Final500,Final500_T000431,df70e5dcbe1c341a6a2326abae30e9b965a153cfdd2cdcec91565cc466249e3b,S0002257,14,24,unproductive_cycle,False,False,True,False,False,,10.0
Final500,Final500_T000432,6df11b68ce818a8390be8929b81d26269647d9fe03823ed4f106f9c1dbd02d0f,S0002258,11,45,productive_iteration,True,True,False,False,False,,5.0
Final500,Final500_T000432,6df11b68ce818a8390be8929b81d26269647d9fe03823ed4f106f9c1dbd02d0f,S0002259,0,10,productive_iteration,False,True,False,False,False,,11.0
Final500,Final500_T000432,6df11b68ce818a8390be8929b81d26269647d9fe03823ed4f106f9c1dbd02d0f,S0002260,13,15,productive_iteration,True,True,False,False,False,,3.0
Final500,Final500_T000432,6df11b68ce818a8390be8929b81d26269647d9fe03823ed4f106f9c1dbd02d0f,S0002261,20,34,productive_iteration,True,True,False,False,False,,15.0
Final500,Final500_T000432,6df11b68ce818a8390be8929b81d26269647d9fe03823ed4f106f9c1dbd02d0f,S0002262,37,44,productive_iteration,False,True,False,False,False,,8.0
Final500,Final500_T000432,6df11b68ce818a8390be8929b81d26269647d9fe03823ed4f106f9c1dbd02d0f,S0002263,46,49,productive_iteration,False,True,False,False,False,,4.0
Final500,Final500_T000432,6df11b68ce818a8390be8929b81d26269647d9fe03823ed4f106f9c1dbd02d0f,S0002264,16,19,productive_iteration,False,True,False,False,False,,4.0
Final500,Final500_T000433,06bcb8ebe12c16592905181e1a0ce56878253d4ab2f1b2112b0a075b8e35f3fc,S0002265,11,14,productive_iteration,True,True,False,False,False,,4.0
Final500,Final500_T000433,06bcb8ebe12c16592905181e1a0ce56878253d4ab2f1b2112b0a075b8e35f3fc,S0002266,35,36,unproductive_cycle,False,False,True,False,False,,2.0
Final500,Final500_T000433,06bcb8ebe12c16592905181e1a0ce56878253d4ab2f1b2112b0a075b8e35f3fc,S0002267,0,9,productive_iteration,False,True,False,False,False,,10.0
Final500,Final500_T000433,06bcb8ebe12c16592905181e1a0ce56878253d4ab2f1b2112b0a075b8e35f3fc,S0002268,15,29,productive_iteration,True,True,False,False,False,,10.0
Final500,Final500_T000433,06bcb8ebe12c16592905181e1a0ce56878253d4ab2f1b2112b0a075b8e35f3fc,S0002269,15,29,unproductive_cycle,False,False,True,False,False,,5.0
Final500,Final500_T000433,06bcb8ebe12c16592905181e1a0ce56878253d4ab2f1b2112b0a075b8e35f3fc,S0002270,30,34,unproductive_cycle,False,False,True,False,False,,5.0
Final500,Final500_T000434,a7d579bf166fb4939810d59df23a9898f4b2baec8e2506e3e66bbe85a03d71e2,S0002271,13,25,productive_iteration,True,True,False,False,False,,5.0
Final500,Final500_T000434,a7d579bf166fb4939810d59df23a9898f4b2baec8e2506e3e66bbe85a03d71e2,S0002272,28,28,unproductive_cycle,False,False,True,False,False,,1.0
Final500,Final500_T000434,a7d579bf166fb4939810d59df23a9898f4b2baec8e2506e3e66bbe85a03d71e2,S0002273,0,12,productive_iteration,True,True,False,False,False,,13.0
Final500,Final500_T000434,a7d579bf166fb4939810d59df23a9898f4b2baec8e2506e3e66bbe85a03d71e2,S0002274,17,24,productive_iteration,True,True,False,False,False,,8.0
Final500,Final500_T000434,a7d579bf166fb4939810d59df23a9898f4b2baec8e2506e3e66bbe85a03d71e2,S0002275,26,27,productive_iteration,False,True,False,False,False,,2.0
Final500,Final500_T000434,a7d579bf166fb4939810d59df23a9898f4b2baec8e2506e3e66bbe85a03d71e2,S0002276,33,36,productive_iteration,False,True,False,False,False,,4.0
Final500,Final500_T000434,a7d579bf166fb4939810d59df23a9898f4b2baec8e2506e3e66bbe85a03d71e2,S0002277,29,32,unproductive_cycle,False,False,True,False,False,,4.0
Final500,Final500_T000435,8f247ffe9a90256db61c5415bd72a160cc87710bf8eb86954e2e66f286cbd796,S0002278,19,29,productive_iteration,False,True,False,False,False,,2.0
Final500,Final500_T000435,8f247ffe9a90256db61c5415bd72a160cc87710bf8eb86954e2e66f286cbd796,S0002279,0,18,productive_iteration,True,True,False,False,False,,19.0
Final500,Final500_T000435,8f247ffe9a90256db61c5415bd72a160cc87710bf8eb86954e2e66f286cbd796,S0002280,20,28,productive_iteration,False,True,False,False,False,,9.0
Final500,Final500_T000435,8f247ffe9a90256db61c5415bd72a160cc87710bf8eb86954e2e66f286cbd796,S0002281,30,36,productive_iteration,True,True,False,False,False,,7.0
Final500,Final500_T000436,0da2162a5acfbd38b1ac8e6238cbbafa58236442debe76f66ac6d59ccd375f10,S0002282,31,31,productive_iteration,False,True,False,False,False,,1.0
Final500,Final500_T000436,0da2162a5acfbd38b1ac8e6238cbbafa58236442debe76f66ac6d59ccd375f10,S0002283,0,13,productive_iteration,True,True,False,False,False,,14.0
Final500,Final500_T000436,0da2162a5acfbd38b1ac8e6238cbbafa58236442debe76f66ac6d59ccd375f10,S0002284,18,23,productive_iteration,True,True,False,False,False,,6.0
Final500,Final500_T000436,0da2162a5acfbd38b1ac8e6238cbbafa58236442debe76f66ac6d59ccd375f10,S0002285,36,40,productive_iteration,True,True,False,False,False,,5.0
Final500,Final500_T000436,0da2162a5acfbd38b1ac8e6238cbbafa58236442debe76f66ac6d59ccd375f10,S0002286,14,17,productive_iteration,False,True,False,False,False,,2.0
Final500,Final500_T000436,0da2162a5acfbd38b1ac8e6238cbbafa58236442debe76f66ac6d59ccd375f10,S0002287,14,17,unproductive_cycle,False,False,True,False,False,,1.0
Final500,Final500_T000436,0da2162a5acfbd38b1ac8e6238cbbafa58236442debe76f66ac6d59ccd375f10,S0002288,24,30,productive_iteration,True,True,False,False,False,,5.0
Final500,Final500_T000436,0da2162a5acfbd38b1ac8e6238cbbafa58236442debe76f66ac6d59ccd375f10,S0002289,24,30,unproductive_cycle,False,False,True,False,False,,2.0
Final500,Final500_T000436,0da2162a5acfbd38b1ac8e6238cbbafa58236442debe76f66ac6d59ccd375f10,S0002290,32,35,productive_iteration,True,True,False,False,False,,4.0
Final500,Final500_T000437,0045fa066a9680a6b795c479020ebc1b72db5292c1db2b4bd6a393b4ef7676d0,S0002291,39,39,productive_iteration,False,True,False,False,False,,1.0
Final500,Final500_T000437,0045fa066a9680a6b795c479020ebc1b72db5292c1db2b4bd6a393b4ef7676d0,S0002292,20,21,unproductive_cycle,False,False,True,False,False,,2.0
Final500,Final500_T000437,0045fa066a9680a6b795c479020ebc1b72db5292c1db2b4bd6a393b4ef7676d0,S0002293,0,12,productive_iteration,False,True,False,False,False,,13.0
Final500,Final500_T000437,0045fa066a9680a6b795c479020ebc1b72db5292c1db2b4bd6a393b4ef7676d0,S0002294,18,19,unproductive_cycle,False,False,True,False,False,,2.0
Final500,Final500_T000437,0045fa066a9680a6b795c479020ebc1b72db5292c1db2b4bd6a393b4ef7676d0,S0002295,22,23,unproductive_cycle,False,False,True,False,False,,2.0
Final500,Final500_T000437,0045fa066a9680a6b795c479020ebc1b72db5292c1db2b4bd6a393b4ef7676d0,S0002296,28,32,productive_iteration,False,True,False,False,False,,5.0
Final500,Final500_T000437,0045fa066a9680a6b795c479020ebc1b72db5292c1db2b4bd6a393b4ef7676d0,S0002297,37,38,productive_iteration,True,True,False,False,False,,1.0
Final500,Final500_T000437,0045fa066a9680a6b795c479020ebc1b72db5292c1db2b4bd6a393b4ef7676d0,S0002298,37,38,unproductive_cycle,False,False,True,False,False,,1.0
Final500,Final500_T000437,0045fa066a9680a6b795c479020ebc1b72db5292c1db2b4bd6a393b4ef7676d0,S0002299,40,41,productive_iteration,False,True,False,False,False,,2.0
Final500,Final500_T000437,0045fa066a9680a6b795c479020ebc1b72db5292c1db2b4bd6a393b4ef7676d0,S0002300,48,52,productive_iteration,False,True,False,False,False,,3.0
Final500,Final500_T000437,0045fa066a9680a6b795c479020ebc1b72db5292c1db2b4bd6a393b4ef7676d0,S0002301,48,52,unproductive_cycle,False,False,True,False,False,,2.0
Final500,Final500_T000437,0045fa066a9680a6b795c479020ebc1b72db5292c1db2b4bd6a393b4ef7676d0,S0002302,56,59,productive_iteration,False,True,False,False,False,,2.0
Final500,Final500_T000437,0045fa066a9680a6b795c479020ebc1b72db5292c1db2b4bd6a393b4ef7676d0,S0002303,56,59,unproductive_cycle,False,False,True,False,False,,2.0
Final500,Final500_T000437,0045fa066a9680a6b795c479020ebc1b72db5292c1db2b4bd6a393b4ef7676d0,S0002304,65,68,productive_iteration,False,True,False,False,False,,4.0
Final500,Final500_T000437,0045fa066a9680a6b795c479020ebc1b72db5292c1db2b4bd6a393b4ef7676d0,S0002305,73,77,productive_iteration,False,True,False,False,False,,2.0
Final500,Final500_T000437,0045fa066a9680a6b795c479020ebc1b72db5292c1db2b4bd6a393b4ef7676d0,S0002306,73,77,unproductive_cycle,False,False,True,False,False,,3.0
Final500,Final500_T000437,0045fa066a9680a6b795c479020ebc1b72db5292c1db2b4bd6a393b4ef7676d0,S0002307,13,17,unproductive_cycle,False,False,True,False,False,,5.0
Final500,Final500_T000437,0045fa066a9680a6b795c479020ebc1b72db5292c1db2b4bd6a393b4ef7676d0,S0002308,24,27,unproductive_cycle,False,False,True,False,False,,4.0
Final500,Final500_T000437,0045fa066a9680a6b795c479020ebc1b72db5292c1db2b4bd6a393b4ef7676d0,S0002309,33,36,unproductive_cycle,False,False,True,False,False,,4.0
Final500,Final500_T000437,0045fa066a9680a6b795c479020ebc1b72db5292c1db2b4bd6a393b4ef7676d0,S0002310,42,47,unproductive_cycle,False,False,True,False,False,,6.0
Final500,Final500_T000437,0045fa066a9680a6b795c479020ebc1b72db5292c1db2b4bd6a393b4ef7676d0,S0002311,53,55,unproductive_cycle,False,False,True,False,False,,3.0
Final500,Final500_T000437,0045fa066a9680a6b795c479020ebc1b72db5292c1db2b4bd6a393b4ef7676d0,S0002312,60,64,unproductive_cycle,False,False,True,False,False,,5.0
Final500,Final500_T000437,0045fa066a9680a6b795c479020ebc1b72db5292c1db2b4bd6a393b4ef7676d0,S0002313,69,72,unproductive_cycle,False,False,True,False,False,,4.0
Final500,Final500_T000438,9db8aa8f4233790d28c914b61c3fb336e2a72663ed111a8ce95c3a9f44c15ba1,S0002314,4,8,productive_iteration,True,True,False,False,False,,4.0
Final500,Final500_T000438,9db8aa8f4233790d28c914b61c3fb336e2a72663ed111a8ce95c3a9f44c15ba1,S0002315,35,35,unproductive_cycle,False,False,True,False,False,,1.0
Final500,Final500_T000438,9db8aa8f4233790d28c914b61c3fb336e2a72663ed111a8ce95c3a9f44c15ba1,S0002316,0,3,productive_iteration,False,True,False,False,False,,4.0
Final500,Final500_T000438,9db8aa8f4233790d28c914b61c3fb336e2a72663ed111a8ce95c3a9f44c15ba1,S0002317,28,31,unproductive_cycle,False,False,True,False,False,,4.0
Final500,Final500_T000438,9db8aa8f4233790d28c914b61c3fb336e2a72663ed111a8ce95c3a9f44c15ba1,S0002318,9,12,productive_iteration,True,True,False,False,False,,4.0
Final500,Final500_T000438,9db8aa8f4233790d28c914b61c3fb336e2a72663ed111a8ce95c3a9f44c15ba1,S0002319,14,27,unproductive_cycle,False,False,True,False,False,,14.0
Final500,Final500_T000438,9db8aa8f4233790d28c914b61c3fb336e2a72663ed111a8ce95c3a9f44c15ba1,S0002320,32,34,unproductive_cycle,False,False,True,False,False,,3.0
Final500,Final500_T000439,19b4af8b9e3e62681f67d02977ba8e2014c8bc5dd7bb427c60fafeb0742b645d,S0002321,10,33,productive_iteration,True,True,False,False,False,,5.0
Final500,Final500_T000439,19b4af8b9e3e62681f67d02977ba8e2014c8bc5dd7bb427c60fafeb0742b645d,S0002322,39,44,unproductive_cycle,False,False,True,False,False,,3.0
Final500,Final500_T000439,19b4af8b9e3e62681f67d02977ba8e2014c8bc5dd7bb427c60fafeb0742b645d,S0002323,2,6,productive_iteration,False,True,False,False,False,,5.0
Final500,Final500_T000439,19b4af8b9e3e62681f67d02977ba8e2014c8bc5dd7bb427c60fafeb0742b645d,S0002324,12,18,productive_iteration,True,True,False,False,False,,7.0
Final500,Final500_T000439,19b4af8b9e3e62681f67d02977ba8e2014c8bc5dd7bb427c60fafeb0742b645d,S0002325,20,26,productive_iteration,True,True,False,False,False,,7.0
Final500,Final500_T000439,19b4af8b9e3e62681f67d02977ba8e2014c8bc5dd7bb427c60fafeb0742b645d,S0002326,28,31,productive_iteration,True,True,False,False,False,,4.0
Final500,Final500_T000439,19b4af8b9e3e62681f67d02977ba8e2014c8bc5dd7bb427c60fafeb0742b645d,S0002327,34,38,productive_iteration,True,True,False,False,False,,5.0
Final500,Final500_T000439,19b4af8b9e3e62681f67d02977ba8e2014c8bc5dd7bb427c60fafeb0742b645d,S0002328,40,41,productive_iteration,False,True,False,False,False,,2.0
Final500,Final500_T000439,19b4af8b9e3e62681f67d02977ba8e2014c8bc5dd7bb427c60fafeb0742b645d,S0002329,45,46,productive_iteration,False,True,False,False,False,,2.0
Final500,Final500_T000439,19b4af8b9e3e62681f67d02977ba8e2014c8bc5dd7bb427c60fafeb0742b645d,S0002330,60,61,unproductive_cycle,False,False,True,False,False,,2.0
Final500,Final500_T000439,19b4af8b9e3e62681f67d02977ba8e2014c8bc5dd7bb427c60fafeb0742b645d,S0002331,7,9,productive_iteration,False,True,False,False,False,,1.0
Final500,Final500_T000439,19b4af8b9e3e62681f67d02977ba8e2014c8bc5dd7bb427c60fafeb0742b645d,S0002332,7,9,unproductive_cycle,False,False,True,False,False,,2.0
Final500,Final500_T000439,19b4af8b9e3e62681f67d02977ba8e2014c8bc5dd7bb427c60fafeb0742b645d,S0002333,47,59,productive_iteration,False,True,False,False,False,,3.0
Final500,Final500_T000439,19b4af8b9e3e62681f67d02977ba8e2014c8bc5dd7bb427c60fafeb0742b645d,S0002334,47,59,unproductive_cycle,False,False,True,False,False,,10.0
Final500,Final500_T000440,6492a1defb7a1eb60cfc52ead6e17d36fddcd1dd10b83341c306d2140acbdfe4,S0002335,0,9,productive_iteration,False,True,False,False,False,,10.0
Final500,Final500_T000440,6492a1defb7a1eb60cfc52ead6e17d36fddcd1dd10b83341c306d2140acbdfe4,S0002336,10,92,unproductive_cycle,False,False,True,False,False,,83.0
Final500,Final500_T000441,43f96a6215afa2608989a788377b280fd64eeeea94ef3a2d22b187b7f148cc9b,S0002337,19,20,productive_iteration,True,True,False,False,False,,2.0
Final500,Final500_T000441,43f96a6215afa2608989a788377b280fd64eeeea94ef3a2d22b187b7f148cc9b,S0002338,0,18,productive_iteration,False,True,False,False,False,,19.0
Final500,Final500_T000441,43f96a6215afa2608989a788377b280fd64eeeea94ef3a2d22b187b7f148cc9b,S0002339,21,33,productive_iteration,True,True,False,False,False,,13.0
Final500,Final500_T000442,2b0fb2617fe283d6148d1846c0b0cc4e01e93ba2509975efdc8ef2ca3edb3075,S0002340,2,5,productive_iteration,False,True,False,False,False,,4.0
Final500,Final500_T000442,2b0fb2617fe283d6148d1846c0b0cc4e01e93ba2509975efdc8ef2ca3edb3075,S0002341,0,1,productive_iteration,False,True,False,False,False,,2.0
Final500,Final500_T000442,2b0fb2617fe283d6148d1846c0b0cc4e01e93ba2509975efdc8ef2ca3edb3075,S0002342,6,30,productive_iteration,True,True,False,False,False,,25.0
Final500,Final500_T000443,85288a052f17c65a068121ea7cc947643374b27c536d66d8abf2a871a891ee34,S0002343,8,28,productive_iteration,False,True,False,False,False,,5.0
Final500,Final500_T000443,85288a052f17c65a068121ea7cc947643374b27c536d66d8abf2a871a891ee34,S0002344,0,3,productive_iteration,False,True,False,False,False,,4.0
Final500,Final500_T000443,85288a052f17c65a068121ea7cc947643374b27c536d66d8abf2a871a891ee34,S0002345,10,14,productive_iteration,False,True,False,False,False,,5.0
Final500,Final500_T000443,85288a052f17c65a068121ea7cc947643374b27c536d66d8abf2a871a891ee34,S0002346,18,23,productive_iteration,True,True,False,False,False,,6.0
Final500,Final500_T000443,85288a052f17c65a068121ea7cc947643374b27c536d66d8abf2a871a891ee34,S0002347,29,32,productive_iteration,True,True,False,False,False,,4.0
Final500,Final500_T000443,85288a052f17c65a068121ea7cc947643374b27c536d66d8abf2a871a891ee34,S0002348,4,7,productive_iteration,False,True,False,False,False,,4.0
Final500,Final500_T000443,85288a052f17c65a068121ea7cc947643374b27c536d66d8abf2a871a891ee34,S0002349,24,26,productive_iteration,True,True,False,False,False,,3.0
Final500,Final500_T000444,5040a08c6a2f773d40c062253d15926ad42d7e8158dae9411df224fd869475b6,S0002350,5,30,productive_iteration,True,True,False,False,False,,5.0
Final500,Final500_T000444,5040a08c6a2f773d40c062253d15926ad42d7e8158dae9411df224fd869475b6,S0002351,50,50,unproductive_cycle,False,False,True,False,False,,1.0
Final500,Final500_T000444,5040a08c6a2f773d40c062253d15926ad42d7e8158dae9411df224fd869475b6,S0002352,0,4,productive_iteration,False,True,False,False,False,,5.0
Final500,Final500_T000444,5040a08c6a2f773d40c062253d15926ad42d7e8158dae9411df224fd869475b6,S0002353,6,17,productive_iteration,True,True,False,False,False,,12.0
Final500,Final500_T000444,5040a08c6a2f773d40c062253d15926ad42d7e8158dae9411df224fd869475b6,S0002354,21,28,productive_iteration,True,True,False,False,False,,8.0
Final500,Final500_T000444,5040a08c6a2f773d40c062253d15926ad42d7e8158dae9411df224fd869475b6,S0002355,31,35,productive_iteration,False,True,False,False,False,,5.0
Final500,Final500_T000444,5040a08c6a2f773d40c062253d15926ad42d7e8158dae9411df224fd869475b6,S0002356,36,49,productive_iteration,False,True,False,False,False,,8.0
Final500,Final500_T000444,5040a08c6a2f773d40c062253d15926ad42d7e8158dae9411df224fd869475b6,S0002357,36,49,unproductive_cycle,False,False,True,False,False,,6.0
Final500,Final500_T000445,76c73ef229a56622b178efef9bb153920f6a42d58e3d59008e46dbf72dee1336,S0002358,0,21,productive_iteration,True,True,False,False,False,,8.0
Final500,Final500_T000445,76c73ef229a56622b178efef9bb153920f6a42d58e3d59008e46dbf72dee1336,S0002359,1,2,productive_iteration,False,True,False,False,False,,2.0
Final500,Final500_T000445,76c73ef229a56622b178efef9bb153920f6a42d58e3d59008e46dbf72dee1336,S0002360,22,29,productive_iteration,True,True,False,False,False,,8.0
Final500,Final500_T000445,76c73ef229a56622b178efef9bb153920f6a42d58e3d59008e46dbf72dee1336,S0002361,32,37,productive_iteration,True,True,False,False,False,,6.0
Final500,Final500_T000445,76c73ef229a56622b178efef9bb153920f6a42d58e3d59008e46dbf72dee1336,S0002362,5,11,productive_iteration,False,True,False,False,False,,5.0
Final500,Final500_T000445,76c73ef229a56622b178efef9bb153920f6a42d58e3d59008e46dbf72dee1336,S0002363,13,17,productive_iteration,False,True,False,False,False,,1.0
Final500,Final500_T000446,5c90e82926257968d4dd684329d90f0f1fc85919508e2ceaaece799765922fc4,S0002364,19,19,productive_iteration,False,True,False,False,False,,1.0
Final500,Final500_T000446,5c90e82926257968d4dd684329d90f0f1fc85919508e2ceaaece799765922fc4,S0002365,0,7,productive_iteration,True,True,False,False,False,,8.0
Final500,Final500_T000446,5c90e82926257968d4dd684329d90f0f1fc85919508e2ceaaece799765922fc4,S0002366,11,18,productive_iteration,False,True,False,False,False,,6.0
Final500,Final500_T000446,5c90e82926257968d4dd684329d90f0f1fc85919508e2ceaaece799765922fc4,S0002367,20,26,productive_iteration,True,True,False,False,False,,7.0
Final500,Final500_T000446,5c90e82926257968d4dd684329d90f0f1fc85919508e2ceaaece799765922fc4,S0002368,28,30,productive_iteration,False,True,False,False,False,,3.0
Final500,Final500_T000446,5c90e82926257968d4dd684329d90f0f1fc85919508e2ceaaece799765922fc4,S0002369,8,10,productive_iteration,False,True,False,False,False,,3.0
Final500,Final500_T000446,5c90e82926257968d4dd684329d90f0f1fc85919508e2ceaaece799765922fc4,S0002370,31,34,productive_iteration,True,True,False,False,False,,4.0
Final500,Final500_T000447,1f0bb2bc51e246474b45052c8e06b88e49471c2d6f61d7194f7c456c55f5e55f,S0002371,13,28,productive_iteration,True,True,False,False,False,,3.0
Final500,Final500_T000447,1f0bb2bc51e246474b45052c8e06b88e49471c2d6f61d7194f7c456c55f5e55f,S0002372,29,86,unproductive_cycle,False,False,True,False,False,,11.0
Final500,Final500_T000447,1f0bb2bc51e246474b45052c8e06b88e49471c2d6f61d7194f7c456c55f5e55f,S0002373,0,12,productive_iteration,False,True,False,False,False,,13.0
Final500,Final500_T000447,1f0bb2bc51e246474b45052c8e06b88e49471c2d6f61d7194f7c456c55f5e55f,S0002374,14,16,productive_iteration,False,True,False,False,False,,3.0
Final500,Final500_T000447,1f0bb2bc51e246474b45052c8e06b88e49471c2d6f61d7194f7c456c55f5e55f,S0002375,18,27,productive_iteration,True,True,False,False,False,,9.0
Final500,Final500_T000447,1f0bb2bc51e246474b45052c8e06b88e49471c2d6f61d7194f7c456c55f5e55f,S0002376,18,27,unproductive_cycle,False,False,True,False,False,,1.0
Final500,Final500_T000447,1f0bb2bc51e246474b45052c8e06b88e49471c2d6f61d7194f7c456c55f5e55f,S0002377,30,33,unproductive_cycle,False,False,True,False,False,,4.0
Final500,Final500_T000447,1f0bb2bc51e246474b45052c8e06b88e49471c2d6f61d7194f7c456c55f5e55f,S0002378,34,41,unproductive_cycle,False,False,True,False,False,,8.0
Final500,Final500_T000447,1f0bb2bc51e246474b45052c8e06b88e49471c2d6f61d7194f7c456c55f5e55f,S0002379,46,80,unproductive_cycle,False,False,True,False,False,,35.0
Final500,Final500_T000448,c02f1b1a2e081e70a2a132fe22093ab8b5db814139cb42cc55da049be7ef8817,S0002380,7,28,productive_iteration,True,True,False,False,False,,12.0
Final500,Final500_T000448,c02f1b1a2e081e70a2a132fe22093ab8b5db814139cb42cc55da049be7ef8817,S0002381,29,32,unproductive_cycle,False,False,True,False,False,,4.0
Final500,Final500_T000448,c02f1b1a2e081e70a2a132fe22093ab8b5db814139cb42cc55da049be7ef8817,S0002382,0,6,productive_iteration,False,True,False,False,False,,7.0
Final500,Final500_T000448,c02f1b1a2e081e70a2a132fe22093ab8b5db814139cb42cc55da049be7ef8817,S0002383,8,11,productive_iteration,False,True,False,False,False,,4.0
Final500,Final500_T000448,c02f1b1a2e081e70a2a132fe22093ab8b5db814139cb42cc55da049be7ef8817,S0002384,15,16,productive_iteration,False,True,False,False,False,,2.0
Final500,Final500_T000448,c02f1b1a2e081e70a2a132fe22093ab8b5db814139cb42cc55da049be7ef8817,S0002385,18,21,productive_iteration,True,True,False,False,False,,4.0
Final500,Final500_T000449,fa7be0e20fdaa8b9091c15066c64e6a8d078684b473bd66bb0690a9348164c89,S0002386,0,34,productive_iteration,True,True,False,False,False,,35.0
Final500,Final500_T000450,823c76b62967efe39cc5023f4dc2ae354fd8adb8bfc60d201b12bf1c4ceb3e8b,S0002387,0,26,productive_iteration,True,True,False,False,False,,9.0
Final500,Final500_T000450,823c76b62967efe39cc5023f4dc2ae354fd8adb8bfc60d201b12bf1c4ceb3e8b,S0002388,4,6,productive_iteration,False,True,False,False,False,,3.0
Final500,Final500_T000450,823c76b62967efe39cc5023f4dc2ae354fd8adb8bfc60d201b12bf1c4ceb3e8b,S0002389,8,19,productive_iteration,True,True,False,False,False,,12.0
Final500,Final500_T000450,823c76b62967efe39cc5023f4dc2ae354fd8adb8bfc60d201b12bf1c4ceb3e8b,S0002390,21,23,productive_iteration,True,True,False,False,False,,3.0
Final500,Final500_T000450,823c76b62967efe39cc5023f4dc2ae354fd8adb8bfc60d201b12bf1c4ceb3e8b,S0002391,27,30,productive_iteration,True,True,False,False,False,,4.0
Final500,Final500_T000451,3ca970f6cbff5a25c79cc538f63fd3881e1de66584d8aa1020c5c7d82a504e8a,S0002392,12,12,productive_iteration,False,True,False,False,False,,1.0
Final500,Final500_T000451,3ca970f6cbff5a25c79cc538f63fd3881e1de66584d8aa1020c5c7d82a504e8a,S0002393,0,11,productive_iteration,True,True,False,False,False,,12.0
Final500,Final500_T000451,3ca970f6cbff5a25c79cc538f63fd3881e1de66584d8aa1020c5c7d82a504e8a,S0002394,13,14,productive_iteration,False,True,False,False,False,,2.0
Final500,Final500_T000451,3ca970f6cbff5a25c79cc538f63fd3881e1de66584d8aa1020c5c7d82a504e8a,S0002395,15,31,productive_iteration,True,True,False,False,False,,1.0
Final500,Final500_T000451,3ca970f6cbff5a25c79cc538f63fd3881e1de66584d8aa1020c5c7d82a504e8a,S0002396,15,31,unproductive_cycle,False,False,True,False,False,,16.0
Final500,Final500_T000452,19608a59ee800801b7717ce169c54d3ce0addbe07707fe861e8512eeb6683a33,S0002397,8,22,productive_iteration,False,True,False,False,False,,5.0
Final500,Final500_T000452,19608a59ee800801b7717ce169c54d3ce0addbe07707fe861e8512eeb6683a33,S0002398,37,90,unproductive_cycle,False,False,True,False,False,,14.0
Final500,Final500_T000452,19608a59ee800801b7717ce169c54d3ce0addbe07707fe861e8512eeb6683a33,S0002399,0,7,productive_iteration,False,True,False,False,False,,8.0
Final500,Final500_T000452,19608a59ee800801b7717ce169c54d3ce0addbe07707fe861e8512eeb6683a33,S0002400,9,12,productive_iteration,True,True,False,False,False,,4.0
Final500,Final500_T000452,19608a59ee800801b7717ce169c54d3ce0addbe07707fe861e8512eeb6683a33,S0002401,16,20,productive_iteration,True,True,False,False,False,,5.0
Final500,Final500_T000452,19608a59ee800801b7717ce169c54d3ce0addbe07707fe861e8512eeb6683a33,S0002402,23,26,productive_iteration,False,True,False,False,False,,4.0
Final500,Final500_T000452,19608a59ee800801b7717ce169c54d3ce0addbe07707fe861e8512eeb6683a33,S0002403,30,32,productive_iteration,False,True,False,False,False,,3.0
Final500,Final500_T000452,19608a59ee800801b7717ce169c54d3ce0addbe07707fe861e8512eeb6683a33,S0002404,48,53,unproductive_cycle,False,False,True,False,False,,6.0
Final500,Final500_T000452,19608a59ee800801b7717ce169c54d3ce0addbe07707fe861e8512eeb6683a33,S0002405,64,69,unproductive_cycle,False,False,True,False,False,,6.0
Final500,Final500_T000452,19608a59ee800801b7717ce169c54d3ce0addbe07707fe861e8512eeb6683a33,S0002406,27,29,productive_iteration,False,True,False,False,False,,3.0
Final500,Final500_T000452,19608a59ee800801b7717ce169c54d3ce0addbe07707fe861e8512eeb6683a33,S0002407,33,36,unproductive_cycle,False,False,True,False,False,,4.0
Final500,Final500_T000452,19608a59ee800801b7717ce169c54d3ce0addbe07707fe861e8512eeb6683a33,S0002408,41,47,unproductive_cycle,False,False,True,False,False,,7.0
Final500,Final500_T000452,19608a59ee800801b7717ce169c54d3ce0addbe07707fe861e8512eeb6683a33,S0002409,57,63,unproductive_cycle,False,False,True,False,False,,7.0
Final500,Final500_T000452,19608a59ee800801b7717ce169c54d3ce0addbe07707fe861e8512eeb6683a33,S0002410,70,79,unproductive_cycle,False,False,True,False,False,,10.0
Final500,Final500_T000452,19608a59ee800801b7717ce169c54d3ce0addbe07707fe861e8512eeb6683a33,S0002411,81,84,unproductive_cycle,False,False,True,False,False,,4.0
Final500,Final500_T000453,3191c040b216e03149fa55d25253c9a9b71257b4c7d8b76dbe9c3292777a1395,S0002412,7,22,productive_iteration,False,True,False,False,False,,3.0
Final500,Final500_T000453,3191c040b216e03149fa55d25253c9a9b71257b4c7d8b76dbe9c3292777a1395,S0002413,0,6,productive_iteration,False,True,False,False,False,,7.0
Final500,Final500_T000453,3191c040b216e03149fa55d25253c9a9b71257b4c7d8b76dbe9c3292777a1395,S0002414,8,15,productive_iteration,True,True,False,False,False,,8.0
Final500,Final500_T000453,3191c040b216e03149fa55d25253c9a9b71257b4c7d8b76dbe9c3292777a1395,S0002415,17,21,productive_iteration,False,True,False,False,False,,5.0
Final500,Final500_T000453,3191c040b216e03149fa55d25253c9a9b71257b4c7d8b76dbe9c3292777a1395,S0002416,23,32,productive_iteration,True,True,False,False,False,,10.0
Final500,Final500_T000454,dfd3136aead528860e342bb71c79e54e9f1248b69cbfcc5c28f079eca643263a,S0002417,8,39,productive_iteration,False,True,False,False,False,,8.0
Final500,Final500_T000454,dfd3136aead528860e342bb71c79e54e9f1248b69cbfcc5c28f079eca643263a,S0002418,0,7,productive_iteration,True,True,False,False,False,,8.0
Final500,Final500_T000454,dfd3136aead528860e342bb71c79e54e9f1248b69cbfcc5c28f079eca643263a,S0002419,11,33,productive_iteration,True,True,False,False,False,,23.0
Final500,Final500_T000454,dfd3136aead528860e342bb71c79e54e9f1248b69cbfcc5c28f079eca643263a,S0002420,40,43,productive_iteration,False,True,False,False,False,,4.0
Final500,Final500_T000455,ae6f11d25b106266ed5a2bf9ad0dc7959ff56c4c67afb9f28788e363a10f1601,S0002421,9,9,productive_iteration,False,True,False,False,False,,1.0
Final500,Final500_T000455,ae6f11d25b106266ed5a2bf9ad0dc7959ff56c4c67afb9f28788e363a10f1601,S0002422,26,85,unproductive_cycle,False,False,True,False,False,,51.0
Final500,Final500_T000455,ae6f11d25b106266ed5a2bf9ad0dc7959ff56c4c67afb9f28788e363a10f1601,S0002423,4,5,productive_iteration,False,True,False,False,False,,2.0
Final500,Final500_T000455,ae6f11d25b106266ed5a2bf9ad0dc7959ff56c4c67afb9f28788e363a10f1601,S0002424,10,12,productive_iteration,False,True,False,False,False,,3.0
Final500,Final500_T000455,ae6f11d25b106266ed5a2bf9ad0dc7959ff56c4c67afb9f28788e363a10f1601,S0002425,17,25,productive_iteration,False,True,False,False,False,,5.0
Final500,Final500_T000455,ae6f11d25b106266ed5a2bf9ad0dc7959ff56c4c67afb9f28788e363a10f1601,S0002426,17,25,unproductive_cycle,False,False,True,False,False,,4.0
Final500,Final500_T000455,ae6f11d25b106266ed5a2bf9ad0dc7959ff56c4c67afb9f28788e363a10f1601,S0002427,28,32,unproductive_cycle,False,False,True,False,False,,5.0
Final500,Final500_T000455,ae6f11d25b106266ed5a2bf9ad0dc7959ff56c4c67afb9f28788e363a10f1601,S0002428,34,35,unproductive_cycle,False,False,True,False,False,,2.0
Final500,Final500_T000455,ae6f11d25b106266ed5a2bf9ad0dc7959ff56c4c67afb9f28788e363a10f1601,S0002429,37,38,unproductive_cycle,False,False,True,False,False,,2.0
Final500,Final500_T000455,ae6f11d25b106266ed5a2bf9ad0dc7959ff56c4c67afb9f28788e363a10f1601,S0002430,86,87,unproductive_cycle,False,False,True,False,False,,2.0
Final500,Final500_T000455,ae6f11d25b106266ed5a2bf9ad0dc7959ff56c4c67afb9f28788e363a10f1601,S0002431,1,3,unproductive_cycle,False,False,True,False,False,,3.0
Final500,Final500_T000455,ae6f11d25b106266ed5a2bf9ad0dc7959ff56c4c67afb9f28788e363a10f1601,S0002432,6,8,unproductive_cycle,False,False,True,False,False,,3.0
Final500,Final500_T000455,ae6f11d25b106266ed5a2bf9ad0dc7959ff56c4c67afb9f28788e363a10f1601,S0002433,13,16,productive_iteration,False,True,False,False,False,,2.0
Final500,Final500_T000455,ae6f11d25b106266ed5a2bf9ad0dc7959ff56c4c67afb9f28788e363a10f1601,S0002434,13,16,unproductive_cycle,False,False,True,False,False,,2.0
Final500,Final500_T000456,88ccd3e0b393513cd298be412a7d8bce6a440e411743a9cdc9ba6073eda0af6f,S0002435,17,26,productive_iteration,True,True,False,False,False,,4.0
Final500,Final500_T000456,88ccd3e0b393513cd298be412a7d8bce6a440e411743a9cdc9ba6073eda0af6f,S0002436,0,16,productive_iteration,True,True,False,False,False,,17.0
Final500,Final500_T000456,88ccd3e0b393513cd298be412a7d8bce6a440e411743a9cdc9ba6073eda0af6f,S0002437,18,23,productive_iteration,False,True,False,False,False,,6.0
Final500,Final500_T000456,88ccd3e0b393513cd298be412a7d8bce6a440e411743a9cdc9ba6073eda0af6f,S0002438,27,28,productive_iteration,False,True,False,False,False,,2.0
Final500,Final500_T000456,88ccd3e0b393513cd298be412a7d8bce6a440e411743a9cdc9ba6073eda0af6f,S0002439,30,142,productive_iteration,False,True,False,False,False,,1.0
Final500,Final500_T000456,88ccd3e0b393513cd298be412a7d8bce6a440e411743a9cdc9ba6073eda0af6f,S0002440,30,142,unproductive_cycle,False,False,True,False,False,,110.0
Final500,Final500_T000457,c7a45e69d71065510c682ce0a567432a2c2d533076b5a15aa3bad5820bcf483c,S0002441,83,83,unproductive_cycle,False,False,True,False,False,,1.0
Final500,Final500_T000457,c7a45e69d71065510c682ce0a567432a2c2d533076b5a15aa3bad5820bcf483c,S0002442,0,8,productive_iteration,True,True,False,False,False,,9.0
Final500,Final500_T000457,c7a45e69d71065510c682ce0a567432a2c2d533076b5a15aa3bad5820bcf483c,S0002443,81,82,unproductive_cycle,False,False,True,False,False,,2.0
Final500,Final500_T000457,c7a45e69d71065510c682ce0a567432a2c2d533076b5a15aa3bad5820bcf483c,S0002444,84,87,unproductive_cycle,False,False,True,False,False,,4.0
Final500,Final500_T000457,c7a45e69d71065510c682ce0a567432a2c2d533076b5a15aa3bad5820bcf483c,S0002445,105,106,unproductive_cycle,False,False,True,False,False,,2.0
Final500,Final500_T000457,c7a45e69d71065510c682ce0a567432a2c2d533076b5a15aa3bad5820bcf483c,S0002446,9,80,productive_iteration,True,True,False,False,False,,3.0
Final500,Final500_T000457,c7a45e69d71065510c682ce0a567432a2c2d533076b5a15aa3bad5820bcf483c,S0002447,9,80,unproductive_cycle,False,False,True,False,False,,69.0
Final500,Final500_T000457,c7a45e69d71065510c682ce0a567432a2c2d533076b5a15aa3bad5820bcf483c,S0002448,88,104,unproductive_cycle,False,False,True,False,False,,17.0
Final500,Final500_T000458,914f81ed0208ecc51d093519c51f9eca50997436a21e21f3e0b0c7cb98df539c,S0002449,0,19,productive_iteration,True,True,False,False,False,,20.0
Final500,Final500_T000458,914f81ed0208ecc51d093519c51f9eca50997436a21e21f3e0b0c7cb98df539c,S0002450,20,42,productive_iteration,False,True,False,False,False,,1.0
Final500,Final500_T000458,914f81ed0208ecc51d093519c51f9eca50997436a21e21f3e0b0c7cb98df539c,S0002451,20,42,unproductive_cycle,False,False,True,False,False,,22.0
Final500,Final500_T000459,6c72979bad7b16beac89db6da667e3f3974941322e0aa3f59b9f306cb9948dad,S0002452,22,22,productive_iteration,False,True,False,False,False,,1.0
Final500,Final500_T000459,6c72979bad7b16beac89db6da667e3f3974941322e0aa3f59b9f306cb9948dad,S0002453,0,21,productive_iteration,True,True,False,False,False,,22.0
Final500,Final500_T000459,6c72979bad7b16beac89db6da667e3f3974941322e0aa3f59b9f306cb9948dad,S0002454,23,31,productive_iteration,False,True,False,False,False,,9.0
Final500,Final500_T000459,6c72979bad7b16beac89db6da667e3f3974941322e0aa3f59b9f306cb9948dad,S0002455,36,39,productive_iteration,False,True,False,False,False,,4.0
Final500,Final500_T000459,6c72979bad7b16beac89db6da667e3f3974941322e0aa3f59b9f306cb9948dad,S0002456,44,55,productive_iteration,True,True,False,False,False,,11.0
Final500,Final500_T000459,6c72979bad7b16beac89db6da667e3f3974941322e0aa3f59b9f306cb9948dad,S0002457,40,43,productive_iteration,False,True,False,False,False,,2.0
Final500,Final500_T000460,6fe04c16de077a4085e9cb670cc4113b1b0a4a942ee9887b8c561a80bc03cd70,S0002458,19,19,productive_iteration,False,True,False,False,False,,1.0
Final500,Final500_T000460,6fe04c16de077a4085e9cb670cc4113b1b0a4a942ee9887b8c561a80bc03cd70,S0002459,0,18,productive_iteration,True,True,False,False,False,,19.0
Final500,Final500_T000460,6fe04c16de077a4085e9cb670cc4113b1b0a4a942ee9887b8c561a80bc03cd70,S0002460,20,27,productive_iteration,True,True,False,False,False,,8.0
Final500,Final500_T000460,6fe04c16de077a4085e9cb670cc4113b1b0a4a942ee9887b8c561a80bc03cd70,S0002461,34,38,productive_iteration,True,True,False,False,False,,5.0
Final500,Final500_T000460,6fe04c16de077a4085e9cb670cc4113b1b0a4a942ee9887b8c561a80bc03cd70,S0002462,40,43,productive_iteration,False,True,False,False,False,,4.0
Final500,Final500_T000460,6fe04c16de077a4085e9cb670cc4113b1b0a4a942ee9887b8c561a80bc03cd70,S0002463,28,33,productive_iteration,False,True,False,False,False,,6.0
Final500,Final500_T000461,dd339b09843f34a2d1580f20c51e2ad08836ff6054f9643238fdc94a07055959,S0002464,27,43,productive_iteration,False,True,False,False,False,,6.0
Final500,Final500_T000461,dd339b09843f34a2d1580f20c51e2ad08836ff6054f9643238fdc94a07055959,S0002465,55,76,unproductive_cycle,False,False,True,False,False,,6.0
Final500,Final500_T000461,dd339b09843f34a2d1580f20c51e2ad08836ff6054f9643238fdc94a07055959,S0002466,0,5,productive_iteration,False,True,False,False,False,,6.0
Final500,Final500_T000461,dd339b09843f34a2d1580f20c51e2ad08836ff6054f9643238fdc94a07055959,S0002467,8,18,productive_iteration,True,True,False,False,False,,11.0
Final500,Final500_T000461,dd339b09843f34a2d1580f20c51e2ad08836ff6054f9643238fdc94a07055959,S0002468,21,26,productive_iteration,True,True,False,False,False,,6.0
Final500,Final500_T000461,dd339b09843f34a2d1580f20c51e2ad08836ff6054f9643238fdc94a07055959,S0002469,31,33,productive_iteration,True,True,False,False,False,,3.0
Final500,Final500_T000461,dd339b09843f34a2d1580f20c51e2ad08836ff6054f9643238fdc94a07055959,S0002470,35,39,productive_iteration,True,True,False,False,False,,3.0
Final500,Final500_T000461,dd339b09843f34a2d1580f20c51e2ad08836ff6054f9643238fdc94a07055959,S0002471,44,45,productive_iteration,True,True,False,False,False,,2.0
Final500,Final500_T000461,dd339b09843f34a2d1580f20c51e2ad08836ff6054f9643238fdc94a07055959,S0002472,49,51,unproductive_cycle,False,False,True,False,False,,3.0
Final500,Final500_T000461,dd339b09843f34a2d1580f20c51e2ad08836ff6054f9643238fdc94a07055959,S0002473,56,59,unproductive_cycle,False,False,True,False,False,,4.0
Final500,Final500_T000461,dd339b09843f34a2d1580f20c51e2ad08836ff6054f9643238fdc94a07055959,S0002474,62,68,unproductive_cycle,False,False,True,False,False,,7.0
Final500,Final500_T000461,dd339b09843f34a2d1580f20c51e2ad08836ff6054f9643238fdc94a07055959,S0002475,70,72,unproductive_cycle,False,False,True,False,False,,3.0
Final500,Final500_T000461,dd339b09843f34a2d1580f20c51e2ad08836ff6054f9643238fdc94a07055959,S0002476,74,75,unproductive_cycle,False,False,True,False,False,,2.0
Final500,Final500_T000461,dd339b09843f34a2d1580f20c51e2ad08836ff6054f9643238fdc94a07055959,S0002477,77,82,productive_iteration,False,True,False,False,False,,4.0
Final500,Final500_T000461,dd339b09843f34a2d1580f20c51e2ad08836ff6054f9643238fdc94a07055959,S0002478,77,82,unproductive_cycle,False,False,True,False,False,,2.0
Final500,Final500_T000461,dd339b09843f34a2d1580f20c51e2ad08836ff6054f9643238fdc94a07055959,S0002479,46,48,productive_iteration,False,True,False,False,False,,2.0
Final500,Final500_T000461,dd339b09843f34a2d1580f20c51e2ad08836ff6054f9643238fdc94a07055959,S0002480,46,48,unproductive_cycle,False,False,True,False,False,,1.0
Final500,Final500_T000461,dd339b09843f34a2d1580f20c51e2ad08836ff6054f9643238fdc94a07055959,S0002481,52,54,unproductive_cycle,False,False,True,False,False,,3.0
Final500,Final500_T000462,7e7f2d9cfd260781ba35d2aebbc7b3a3f016641337919ceaecccba96818a2ab2,S0002482,1,1,productive_iteration,False,True,False,False,False,,1.0
Final500,Final500_T000462,7e7f2d9cfd260781ba35d2aebbc7b3a3f016641337919ceaecccba96818a2ab2,S0002483,45,177,unproductive_cycle,False,False,True,False,False,,2.0
Final500,Final500_T000462,7e7f2d9cfd260781ba35d2aebbc7b3a3f016641337919ceaecccba96818a2ab2,S0002484,2,8,productive_iteration,False,True,False,False,False,,7.0
Final500,Final500_T000462,7e7f2d9cfd260781ba35d2aebbc7b3a3f016641337919ceaecccba96818a2ab2,S0002485,12,14,unproductive_cycle,False,False,True,False,False,,2.0
Final500,Final500_T000462,7e7f2d9cfd260781ba35d2aebbc7b3a3f016641337919ceaecccba96818a2ab2,S0002486,9,11,unproductive_cycle,False,False,True,False,False,,3.0
Final500,Final500_T000462,7e7f2d9cfd260781ba35d2aebbc7b3a3f016641337919ceaecccba96818a2ab2,S0002487,15,44,unproductive_cycle,False,False,True,False,False,,30.0
Final500,Final500_T000462,7e7f2d9cfd260781ba35d2aebbc7b3a3f016641337919ceaecccba96818a2ab2,S0002488,46,176,unproductive_cycle,False,False,True,False,False,,131.0
Final500,Final500_T000462,7e7f2d9cfd260781ba35d2aebbc7b3a3f016641337919ceaecccba96818a2ab2,S0002489,178,186,unproductive_cycle,False,False,True,False,False,,9.0
Final500,Final500_T000463,b037d421fda1b14e41473d3debc662fc3c19e83f4e23e3516a651b086c466e3b,S0002490,37,76,unproductive_cycle,False,False,True,False,False,,9.0
Final500,Final500_T000463,b037d421fda1b14e41473d3debc662fc3c19e83f4e23e3516a651b086c466e3b,S0002491,0,8,productive_iteration,True,True,False,False,False,,9.0
Final500,Final500_T000463,b037d421fda1b14e41473d3debc662fc3c19e83f4e23e3516a651b086c466e3b,S0002492,14,26,productive_iteration,False,True,False,False,False,,2.0
Final500,Final500_T000463,b037d421fda1b14e41473d3debc662fc3c19e83f4e23e3516a651b086c466e3b,S0002493,14,26,unproductive_cycle,False,False,True,False,False,,10.0
Final500,Final500_T000463,b037d421fda1b14e41473d3debc662fc3c19e83f4e23e3516a651b086c466e3b,S0002494,56,59,unproductive_cycle,False,False,True,False,False,,4.0
Final500,Final500_T000463,b037d421fda1b14e41473d3debc662fc3c19e83f4e23e3516a651b086c466e3b,S0002495,64,68,productive_iteration,False,True,False,False,False,,3.0
Final500,Final500_T000463,b037d421fda1b14e41473d3debc662fc3c19e83f4e23e3516a651b086c466e3b,S0002496,64,68,unproductive_cycle,False,False,True,False,False,,2.0
Final500,Final500_T000463,b037d421fda1b14e41473d3debc662fc3c19e83f4e23e3516a651b086c466e3b,S0002497,72,75,productive_iteration,False,True,False,False,False,,3.0
Final500,Final500_T000463,b037d421fda1b14e41473d3debc662fc3c19e83f4e23e3516a651b086c466e3b,S0002498,72,75,unproductive_cycle,False,False,True,False,False,,1.0
Final500,Final500_T000463,b037d421fda1b14e41473d3debc662fc3c19e83f4e23e3516a651b086c466e3b,S0002499,80,83,productive_iteration,False,True,False,False,False,,4.0
Final500,Final500_T000463,b037d421fda1b14e41473d3debc662fc3c19e83f4e23e3516a651b086c466e3b,S0002500,9,13,unproductive_cycle,False,False,True,False,False,,4.0
Final500,Final500_T000463,b037d421fda1b14e41473d3debc662fc3c19e83f4e23e3516a651b086c466e3b,S0002501,27,36,unproductive_cycle,False,False,True,False,False,,10.0
Final500,Final500_T000463,b037d421fda1b14e41473d3debc662fc3c19e83f4e23e3516a651b086c466e3b,S0002502,38,47,unproductive_cycle,False,False,True,False,False,,10.0
Final500,Final500_T000463,b037d421fda1b14e41473d3debc662fc3c19e83f4e23e3516a651b086c466e3b,S0002503,50,53,unproductive_cycle,False,False,True,False,False,,4.0
Final500,Final500_T000463,b037d421fda1b14e41473d3debc662fc3c19e83f4e23e3516a651b086c466e3b,S0002504,61,63,unproductive_cycle,False,False,True,False,False,,3.0
Final500,Final500_T000463,b037d421fda1b14e41473d3debc662fc3c19e83f4e23e3516a651b086c466e3b,S0002505,77,79,unproductive_cycle,False,False,True,False,False,,3.0
Final500,Final500_T000463,b037d421fda1b14e41473d3debc662fc3c19e83f4e23e3516a651b086c466e3b,S0002506,84,86,unproductive_cycle,False,False,True,False,False,,3.0
Final500,Final500_T000464,cef74c31487351ba4c1082564fa7d88b674e41c380d23858388e474248b4959c,S0002507,8,15,productive_iteration,True,True,False,False,False,,3.0
Final500,Final500_T000464,cef74c31487351ba4c1082564fa7d88b674e41c380d23858388e474248b4959c,S0002508,58,98,unproductive_cycle,False,False,True,False,False,,4.0
Final500,Final500_T000464,cef74c31487351ba4c1082564fa7d88b674e41c380d23858388e474248b4959c,S0002509,0,7,productive_iteration,True,True,False,False,False,,8.0
Final500,Final500_T000464,cef74c31487351ba4c1082564fa7d88b674e41c380d23858388e474248b4959c,S0002510,9,11,productive_iteration,True,True,False,False,False,,3.0
Final500,Final500_T000464,cef74c31487351ba4c1082564fa7d88b674e41c380d23858388e474248b4959c,S0002511,13,14,productive_iteration,False,True,False,False,False,,2.0
Final500,Final500_T000464,cef74c31487351ba4c1082564fa7d88b674e41c380d23858388e474248b4959c,S0002512,16,22,productive_iteration,True,True,False,False,False,,7.0
Final500,Final500_T000464,cef74c31487351ba4c1082564fa7d88b674e41c380d23858388e474248b4959c,S0002513,23,57,unproductive_cycle,False,False,True,False,False,,35.0
Final500,Final500_T000464,cef74c31487351ba4c1082564fa7d88b674e41c380d23858388e474248b4959c,S0002514,59,61,unproductive_cycle,False,False,True,False,False,,3.0
Final500,Final500_T000464,cef74c31487351ba4c1082564fa7d88b674e41c380d23858388e474248b4959c,S0002515,63,81,unproductive_cycle,False,False,True,False,False,,19.0
Final500,Final500_T000464,cef74c31487351ba4c1082564fa7d88b674e41c380d23858388e474248b4959c,S0002516,83,96,unproductive_cycle,False,False,True,False,False,,14.0
Final500,Final500_T000465,d1ec1fd5879e03276bee3a7e9d151c1d0cc6f467fde88b1348c393b6bc6776e5,S0002517,28,30,productive_iteration,True,True,False,False,False,,3.0
Final500,Final500_T000465,d1ec1fd5879e03276bee3a7e9d151c1d0cc6f467fde88b1348c393b6bc6776e5,S0002518,0,14,productive_iteration,True,True,False,False,False,,15.0
Final500,Final500_T000465,d1ec1fd5879e03276bee3a7e9d151c1d0cc6f467fde88b1348c393b6bc6776e5,S0002519,19,24,productive_iteration,True,True,False,False,False,,6.0
Final500,Final500_T000465,d1ec1fd5879e03276bee3a7e9d151c1d0cc6f467fde88b1348c393b6bc6776e5,S0002520,15,18,productive_iteration,True,True,False,False,False,,4.0
Final500,Final500_T000465,d1ec1fd5879e03276bee3a7e9d151c1d0cc6f467fde88b1348c393b6bc6776e5,S0002521,25,27,productive_iteration,True,True,False,False,False,,3.0
Final500,Final500_T000466,4db85670a31b5814431c240f30e5136597bdeb7d0a9ebc4beaf42342c0d90591,S0002522,38,38,unproductive_cycle,False,False,True,False,False,,1.0
Final500,Final500_T000466,4db85670a31b5814431c240f30e5136597bdeb7d0a9ebc4beaf42342c0d90591,S0002523,0,16,productive_iteration,True,True,False,False,False,,17.0
Final500,Final500_T000466,4db85670a31b5814431c240f30e5136597bdeb7d0a9ebc4beaf42342c0d90591,S0002524,24,26,productive_iteration,False,True,False,False,False,,1.0
Final500,Final500_T000466,4db85670a31b5814431c240f30e5136597bdeb7d0a9ebc4beaf42342c0d90591,S0002525,24,26,unproductive_cycle,False,False,True,False,False,,2.0
Final500,Final500_T000466,4db85670a31b5814431c240f30e5136597bdeb7d0a9ebc4beaf42342c0d90591,S0002526,56,58,productive_iteration,False,True,False,False,False,,1.0
Final500,Final500_T000466,4db85670a31b5814431c240f30e5136597bdeb7d0a9ebc4beaf42342c0d90591,S0002527,56,58,unproductive_cycle,False,False,True,False,False,,2.0
Final500,Final500_T000466,4db85670a31b5814431c240f30e5136597bdeb7d0a9ebc4beaf42342c0d90591,S0002528,17,19,productive_iteration,False,True,False,False,False,,3.0
Final500,Final500_T000466,4db85670a31b5814431c240f30e5136597bdeb7d0a9ebc4beaf42342c0d90591,S0002529,21,23,productive_iteration,False,True,False,False,False,,3.0
Final500,Final500_T000466,4db85670a31b5814431c240f30e5136597bdeb7d0a9ebc4beaf42342c0d90591,S0002530,27,37,unproductive_cycle,False,False,True,False,False,,11.0
Final500,Final500_T000466,4db85670a31b5814431c240f30e5136597bdeb7d0a9ebc4beaf42342c0d90591,S0002531,39,55,unproductive_cycle,False,False,True,False,False,,17.0
Final500,Final500_T000466,4db85670a31b5814431c240f30e5136597bdeb7d0a9ebc4beaf42342c0d90591,S0002532,59,111,unproductive_cycle,False,False,True,False,False,,53.0
Final500,Final500_T000467,5e15881922f64d10e65953dd1f08cfade2f4327556387083040f2119a4683f9e,S0002533,0,1,productive_iteration,False,True,False,False,False,,2.0
Final500,Final500_T000467,5e15881922f64d10e65953dd1f08cfade2f4327556387083040f2119a4683f9e,S0002534,50,59,productive_iteration,True,True,False,False,False,,10.0
Final500,Final500_T000467,5e15881922f64d10e65953dd1f08cfade2f4327556387083040f2119a4683f9e,S0002535,2,49,productive_iteration,False,True,False,False,False,,7.0
Final500,Final500_T000467,5e15881922f64d10e65953dd1f08cfade2f4327556387083040f2119a4683f9e,S0002536,2,49,unproductive_cycle,False,False,True,False,False,,41.0
Final500,Final500_T000468,df73bbaa9df270ad2ddc223a8e92a76bec38cf66f97ff8562b4bfaaa0d5c25f2,S0002537,32,32,productive_iteration,True,True,False,False,False,,1.0
Final500,Final500_T000468,df73bbaa9df270ad2ddc223a8e92a76bec38cf66f97ff8562b4bfaaa0d5c25f2,S0002538,0,5,productive_iteration,True,True,False,False,False,,6.0
Final500,Final500_T000468,df73bbaa9df270ad2ddc223a8e92a76bec38cf66f97ff8562b4bfaaa0d5c25f2,S0002539,7,31,productive_iteration,True,True,False,False,False,,25.0
Final500,Final500_T000468,df73bbaa9df270ad2ddc223a8e92a76bec38cf66f97ff8562b4bfaaa0d5c25f2,S0002540,33,47,productive_iteration,True,True,False,False,False,,14.0
Final500,Final500_T000469,51a214d60af07e2f7ac9d82843d7ef17fa358b3a4366fb22d48ce79e8d9979d9,S0002541,16,16,productive_iteration,False,True,False,False,False,,1.0
Final500,Final500_T000469,51a214d60af07e2f7ac9d82843d7ef17fa358b3a4366fb22d48ce79e8d9979d9,S0002542,24,24,unproductive_cycle,False,False,True,False,False,,1.0
Final500,Final500_T000469,51a214d60af07e2f7ac9d82843d7ef17fa358b3a4366fb22d48ce79e8d9979d9,S0002543,0,15,productive_iteration,True,True,False,False,False,,16.0
Final500,Final500_T000469,51a214d60af07e2f7ac9d82843d7ef17fa358b3a4366fb22d48ce79e8d9979d9,S0002544,17,23,productive_iteration,True,True,False,False,False,,6.0
Final500,Final500_T000469,51a214d60af07e2f7ac9d82843d7ef17fa358b3a4366fb22d48ce79e8d9979d9,S0002545,17,23,unproductive_cycle,False,False,True,False,False,,1.0
Final500,Final500_T000469,51a214d60af07e2f7ac9d82843d7ef17fa358b3a4366fb22d48ce79e8d9979d9,S0002546,25,35,unproductive_cycle,False,False,True,False,False,,11.0
Final500,Final500_T000470,b8fe13f3f276507c6fdfb42922022edca738039758cf5d1d3a39668a4a186d64,S0002547,10,15,unproductive_cycle,False,False,True,False,False,,6.0
Final500,Final500_T000470,b8fe13f3f276507c6fdfb42922022edca738039758cf5d1d3a39668a4a186d64,S0002548,0,6,productive_iteration,True,True,False,False,False,,7.0
Final500,Final500_T000470,b8fe13f3f276507c6fdfb42922022edca738039758cf5d1d3a39668a4a186d64,S0002549,16,193,unproductive_cycle,False,False,True,False,False,,178.0
Final500,Final500_T000471,a75c207b297614f50133b7e2435a19f6ed874a137f4a10a3d04d028deb132a66,S0002550,21,41,productive_iteration,False,True,False,False,False,,5.0
Final500,Final500_T000471,a75c207b297614f50133b7e2435a19f6ed874a137f4a10a3d04d028deb132a66,S0002551,63,125,unproductive_cycle,False,False,True,False,False,,17.0
Final500,Final500_T000471,a75c207b297614f50133b7e2435a19f6ed874a137f4a10a3d04d028deb132a66,S0002552,0,17,productive_iteration,False,True,False,False,False,,17.0
Final500,Final500_T000471,a75c207b297614f50133b7e2435a19f6ed874a137f4a10a3d04d028deb132a66,S0002553,22,37,productive_iteration,True,True,False,False,False,,16.0
Final500,Final500_T000471,a75c207b297614f50133b7e2435a19f6ed874a137f4a10a3d04d028deb132a66,S0002554,42,50,productive_iteration,True,True,False,False,False,,7.0
Final500,Final500_T000471,a75c207b297614f50133b7e2435a19f6ed874a137f4a10a3d04d028deb132a66,S0002555,42,50,unproductive_cycle,False,False,True,False,False,,2.0
Final500,Final500_T000471,a75c207b297614f50133b7e2435a19f6ed874a137f4a10a3d04d028deb132a66,S0002556,56,62,productive_iteration,False,True,False,False,False,,6.0
Final500,Final500_T000471,a75c207b297614f50133b7e2435a19f6ed874a137f4a10a3d04d028deb132a66,S0002557,56,62,unproductive_cycle,False,False,True,False,False,,1.0
Final500,Final500_T000471,a75c207b297614f50133b7e2435a19f6ed874a137f4a10a3d04d028deb132a66,S0002558,66,67,unproductive_cycle,False,False,True,False,False,,2.0
Final500,Final500_T000471,a75c207b297614f50133b7e2435a19f6ed874a137f4a10a3d04d028deb132a66,S0002559,70,76,productive_iteration,False,True,False,False,False,,2.0
Final500,Final500_T000471,a75c207b297614f50133b7e2435a19f6ed874a137f4a10a3d04d028deb132a66,S0002560,70,76,unproductive_cycle,False,False,True,False,False,,5.0
Final500,Final500_T000471,a75c207b297614f50133b7e2435a19f6ed874a137f4a10a3d04d028deb132a66,S0002561,80,90,productive_iteration,False,True,False,False,False,,2.0
Final500,Final500_T000471,a75c207b297614f50133b7e2435a19f6ed874a137f4a10a3d04d028deb132a66,S0002562,80,90,unproductive_cycle,False,False,True,False,False,,9.0
Final500,Final500_T000471,a75c207b297614f50133b7e2435a19f6ed874a137f4a10a3d04d028deb132a66,S0002563,100,105,unproductive_cycle,False,False,True,False,False,,6.0
Final500,Final500_T000471,a75c207b297614f50133b7e2435a19f6ed874a137f4a10a3d04d028deb132a66,S0002564,110,118,productive_iteration,False,True,False,False,False,,4.0
Final500,Final500_T000471,a75c207b297614f50133b7e2435a19f6ed874a137f4a10a3d04d028deb132a66,S0002565,110,118,unproductive_cycle,False,False,True,False,False,,5.0
Final500,Final500_T000471,a75c207b297614f50133b7e2435a19f6ed874a137f4a10a3d04d028deb132a66,S0002566,126,128,productive_iteration,False,True,False,False,False,,2.0
Final500,Final500_T000471,a75c207b297614f50133b7e2435a19f6ed874a137f4a10a3d04d028deb132a66,S0002567,51,55,unproductive_cycle,False,False,True,False,False,,5.0
Final500,Final500_T000471,a75c207b297614f50133b7e2435a19f6ed874a137f4a10a3d04d028deb132a66,S0002568,91,97,unproductive_cycle,False,False,True,False,False,,7.0
Final500,Final500_T000471,a75c207b297614f50133b7e2435a19f6ed874a137f4a10a3d04d028deb132a66,S0002569,106,109,unproductive_cycle,False,False,True,False,False,,4.0
Final500,Final500_T000472,0e63c23d2cb3bfdeb4e544b13cf98cdbbeedad5e7e8cade189eb70cf1abc6c80,S0002570,0,16,productive_iteration,True,True,False,False,False,,17.0
Final500,Final500_T000472,0e63c23d2cb3bfdeb4e544b13cf98cdbbeedad5e7e8cade189eb70cf1abc6c80,S0002571,17,88,unproductive_cycle,False,False,True,False,False,,71.0
Final500,Final500_T000473,b1c510f117c1f817d3174e8dea8f46472ed306957c84614b9f2b9d776164ba15,S0002572,80,80,unproductive_cycle,False,False,True,False,False,,1.0
Final500,Final500_T000473,b1c510f117c1f817d3174e8dea8f46472ed306957c84614b9f2b9d776164ba15,S0002573,0,14,productive_iteration,True,True,False,False,False,,15.0
Final500,Final500_T000473,b1c510f117c1f817d3174e8dea8f46472ed306957c84614b9f2b9d776164ba15,S0002574,32,33,unproductive_cycle,False,False,True,False,False,,2.0
Final500,Final500_T000473,b1c510f117c1f817d3174e8dea8f46472ed306957c84614b9f2b9d776164ba15,S0002575,48,49,unproductive_cycle,False,False,True,False,False,,2.0
Final500,Final500_T000473,b1c510f117c1f817d3174e8dea8f46472ed306957c84614b9f2b9d776164ba15,S0002576,15,31,productive_iteration,True,True,False,False,False,,3.0
Final500,Final500_T000473,b1c510f117c1f817d3174e8dea8f46472ed306957c84614b9f2b9d776164ba15,S0002577,15,31,unproductive_cycle,False,False,True,False,False,,14.0
Final500,Final500_T000473,b1c510f117c1f817d3174e8dea8f46472ed306957c84614b9f2b9d776164ba15,S0002578,34,47,unproductive_cycle,False,False,True,False,False,,14.0
Final500,Final500_T000473,b1c510f117c1f817d3174e8dea8f46472ed306957c84614b9f2b9d776164ba15,S0002579,50,79,unproductive_cycle,False,False,True,False,False,,30.0
Final500,Final500_T000474,92736ae374f57161a9dfe4449a265104ef515be6858b879511746617029faf58,S0002580,0,9,productive_iteration,True,True,False,False,False,,10.0
Final500,Final500_T000474,92736ae374f57161a9dfe4449a265104ef515be6858b879511746617029faf58,S0002581,10,161,productive_iteration,True,True,False,False,False,,1.0
Final500,Final500_T000474,92736ae374f57161a9dfe4449a265104ef515be6858b879511746617029faf58,S0002582,10,161,unproductive_cycle,False,False,True,False,False,,150.0
Final500,Final500_T000475,8a197271a677303604ddfd3fbff74efc65f18d8e4af77b2a89c97426a688fb27,S0002583,12,23,productive_iteration,True,True,False,False,False,,4.0
Final500,Final500_T000475,8a197271a677303604ddfd3fbff74efc65f18d8e4af77b2a89c97426a688fb27,S0002584,0,11,productive_iteration,False,True,False,False,False,,12.0
Final500,Final500_T000475,8a197271a677303604ddfd3fbff74efc65f18d8e4af77b2a89c97426a688fb27,S0002585,13,17,productive_iteration,True,True,False,False,False,,5.0
Final500,Final500_T000475,8a197271a677303604ddfd3fbff74efc65f18d8e4af77b2a89c97426a688fb27,S0002586,19,21,productive_iteration,True,True,False,False,False,,3.0
Final500,Final500_T000475,8a197271a677303604ddfd3fbff74efc65f18d8e4af77b2a89c97426a688fb27,S0002587,24,124,unproductive_cycle,False,False,True,False,False,,101.0
Final500,Final500_T000476,2332c3cb7ef034d79a3e9842a38a5ae516a7c6d5078ab70afe99c2d4a949b178,S0002588,5,19,productive_iteration,True,True,False,False,False,,4.0
Final500,Final500_T000476,2332c3cb7ef034d79a3e9842a38a5ae516a7c6d5078ab70afe99c2d4a949b178,S0002589,0,4,productive_iteration,False,True,False,False,False,,5.0
Final500,Final500_T000476,2332c3cb7ef034d79a3e9842a38a5ae516a7c6d5078ab70afe99c2d4a949b178,S0002590,6,9,productive_iteration,False,True,False,False,False,,4.0
Final500,Final500_T000476,2332c3cb7ef034d79a3e9842a38a5ae516a7c6d5078ab70afe99c2d4a949b178,S0002591,11,14,productive_iteration,False,True,False,False,False,,4.0
Final500,Final500_T000476,2332c3cb7ef034d79a3e9842a38a5ae516a7c6d5078ab70afe99c2d4a949b178,S0002592,16,18,productive_iteration,False,True,False,False,False,,3.0
Final500,Final500_T000476,2332c3cb7ef034d79a3e9842a38a5ae516a7c6d5078ab70afe99c2d4a949b178,S0002593,20,34,productive_iteration,False,True,False,False,False,,9.0
Final500,Final500_T000476,2332c3cb7ef034d79a3e9842a38a5ae516a7c6d5078ab70afe99c2d4a949b178,S0002594,20,34,unproductive_cycle,False,False,True,False,False,,6.0
Final500,Final500_T000477,9d5403ccec70edf6394f9730c6ca1d312f7c86973e15bb824f0bc8a63ab0ad7e,S0002595,30,34,productive_iteration,True,True,False,False,False,,3.0
Final500,Final500_T000477,9d5403ccec70edf6394f9730c6ca1d312f7c86973e15bb824f0bc8a63ab0ad7e,S0002596,0,22,productive_iteration,True,True,False,False,False,,23.0
Final500,Final500_T000477,9d5403ccec70edf6394f9730c6ca1d312f7c86973e15bb824f0bc8a63ab0ad7e,S0002597,26,28,productive_iteration,False,True,False,False,False,,3.0
Final500,Final500_T000477,9d5403ccec70edf6394f9730c6ca1d312f7c86973e15bb824f0bc8a63ab0ad7e,S0002598,32,33,productive_iteration,False,True,False,False,False,,2.0
Final500,Final500_T000477,9d5403ccec70edf6394f9730c6ca1d312f7c86973e15bb824f0bc8a63ab0ad7e,S0002599,35,43,productive_iteration,True,True,False,False,False,,9.0
Final500,Final500_T000477,9d5403ccec70edf6394f9730c6ca1d312f7c86973e15bb824f0bc8a63ab0ad7e,S0002600,47,50,productive_iteration,False,True,False,False,False,,2.0
Final500,Final500_T000477,9d5403ccec70edf6394f9730c6ca1d312f7c86973e15bb824f0bc8a63ab0ad7e,S0002601,44,46,productive_iteration,True,True,False,False,False,,1.0
Final500,Final500_T000477,9d5403ccec70edf6394f9730c6ca1d312f7c86973e15bb824f0bc8a63ab0ad7e,S0002602,44,46,unproductive_cycle,False,False,True,False,False,,2.0
Final500,Final500_T000478,8035158b22485434efcdc23fe654615f06e846c72c7dfa4d159def9aaab00028,S0002603,7,7,productive_iteration,False,True,False,False,False,,1.0
Final500,Final500_T000478,8035158b22485434efcdc23fe654615f06e846c72c7dfa4d159def9aaab00028,S0002604,31,31,unproductive_cycle,False,False,True,False,False,,1.0
Final500,Final500_T000478,8035158b22485434efcdc23fe654615f06e846c72c7dfa4d159def9aaab00028,S0002605,0,6,productive_iteration,False,True,False,False,False,,7.0
Final500,Final500_T000478,8035158b22485434efcdc23fe654615f06e846c72c7dfa4d159def9aaab00028,S0002606,8,12,productive_iteration,False,True,False,False,False,,5.0
Final500,Final500_T000478,8035158b22485434efcdc23fe654615f06e846c72c7dfa4d159def9aaab00028,S0002607,17,23,productive_iteration,False,True,False,False,False,,7.0
Final500,Final500_T000478,8035158b22485434efcdc23fe654615f06e846c72c7dfa4d159def9aaab00028,S0002608,25,26,productive_iteration,False,True,False,False,False,,2.0
Final500,Final500_T000478,8035158b22485434efcdc23fe654615f06e846c72c7dfa4d159def9aaab00028,S0002609,32,34,productive_iteration,False,True,False,False,False,,2.0
Final500,Final500_T000478,8035158b22485434efcdc23fe654615f06e846c72c7dfa4d159def9aaab00028,S0002610,32,34,unproductive_cycle,False,False,True,False,False,,1.0
Final500,Final500_T000478,8035158b22485434efcdc23fe654615f06e846c72c7dfa4d159def9aaab00028,S0002611,13,16,productive_iteration,True,True,False,False,False,,1.0
Final500,Final500_T000478,8035158b22485434efcdc23fe654615f06e846c72c7dfa4d159def9aaab00028,S0002612,13,16,unproductive_cycle,False,False,True,False,False,,3.0
Final500,Final500_T000478,8035158b22485434efcdc23fe654615f06e846c72c7dfa4d159def9aaab00028,S0002613,27,29,productive_iteration,True,True,False,False,False,,2.0
Final500,Final500_T000479,ee90ab875f3c301f184b2a34ae801b0fa88f65a4d3171044c2d1f2b3c6b19a6e,S0002614,20,22,productive_iteration,False,True,False,False,False,,3.0
Final500,Final500_T000479,ee90ab875f3c301f184b2a34ae801b0fa88f65a4d3171044c2d1f2b3c6b19a6e,S0002615,0,19,productive_iteration,True,True,False,False,False,,20.0
Final500,Final500_T000479,ee90ab875f3c301f184b2a34ae801b0fa88f65a4d3171044c2d1f2b3c6b19a6e,S0002616,23,96,productive_iteration,False,True,False,False,False,,1.0
Final500,Final500_T000479,ee90ab875f3c301f184b2a34ae801b0fa88f65a4d3171044c2d1f2b3c6b19a6e,S0002617,23,96,unproductive_cycle,False,False,True,False,False,,73.0
Final500,Final500_T000480,58de07eba57ecfcdff90d687ffd2d19f1e29041b3e34c3b46357410ef4d4afcc,S0002618,0,20,productive_iteration,True,True,False,False,False,,19.0
Final500,Final500_T000480,58de07eba57ecfcdff90d687ffd2d19f1e29041b3e34c3b46357410ef4d4afcc,S0002619,22,24,productive_iteration,True,True,False,False,False,,3.0
Final500,Final500_T000480,58de07eba57ecfcdff90d687ffd2d19f1e29041b3e34c3b46357410ef4d4afcc,S0002620,39,43,productive_iteration,False,True,False,False,False,,5.0
Final500,Final500_T000480,58de07eba57ecfcdff90d687ffd2d19f1e29041b3e34c3b46357410ef4d4afcc,S0002621,25,38,productive_iteration,True,True,False,False,False,,13.0
Final500,Final500_T000481,c37205e382ea6120fb7a21936575588c3807423e6e67701ac16c81c9e5108d6e,S0002622,8,9,productive_iteration,False,True,False,False,False,,2.0
Final500,Final500_T000481,c37205e382ea6120fb7a21936575588c3807423e6e67701ac16c81c9e5108d6e,S0002623,48,48,unproductive_cycle,False,False,True,False,False,,1.0
Final500,Final500_T000481,c37205e382ea6120fb7a21936575588c3807423e6e67701ac16c81c9e5108d6e,S0002624,0,7,productive_iteration,False,True,False,False,False,,8.0
Final500,Final500_T000481,c37205e382ea6120fb7a21936575588c3807423e6e67701ac16c81c9e5108d6e,S0002625,10,15,productive_iteration,True,True,False,False,False,,6.0
Final500,Final500_T000481,c37205e382ea6120fb7a21936575588c3807423e6e67701ac16c81c9e5108d6e,S0002626,96,97,productive_iteration,False,True,False,False,False,,2.0
Final500,Final500_T000481,c37205e382ea6120fb7a21936575588c3807423e6e67701ac16c81c9e5108d6e,S0002627,16,47,productive_iteration,True,True,False,False,False,,8.0
Final500,Final500_T000481,c37205e382ea6120fb7a21936575588c3807423e6e67701ac16c81c9e5108d6e,S0002628,16,47,unproductive_cycle,False,False,True,False,False,,24.0
Final500,Final500_T000481,c37205e382ea6120fb7a21936575588c3807423e6e67701ac16c81c9e5108d6e,S0002629,49,95,unproductive_cycle,False,False,True,False,False,,47.0
Final500,Final500_T000482,0f75274f2c7f57953e27124d96ae42550a8b346eaf81b0cbe0d0f238ecaa1434,S0002630,11,16,productive_iteration,True,True,False,False,False,,3.0
Final500,Final500_T000482,0f75274f2c7f57953e27124d96ae42550a8b346eaf81b0cbe0d0f238ecaa1434,S0002631,49,49,unproductive_cycle,False,False,True,False,False,,1.0
Final500,Final500_T000482,0f75274f2c7f57953e27124d96ae42550a8b346eaf81b0cbe0d0f238ecaa1434,S0002632,0,10,productive_iteration,True,True,False,False,False,,11.0
Final500,Final500_T000482,0f75274f2c7f57953e27124d96ae42550a8b346eaf81b0cbe0d0f238ecaa1434,S0002633,12,14,productive_iteration,True,True,False,False,False,,3.0
Final500,Final500_T000482,0f75274f2c7f57953e27124d96ae42550a8b346eaf81b0cbe0d0f238ecaa1434,S0002634,17,21,productive_iteration,True,True,False,False,False,,5.0
Final500,Final500_T000482,0f75274f2c7f57953e27124d96ae42550a8b346eaf81b0cbe0d0f238ecaa1434,S0002635,22,48,productive_iteration,True,True,False,False,False,,1.0
Final500,Final500_T000482,0f75274f2c7f57953e27124d96ae42550a8b346eaf81b0cbe0d0f238ecaa1434,S0002636,22,48,unproductive_cycle,False,False,True,False,False,,26.0
Final500,Final500_T000482,0f75274f2c7f57953e27124d96ae42550a8b346eaf81b0cbe0d0f238ecaa1434,S0002637,50,77,unproductive_cycle,False,False,True,False,False,,28.0
Final500,Final500_T000483,a84430a1e9e30538efd29874a44bc95e8a9e4cef20c71339f9745de3e2889beb,S0002638,3,3,productive_iteration,False,True,False,False,False,,1.0
Final500,Final500_T000483,a84430a1e9e30538efd29874a44bc95e8a9e4cef20c71339f9745de3e2889beb,S0002639,64,114,unproductive_cycle,False,False,True,False,False,,2.0
Final500,Final500_T000483,a84430a1e9e30538efd29874a44bc95e8a9e4cef20c71339f9745de3e2889beb,S0002640,0,2,productive_iteration,False,True,False,False,False,,3.0
Final500,Final500_T000483,a84430a1e9e30538efd29874a44bc95e8a9e4cef20c71339f9745de3e2889beb,S0002641,4,13,productive_iteration,True,True,False,False,False,,10.0
Final500,Final500_T000483,a84430a1e9e30538efd29874a44bc95e8a9e4cef20c71339f9745de3e2889beb,S0002642,24,25,unproductive_cycle,False,False,True,False,False,,2.0
Final500,Final500_T000483,a84430a1e9e30538efd29874a44bc95e8a9e4cef20c71339f9745de3e2889beb,S0002643,33,34,unproductive_cycle,False,False,True,False,False,,2.0
Final500,Final500_T000483,a84430a1e9e30538efd29874a44bc95e8a9e4cef20c71339f9745de3e2889beb,S0002644,48,49,unproductive_cycle,False,False,True,False,False,,2.0
Final500,Final500_T000483,a84430a1e9e30538efd29874a44bc95e8a9e4cef20c71339f9745de3e2889beb,S0002645,73,74,unproductive_cycle,False,False,True,False,False,,2.0
Final500,Final500_T000483,a84430a1e9e30538efd29874a44bc95e8a9e4cef20c71339f9745de3e2889beb,S0002646,88,90,unproductive_cycle,False,False,True,False,False,,3.0
Final500,Final500_T000483,a84430a1e9e30538efd29874a44bc95e8a9e4cef20c71339f9745de3e2889beb,S0002647,153,154,unproductive_cycle,False,False,True,False,False,,2.0
Final500,Final500_T000483,a84430a1e9e30538efd29874a44bc95e8a9e4cef20c71339f9745de3e2889beb,S0002648,14,23,productive_iteration,True,True,False,False,False,,5.0
Final500,Final500_T000483,a84430a1e9e30538efd29874a44bc95e8a9e4cef20c71339f9745de3e2889beb,S0002649,14,23,unproductive_cycle,False,False,True,False,False,,5.0
Final500,Final500_T000483,a84430a1e9e30538efd29874a44bc95e8a9e4cef20c71339f9745de3e2889beb,S0002650,26,32,unproductive_cycle,False,False,True,False,False,,7.0
Final500,Final500_T000483,a84430a1e9e30538efd29874a44bc95e8a9e4cef20c71339f9745de3e2889beb,S0002651,35,47,unproductive_cycle,False,False,True,False,False,,13.0
Final500,Final500_T000483,a84430a1e9e30538efd29874a44bc95e8a9e4cef20c71339f9745de3e2889beb,S0002652,50,63,unproductive_cycle,False,False,True,False,False,,14.0
Final500,Final500_T000483,a84430a1e9e30538efd29874a44bc95e8a9e4cef20c71339f9745de3e2889beb,S0002653,65,72,unproductive_cycle,False,False,True,False,False,,8.0
Final500,Final500_T000483,a84430a1e9e30538efd29874a44bc95e8a9e4cef20c71339f9745de3e2889beb,S0002654,75,87,unproductive_cycle,False,False,True,False,False,,13.0
Final500,Final500_T000483,a84430a1e9e30538efd29874a44bc95e8a9e4cef20c71339f9745de3e2889beb,S0002655,91,113,unproductive_cycle,False,False,True,False,False,,23.0
Final500,Final500_T000483,a84430a1e9e30538efd29874a44bc95e8a9e4cef20c71339f9745de3e2889beb,S0002656,115,152,unproductive_cycle,False,False,True,False,False,,38.0
Final500,Final500_T000483,a84430a1e9e30538efd29874a44bc95e8a9e4cef20c71339f9745de3e2889beb,S0002657,155,175,unproductive_cycle,False,False,True,False,False,,20.0
Final500,Final500_T000484,f7ba41292f515e424f746e57f915d6d499ec39a21a06cb49fc86345d5d5f9b51,S0002658,24,28,productive_iteration,True,True,False,False,False,,2.0
Final500,Final500_T000484,f7ba41292f515e424f746e57f915d6d499ec39a21a06cb49fc86345d5d5f9b51,S0002659,29,123,unproductive_cycle,False,False,True,False,False,,2.0
Final500,Final500_T000484,f7ba41292f515e424f746e57f915d6d499ec39a21a06cb49fc86345d5d5f9b51,S0002660,0,15,productive_iteration,False,True,False,False,False,,16.0
Final500,Final500_T000484,f7ba41292f515e424f746e57f915d6d499ec39a21a06cb49fc86345d5d5f9b51,S0002661,25,27,productive_iteration,False,True,False,False,False,,3.0
Final500,Final500_T000484,f7ba41292f515e424f746e57f915d6d499ec39a21a06cb49fc86345d5d5f9b51,S0002662,16,23,productive_iteration,False,True,False,False,False,,8.0
Final500,Final500_T000484,f7ba41292f515e424f746e57f915d6d499ec39a21a06cb49fc86345d5d5f9b51,S0002663,31,122,unproductive_cycle,False,False,True,False,False,,92.0
Final500,Final500_T000484,f7ba41292f515e424f746e57f915d6d499ec39a21a06cb49fc86345d5d5f9b51,S0002664,124,134,unproductive_cycle,False,False,True,False,False,,10.0
Final500,Final500_T000485,f824646d82a7918026abdc93fffbdef5cda4dd9f7ce50cc804e22f0e9b982a7f,S0002665,8,30,productive_iteration,True,True,False,False,False,,7.0
Final500,Final500_T000485,f824646d82a7918026abdc93fffbdef5cda4dd9f7ce50cc804e22f0e9b982a7f,S0002666,0,7,productive_iteration,False,True,False,False,False,,8.0
Final500,Final500_T000485,f824646d82a7918026abdc93fffbdef5cda4dd9f7ce50cc804e22f0e9b982a7f,S0002667,9,12,productive_iteration,False,True,False,False,False,,4.0
Final500,Final500_T000485,f824646d82a7918026abdc93fffbdef5cda4dd9f7ce50cc804e22f0e9b982a7f,S0002668,15,23,productive_iteration,True,True,False,False,False,,9.0
Final500,Final500_T000486,d5ae9d1f273dbdef77812e32c8303ba68de0c2dc9cacbb93576790e94bea1868,S0002669,32,32,productive_iteration,True,True,False,False,False,,1.0
Final500,Final500_T000486,d5ae9d1f273dbdef77812e32c8303ba68de0c2dc9cacbb93576790e94bea1868,S0002670,16,17,unproductive_cycle,False,False,True,False,False,,2.0
Final500,Final500_T000486,d5ae9d1f273dbdef77812e32c8303ba68de0c2dc9cacbb93576790e94bea1868,S0002671,0,15,productive_iteration,True,True,False,False,False,,16.0
Final500,Final500_T000486,d5ae9d1f273dbdef77812e32c8303ba68de0c2dc9cacbb93576790e94bea1868,S0002672,18,19,productive_iteration,True,True,False,False,False,,2.0
Final500,Final500_T000486,d5ae9d1f273dbdef77812e32c8303ba68de0c2dc9cacbb93576790e94bea1868,S0002673,24,25,productive_iteration,False,True,False,False,False,,2.0
Final500,Final500_T000486,d5ae9d1f273dbdef77812e32c8303ba68de0c2dc9cacbb93576790e94bea1868,S0002674,27,31,productive_iteration,True,True,False,False,False,,5.0
Final500,Final500_T000486,d5ae9d1f273dbdef77812e32c8303ba68de0c2dc9cacbb93576790e94bea1868,S0002675,20,23,productive_iteration,True,True,False,False,False,,2.0
Final500,Final500_T000486,d5ae9d1f273dbdef77812e32c8303ba68de0c2dc9cacbb93576790e94bea1868,S0002676,20,23,unproductive_cycle,False,False,True,False,False,,2.0
Final500,Final500_T000487,d5e97f78342cbb5f1493c83abc4ae955c1f8dbb5921b9597ea4d347897bf68af,S0002677,10,10,productive_iteration,False,True,False,False,False,,1.0
Final500,Final500_T000487,d5e97f78342cbb5f1493c83abc4ae955c1f8dbb5921b9597ea4d347897bf68af,S0002678,11,11,unproductive_cycle,False,False,True,False,False,,1.0
Final500,Final500_T000487,d5e97f78342cbb5f1493c83abc4ae955c1f8dbb5921b9597ea4d347897bf68af,S0002679,0,3,productive_iteration,False,True,False,False,False,,4.0
Final500,Final500_T000487,d5e97f78342cbb5f1493c83abc4ae955c1f8dbb5921b9597ea4d347897bf68af,S0002680,4,9,productive_iteration,True,True,False,False,False,,1.0
Final500,Final500_T000487,d5e97f78342cbb5f1493c83abc4ae955c1f8dbb5921b9597ea4d347897bf68af,S0002681,4,9,unproductive_cycle,False,False,True,False,False,,4.0
Final500,Final500_T000487,d5e97f78342cbb5f1493c83abc4ae955c1f8dbb5921b9597ea4d347897bf68af,S0002682,12,75,productive_iteration,True,True,False,False,False,,3.0
Final500,Final500_T000487,d5e97f78342cbb5f1493c83abc4ae955c1f8dbb5921b9597ea4d347897bf68af,S0002683,12,75,unproductive_cycle,False,False,True,False,False,,60.0
Final500,Final500_T000488,6d14a7c3750ef43c4f401a44f61872875b54448ca82bf0b9943d43cf397e6807,S0002684,2,14,productive_iteration,False,True,False,False,False,,4.0
Final500,Final500_T000488,6d14a7c3750ef43c4f401a44f61872875b54448ca82bf0b9943d43cf397e6807,S0002685,0,1,productive_iteration,False,True,False,False,False,,2.0
Final500,Final500_T000488,6d14a7c3750ef43c4f401a44f61872875b54448ca82bf0b9943d43cf397e6807,S0002686,3,8,productive_iteration,False,True,False,False,False,,6.0
Final500,Final500_T000488,6d14a7c3750ef43c4f401a44f61872875b54448ca82bf0b9943d43cf397e6807,S0002687,10,11,productive_iteration,False,True,False,False,False,,2.0
Final500,Final500_T000488,6d14a7c3750ef43c4f401a44f61872875b54448ca82bf0b9943d43cf397e6807,S0002688,15,16,productive_iteration,False,True,False,False,False,,2.0
Final500,Final500_T000488,6d14a7c3750ef43c4f401a44f61872875b54448ca82bf0b9943d43cf397e6807,S0002689,24,29,productive_iteration,False,True,False,False,False,,6.0
Final500,Final500_T000488,6d14a7c3750ef43c4f401a44f61872875b54448ca82bf0b9943d43cf397e6807,S0002690,41,54,productive_iteration,True,True,False,False,False,,14.0
Final500,Final500_T000488,6d14a7c3750ef43c4f401a44f61872875b54448ca82bf0b9943d43cf397e6807,S0002691,17,23,productive_iteration,False,True,False,False,False,,3.0
Final500,Final500_T000488,6d14a7c3750ef43c4f401a44f61872875b54448ca82bf0b9943d43cf397e6807,S0002692,17,23,unproductive_cycle,False,False,True,False,False,,4.0
Final500,Final500_T000488,6d14a7c3750ef43c4f401a44f61872875b54448ca82bf0b9943d43cf397e6807,S0002693,30,40,unproductive_cycle,False,False,True,False,False,,11.0
Final500,Final500_T000489,becde9ecb76aa0b10319714d2ec52083c680632c0ed3fcf2bd14c30216c88969,S0002694,10,30,productive_iteration,True,True,False,False,False,,9.0
Final500,Final500_T000489,becde9ecb76aa0b10319714d2ec52083c680632c0ed3fcf2bd14c30216c88969,S0002695,0,9,productive_iteration,False,True,False,False,False,,10.0
Final500,Final500_T000489,becde9ecb76aa0b10319714d2ec52083c680632c0ed3fcf2bd14c30216c88969,S0002696,11,12,productive_iteration,False,True,False,False,False,,2.0
Final500,Final500_T000489,becde9ecb76aa0b10319714d2ec52083c680632c0ed3fcf2bd14c30216c88969,S0002697,18,22,productive_iteration,True,True,False,False,False,,5.0
Final500,Final500_T000489,becde9ecb76aa0b10319714d2ec52083c680632c0ed3fcf2bd14c30216c88969,S0002698,26,27,productive_iteration,True,True,False,False,False,,2.0
Final500,Final500_T000489,becde9ecb76aa0b10319714d2ec52083c680632c0ed3fcf2bd14c30216c88969,S0002699,31,39,productive_iteration,True,True,False,False,False,,9.0
Final500,Final500_T000489,becde9ecb76aa0b10319714d2ec52083c680632c0ed3fcf2bd14c30216c88969,S0002700,23,25,productive_iteration,True,True,False,False,False,,3.0
Final500,Final500_T000489,becde9ecb76aa0b10319714d2ec52083c680632c0ed3fcf2bd14c30216c88969,S0002701,40,57,productive_iteration,True,True,False,False,False,,12.0
Final500,Final500_T000489,becde9ecb76aa0b10319714d2ec52083c680632c0ed3fcf2bd14c30216c88969,S0002702,40,57,unproductive_cycle,False,False,True,False,False,,4.0
Final500,Final500_T000490,73b2e4ca515dc27cec84e0a3e7b50ee942a6074d47c4b9df75d3f00536dd4138,S0002703,5,13,productive_iteration,True,True,False,False,False,,3.0
Final500,Final500_T000490,73b2e4ca515dc27cec84e0a3e7b50ee942a6074d47c4b9df75d3f00536dd4138,S0002704,1,4,productive_iteration,False,True,False,False,False,,3.0
Final500,Final500_T000490,73b2e4ca515dc27cec84e0a3e7b50ee942a6074d47c4b9df75d3f00536dd4138,S0002705,7,12,productive_iteration,True,True,False,False,False,,6.0
Final500,Final500_T000490,73b2e4ca515dc27cec84e0a3e7b50ee942a6074d47c4b9df75d3f00536dd4138,S0002706,14,15,unproductive_cycle,False,False,True,False,False,,2.0
Final500,Final500_T000490,73b2e4ca515dc27cec84e0a3e7b50ee942a6074d47c4b9df75d3f00536dd4138,S0002707,16,74,unproductive_cycle,False,False,True,False,False,,59.0
Final500,Final500_T000491,2fcaa80ddc23aaaa54a511ce4df6d8b67e64bcc05bc820c3a5da14e11236eb08,S0002708,14,15,productive_iteration,True,True,False,False,False,,2.0
Final500,Final500_T000491,2fcaa80ddc23aaaa54a511ce4df6d8b67e64bcc05bc820c3a5da14e11236eb08,S0002709,0,13,productive_iteration,True,True,False,False,False,,14.0
Final500,Final500_T000491,2fcaa80ddc23aaaa54a511ce4df6d8b67e64bcc05bc820c3a5da14e11236eb08,S0002710,16,30,productive_iteration,True,True,False,False,False,,15.0
Final500,Final500_T000492,3c534410ce3193bcde61247cff83f91240307f4064c3414c9198bb655126416d,S0002711,23,23,productive_iteration,True,True,False,False,False,,1.0
Final500,Final500_T000492,3c534410ce3193bcde61247cff83f91240307f4064c3414c9198bb655126416d,S0002712,33,49,unproductive_cycle,False,False,True,False,False,,2.0
Final500,Final500_T000492,3c534410ce3193bcde61247cff83f91240307f4064c3414c9198bb655126416d,S0002713,0,1,productive_iteration,False,True,False,False,False,,2.0
Final500,Final500_T000492,3c534410ce3193bcde61247cff83f91240307f4064c3414c9198bb655126416d,S0002714,3,22,productive_iteration,True,True,False,False,False,,20.0
Final500,Final500_T000492,3c534410ce3193bcde61247cff83f91240307f4064c3414c9198bb655126416d,S0002715,24,29,productive_iteration,True,True,False,False,False,,6.0
Final500,Final500_T000492,3c534410ce3193bcde61247cff83f91240307f4064c3414c9198bb655126416d,S0002716,50,51,productive_iteration,False,True,False,False,False,,2.0
Final500,Final500_T000492,3c534410ce3193bcde61247cff83f91240307f4064c3414c9198bb655126416d,S0002717,60,61,unproductive_cycle,False,False,True,False,False,,2.0
Final500,Final500_T000492,3c534410ce3193bcde61247cff83f91240307f4064c3414c9198bb655126416d,S0002718,30,32,unproductive_cycle,False,False,True,False,False,,3.0
Final500,Final500_T000492,3c534410ce3193bcde61247cff83f91240307f4064c3414c9198bb655126416d,S0002719,34,48,unproductive_cycle,False,False,True,False,False,,15.0
Final500,Final500_T000492,3c534410ce3193bcde61247cff83f91240307f4064c3414c9198bb655126416d,S0002720,52,59,productive_iteration,True,True,False,False,False,,3.0
Final500,Final500_T000492,3c534410ce3193bcde61247cff83f91240307f4064c3414c9198bb655126416d,S0002721,52,59,unproductive_cycle,False,False,True,False,False,,5.0
Final500,Final500_T000493,322b1c95dc154411b765d946f1c35357da8637c8cc7a93ddd22b1c79a490d80e,S0002722,2,30,productive_iteration,True,True,False,False,False,,3.0
Final500,Final500_T000493,322b1c95dc154411b765d946f1c35357da8637c8cc7a93ddd22b1c79a490d80e,S0002723,112,112,unproductive_cycle,False,False,True,False,False,,1.0
Final500,Final500_T000493,322b1c95dc154411b765d946f1c35357da8637c8cc7a93ddd22b1c79a490d80e,S0002724,0,1,productive_iteration,True,True,False,False,False,,2.0
Final500,Final500_T000493,322b1c95dc154411b765d946f1c35357da8637c8cc7a93ddd22b1c79a490d80e,S0002725,3,11,productive_iteration,False,True,False,False,False,,9.0
Final500,Final500_T000493,322b1c95dc154411b765d946f1c35357da8637c8cc7a93ddd22b1c79a490d80e,S0002726,13,20,productive_iteration,True,True,False,False,False,,8.0
Final500,Final500_T000493,322b1c95dc154411b765d946f1c35357da8637c8cc7a93ddd22b1c79a490d80e,S0002727,25,26,productive_iteration,False,True,False,False,False,,2.0
Final500,Final500_T000493,322b1c95dc154411b765d946f1c35357da8637c8cc7a93ddd22b1c79a490d80e,S0002728,42,44,productive_iteration,False,True,False,False,False,,3.0
Final500,Final500_T000493,322b1c95dc154411b765d946f1c35357da8637c8cc7a93ddd22b1c79a490d80e,S0002729,61,62,productive_iteration,True,True,False,False,False,,1.0
Final500,Final500_T000493,322b1c95dc154411b765d946f1c35357da8637c8cc7a93ddd22b1c79a490d80e,S0002730,61,62,unproductive_cycle,False,False,True,False,False,,1.0
Final500,Final500_T000493,322b1c95dc154411b765d946f1c35357da8637c8cc7a93ddd22b1c79a490d80e,S0002731,21,24,productive_iteration,True,True,False,False,False,,4.0
Final500,Final500_T000493,322b1c95dc154411b765d946f1c35357da8637c8cc7a93ddd22b1c79a490d80e,S0002732,27,29,productive_iteration,False,True,False,False,False,,3.0
Final500,Final500_T000493,322b1c95dc154411b765d946f1c35357da8637c8cc7a93ddd22b1c79a490d80e,S0002733,31,41,productive_iteration,True,True,False,False,False,,10.0
Final500,Final500_T000493,322b1c95dc154411b765d946f1c35357da8637c8cc7a93ddd22b1c79a490d80e,S0002734,31,41,unproductive_cycle,False,False,True,False,False,,1.0
Final500,Final500_T000493,322b1c95dc154411b765d946f1c35357da8637c8cc7a93ddd22b1c79a490d80e,S0002735,47,60,unproductive_cycle,False,False,True,False,False,,14.0
Final500,Final500_T000493,322b1c95dc154411b765d946f1c35357da8637c8cc7a93ddd22b1c79a490d80e,S0002736,63,111,unproductive_cycle,False,False,True,False,False,,49.0
Final500,Final500_T000493,322b1c95dc154411b765d946f1c35357da8637c8cc7a93ddd22b1c79a490d80e,S0002737,113,116,unproductive_cycle,False,False,True,False,False,,3.0
Final500,Final500_T000494,0c968fe48ab5a2402a02d834fad3afb4589f0f1ab0f20585b84faa42e81bf5e6,S0002738,40,40,productive_iteration,True,True,False,False,False,,1.0
Final500,Final500_T000494,0c968fe48ab5a2402a02d834fad3afb4589f0f1ab0f20585b84faa42e81bf5e6,S0002739,0,26,productive_iteration,True,True,False,False,False,,27.0
Final500,Final500_T000494,0c968fe48ab5a2402a02d834fad3afb4589f0f1ab0f20585b84faa42e81bf5e6,S0002740,28,35,productive_iteration,False,True,False,False,False,,8.0
Final500,Final500_T000494,0c968fe48ab5a2402a02d834fad3afb4589f0f1ab0f20585b84faa42e81bf5e6,S0002741,37,39,productive_iteration,False,True,False,False,False,,3.0
Final500,Final500_T000494,0c968fe48ab5a2402a02d834fad3afb4589f0f1ab0f20585b84faa42e81bf5e6,S0002742,41,52,productive_iteration,True,True,False,False,False,,12.0
Final500,Final500_T000495,05cee47dd14e26aa56c9e63b6e27e98058bc0717bae9be65ef6e8977d6b21483,S0002743,0,33,productive_iteration,True,True,False,False,False,,6.0
Final500,Final500_T000495,05cee47dd14e26aa56c9e63b6e27e98058bc0717bae9be65ef6e8977d6b21483,S0002744,4,16,productive_iteration,True,True,False,False,False,,13.0
Final500,Final500_T000495,05cee47dd14e26aa56c9e63b6e27e98058bc0717bae9be65ef6e8977d6b21483,S0002745,21,22,productive_iteration,True,True,False,False,False,,2.0
Final500,Final500_T000495,05cee47dd14e26aa56c9e63b6e27e98058bc0717bae9be65ef6e8977d6b21483,S0002746,24,31,productive_iteration,True,True,False,False,False,,8.0
Final500,Final500_T000495,05cee47dd14e26aa56c9e63b6e27e98058bc0717bae9be65ef6e8977d6b21483,S0002747,34,41,productive_iteration,True,True,False,False,False,,8.0
Final500,Final500_T000495,05cee47dd14e26aa56c9e63b6e27e98058bc0717bae9be65ef6e8977d6b21483,S0002748,17,20,productive_iteration,True,True,False,False,False,,4.0
Final500,Final500_T000496,beb498144752374dd5019892a7a91569283a76f136b8291cd97186e0f83acf19,S0002749,9,19,productive_iteration,True,True,False,False,False,,3.0
Final500,Final500_T000496,beb498144752374dd5019892a7a91569283a76f136b8291cd97186e0f83acf19,S0002750,0,8,productive_iteration,True,True,False,False,False,,9.0
Final500,Final500_T000496,beb498144752374dd5019892a7a91569283a76f136b8291cd97186e0f83acf19,S0002751,10,14,productive_iteration,True,True,False,False,False,,5.0
Final500,Final500_T000496,beb498144752374dd5019892a7a91569283a76f136b8291cd97186e0f83acf19,S0002752,16,18,productive_iteration,False,True,False,False,False,,2.0
Final500,Final500_T000496,beb498144752374dd5019892a7a91569283a76f136b8291cd97186e0f83acf19,S0002753,23,30,productive_iteration,True,True,False,False,False,,8.0
Final500,Final500_T000497,269ba1a07f7335c1db31590c842f941ca9fdda74f6891a05a5fcca0fd88a454d,S0002754,0,30,productive_iteration,False,True,False,False,False,,31.0
Final500,Final500_T000498,5ae1f23536f5742722be1e24b07451a29b2a4aa81ce0b874034dc531c0fca507,S0002755,8,38,productive_iteration,False,True,False,False,False,,4.0
Final500,Final500_T000498,5ae1f23536f5742722be1e24b07451a29b2a4aa81ce0b874034dc531c0fca507,S0002756,0,7,productive_iteration,True,True,False,False,False,,8.0
Final500,Final500_T000498,5ae1f23536f5742722be1e24b07451a29b2a4aa81ce0b874034dc531c0fca507,S0002757,9,20,productive_iteration,True,True,False,False,False,,12.0
Final500,Final500_T000498,5ae1f23536f5742722be1e24b07451a29b2a4aa81ce0b874034dc531c0fca507,S0002758,22,25,productive_iteration,False,True,False,False,False,,4.0
Final500,Final500_T000498,5ae1f23536f5742722be1e24b07451a29b2a4aa81ce0b874034dc531c0fca507,S0002759,28,37,productive_iteration,False,True,False,False,False,,10.0
Final500,Final500_T000499,d05d2fa5e99ab79f1ec8db4b6501072d7b83d3ef1e5c18bb5634b89696b5772e,S0002760,22,70,productive_iteration,True,True,False,False,False,,3.0
Final500,Final500_T000499,d05d2fa5e99ab79f1ec8db4b6501072d7b83d3ef1e5c18bb5634b89696b5772e,S0002761,63,73,unproductive_cycle,False,False,True,False,False,,3.0
Final500,Final500_T000499,d05d2fa5e99ab79f1ec8db4b6501072d7b83d3ef1e5c18bb5634b89696b5772e,S0002762,0,21,productive_iteration,True,True,False,False,False,,22.0
Final500,Final500_T000499,d05d2fa5e99ab79f1ec8db4b6501072d7b83d3ef1e5c18bb5634b89696b5772e,S0002763,24,29,productive_iteration,True,True,False,False,False,,6.0
Final500,Final500_T000499,d05d2fa5e99ab79f1ec8db4b6501072d7b83d3ef1e5c18bb5634b89696b5772e,S0002764,31,32,productive_iteration,False,True,False,False,False,,2.0
Final500,Final500_T000499,d05d2fa5e99ab79f1ec8db4b6501072d7b83d3ef1e5c18bb5634b89696b5772e,S0002765,34,46,productive_iteration,False,True,False,False,False,,13.0
Final500,Final500_T000499,d05d2fa5e99ab79f1ec8db4b6501072d7b83d3ef1e5c18bb5634b89696b5772e,S0002766,48,52,productive_iteration,False,True,False,False,False,,5.0
Final500,Final500_T000499,d05d2fa5e99ab79f1ec8db4b6501072d7b83d3ef1e5c18bb5634b89696b5772e,S0002767,56,62,productive_iteration,False,True,False,False,False,,7.0
Final500,Final500_T000499,d05d2fa5e99ab79f1ec8db4b6501072d7b83d3ef1e5c18bb5634b89696b5772e,S0002768,64,69,productive_iteration,False,True,False,False,False,,5.0
Final500,Final500_T000499,d05d2fa5e99ab79f1ec8db4b6501072d7b83d3ef1e5c18bb5634b89696b5772e,S0002769,64,69,unproductive_cycle,False,False,True,False,False,,1.0
Final500,Final500_T000499,d05d2fa5e99ab79f1ec8db4b6501072d7b83d3ef1e5c18bb5634b89696b5772e,S0002770,53,55,unproductive_cycle,False,False,True,False,False,,3.0
Final500,Final500_T000500,d3c4dec03fec0e311a7bba1cff6d39a3eaeda44be3738146a58c17418f0998f1,S0002771,27,28,productive_iteration,False,True,False,False,False,,2.0
Final500,Final500_T000500,d3c4dec03fec0e311a7bba1cff6d39a3eaeda44be3738146a58c17418f0998f1,S0002772,0,7,productive_iteration,True,True,False,False,False,,7.0
Final500,Final500_T000500,d3c4dec03fec0e311a7bba1cff6d39a3eaeda44be3738146a58c17418f0998f1,S0002773,29,30,productive_iteration,False,True,False,False,False,,2.0
Final500,Final500_T000500,d3c4dec03fec0e311a7bba1cff6d39a3eaeda44be3738146a58c17418f0998f1,S0002774,48,55,unproductive_cycle,False,False,True,False,False,,8.0
Final500,Final500_T000500,d3c4dec03fec0e311a7bba1cff6d39a3eaeda44be3738146a58c17418f0998f1,S0002775,138,142,productive_iteration,False,True,False,False,False,,4.0
Final500,Final500_T000500,d3c4dec03fec0e311a7bba1cff6d39a3eaeda44be3738146a58c17418f0998f1,S0002776,138,142,unproductive_cycle,False,False,True,False,False,,1.0
Final500,Final500_T000500,d3c4dec03fec0e311a7bba1cff6d39a3eaeda44be3738146a58c17418f0998f1,S0002777,8,26,productive_iteration,False,True,False,False,False,,11.0
Final500,Final500_T000500,d3c4dec03fec0e311a7bba1cff6d39a3eaeda44be3738146a58c17418f0998f1,S0002778,8,26,unproductive_cycle,False,False,True,False,False,,8.0
Final500,Final500_T000500,d3c4dec03fec0e311a7bba1cff6d39a3eaeda44be3738146a58c17418f0998f1,S0002779,31,47,productive_iteration,False,True,False,False,False,,4.0
Final500,Final500_T000500,d3c4dec03fec0e311a7bba1cff6d39a3eaeda44be3738146a58c17418f0998f1,S0002780,31,47,unproductive_cycle,False,False,True,False,False,,13.0
Final500,Final500_T000500,d3c4dec03fec0e311a7bba1cff6d39a3eaeda44be3738146a58c17418f0998f1,S0002781,56,137,unproductive_cycle,False,False,True,False,False,,82.0
