dataset,dataset_role,public_trajectory_id,original_trajectory_sha256,source_family,trajectory_length,top_10pct_longest_global,top_10pct_longest_within_dataset,pi_density,hn_density,uc_density,has_pi,has_hn,has_uc,pi_step_count,hn_step_count,uc_step_count,pi_projected_step_count,hn_projected_step_count,uc_projected_step_count
Natural500,natural-distribution control,Natural500_T000001,f1326d59ca2fef87cb0fccd123b0f766a93d7ed72f537ac45a5e92dfc7f3eb44,SWE-agent datasets,13,False,False,0.9230769230769231,0.3076923076923077,0.0,True,True,False,12,4,0,12,4,0
Natural500,natural-distribution control,Natural500_T000002,1825eb753b89930ee706614d23d1a25654eeb25448f73e04f26cdc0f8f306095,SWE-agent datasets,9,False,False,1.0,0.0,0.0,True,False,False,8,0,0,9,0,0
Natural500,natural-distribution control,Natural500_T000003,d285e5627e673149dc7a1fff135571251d9f93244cd852b43626f21af865d5b9,SWE-agent datasets,13,False,False,0.9230769230769231,0.0,0.0,True,False,False,12,0,0,12,0,0
Natural500,natural-distribution control,Natural500_T000004,42c4bd06ec5bfa1f6ee6af35adc79c8adde0a1fc376597a460063e670883f23d,SWE-agent datasets,13,False,False,0.7692307692307693,0.0,0.0,True,False,False,10,0,0,10,0,0
Natural500,natural-distribution control,Natural500_T000005,ab97560f8d220941d7f425e2577890be1210b35acb70a0afd21d6331096b8ae8,SWE-agent datasets,19,False,False,0.7894736842105263,0.0,0.0,True,False,False,15,0,0,15,0,0
Natural500,natural-distribution control,Natural500_T000006,64616f21ef2dbb6a43010505f9807bb2de8f1fbb6d8f46a4b51cafb44eb95d04,SWE-agent datasets,12,False,False,0.8333333333333334,0.0,0.0,True,False,False,9,0,0,10,0,0
Natural500,natural-distribution control,Natural500_T000007,0400dae36d9679d36453ef887003e3129d9460d19aefa5a9dc5959404a882994,SWE-agent datasets,14,False,False,0.5,0.0,0.07142857142857142,True,False,True,7,0,1,7,0,1
Natural500,natural-distribution control,Natural500_T000008,6df96cb6ddd2aad92e7afdd1ef1c681b88b6745e996bd063e922347fdc4023c8,SWE-agent datasets,46,False,True,0.34782608695652173,0.1956521739130435,0.4782608695652174,True,True,True,14,4,22,16,9,22
Natural500,natural-distribution control,Natural500_T000009,d957f88f866a604e238ef9db7a0c7b1f2c02f6068ad5ea2db342adcae9b7af15,SWE-agent datasets,15,False,False,0.0,0.0,1.0,False,False,True,0,0,15,0,0,15
Natural500,natural-distribution control,Natural500_T000010,8d66651ed7b3ab4f419a084152a6671e469c17282374c18d792bb9bcecca8ffc,SWE-agent datasets,6,False,False,0.3333333333333333,0.3333333333333333,0.0,True,True,False,2,1,0,2,2,0
Natural500,natural-distribution control,Natural500_T000011,0ce822459e0919e12883bb4a4bfdcd56c59e41726d94120dd6ad53d35fca34ac,SWE-agent datasets,8,False,False,0.5,0.0,0.375,True,False,True,4,0,3,4,0,3
Natural500,natural-distribution control,Natural500_T000012,66bb99ae2a174277b13814806ce66e27114755977d26d6c49227f98e4a86a3c0,SWE-agent datasets,9,False,False,0.8888888888888888,0.0,0.0,True,False,False,8,0,0,8,0,0
Natural500,natural-distribution control,Natural500_T000013,ec5c094e6e5db82530d91aa3b8619bc7f66fd8b8a7474e50f28f16115ae1b31f,SWE-agent datasets,6,False,False,1.0,0.0,0.0,True,False,False,5,0,0,6,0,0
Natural500,natural-distribution control,Natural500_T000014,4cb7b62e0126aca52fe8b209dc0ec5ba3243d5a6a228f27a87d6f87011de8123,SWE-agent datasets,9,False,False,0.8888888888888888,0.0,0.0,True,False,False,8,0,0,8,0,0
Natural500,natural-distribution control,Natural500_T000015,79a2a8a21dcbaf876c6dccbc63c6394288dd73f317970af86e99974c8eb113f7,SWE-agent datasets,18,False,False,1.0,0.7222222222222222,0.0,True,True,False,18,2,0,18,13,0
Natural500,natural-distribution control,Natural500_T000016,290e272dd4cd437ee0134b7ffe4d15d5a9a77fc403eca9313fa4628c2ed398d6,SWE-agent datasets,15,False,False,0.8,0.4,0.0,True,True,False,12,4,0,12,6,0
Natural500,natural-distribution control,Natural500_T000017,03f22ddc68f0510dda335c705fa8ed9e9b70373757a3dd18ab789cd537be1645,SWE-agent datasets,12,False,False,1.0,0.0,0.0,True,False,False,11,0,0,12,0,0
Natural500,natural-distribution control,Natural500_T000018,7ea5a82546b68fa8bf05b79f38752f82cac8885691e9891de5ce8af4a6a211f0,SWE-agent datasets,27,False,False,1.0,0.7407407407407407,0.4074074074074074,True,True,True,16,5,6,27,20,11
Natural500,natural-distribution control,Natural500_T000019,5a633ad1598dd4c94f07d8863c17a17794bb5ea5223c711eb1bac60eea4c0b31,SWE-agent datasets,26,False,False,0.6538461538461539,0.0,0.11538461538461539,True,False,True,17,0,3,17,0,3
Natural500,natural-distribution control,Natural500_T000020,f722802af6f64bcaa307bdfd6ae670b6929041503a10d06c0cf2a4e935b0d547,SWE-agent datasets,13,False,False,0.8461538461538461,0.3076923076923077,0.0,True,True,False,11,3,0,11,4,0
Natural500,natural-distribution control,Natural500_T000021,9ae6cfc30362794be4443c03a9eda58dd22fe1ff83a94329da6e29b897c1d52c,SWE-agent datasets,7,False,False,1.0,1.0,0.0,True,True,False,6,1,0,7,7,0
Natural500,natural-distribution control,Natural500_T000022,0a4ab49382310d4e35814beb6e7374228a532ca5c102c96c40cd14b8dbd676f0,SWE-agent datasets,17,False,False,0.47058823529411764,0.0,0.6470588235294118,True,False,True,8,0,9,8,0,11
Natural500,natural-distribution control,Natural500_T000023,0a87667b9e354b54a762a76287677eb45be3326b2f1a488873c4864faaed6a04,SWE-agent datasets,7,False,False,0.8571428571428571,0.0,0.0,True,False,False,5,0,0,6,0,0
Natural500,natural-distribution control,Natural500_T000024,1afdbba83e961fef7b418a0de42a784789f47e5d78d6ecd26be5d839ae0c68c8,SWE-agent datasets,7,False,False,0.42857142857142855,0.0,0.0,True,False,False,3,0,0,3,0,0
Natural500,natural-distribution control,Natural500_T000025,06d478bb8a58ac82a2a2c914f4be9c5b73d93f7abdbc9b3b8a8bbea01c7acc3a,SWE-agent datasets,9,False,False,0.7777777777777778,0.4444444444444444,0.0,True,True,False,7,2,0,7,4,0
Natural500,natural-distribution control,Natural500_T000026,717eccbc496cce5c2fcb86409f19153395e151603ec019c215112c18aba973db,SWE-agent datasets,9,False,False,1.0,0.0,0.0,True,False,False,9,0,0,9,0,0
Natural500,natural-distribution control,Natural500_T000027,949149d5367c4f2d86147ec9171f1908fed0bb003aa0399c55312a974aedb9d7,SWE-agent datasets,14,False,False,0.7857142857142857,0.0,0.21428571428571427,True,False,True,11,0,3,11,0,3
Natural500,natural-distribution control,Natural500_T000028,6f58313a553730119335a3e5d804247ccf273cc6566348ce943ea72d25da989c,SWE-agent datasets,12,False,False,0.9166666666666666,0.5,0.0,True,True,False,11,3,0,11,6,0
Natural500,natural-distribution control,Natural500_T000029,943fbd3501b0b3e966940a52db76370cd84d7b39980b3b4e84565d96fb21e93a,SWE-agent datasets,6,False,False,1.0,1.0,0.0,True,True,False,5,1,0,6,6,0
Natural500,natural-distribution control,Natural500_T000030,4751602520053ccf36350625edab76ac965eb287b8631af64de2190164d7ddaa,SWE-agent datasets,13,False,False,0.7692307692307693,0.0,0.23076923076923078,True,False,True,9,0,3,10,0,3
Natural500,natural-distribution control,Natural500_T000031,ca815bb513c3ddb5baa1e567525cab561c5ed1524a07878d4ca7f6fb13257321,SWE-agent datasets,7,False,False,0.42857142857142855,0.0,0.0,True,False,False,3,0,0,3,0,0
Natural500,natural-distribution control,Natural500_T000032,9e465c43b099feeeccbbd196deb6df59c867bd64387028cbeaff7d7047c185ba,SWE-agent datasets,12,False,False,0.9166666666666666,0.0,0.0,True,False,False,11,0,0,11,0,0
Natural500,natural-distribution control,Natural500_T000033,795c867ba0125b702b2b5d8b4563931d2297729c2f7ec17d71acc0b7473b5f12,SWE-agent datasets,11,False,False,0.7272727272727273,0.45454545454545453,0.0,True,True,False,8,1,0,8,5,0
Natural500,natural-distribution control,Natural500_T000034,63ad54e15f17c0670fe76a52891bcf5ed3bcc2c6cfd91201d72115146d647f68,SWE-agent datasets,15,False,False,0.8,0.5333333333333333,0.0,True,True,False,9,2,0,12,8,0
Natural500,natural-distribution control,Natural500_T000035,9f25a4131680d90449c9c8f6a25ff0a1aa2c2076b066ac881d5690fea1c0189f,SWE-agent datasets,13,False,False,0.5384615384615384,0.07692307692307693,0.15384615384615385,True,True,True,7,1,2,7,1,2
Natural500,natural-distribution control,Natural500_T000036,465943517bec156055cfafe0143322aa7e8ea1fecbd27a8bf6f7e8e33b0d40ca,SWE-agent datasets,10,False,False,0.6,0.0,0.0,True,False,False,6,0,0,6,0,0
Natural500,natural-distribution control,Natural500_T000037,b5e970654350c518f28f9ce831afdfeb4688ab4083d88698f24a29006540eedf,SWE-agent datasets,10,False,False,0.9,0.0,0.0,True,False,False,9,0,0,9,0,0
Natural500,natural-distribution control,Natural500_T000038,e4e366e1fee168b7010cb12557c70c71841fe9b05cd56d8053b6e5cfc9a09404,SWE-agent datasets,6,False,False,0.0,0.0,0.8333333333333334,False,False,True,0,0,5,0,0,5
Natural500,natural-distribution control,Natural500_T000039,0852ec7e5e31eadc95d77f9a812a520b5551b4e2aa575dcb26a966f42c065014,SWE-agent datasets,11,False,False,0.7272727272727273,0.0,0.0,True,False,False,8,0,0,8,0,0
Natural500,natural-distribution control,Natural500_T000040,06907df4b7ea5eacc1eebd4ea5b2c1120e4320641edba235f1ed43215f95f41c,SWE-agent datasets,15,False,False,0.7333333333333333,0.06666666666666667,0.0,True,True,False,11,1,0,11,1,0
Natural500,natural-distribution control,Natural500_T000041,208557a61b5a54745670f964c3b9bf3bd61f29ad558a422365ad215c03d93190,SWE-agent datasets,13,False,False,0.9230769230769231,0.0,0.0,True,False,False,11,0,0,12,0,0
Natural500,natural-distribution control,Natural500_T000042,1840d2e3cf60768be51e9f9522f32408fa7aa1b50fea459cf6ff59d4498c269f,SWE-agent datasets,11,False,False,1.0,1.0,0.0,True,True,False,11,1,0,11,11,0
Natural500,natural-distribution control,Natural500_T000043,84e76cb34293bd3fb16a512a51930b92245219d0069bdd2ee3520fb088abe880,SWE-agent datasets,14,False,False,0.7857142857142857,0.21428571428571427,0.0,True,True,False,11,1,0,11,3,0
Natural500,natural-distribution control,Natural500_T000044,7097dbcd78f8a4b1db2286b8c7eda771bc2cb7726138ac77919f623c03d4b71d,SWE-agent datasets,12,False,False,1.0,0.0,0.0,True,False,False,12,0,0,12,0,0
Natural500,natural-distribution control,Natural500_T000045,71904eed1aebc7b7dbff6983914581f7ca0a60f3a3fbf524717657c3dc9d1fa3,SWE-agent datasets,50,False,True,0.72,0.66,0.4,True,True,True,20,10,15,36,33,20
Natural500,natural-distribution control,Natural500_T000046,6b346c694c77746df33aae44d111b3ce0966a619155fb1ba6a82f62662a81461,SWE-agent datasets,8,False,False,1.0,0.0,0.0,True,False,False,8,0,0,8,0,0
Natural500,natural-distribution control,Natural500_T000047,248242c5afe163f201374e18741057e7f6e559d1cfef27d7f67e44af3098fdac,SWE-agent datasets,7,False,False,0.5714285714285714,0.0,0.0,True,False,False,4,0,0,4,0,0
Natural500,natural-distribution control,Natural500_T000048,e0a1b88f87e0893891fe408a663ba48d904ff77b8b8daf3b7d535152564db8fb,SWE-agent datasets,10,False,False,0.6,0.2,0.0,True,True,False,6,1,0,6,2,0
Natural500,natural-distribution control,Natural500_T000049,9d87e40620c3106f4509ae3fa4041fa5211430d5fdd6ba9d1143333c315d7c26,SWE-agent datasets,13,False,False,1.0,0.0,0.0,True,False,False,13,0,0,13,0,0
Natural500,natural-distribution control,Natural500_T000050,327b48cd3318eaeb6d293c3ceea373e388bdfb2c1d80a266c8e5e60fc04cb6a8,SWE-agent datasets,12,False,False,0.75,0.0,0.0,True,False,False,8,0,0,9,0,0
Natural500,natural-distribution control,Natural500_T000051,c48bce85c0cb46717c15f754aa85f48b8d76607958a7a74fd619f853cb00f776,SWE-agent datasets,12,False,False,0.8333333333333334,0.0,0.0,True,False,False,10,0,0,10,0,0
Natural500,natural-distribution control,Natural500_T000052,81ffe41c1b5b026b3fd8e75c5d6c16adfab4524c96506dc769a773cbaae5eddf,SWE-agent datasets,8,False,False,0.375,0.0,0.0,True,False,False,3,0,0,3,0,0
Natural500,natural-distribution control,Natural500_T000053,af2dfe21c1355b316b96160c65bef9f0120ef3f7f8fdaeab729c1eb131346246,SWE-agent datasets,11,False,False,0.8181818181818182,0.0,0.0,True,False,False,9,0,0,9,0,0
Natural500,natural-distribution control,Natural500_T000054,04b3e7a6c6cb0d4869f563970c46f682835e9052e20f64f89dbe2dbcde7a20c1,SWE-agent datasets,8,False,False,1.0,0.0,0.0,True,False,False,7,0,0,8,0,0
Natural500,natural-distribution control,Natural500_T000055,2987e4afb63a0a03c76c8e45339e745f5a0bb46071ec16125ebbdbc33d2893df,SWE-agent datasets,23,False,False,0.9130434782608695,0.6956521739130435,0.0,True,True,False,19,8,0,21,16,0
Natural500,natural-distribution control,Natural500_T000056,1a907c864c4df0b5fa24ca2e302ef13b4b62c9f816ecb781a101c7c640791bee,SWE-agent datasets,8,False,False,0.5,0.0,0.0,True,False,False,4,0,0,4,0,0
Natural500,natural-distribution control,Natural500_T000057,f7bebdd201dac201b6e0daf4353b045a8371b26140af8b54c1358cf8b017e05a,SWE-agent datasets,14,False,False,1.0,0.0,0.0,True,False,False,14,0,0,14,0,0
Natural500,natural-distribution control,Natural500_T000058,da6fcb556e532325cc65429b913413c2eb698b2fdba0179a5ae7d4c4aa14829d,SWE-agent datasets,9,False,False,0.8888888888888888,0.0,0.0,True,False,False,8,0,0,8,0,0
Natural500,natural-distribution control,Natural500_T000059,781a03d03cff5dc5eb67f73b1ddb14b3006997b3c50c17b0d4f1c4a546b22310,SWE-agent datasets,54,False,True,0.037037037037037035,0.0,0.9259259259259259,True,False,True,2,0,49,2,0,50
Natural500,natural-distribution control,Natural500_T000060,a5ff95b8369ec3281561845e4a12b113348037ad37af627dcb1b8825c91662e4,SWE-agent datasets,34,False,True,0.7647058823529411,0.029411764705882353,0.14705882352941177,True,True,True,26,1,4,26,1,5
Natural500,natural-distribution control,Natural500_T000061,7bc550a332d8e2faf13917eb54608a435d34863fa3e4514c19332994406510ec,SWE-agent datasets,10,False,False,0.9,0.4,0.0,True,True,False,9,1,0,9,4,0
Natural500,natural-distribution control,Natural500_T000062,4f7a3dd6eac7e76e2b10155ce611f17710fb4596e82492496e019510fe835b60,SWE-agent datasets,15,False,False,0.8666666666666667,0.0,0.0,True,False,False,13,0,0,13,0,0
Natural500,natural-distribution control,Natural500_T000063,5f01170db1b7b931646d8cd84312a5adf8e77e189651f2aee5c589c5064d78a2,SWE-agent datasets,13,False,False,0.7692307692307693,0.0,0.0,True,False,False,10,0,0,10,0,0
Natural500,natural-distribution control,Natural500_T000064,54f1678f09331923aff74710c37aa361ed619bb86ef2df2b158376cb3b17751b,SWE-agent datasets,12,False,False,0.8333333333333334,0.8333333333333334,0.0,True,True,False,10,1,0,10,10,0
Natural500,natural-distribution control,Natural500_T000065,fbc185deabce95b358347d0889e4bed3ead8f9c71567f53ffbb95f0c8a068d75,SWE-agent datasets,19,False,False,0.8421052631578947,0.0,0.0,True,False,False,16,0,0,16,0,0
Natural500,natural-distribution control,Natural500_T000066,d519e19209f101ec1faba40b31d1fd6d54eff96fbd0475d28cdd06b23791c223,SWE-agent datasets,9,False,False,0.8888888888888888,0.0,0.0,True,False,False,7,0,0,8,0,0
Natural500,natural-distribution control,Natural500_T000067,cf890ee49deeed2e171aed6b301fe0133ccecc9772129a78a5bf6b5f2b6f7d8c,SWE-agent datasets,9,False,False,0.7777777777777778,0.4444444444444444,0.0,True,True,False,7,1,0,7,4,0
Natural500,natural-distribution control,Natural500_T000068,037396ccd6c9ee7fc50614a273fe33b933a59ee3a4cb676456e51f6218eda123,SWE-agent datasets,14,False,False,0.7142857142857143,0.0,0.0,True,False,False,10,0,0,10,0,0
Natural500,natural-distribution control,Natural500_T000069,4174dd801d4089e6cd17e9c65f8205e1e9f542788a34027928fb60df3f313fd7,SWE-agent datasets,13,False,False,0.8461538461538461,0.07692307692307693,0.0,True,True,False,11,1,0,11,1,0
Natural500,natural-distribution control,Natural500_T000070,aa2159a45558bb3f0507d11e100a429fed2aa66530be7e3d24726079339797cd,SWE-agent datasets,17,False,False,0.9411764705882353,0.7647058823529411,0.0,True,True,False,16,2,0,16,13,0
Natural500,natural-distribution control,Natural500_T000071,7fca0cf2438d4acf9c5c9ead70259db4b5ab09be9d929b4dfb25a80ea8bfd672,SWE-agent datasets,114,False,True,0.017543859649122806,0.0,0.9736842105263158,True,False,True,2,0,111,2,0,111
Natural500,natural-distribution control,Natural500_T000072,3b23c9635a3466d8783d702cca35e5cc8c25b7b4a53c3c8c6bd5d85508630730,SWE-agent datasets,8,False,False,1.0,1.0,0.0,True,True,False,8,1,0,8,8,0
Natural500,natural-distribution control,Natural500_T000073,6bf37a80ea6fe42a35b634d9c30c9ded8f29663157fa4130164fe5277609edc0,SWE-agent datasets,8,False,False,0.875,0.0,0.0,True,False,False,7,0,0,7,0,0
Natural500,natural-distribution control,Natural500_T000074,546195c822deee5169ea8087efe673df79c616cbc9ad254d30a3d7f25abc9867,SWE-agent datasets,20,False,False,0.85,0.2,0.0,True,True,False,16,4,0,17,4,0
Natural500,natural-distribution control,Natural500_T000075,8f2d9592fbfe1907c1d6af07cefe9cada16a43930f244c161258014c873e3201,SWE-agent datasets,21,False,False,0.8095238095238095,0.3333333333333333,0.23809523809523808,True,True,True,12,2,5,17,7,5
Natural500,natural-distribution control,Natural500_T000076,d1ffe04d3ea162d428ef640e08eb122cfdd0d0237f71a2da039f6eb8fd434a9e,SWE-agent datasets,13,False,False,1.0,0.0,0.0,True,False,False,13,0,0,13,0,0
Natural500,natural-distribution control,Natural500_T000077,aa28dd3a608edd745bfdfbd05b813294f29be31d597786d71ebd59834e201a23,SWE-agent datasets,10,False,False,1.0,0.0,0.0,True,False,False,10,0,0,10,0,0
Natural500,natural-distribution control,Natural500_T000078,952abd278759c4985cb26b3d417aa8631a6a0da995f130bb6362ac52e7f0dea3,SWE-agent datasets,13,False,False,1.0,0.0,0.0,True,False,False,13,0,0,13,0,0
Natural500,natural-distribution control,Natural500_T000079,9ef01e6b8c3f867c4357ff652cc9cc152100d1aca0f0ea4291219b26de18233b,SWE-agent datasets,18,False,False,0.7777777777777778,0.5,0.2222222222222222,True,True,True,14,3,4,14,9,4
Natural500,natural-distribution control,Natural500_T000080,3861e7b17f2a1833418a0ccb7138a41989ccd27b7009aa68da800bc8d62cf385,SWE-agent datasets,10,False,False,1.0,1.0,0.0,True,True,False,10,1,0,10,10,0
Natural500,natural-distribution control,Natural500_T000081,adc4cdf7ae23730a024d55f790b6c88049e7afdf56a1df0bf238b0908113203d,SWE-agent datasets,7,False,False,1.0,0.0,0.0,True,False,False,7,0,0,7,0,0
Natural500,natural-distribution control,Natural500_T000082,b8bc02d41e1c5b99099b82deae96c7255d302c49c9bcd2f54b0a683734baf34e,SWE-agent datasets,20,False,False,0.8,0.0,0.0,True,False,False,16,0,0,16,0,0
Natural500,natural-distribution control,Natural500_T000083,4d64e5eb679bed36fa4748ef0a973eeb08e5803e2eea6d71e0b7a74bbd59172e,SWE-agent datasets,26,False,False,0.7307692307692307,0.15384615384615385,0.0,True,True,False,19,1,0,19,4,0
Natural500,natural-distribution control,Natural500_T000084,1f36118a82f7948333017178a2ee223f7531ed251d3b6ce6902ddc57aa194f19,SWE-agent datasets,8,False,False,1.0,0.0,0.0,True,False,False,8,0,0,8,0,0
Natural500,natural-distribution control,Natural500_T000085,742670fc0f521f1c5ab8aacfd0ed8ceb2b2f5592aae25bdda7b9e4f47bbf8b36,SWE-agent datasets,21,False,False,0.6666666666666666,0.3333333333333333,0.0,True,True,False,14,4,0,14,7,0
Natural500,natural-distribution control,Natural500_T000086,ba2e1600d7a86c4f2030998ff78f03f8f72928e354e6179827be595cb0f40e22,SWE-agent datasets,7,False,False,0.8571428571428571,0.0,0.0,True,False,False,6,0,0,6,0,0
Natural500,natural-distribution control,Natural500_T000087,effe31a2070c75d4275135cfa47bc2db123f717bd3537054988cff2bb381783e,SWE-agent datasets,9,False,False,0.6666666666666666,0.0,0.0,True,False,False,6,0,0,6,0,0
Natural500,natural-distribution control,Natural500_T000088,45edd1a0280c8856209624e1bf67da1bcfc8b489d60ab38556920c576446fb2b,SWE-agent datasets,14,False,False,0.7857142857142857,0.07142857142857142,0.0,True,True,False,11,1,0,11,1,0
Natural500,natural-distribution control,Natural500_T000089,14d092626ed256734fa002e072ddfdbe67611545808666713c138205b71883a7,SWE-agent datasets,23,False,False,0.8260869565217391,0.8260869565217391,0.8695652173913043,True,True,True,2,2,18,19,19,20
Natural500,natural-distribution control,Natural500_T000090,749cdd818aabd4237b84eb43413540f1922a5334b77073af4b13005361cdc334,SWE-agent datasets,12,False,False,0.5,0.25,0.08333333333333333,True,True,True,6,3,1,6,3,1
Natural500,natural-distribution control,Natural500_T000091,d9cc2e669f2dd2cbbb5603421d58a8bfa6142e8db5860aee22429c90905c6608,SWE-agent datasets,12,False,False,0.5833333333333334,0.0,0.0,True,False,False,6,0,0,7,0,0
Natural500,natural-distribution control,Natural500_T000092,57f9008c16005e1ad9814bbee3aad7a34dddadd5870489b74f4d3d5451c90c2f,SWE-agent datasets,10,False,False,1.0,0.0,0.0,True,False,False,9,0,0,10,0,0
Natural500,natural-distribution control,Natural500_T000093,4b836f82331f2edee2771a07c3fb96271456bd4438f8986558e1330583909591,SWE-agent datasets,14,False,False,0.7857142857142857,0.0,0.0,True,False,False,11,0,0,11,0,0
Natural500,natural-distribution control,Natural500_T000094,48190b9c9f27a6a5911a59a8fa50ea225096e6c869b122b11cecbc53beccc57d,SWE-agent datasets,38,False,True,0.34210526315789475,0.2894736842105263,0.5789473684210527,True,True,True,13,2,22,13,11,22
Natural500,natural-distribution control,Natural500_T000095,7dc5853fedc58b5e69d3f8b666c0d5da3ece484a2df70edf08d2fdc674aacef5,SWE-agent datasets,22,False,False,0.8181818181818182,0.0,0.18181818181818182,True,False,True,18,0,4,18,0,4
Natural500,natural-distribution control,Natural500_T000096,f41fd4ea84840157e9df90b89ee1658ad792434598f8f34774d835925f21d658,SWE-agent datasets,13,False,False,0.9230769230769231,0.0,0.0,True,False,False,12,0,0,12,0,0
Natural500,natural-distribution control,Natural500_T000097,b121bf647b4be18ecc5b64f0e0fdcb4de01069171630c93fd015150467258311,SWE-agent datasets,14,False,False,1.0,0.0,0.0,True,False,False,14,0,0,14,0,0
Natural500,natural-distribution control,Natural500_T000098,bc22fd98c06e3cb6ccf1dcd1f065ec4b4680458849549ac58a6272d5cefd267e,SWE-agent datasets,8,False,False,0.875,0.5,0.5,True,True,True,5,2,2,7,4,4
Natural500,natural-distribution control,Natural500_T000099,5bf4216e8ab93e90d926474175cb199c2cccb3b4d07805b4d5263eeaab61f052,SWE-agent datasets,6,False,False,0.8333333333333334,0.0,0.0,True,False,False,5,0,0,5,0,0
Natural500,natural-distribution control,Natural500_T000100,32187b42794af7e2ef1a80e2b0d65ae9a3ddb2d55f1120f0799161cefa4ae62a,SWE-agent datasets,83,False,True,0.21686746987951808,0.0,0.8072289156626506,True,False,True,12,0,62,18,0,67
Natural500,natural-distribution control,Natural500_T000101,665fb51f27fc1679a7ffd745d0bd06a42b0cc9311fe7013149f9c53728557627,SWE-agent datasets,10,False,False,1.0,0.0,0.0,True,False,False,10,0,0,10,0,0
Natural500,natural-distribution control,Natural500_T000102,8719e8566d9d22edb19ac05b4c804e032989a2a9f67528e5286df20272ea1546,SWE-agent datasets,10,False,False,0.6,0.0,0.0,True,False,False,6,0,0,6,0,0
Natural500,natural-distribution control,Natural500_T000103,0787c38db3c64c6f7809339c3e0a0fd2e95505e8bf6837e18117b7cbd4684e32,SWE-agent datasets,7,False,False,0.8571428571428571,0.0,0.0,True,False,False,6,0,0,6,0,0
Natural500,natural-distribution control,Natural500_T000104,300f1b8c1b165120579569732c7ee25693fa47650a2e2a1a25d045c55fe098ab,SWE-agent datasets,8,False,False,0.625,0.0,0.0,True,False,False,5,0,0,5,0,0
Natural500,natural-distribution control,Natural500_T000105,40d585514792d4c094141a85d1d4bf17bfbd69e79802f86fe7e46c55ba9e8a03,SWE-agent datasets,12,False,False,0.75,0.4166666666666667,0.0,True,True,False,9,3,0,9,5,0
Natural500,natural-distribution control,Natural500_T000106,04a2d0a646bb5862058259bf821b9f75dd7e4c874b057adf28bdce50d6978866,SWE-agent datasets,12,False,False,0.8333333333333334,0.08333333333333333,0.0,True,True,False,9,1,0,10,1,0
Natural500,natural-distribution control,Natural500_T000107,d1859a401fd9b8ef892f65ba94baea9ca49b76e8c2b9c63335cbfb1c2fde5e64,SWE-agent datasets,13,False,False,0.8461538461538461,0.07692307692307693,0.0,True,True,False,10,1,0,11,1,0
Natural500,natural-distribution control,Natural500_T000108,a4bbcb05c2da631108caf773c8908e0a8052f2f5f19afb9550e3b763975048c4,SWE-agent datasets,14,False,False,0.7857142857142857,0.0,0.0,True,False,False,11,0,0,11,0,0
Natural500,natural-distribution control,Natural500_T000109,d69b381b157e255d2f0ddee9ad87cf402fe7868e58d114fdda36fcf92ca2bb67,SWE-agent datasets,17,False,False,0.5882352941176471,0.23529411764705882,0.0,True,True,False,10,1,0,10,4,0
Natural500,natural-distribution control,Natural500_T000110,e9eef7573edb361ec201a79be229a2e44b7e5ed7189f74f8795748a560e63fca,SWE-agent datasets,14,False,False,0.8571428571428571,0.07142857142857142,0.0,True,True,False,12,1,0,12,1,0
Natural500,natural-distribution control,Natural500_T000111,3d76db8aa77e0d8b7b88ba714b97246b70b7ae4a6e9bfe696dc2b6822144e2fb,SWE-agent datasets,6,False,False,1.0,0.0,0.0,True,False,False,6,0,0,6,0,0
Natural500,natural-distribution control,Natural500_T000112,b051c3b1476676902a5efd8172e4c538ee94d48f7ea7fcf0b244f8fa75418717,SWE-agent datasets,22,False,False,0.9090909090909091,0.9090909090909091,0.0,True,True,False,19,3,0,20,20,0
Natural500,natural-distribution control,Natural500_T000113,06b0be29033410437ce5c0187fc53ab7c5c81ca5a9d97166596dfcf7ea625026,SWE-agent datasets,11,False,False,0.9090909090909091,0.0,0.0,True,False,False,10,0,0,10,0,0
Natural500,natural-distribution control,Natural500_T000114,473207827569eb00896530e5f072eec7a0ec99dec3d940972847cc904133b49d,SWE-agent datasets,58,False,True,0.5862068965517241,0.3448275862068966,0.6379310344827587,True,True,True,29,12,28,34,20,37
Natural500,natural-distribution control,Natural500_T000115,d73f1e7903e8bdb605fe9f36761856e7fb39544b6b55c2cfddc9e319dc426b70,SWE-agent datasets,15,False,False,0.9333333333333333,0.0,0.0,True,False,False,14,0,0,14,0,0
Natural500,natural-distribution control,Natural500_T000116,53634b3d35259fe3096f96d960e1a099926352db838c1e4fe97c6d7aed13b95d,SWE-agent datasets,8,False,False,0.75,0.0,0.0,True,False,False,6,0,0,6,0,0
Natural500,natural-distribution control,Natural500_T000117,65fe6f2a34b8e2f523a0c2ae18996bf13f86e6dd3e7007ef69089122c16b55ff,SWE-agent datasets,9,False,False,0.7777777777777778,0.0,0.0,True,False,False,7,0,0,7,0,0
Natural500,natural-distribution control,Natural500_T000118,8ff43e94e0b852e996f32d370c9be4b57ba8f7dc7f9ee7ee1e6c88e5bdc76fb7,SWE-agent datasets,9,False,False,1.0,0.0,0.0,True,False,False,9,0,0,9,0,0
Natural500,natural-distribution control,Natural500_T000119,bea996d0be296952adc33c6da32e0f422cf15981a6ba328503529001d0af5a9e,SWE-agent datasets,11,False,False,0.8181818181818182,0.2727272727272727,0.0,True,True,False,9,1,0,9,3,0
Natural500,natural-distribution control,Natural500_T000120,98b2371984933ad4c1e95593dbff49312b0a508a0af497561b1a35b9676af170,SWE-agent datasets,12,False,False,0.6666666666666666,0.0,0.0,True,False,False,8,0,0,8,0,0
Natural500,natural-distribution control,Natural500_T000121,f11567142664b1c51d99d5fa3c6cd17bad7fd1cdfa9fe5453ddaf2977ea2649b,SWE-agent datasets,13,False,False,0.8461538461538461,0.0,0.0,True,False,False,11,0,0,11,0,0
Natural500,natural-distribution control,Natural500_T000122,3a043183b5810b71c06af72d0fddefec652ee6c780c1c3a3e0023c9d96b52029,SWE-agent datasets,12,False,False,0.4166666666666667,0.0,0.0,True,False,False,5,0,0,5,0,0
Natural500,natural-distribution control,Natural500_T000123,bad3811d63b5914a5c8d774d482812aaeb127b81cfca2100c4ef612f51d28bb7,SWE-agent datasets,11,False,False,0.8181818181818182,0.0,0.0,True,False,False,9,0,0,9,0,0
Natural500,natural-distribution control,Natural500_T000124,52b1f963a554f6340dcfe0ee3985e41b4686072c4a8dc0fcabd10188add4a399,SWE-agent datasets,16,False,False,0.8125,0.0,0.125,True,False,True,11,0,2,13,0,2
Natural500,natural-distribution control,Natural500_T000125,ec750d96b8e9b9d4206f66a80a86bfd76198133f7da918934676e68e5efbc7f2,SWE-agent datasets,106,False,True,0.09433962264150944,0.0,0.9150943396226415,True,False,True,9,0,94,10,0,97
Natural500,natural-distribution control,Natural500_T000126,a083f9ede3729f8ccdf7f212dc50b486c8e86500cbe9a9cf0db77a456e289d7a,SWE-agent datasets,12,False,False,0.9166666666666666,0.0,0.0,True,False,False,11,0,0,11,0,0
Natural500,natural-distribution control,Natural500_T000127,5a7daf6a792ae5ac9a6f55ac1c59abcc735f790e145d70f51eea466e9ad335e2,SWE-agent datasets,7,False,False,0.7142857142857143,0.0,0.0,True,False,False,5,0,0,5,0,0
Natural500,natural-distribution control,Natural500_T000128,438dcd1c2748e4e5c9064bd8bff600b946ff4f0ed1d2dacd5af4d5c07de0a6df,SWE-agent datasets,26,False,False,0.6153846153846154,0.038461538461538464,0.38461538461538464,True,True,True,16,1,10,16,1,10
Natural500,natural-distribution control,Natural500_T000129,3167519e359bb92721ff93e83f5b2bd44e25b53c9cc993d2f4bdf53bfb3c1154,SWE-agent datasets,12,False,False,0.9166666666666666,0.4166666666666667,0.25,True,True,True,9,2,2,11,5,3
Natural500,natural-distribution control,Natural500_T000130,aec184a3531042196aadadb5cd18d0c04fdd67900b9170d5fc4caa9b8c6b9087,SWE-agent datasets,15,False,False,0.9333333333333333,0.3333333333333333,0.06666666666666667,True,True,True,12,3,1,14,5,1
Natural500,natural-distribution control,Natural500_T000131,d0849c415fd2223346e12688dafd7fc3c26fd888cf71f90660990104eafa5f59,SWE-agent datasets,20,False,False,0.8,0.0,0.3,True,False,True,15,0,4,16,0,6
Natural500,natural-distribution control,Natural500_T000132,9cc36562deef941f94d9d3c6b776266079ad3af3bd2ea17f3243f3000ce8fe32,SWE-agent datasets,19,False,False,0.3157894736842105,0.0,0.5263157894736842,True,False,True,6,0,10,6,0,10
Natural500,natural-distribution control,Natural500_T000133,707108ddec07c515ecbbf02f0e6cb0989569e6b4b8f7f02fdfc5d87aca6adda9,SWE-agent datasets,9,False,False,1.0,0.0,0.0,True,False,False,9,0,0,9,0,0
Natural500,natural-distribution control,Natural500_T000134,2cd34a13667366c61a3ab50c2fa8b2e92b6b85d3bbf4b062383c70a99c4552b1,SWE-agent datasets,8,False,False,1.0,0.0,0.0,True,False,False,8,0,0,8,0,0
Natural500,natural-distribution control,Natural500_T000135,2cc2aeea8b54cc49ab8f4f3b9b697b0dcc7350789bd274c34f80b0f1a3f01f04,SWE-agent datasets,16,False,False,0.9375,0.0,0.0,True,False,False,15,0,0,15,0,0
Natural500,natural-distribution control,Natural500_T000136,832fe9537735a5405d641e140694b9e55cb52bf7bd19892fb720b49b290f8249,SWE-agent datasets,6,False,False,0.8333333333333334,0.0,0.0,True,False,False,5,0,0,5,0,0
Natural500,natural-distribution control,Natural500_T000137,903b64f34611324a9f86f123071dca6bb15f73672624bc29257c693b79fd8cd2,SWE-agent datasets,10,False,False,0.8,0.0,0.0,True,False,False,8,0,0,8,0,0
Natural500,natural-distribution control,Natural500_T000138,b79b1f7258e823100122db7dc5e37a143caf02c6b2c9bb8d16be5d882e732b1b,SWE-agent datasets,55,False,True,1.0,0.8909090909090909,0.6909090909090909,True,True,True,21,14,33,55,49,38
Natural500,natural-distribution control,Natural500_T000139,ab544f013db59fe42809e486b20c89b62df3a57d2c0e1f933e23940e6d5544e3,SWE-agent datasets,23,False,False,0.6521739130434783,0.0,0.08695652173913043,True,False,True,15,0,2,15,0,2
Natural500,natural-distribution control,Natural500_T000140,1c6c2a0c958f8db812308b75f820f58afa7bc35371e5db56a3e1a36d9050cd46,SWE-agent datasets,19,False,False,0.8421052631578947,0.5789473684210527,0.0,True,True,False,16,1,0,16,11,0
Natural500,natural-distribution control,Natural500_T000141,a3ffcac5312aaeb2c81b2a98ea7cb7871e89954c86eace4f4e684f6c04b12a39,SWE-agent datasets,42,False,True,0.35714285714285715,0.0,0.5476190476190477,True,False,True,15,0,23,15,0,23
Natural500,natural-distribution control,Natural500_T000142,cc98645db025bdbd9e6382e9afc309a5d89a286ba744cd9d13608c12b650384e,SWE-agent datasets,18,False,False,0.7777777777777778,0.0,0.0,True,False,False,14,0,0,14,0,0
Natural500,natural-distribution control,Natural500_T000143,a254a59cac1fdd6af4fe93bf3c59e709546868de335e5cae883461f2723e859d,SWE-agent datasets,15,False,False,0.8666666666666667,0.0,0.0,True,False,False,13,0,0,13,0,0
Natural500,natural-distribution control,Natural500_T000144,ad549aa6ceff5876032cb2d547e425825471f00c7d931febadee63d2797c91fe,SWE-agent datasets,14,False,False,0.8571428571428571,0.5,0.07142857142857142,True,True,True,9,2,1,12,7,1
Natural500,natural-distribution control,Natural500_T000145,0f22a604fb7cebc59e275dca9f48dfdccc799d47873ccfd78b554a047bebc2cc,SWE-agent datasets,15,False,False,0.7333333333333333,0.0,0.0,True,False,False,11,0,0,11,0,0
Natural500,natural-distribution control,Natural500_T000146,fb1538dfa26993fc946b796a79fa3accc8dd1de5bdb8b8eb159e4d890d290537,SWE-agent datasets,14,False,False,0.9285714285714286,0.0,0.0,True,False,False,13,0,0,13,0,0
Natural500,natural-distribution control,Natural500_T000147,d8bd09d803fb31a55f9b7854488b09940841949de4cf54f1f26338f18fe7548a,SWE-agent datasets,17,False,False,0.7058823529411765,0.0,0.0,True,False,False,12,0,0,12,0,0
Natural500,natural-distribution control,Natural500_T000148,3476392e9f305c1f8c3a7e103634546fbd035ba24fbf0da134f215a536f40266,SWE-agent datasets,6,False,False,0.3333333333333333,0.0,0.0,True,False,False,2,0,0,2,0,0
Natural500,natural-distribution control,Natural500_T000149,79819e002fae77d5b5d15fe218698f350c6bebabc871f2405a78198cae183ec0,SWE-agent datasets,27,False,False,0.8148148148148148,0.7037037037037037,0.0,True,True,False,20,5,0,22,19,0
Natural500,natural-distribution control,Natural500_T000150,8196554418fb5e38f7f8f0f7435c648246cf4059d23c45e51a7cce7ccb1f2306,SWE-agent datasets,7,False,False,0.8571428571428571,0.0,0.0,True,False,False,6,0,0,6,0,0
Natural500,natural-distribution control,Natural500_T000151,c14cc7a920caba98ae612899db62b6182439654b28b8b30f6726021078722d70,SWE-agent datasets,13,False,False,0.6923076923076923,0.3076923076923077,0.0,True,True,False,8,1,0,9,4,0
Natural500,natural-distribution control,Natural500_T000152,42373518d4d2128ff9d47e0dda8ba4d99659e097f073a203d6edfbcf8b432401,SWE-agent datasets,39,False,True,0.5384615384615384,0.46153846153846156,0.23076923076923078,True,True,True,17,3,9,21,18,9
Natural500,natural-distribution control,Natural500_T000153,9ed8ec9edd9d5e8d87dad2ce7404aba4cb0cb5193ca52a66f59c1b5b8ae331f1,SWE-agent datasets,9,False,False,1.0,0.5555555555555556,0.0,True,True,False,8,4,0,9,5,0
Natural500,natural-distribution control,Natural500_T000154,4aae813a015fa0965a0974d3581b69ffe9c09474304d69199010c135c630da3a,SWE-agent datasets,14,False,False,0.7142857142857143,0.0,0.0,True,False,False,10,0,0,10,0,0
Natural500,natural-distribution control,Natural500_T000155,287b916298c1e0279844a6bbc5b6c5b1ef6cc228a08e8ff89e2be438d4792e6a,SWE-agent datasets,10,False,False,0.7,0.0,0.0,True,False,False,7,0,0,7,0,0
Natural500,natural-distribution control,Natural500_T000156,061ad8176ac3f0418347b8b561de0b0bb1f2d58ce3f1f7abf01d82b003391319,SWE-agent datasets,10,False,False,1.0,0.0,0.0,True,False,False,10,0,0,10,0,0
Natural500,natural-distribution control,Natural500_T000157,d26d0edcc22432801f721505c11316e9f0cdcb617881cbb77d759e6403f24381,SWE-agent datasets,7,False,False,1.0,0.0,0.0,True,False,False,7,0,0,7,0,0
Natural500,natural-distribution control,Natural500_T000158,7c0918b5abe89699d5f28d94f190c15e8e8dc4414a9e590d7b4016f75f1deb31,SWE-agent datasets,18,False,False,1.0,0.0,0.0,True,False,False,18,0,0,18,0,0
Natural500,natural-distribution control,Natural500_T000159,3b9038a7e723e6955f0d8a03aed889db905b3828985c63ba958e47d8c5e8b343,SWE-agent datasets,11,False,False,1.0,0.0,0.0,True,False,False,11,0,0,11,0,0
Natural500,natural-distribution control,Natural500_T000160,123013bd34dbadc67ffbb27cc0d30971155814302afce2d5901c9b87303815a3,SWE-agent datasets,15,False,False,0.9333333333333333,0.0,0.0,True,False,False,14,0,0,14,0,0
Natural500,natural-distribution control,Natural500_T000161,f4946bc39038f19e60886b667fb5b7d8fe644d61db6d741ea89bdf113ce99f7d,SWE-agent datasets,10,False,False,1.0,0.0,0.0,True,False,False,10,0,0,10,0,0
Natural500,natural-distribution control,Natural500_T000162,93a1af7cbea70656d1db3c06e86d56233222f70a4beb58e9df15927e2abd4153,SWE-agent datasets,9,False,False,1.0,0.0,0.0,True,False,False,9,0,0,9,0,0
Natural500,natural-distribution control,Natural500_T000163,5ae02b298bb08c57e293382ed289a3bd049089d9ac55d5fcc53a50fbb250d84b,SWE-agent datasets,90,False,True,0.16666666666666666,0.0,0.7333333333333333,True,False,True,14,0,66,15,0,66
Natural500,natural-distribution control,Natural500_T000164,b44a42ce9df41338c1f6b9d4ad44b4a13d41ceb9920c2342e6d015c6000b004a,SWE-agent datasets,7,False,False,0.42857142857142855,0.0,0.14285714285714285,True,False,True,3,0,1,3,0,1
Natural500,natural-distribution control,Natural500_T000165,41fd7f45e76539e3d6174deb9dfeaadbdaf8bdcb9b4371c03b93aa0886cb58f4,SWE-agent datasets,13,False,False,0.7692307692307693,0.0,0.0,True,False,False,10,0,0,10,0,0
Natural500,natural-distribution control,Natural500_T000166,dae3257ac4eb771f29fd433b069ae380b19dcc00a481798497d627c8bae4fb21,SWE-agent datasets,12,False,False,0.0,0.0,0.0,False,False,False,0,0,0,0,0,0
Natural500,natural-distribution control,Natural500_T000167,ce6579194fa2aae28e022d7598f8c7836d811aff8e73be6b2d557a05ecd0f8e6,SWE-agent datasets,18,False,False,0.8888888888888888,0.3333333333333333,0.1111111111111111,True,True,True,12,2,2,16,6,2
Natural500,natural-distribution control,Natural500_T000168,fb72a04eda01d9b51ccba0f0c5be2a78d97005facde28dabf59fc2905c66d23b,SWE-agent datasets,13,False,False,0.9230769230769231,0.0,0.0,True,False,False,10,0,0,12,0,0
Natural500,natural-distribution control,Natural500_T000169,af991c80c8c12e60ecd1d21f8da644101e4ed4a14e95ffcc6a33575fd6c48d65,SWE-agent datasets,15,False,False,0.7333333333333333,0.0,0.0,True,False,False,11,0,0,11,0,0
Natural500,natural-distribution control,Natural500_T000170,2d797cfad947e5d995d2297c20225846b52aebd451f0ee3c35dc169b80826ddc,SWE-agent datasets,11,False,False,1.0,1.0,0.0,True,True,False,11,2,0,11,11,0
Natural500,natural-distribution control,Natural500_T000171,3d1a37f1cd8d304249a83d2f39a817d1903c1f18439c4e432814b3149008b900,SWE-agent datasets,11,False,False,1.0,1.0,0.0,True,True,False,11,2,0,11,11,0
Natural500,natural-distribution control,Natural500_T000172,983c3f2d39c0988f7212b34901f4e2a7dc9ae88c22dc700e50d281f25bd51bde,SWE-agent datasets,11,False,False,0.9090909090909091,0.0,0.0,True,False,False,9,0,0,10,0,0
Natural500,natural-distribution control,Natural500_T000173,a71df6b67a22565a171428a039ec78e0da1d314a1807e59d549144f9ab95d2a2,SWE-agent datasets,8,False,False,0.875,0.0,0.0,True,False,False,7,0,0,7,0,0
Natural500,natural-distribution control,Natural500_T000174,45db81dd26ef8b970f37ab28b8c3d71c905332d7742b495603dda9c31034c7cc,SWE-agent datasets,17,False,False,0.23529411764705882,0.0,0.7647058823529411,True,False,True,4,0,13,4,0,13
Natural500,natural-distribution control,Natural500_T000175,d54dd5c7727bc9f7a1da1f01e5efe767ea846f2ef9f501bdf01473bf800a9c03,SWE-agent datasets,11,False,False,1.0,1.0,0.0,True,True,False,11,1,0,11,11,0
Natural500,natural-distribution control,Natural500_T000176,95530294cb01010fbdd891587bfdc7a3ec7869759e26ef9d727c0b4f12839ce2,SWE-agent datasets,13,False,False,1.0,0.0,0.0,True,False,False,13,0,0,13,0,0
Natural500,natural-distribution control,Natural500_T000177,c6f3f91f99cc00d1ccd70747c3d67c8a29f1ef8f32b01afd923c6f0918bf65f5,SWE-agent datasets,16,False,False,0.9375,0.0,0.0,True,False,False,15,0,0,15,0,0
Natural500,natural-distribution control,Natural500_T000178,94b780ad20ffee4adde90ea94bdad44d8a73d92ffe92312872a46a0ddc1ef4d5,SWE-agent datasets,33,False,True,0.8787878787878788,0.5151515151515151,0.0,True,True,False,29,4,0,29,17,0
Natural500,natural-distribution control,Natural500_T000179,46f1c5934f688b2cc4be1ed4620a8967a66dffa82dcc5ae89364d34b11b17ada,SWE-agent datasets,76,False,True,0.9868421052631579,0.17105263157894737,0.7894736842105263,True,True,True,12,5,56,75,13,60
Natural500,natural-distribution control,Natural500_T000180,cb8cf76a52559537eedc8e08a96f6e38ab9443842e1e6c440a0e6c11effd8338,SWE-agent datasets,7,False,False,0.2857142857142857,0.0,0.0,True,False,False,2,0,0,2,0,0
Natural500,natural-distribution control,Natural500_T000181,0733bd51b342c7b8dfd15e4dd8e9c52d53145442d6e2ce1244ac45b13629d2f8,SWE-agent datasets,13,False,False,0.6923076923076923,0.0,0.0,True,False,False,9,0,0,9,0,0
Natural500,natural-distribution control,Natural500_T000182,102999c304c2851ab790da59b18a1c698119d5b7ecdbdf5983b8cc17d3fe5017,SWE-agent datasets,13,False,False,0.9230769230769231,0.0,0.0,True,False,False,12,0,0,12,0,0
Natural500,natural-distribution control,Natural500_T000183,b4b6f2e5657fb504c379a633c53bd098f9664bf339eb03d30a85cf8754324392,SWE-agent datasets,6,False,False,0.8333333333333334,0.0,0.0,True,False,False,5,0,0,5,0,0
Natural500,natural-distribution control,Natural500_T000184,de38b8634b463481afdbd0beb316b383d3a6f4405cf474703ca30bc2b220b234,SWE-agent datasets,30,False,False,0.23333333333333334,0.0,0.7666666666666667,True,False,True,7,0,22,7,0,23
Natural500,natural-distribution control,Natural500_T000185,7a12921e7f93d8828fdee53449588d7d9fec795a8143b8e08b16ad1c3bf1b6cf,SWE-agent datasets,19,False,False,0.8947368421052632,0.3157894736842105,0.0,True,True,False,16,3,0,17,6,0
Natural500,natural-distribution control,Natural500_T000186,849a8cd457f21044662d5b7de7757e738895e035557a05c78092ba058402eec0,SWE-agent datasets,11,False,False,0.9090909090909091,0.45454545454545453,0.0,True,True,False,10,4,0,10,5,0
Natural500,natural-distribution control,Natural500_T000187,9388df0f2f7fd4b9214db96b69d742912a9869f1a46680153287988247e20507,SWE-agent datasets,49,False,True,0.2653061224489796,0.0,0.6326530612244898,True,False,True,13,0,29,13,0,31
Natural500,natural-distribution control,Natural500_T000188,e7b581594d83a25fdf951f24377f73679b2202aebc2662ce889b8aef4a82165f,SWE-agent datasets,8,False,False,0.75,0.0,0.0,True,False,False,6,0,0,6,0,0
Natural500,natural-distribution control,Natural500_T000189,14f1d08b693da1aed3dc8ed4521d4ee5df7c1b1281d171dfcaee9aa70bbc346f,SWE-agent datasets,16,False,False,0.4375,0.4375,0.5,True,True,True,5,1,8,7,7,8
Natural500,natural-distribution control,Natural500_T000190,c53b90591b8988370ddc1228339da041d2c84f66959f0c398e596643983331b9,SWE-agent datasets,28,False,False,0.6785714285714286,0.0,0.5357142857142857,True,False,True,19,0,6,19,0,15
Natural500,natural-distribution control,Natural500_T000191,38f51e450323ef0cc290515404238e898e979da88574454355a03a93475154fe,SWE-agent datasets,19,False,False,0.5263157894736842,0.21052631578947367,0.0,True,True,False,10,4,0,10,4,0
Natural500,natural-distribution control,Natural500_T000192,3d4d23085fe7959ccb9d8e6aaa22639e61cd746b271163ff43010a95a71f5740,SWE-agent datasets,11,False,False,1.0,0.0,0.0,True,False,False,11,0,0,11,0,0
Natural500,natural-distribution control,Natural500_T000193,617cdf6053ebde84eceba5a3b8c448ff5231cb968953e9979bf9926dde5f7602,SWE-agent datasets,13,False,False,1.0,0.0,0.0,True,False,False,13,0,0,13,0,0
Natural500,natural-distribution control,Natural500_T000194,51ad8f128ef6483789ed429d98476b36ec8f0dfc21ad1656704102223830b258,SWE-agent datasets,40,False,True,0.15,0.15,0.825,True,True,True,6,1,28,6,6,33
Natural500,natural-distribution control,Natural500_T000195,730996a97ca248017c27686a90651df23e1d478fa3a429274f02d4003168d4a9,SWE-agent datasets,10,False,False,0.2,0.0,0.0,True,False,False,2,0,0,2,0,0
Natural500,natural-distribution control,Natural500_T000196,1e18a08d09bc70af905bca521e98069beadb9e38bfd8289dc9fe24ac3dc2d7fa,SWE-agent datasets,11,False,False,1.0,0.0,0.0,True,False,False,11,0,0,11,0,0
Natural500,natural-distribution control,Natural500_T000197,2c4de5220a686b7f3c4c9e579a33dc575a60f8d895771c01916916fa0a13e419,SWE-agent datasets,8,False,False,0.625,0.0,0.0,True,False,False,5,0,0,5,0,0
Natural500,natural-distribution control,Natural500_T000198,94a98c43af253bdebb53676c93142b6b092995eb74859429fcdbb9fc0b11fe79,SWE-agent datasets,16,False,False,0.625,0.0,0.0625,True,False,True,10,0,1,10,0,1
Natural500,natural-distribution control,Natural500_T000199,22f84df176c364d260d54e0ce9c6555c7eeb3104664d1013d80ef9e628e0ba95,SWE-agent datasets,17,False,False,0.7647058823529411,0.0,0.0,True,False,False,13,0,0,13,0,0
Natural500,natural-distribution control,Natural500_T000200,50112d9adc0bd85b06a1ebc53fbbb3e2ede4310b5c3916b13f2c04af8f6d1436,SWE-agent datasets,14,False,False,1.0,0.0,0.0,True,False,False,14,0,0,14,0,0
Natural500,natural-distribution control,Natural500_T000201,e6d0eab952947651cf9873d82675502a66252c050692626120e092d8783622ef,SWE-agent datasets,6,False,False,0.5,0.0,0.0,True,False,False,3,0,0,3,0,0
Natural500,natural-distribution control,Natural500_T000202,0bf26e42673207d72c8572d1734be3f176d2ed0b9199f0af3aac6dc230cc82ad,SWE-agent datasets,12,False,False,1.0,0.0,0.0,True,False,False,12,0,0,12,0,0
Natural500,natural-distribution control,Natural500_T000203,58d8cee591b6d1f1ec3bc5ed69eee6195d4a56719d156e25dc8d571bb898942a,SWE-agent datasets,11,False,False,1.0,0.0,0.0,True,False,False,11,0,0,11,0,0
Natural500,natural-distribution control,Natural500_T000204,0f47f69d4aed7c8b13ef3678ff4087741fd970e8149f3332484d2897b2a63bbc,SWE-agent datasets,7,False,False,0.8571428571428571,0.0,0.0,True,False,False,6,0,0,6,0,0
Natural500,natural-distribution control,Natural500_T000205,b821a6bfc54e7b50cc0a7db7281b317852c511789b79d7fab82dd3e3a04828b9,SWE-agent datasets,13,False,False,1.0,0.0,0.0,True,False,False,13,0,0,13,0,0
Natural500,natural-distribution control,Natural500_T000206,ebefe98742df7f744ee5997e0f100f738ab1cff09de1bc7b50d1a374582db438,SWE-agent datasets,140,False,True,0.02142857142857143,0.0,0.9214285714285714,True,False,True,3,0,129,3,0,129
Natural500,natural-distribution control,Natural500_T000207,d7e5a638660d1000e1cb608b6944724cda4d8b8534318523d189eb5b1ec0223e,SWE-agent datasets,27,False,False,0.5925925925925926,0.0,0.4074074074074074,True,False,True,16,0,11,16,0,11
Natural500,natural-distribution control,Natural500_T000208,4c8debc4c822fbae99eacff1ee893f482689fa28a3fe7407dca09e2e7c488448,SWE-agent datasets,11,False,False,1.0,0.0,0.0,True,False,False,11,0,0,11,0,0
Natural500,natural-distribution control,Natural500_T000209,3f9c216109b6f759b97dd72b11e76dfd6ace676b03bf91f24290c581e852df1e,SWE-agent datasets,8,False,False,1.0,0.0,0.0,True,False,False,8,0,0,8,0,0
Natural500,natural-distribution control,Natural500_T000210,863e4cf779ea3f24b771a94c53ba6830503103dbc487839c648b9bb5c15857b8,SWE-agent datasets,17,False,False,0.8823529411764706,0.0,0.0,True,False,False,12,0,0,15,0,0
Natural500,natural-distribution control,Natural500_T000211,d57e1c0348bd1ade20f1211bebe4d1e7dd135cc61a61494a1b43048c3689cff0,SWE-agent datasets,7,False,False,1.0,0.0,0.0,True,False,False,7,0,0,7,0,0
Natural500,natural-distribution control,Natural500_T000212,4490074e71211feb1579527a2f21c9f1e85997cace84d43c3d297df804dea5e7,SWE-agent datasets,52,False,True,0.6346153846153846,0.4807692307692308,0.40384615384615385,True,True,True,23,5,18,33,25,21
Natural500,natural-distribution control,Natural500_T000213,0f98662c7c9e32716cc1e7b94cec0c72974452b01830091db621aec6c07513a3,SWE-agent datasets,13,False,False,0.8461538461538461,0.8461538461538461,0.0,True,True,False,11,3,0,11,11,0
Natural500,natural-distribution control,Natural500_T000214,fb8f518d967d777759bd3778ad8636ce297a55e5b4b1c5805de2c0f150030cb6,SWE-agent datasets,14,False,False,0.7142857142857143,0.5714285714285714,0.0,True,True,False,8,4,0,10,8,0
Natural500,natural-distribution control,Natural500_T000215,9c0dd63aaa538b470e3b298ba9b7780594fc798eb208abcfa3afb479320b83cb,SWE-agent datasets,59,False,True,0.3389830508474576,0.2542372881355932,0.7796610169491526,True,True,True,11,5,41,20,15,46
Natural500,natural-distribution control,Natural500_T000216,ea769b298ceeb2e510c447fb437e9bf98d61c976ca5ff40fe5022e7e30d4cbf3,SWE-agent datasets,12,False,False,0.6666666666666666,0.0,0.0,True,False,False,8,0,0,8,0,0
Natural500,natural-distribution control,Natural500_T000217,ceb185442c110c5f273f57aa5f9bc268477e04ed936516f38570d8e0a17c9c30,SWE-agent datasets,9,False,False,1.0,0.0,0.0,True,False,False,9,0,0,9,0,0
Natural500,natural-distribution control,Natural500_T000218,7d13f37d2a28322e7642908272455c7aac79bb5aec02b0d7f49bb689152499d2,SWE-agent datasets,12,False,False,0.5833333333333334,0.0,0.0,True,False,False,7,0,0,7,0,0
Natural500,natural-distribution control,Natural500_T000219,772f565b346628e133a23acdf839bec1fe2be200e1ff57e020fd861c2a43f08b,SWE-agent datasets,11,False,False,0.6363636363636364,0.18181818181818182,0.0,True,True,False,7,1,0,7,2,0
Natural500,natural-distribution control,Natural500_T000220,3a439acf6f430fc97ad39c2891f57d2efc5ed2a04ed237116e3522bf6f1ba15d,SWE-agent datasets,8,False,False,1.0,1.0,0.0,True,True,False,8,1,0,8,8,0
Natural500,natural-distribution control,Natural500_T000221,3e56a879aa1824eaeec70e83ea27b5df92f773a7ca750b114bcea24b21a7cf51,SWE-agent datasets,10,False,False,0.6,0.3,0.0,True,True,False,5,2,0,6,3,0
Natural500,natural-distribution control,Natural500_T000222,19d451c0999b712a29436e95d2eb9cc7b630c1090e78497b788f822c0b7292be,SWE-agent datasets,25,False,False,0.72,0.0,0.48,True,False,True,14,0,8,18,0,12
Natural500,natural-distribution control,Natural500_T000223,8f95c47b8e82619f4b6a69101e00479fd1dbabf662492a639d12b6f7cab44b2c,SWE-agent datasets,13,False,False,0.8461538461538461,0.3076923076923077,0.0,True,True,False,11,1,0,11,4,0
Natural500,natural-distribution control,Natural500_T000224,9a2ab0bdbe30a408064661f4c46ec8eeb5d20e436f25d2a829f9419aab05d4c3,SWE-agent datasets,28,False,False,0.07142857142857142,0.0,0.8928571428571429,True,False,True,2,0,25,2,0,25
Natural500,natural-distribution control,Natural500_T000225,4ac756dcb1ac4f552c0deeb84e5f6558e53a6b19cb6fca6272b78508fb7eb53b,SWE-agent datasets,24,False,False,1.0,0.875,0.0,True,True,False,19,8,0,24,21,0
Natural500,natural-distribution control,Natural500_T000226,a2b0a2c70fe7b4feb1dbb46c523dff462577b81632f4e4ad6a45c3e67ba3f878,SWE-agent datasets,10,False,False,0.7,0.0,0.0,True,False,False,7,0,0,7,0,0
Natural500,natural-distribution control,Natural500_T000227,e5d19f7db0696de72eda5e74ed7aabaaf21b4cc9289f62e99c764ad7d05057a0,SWE-agent datasets,9,False,False,0.0,0.0,0.0,False,False,False,0,0,0,0,0,0
Natural500,natural-distribution control,Natural500_T000228,f5d4b39077ea067e77c9e724987c482c63a960625e8b56580f08bb7a87dfdd49,SWE-agent datasets,10,False,False,1.0,0.0,0.0,True,False,False,10,0,0,10,0,0
Natural500,natural-distribution control,Natural500_T000229,f9e2ba60678e0e2395ea916e2c8fbc41002c4c79b77ef42c636d3f9458b464f2,SWE-agent datasets,23,False,False,0.782608695652174,0.43478260869565216,0.13043478260869565,True,True,True,14,3,3,18,10,3
Natural500,natural-distribution control,Natural500_T000230,8a915aa27225d13733c6ddba7946713da50bd6fb2ee8946d77f96536bc115c57,SWE-agent datasets,90,False,True,0.9888888888888889,0.9888888888888889,0.6333333333333333,True,True,True,30,2,56,89,89,57
Natural500,natural-distribution control,Natural500_T000231,f85678fe476630c980c6f733de91d9dfeee6fa798fffd27e1e583bdbbf5704d7,SWE-agent datasets,9,False,False,0.6666666666666666,0.0,0.0,True,False,False,6,0,0,6,0,0
Natural500,natural-distribution control,Natural500_T000232,50fd0d9539490fced21bb70976730de348148d7783340cc591014bdf22130e50,SWE-agent datasets,16,False,False,0.1875,0.0625,0.5625,True,True,True,3,1,7,3,1,9
Natural500,natural-distribution control,Natural500_T000233,764aca97a7f63f416246c429c2039b9b4c7af631ec69f42efd4f1ed429403353,SWE-agent datasets,9,False,False,0.5555555555555556,0.2222222222222222,0.5555555555555556,True,True,True,3,1,4,5,2,5
Natural500,natural-distribution control,Natural500_T000234,696b59756556be2393f67a9cbae20989d3247f5feef5006f5d6590b0118ea95a,SWE-agent datasets,9,False,False,0.6666666666666666,0.0,0.0,True,False,False,6,0,0,6,0,0
Natural500,natural-distribution control,Natural500_T000235,6135936ddf3673a944cc9d4c46bfb14385c8b35d1c741dc98a01d0a2750e72c8,SWE-agent datasets,21,False,False,0.9523809523809523,0.0,0.0,True,False,False,20,0,0,20,0,0
Natural500,natural-distribution control,Natural500_T000236,39b218b40ebc812c61d0ad46b1be7ba481c61c4670e252ee7043baff39eeb51a,SWE-agent datasets,81,False,True,0.024691358024691357,0.0,0.9135802469135802,True,False,True,2,0,74,2,0,74
Natural500,natural-distribution control,Natural500_T000237,710ed5351862b9f0c107d2d8519f81a5ca4864b1ca01023ea94c1da0962ff3ec,SWE-agent datasets,12,False,False,1.0,0.0,0.0,True,False,False,12,0,0,12,0,0
Natural500,natural-distribution control,Natural500_T000238,06dde90f37e26f85696cf3851007a75dc6c7183ae024994f3d5bcaa3d60dbad6,SWE-agent datasets,26,False,False,0.9230769230769231,0.4230769230769231,0.0,True,True,False,24,2,0,24,11,0
Natural500,natural-distribution control,Natural500_T000239,fc368e0721098d4337b39b6ad0ac8f5b31fb4c55963ab50c7876cc6ddb31728f,SWE-agent datasets,70,False,True,0.5142857142857142,0.4857142857142857,0.4857142857142857,True,True,True,28,6,34,36,34,34
Natural500,natural-distribution control,Natural500_T000240,ea4895f8a69a6db79887e4050bc84ddd361939133c6ac69be4c02c17f2ce6514,SWE-agent datasets,14,False,False,0.5,0.0,0.0,True,False,False,6,0,0,7,0,0
Natural500,natural-distribution control,Natural500_T000241,6fb48d1a2fcd758b3de0adebad3e161841c4ada60d4a82124277e933b1a90ac9,SWE-agent datasets,39,False,True,0.8974358974358975,0.717948717948718,0.1794871794871795,True,True,True,27,8,6,35,28,7
Natural500,natural-distribution control,Natural500_T000242,7f0378b407560610e7b1cd8dbac6aec853d5cd48928716737bfe41ec31299653,SWE-agent datasets,38,False,True,0.868421052631579,0.5789473684210527,0.0,True,True,False,30,19,0,33,22,0
Natural500,natural-distribution control,Natural500_T000243,59e60ddb3709f1768080c02bc102ab366a1a802066753c2d08ebbe9b6528a2f1,SWE-agent datasets,9,False,False,0.2222222222222222,0.0,0.0,True,False,False,2,0,0,2,0,0
Natural500,natural-distribution control,Natural500_T000244,7aa4be012fac7e1d25ae22fd9c07e18217ba6289fdc47ceccaf27db59de281b1,SWE-agent datasets,17,False,False,0.8823529411764706,0.47058823529411764,0.0,True,True,False,15,4,0,15,8,0
Natural500,natural-distribution control,Natural500_T000245,1381284a372d05a365634a5da84a2d44916b34cd852d7d65df03aa9078bff649,SWE-agent datasets,35,False,True,0.45714285714285713,0.2,0.5428571428571428,True,True,True,11,4,18,16,7,19
Natural500,natural-distribution control,Natural500_T000246,a4a3f642f3e60323d023fa1bc194bf26d69a71ce7377e62a5432ae959d276c93,SWE-agent datasets,47,False,True,0.1702127659574468,0.0,0.8297872340425532,True,False,True,8,0,39,8,0,39
Natural500,natural-distribution control,Natural500_T000247,0462223b2b20425c1b6ed7ee68d743a5c3fc37966a7dfcc54227950abc33f3c6,SWE-agent datasets,11,False,False,0.5454545454545454,0.0,0.0,True,False,False,6,0,0,6,0,0
Natural500,natural-distribution control,Natural500_T000248,253e4a6f34dac9f2c0f1483a50b1fac0ec55a662a286bee597312211e6b405c1,SWE-agent datasets,15,False,False,0.2,0.0,0.3333333333333333,True,False,True,3,0,5,3,0,5
Natural500,natural-distribution control,Natural500_T000249,f9c247e7643bb182884935297c4bab4d4fc1c99b5d455ace4bc480dfa89d97d8,SWE-agent datasets,16,False,False,1.0,0.5,0.0,True,True,False,15,3,0,16,8,0
Natural500,natural-distribution control,Natural500_T000250,cb78f9ec6bcdf9096416b2d2b2d59feb0893c951241af979511e924246dde750,SWE-agent datasets,13,False,False,0.9230769230769231,0.0,0.0,True,False,False,12,0,0,12,0,0
Natural500,natural-distribution control,Natural500_T000251,a605c287833ef8516522c22db40c741c9dbf6490f37c853bab6610df8caa37e5,SWE-agent datasets,37,False,True,0.9459459459459459,0.8108108108108109,0.10810810810810811,True,True,True,27,6,3,35,30,4
Natural500,natural-distribution control,Natural500_T000252,b770f6e66d62307cd186e6124b2cb59978c283306cf898912de64bc97983088e,SWE-agent datasets,10,False,False,1.0,0.0,0.0,True,False,False,10,0,0,10,0,0
Natural500,natural-distribution control,Natural500_T000253,1fa926f0c9ea056f562375e3aff1a0a551f2c75903a39956cf3764d5df62c180,SWE-agent datasets,15,False,False,0.6666666666666666,0.0,0.26666666666666666,True,False,True,10,0,4,10,0,4
Natural500,natural-distribution control,Natural500_T000254,d8475ec558f10e5d6a5220aa95d3556cab381ad72de56ffe932ab50eb41642ec,SWE-agent datasets,11,False,False,0.18181818181818182,0.0,0.7272727272727273,True,False,True,2,0,8,2,0,8
Natural500,natural-distribution control,Natural500_T000255,e9f2ec64a47f1e704e05d065b935e930687e03b200f965fe74e0363cea979ca4,SWE-agent datasets,9,False,False,1.0,0.0,0.0,True,False,False,9,0,0,9,0,0
Natural500,natural-distribution control,Natural500_T000256,83642787119c3514cbeb59a6bd8cccc72f47ceb403387657bf5b3bf77b531231,SWE-agent datasets,11,False,False,1.0,0.0,0.0,True,False,False,11,0,0,11,0,0
Natural500,natural-distribution control,Natural500_T000257,15a2de9269b509a3ed6d22900fac66666e976c451fb089b19d2cbc1548fc08a7,SWE-agent datasets,10,False,False,0.6,0.0,0.0,True,False,False,6,0,0,6,0,0
Natural500,natural-distribution control,Natural500_T000258,cfe809ae70e300a5d1b221da8cde0dbbed507e75946aad9ee6ba0d5c9bfde9c1,SWE-agent datasets,9,False,False,1.0,1.0,0.0,True,True,False,9,1,0,9,9,0
Natural500,natural-distribution control,Natural500_T000259,96c923c87bfe8304a38ecfd9ec9ae93d70b7fcd0b5d8c9a7bf62ddc0ee82da12,SWE-agent datasets,11,False,False,0.9090909090909091,0.0,0.0,True,False,False,10,0,0,10,0,0
Natural500,natural-distribution control,Natural500_T000260,d687a97406313b4eeb3ad08a53f7ef70d2f3413b0feba7b8ad1e410f33ca9b5e,SWE-agent datasets,18,False,False,1.0,0.2777777777777778,0.05555555555555555,True,True,True,16,4,1,18,5,1
Natural500,natural-distribution control,Natural500_T000261,82f19da1d798ef71dcaf518951e1ee469c0b0439d239d63dce9b6d3068ceae66,SWE-agent datasets,59,False,True,0.7796610169491526,0.7288135593220338,0.15254237288135594,True,True,True,30,9,7,46,43,9
Natural500,natural-distribution control,Natural500_T000262,4c892cc6744658ca8929d6176a3c63695cf7bf656510ad54cae7934aff020be5,SWE-agent datasets,23,False,False,0.6956521739130435,0.0,0.0,True,False,False,16,0,0,16,0,0
Natural500,natural-distribution control,Natural500_T000263,4d832a58cce6b0889adb63f6785e25967190ea31bdb5dc3b9166617006eca0b3,SWE-agent datasets,10,False,False,0.7,0.3,0.2,True,True,True,7,3,2,7,3,2
Natural500,natural-distribution control,Natural500_T000264,cbb9a147b7a86fcc2f8b20ce6a2e49f0ae0a91db0b01f38a326dc8dbccb9af7a,SWE-agent datasets,10,False,False,0.9,0.0,0.0,True,False,False,9,0,0,9,0,0
Natural500,natural-distribution control,Natural500_T000265,ceb90f426db862384e26368b7faf2496bd238dec2b83477de129a624cc8b5395,SWE-agent datasets,7,False,False,0.0,0.0,1.0,False,False,True,0,0,7,0,0,7
Natural500,natural-distribution control,Natural500_T000266,217a1f24163e31ee1b15cd055438a7376c779bbc0c4203c2b8195fe6558d2df6,SWE-agent datasets,9,False,False,1.0,0.0,0.0,True,False,False,9,0,0,9,0,0
Natural500,natural-distribution control,Natural500_T000267,8de03d391515a054e75520ba7d1e7370f1a8020dde571b15a57b8caa4928f76c,SWE-agent datasets,9,False,False,1.0,0.0,0.0,True,False,False,9,0,0,9,0,0
Natural500,natural-distribution control,Natural500_T000268,182d71d26e0d0252b8f506c5cc72acfa5f9a60afb040c519d024f143c95d1840,SWE-agent datasets,9,False,False,0.3333333333333333,0.0,0.4444444444444444,True,False,True,3,0,4,3,0,4
Natural500,natural-distribution control,Natural500_T000269,b0eb91a498c3a782252b332b7984bc1fd24c9ef0afb03852333c09b853d0f0b9,SWE-agent datasets,14,False,False,0.8571428571428571,0.0,0.0,True,False,False,12,0,0,12,0,0
Natural500,natural-distribution control,Natural500_T000270,38b524c112e649dfa853ac9b596cbb19785ee592f364c0a5ecfa73d7e4e83470,SWE-agent datasets,15,False,False,0.7333333333333333,0.0,0.0,True,False,False,11,0,0,11,0,0
Natural500,natural-distribution control,Natural500_T000271,89362915104bb4b2f66d6ebc69d0ddc4a9575e10c6072afc084068c974db8b60,SWE-agent datasets,7,False,False,0.5714285714285714,0.0,0.0,True,False,False,4,0,0,4,0,0
Natural500,natural-distribution control,Natural500_T000272,e1a24256c30a01cb29fcc0c11254606ad6dc02eb743144ceaa9e2e2cc1646788,SWE-agent datasets,11,False,False,1.0,0.0,0.0,True,False,False,11,0,0,11,0,0
Natural500,natural-distribution control,Natural500_T000273,4e644e9d4bf204fa66c8b91f7a4fbcc60dd4083bca8db7cef8bc216246b4b5eb,SWE-agent datasets,36,False,True,0.5833333333333334,0.4444444444444444,0.2777777777777778,True,True,True,21,8,6,21,16,10
Natural500,natural-distribution control,Natural500_T000274,b817ac7e02cb05b83176f6c5a7b73386476e2e7e903a2a4b30727bd7bc26edb9,SWE-agent datasets,11,False,False,0.8181818181818182,0.0,0.0,True,False,False,9,0,0,9,0,0
Natural500,natural-distribution control,Natural500_T000275,28fefbae30a60149d2a7b9a0f065d5ad6c9709d70112da49723e3ca017d24532,SWE-agent datasets,13,False,False,1.0,0.0,0.0,True,False,False,13,0,0,13,0,0
Natural500,natural-distribution control,Natural500_T000276,a397802a93f91b4f47e0822702cb9ec994e7a67017e898a1123ea099d88d1449,SWE-agent datasets,20,False,False,0.9,0.35,0.05,True,True,True,18,4,1,18,7,1
Natural500,natural-distribution control,Natural500_T000277,6382e9e82d644a52a9390537b8d180c5b076917f96ec113d13c8f3ab20d16149,SWE-agent datasets,19,False,False,0.7894736842105263,0.0,0.0,True,False,False,15,0,0,15,0,0
Natural500,natural-distribution control,Natural500_T000278,ad3b3f3f5d9ded7fb3406f523f2d8df844365e9c4bccdbbb3d0355d4fb9b8317,SWE-agent datasets,43,False,True,0.9302325581395349,0.5813953488372093,0.20930232558139536,True,True,True,31,6,7,40,25,9
Natural500,natural-distribution control,Natural500_T000279,e861e660f9f01be5fd6de620ea6264e8fc5fc8160bfdfb24b0cb6d3712eb9a7b,SWE-agent datasets,14,False,False,0.7857142857142857,0.0,0.0,True,False,False,11,0,0,11,0,0
Natural500,natural-distribution control,Natural500_T000280,6cf620e048b43c9b500f17ce028c5e6f1a4f8a9a7b900ed8c3e2881e44e87cd7,SWE-agent datasets,7,False,False,0.0,0.0,0.0,False,False,False,0,0,0,0,0,0
Natural500,natural-distribution control,Natural500_T000281,6ed4563d12160a77f4a8367bcb56413aa051c2d5c7ef00bcb63bec0c2c5d6d43,SWE-agent datasets,12,False,False,0.9166666666666666,0.5,0.0,True,True,False,10,5,0,11,6,0
Natural500,natural-distribution control,Natural500_T000282,76d061006cb63e465c27b2070e55720e233a3bb1ca35aed06b02ac9d759697fd,SWE-agent datasets,11,False,False,0.6363636363636364,0.0,0.0,True,False,False,6,0,0,7,0,0
Natural500,natural-distribution control,Natural500_T000283,f244e3c87a906902dca9f6647bfa8b86ef770840533b3c94e9ba26e100c6c8ba,SWE-agent datasets,16,False,False,0.8125,0.0625,0.0,True,True,False,13,1,0,13,1,0
Natural500,natural-distribution control,Natural500_T000284,b26f9b74fdd6a934857943126641ed96c20cd472ebcad5389cafb927178eff79,SWE-agent datasets,10,False,False,0.9,0.9,0.0,True,True,False,9,1,0,9,9,0
Natural500,natural-distribution control,Natural500_T000285,a2c82d0baa2bd14e4d535adc98e82f00f5e041086d6e9a729b127f9a8cac11a2,SWE-agent datasets,7,False,False,1.0,0.0,0.0,True,False,False,7,0,0,7,0,0
Natural500,natural-distribution control,Natural500_T000286,4000734bc6b8e33cd624d2982578307565f16af83fefdf4cfae402abcf4b1ac1,SWE-agent datasets,8,False,False,1.0,0.0,0.0,True,False,False,8,0,0,8,0,0
Natural500,natural-distribution control,Natural500_T000287,72f9ae9b748c7f0571566ffb8dc91f1a47ea300c4ae3ca83b180108b1ee2fef0,SWE-agent datasets,7,False,False,0.7142857142857143,0.0,0.0,True,False,False,5,0,0,5,0,0
Natural500,natural-distribution control,Natural500_T000288,6c5bb11380a1417eeb51a4dd7a3678c658b350b409a62cc6569958c57f18cb7a,SWE-agent datasets,6,False,False,0.5,0.16666666666666666,0.0,True,True,False,3,1,0,3,1,0
Natural500,natural-distribution control,Natural500_T000289,7ecf815b4bacdadb15331ffe7a3a04c2a116376e43ba2e44b7800174f7d27c1b,SWE-agent datasets,15,False,False,0.8666666666666667,0.13333333333333333,0.0,True,True,False,13,2,0,13,2,0
Natural500,natural-distribution control,Natural500_T000290,c1bf8ce6b1b811f794fa261249fb76c0edcf85809e24c7791c287149e77385c8,SWE-agent datasets,17,False,False,0.9411764705882353,0.0,0.0,True,False,False,16,0,0,16,0,0
Natural500,natural-distribution control,Natural500_T000291,4af7f9ba8657a6c8cfc1d0850c80a4f4433b9f8f285f50cd2c5976a72aa0222c,SWE-agent datasets,136,False,True,0.11029411764705882,0.07352941176470588,0.875,True,True,True,13,5,119,15,10,119
Natural500,natural-distribution control,Natural500_T000292,7960bcea804dc9e444d7805f1b98282125eb0f4a6ff335098a0f6ee803121d07,SWE-agent datasets,7,False,False,1.0,0.0,0.0,True,False,False,7,0,0,7,0,0
Natural500,natural-distribution control,Natural500_T000293,092d020490a51dfb8aac08faf74e2f1a048f311b620a5980229262b15bf28a5c,SWE-agent datasets,8,False,False,1.0,0.0,0.0,True,False,False,8,0,0,8,0,0
Natural500,natural-distribution control,Natural500_T000294,3d2a0970245bc2bb509521d6af4fe3e9332ce7deca0536636a1d82e1b268b3a8,SWE-agent datasets,31,False,True,0.25806451612903225,0.0,0.7419354838709677,True,False,True,8,0,22,8,0,23
Natural500,natural-distribution control,Natural500_T000295,d7424d53cb7e601bb4d6c81813fda939c4812c44e1788f8af6abb88bfd2765b4,SWE-agent datasets,13,False,False,0.7692307692307693,0.0,0.0,True,False,False,10,0,0,10,0,0
Natural500,natural-distribution control,Natural500_T000296,ea17ee907117151aec999b2e9439631ac1e9a23277c1465a23792205775998bb,SWE-agent datasets,14,False,False,0.8571428571428571,0.0,0.0,True,False,False,12,0,0,12,0,0
Natural500,natural-distribution control,Natural500_T000297,6d9088686e6b30312e7083789e2f6733285b23dad3dfd264a06c8d69aaec34f7,SWE-agent datasets,8,False,False,1.0,0.0,0.0,True,False,False,8,0,0,8,0,0
Natural500,natural-distribution control,Natural500_T000298,a59c14d5a11575ba70e32dc52be575905f625ca26fe6596be5a6f4055b18803f,SWE-agent datasets,9,False,False,0.5555555555555556,0.0,0.0,True,False,False,5,0,0,5,0,0
Natural500,natural-distribution control,Natural500_T000299,36e2de1b1ed277763594bd1a5e8f97390b959766c23931bdbf5ba650c0457c08,SWE-agent datasets,17,False,False,0.5294117647058824,0.0,0.47058823529411764,True,False,True,9,0,8,9,0,8
Natural500,natural-distribution control,Natural500_T000300,b6f5e6178ceb2c1175ebc4fabf0c93b1d9e5ffc73e50826281948d8bc4924521,SWE-agent datasets,11,False,False,0.8181818181818182,0.0,0.0,True,False,False,9,0,0,9,0,0
Natural500,natural-distribution control,Natural500_T000301,8d80f8198dfd077b397f22b7643f621e95ca5e71592c6fc8d45c1acc27ce01ae,SWE-agent datasets,29,False,False,0.8620689655172413,0.27586206896551724,0.0,True,True,False,24,5,0,25,8,0
Natural500,natural-distribution control,Natural500_T000302,e20e70589e468841add509dbd089e5b35c3690658ad7e6e0adb32739d6b66ac3,SWE-agent datasets,8,False,False,1.0,0.0,0.0,True,False,False,8,0,0,8,0,0
Natural500,natural-distribution control,Natural500_T000303,b4d31b524efc7a1965019777bf42a0c451aea8b5a9116372d14f414352ac3658,SWE-agent datasets,32,False,True,0.1875,0.03125,0.71875,True,True,True,6,1,11,6,1,23
Natural500,natural-distribution control,Natural500_T000304,f7f5c6b74a4fc1afcf24d097078436938e7daff2fdf3a7a80b24dc882fdc1ee2,SWE-agent datasets,30,False,False,0.6333333333333333,0.0,0.43333333333333335,True,False,True,19,0,10,19,0,13
Natural500,natural-distribution control,Natural500_T000305,2a208481e902a7e7d366a340b41bf864b2ebff61ec7abd1e89b8aadf56a111d4,SWE-agent datasets,15,False,False,0.0,0.0,0.8,False,False,True,0,0,11,0,0,12
Natural500,natural-distribution control,Natural500_T000306,f5b1ef29fcd977991089ca36f08dc95e51fd339c3b8a2f8892d076ca11e8b7bd,SWE-agent datasets,19,False,False,0.631578947368421,0.05263157894736842,0.0,True,True,False,12,1,0,12,1,0
Natural500,natural-distribution control,Natural500_T000307,5add852732cad8aba8feea2d01367226de43824879c50dbbedff0e4f69e59d6a,SWE-agent datasets,11,False,False,1.0,0.0,0.0,True,False,False,11,0,0,11,0,0
Natural500,natural-distribution control,Natural500_T000308,a497aa236f3391614da367643961218535bb31db96ebe05917934ca2cfda884b,SWE-agent datasets,17,False,False,0.6470588235294118,0.0,0.11764705882352941,True,False,True,11,0,2,11,0,2
Natural500,natural-distribution control,Natural500_T000309,ec2732200c2e3719be5d2d40cb72682cf331aa067e631e9b23752673d5da13e0,SWE-agent datasets,27,False,False,0.9259259259259259,0.0,0.0,True,False,False,25,0,0,25,0,0
Natural500,natural-distribution control,Natural500_T000310,e7719ca156ea94383452d99e9307daa60afa245fd786cabaad9c37bc750ccf9b,SWE-agent datasets,11,False,False,1.0,0.0,0.0,True,False,False,11,0,0,11,0,0
Natural500,natural-distribution control,Natural500_T000311,a536776dfeebdca979eec62fd2e1782bd706cb9dc84f059cabd6da59a45311bd,SWE-agent datasets,9,False,False,1.0,0.0,0.0,True,False,False,9,0,0,9,0,0
Natural500,natural-distribution control,Natural500_T000312,01d65a5216bd0d69a19032b86d228435e34b1f87bf0eb569d739c644a553612e,SWE-agent datasets,15,False,False,0.9333333333333333,0.0,0.0,True,False,False,14,0,0,14,0,0
Natural500,natural-distribution control,Natural500_T000313,dd667f2cddede8cef7d573a7d6f435ba71f194ae1782fa9ba32ad65df8c511ad,SWE-agent datasets,23,False,False,0.391304347826087,0.0,0.6086956521739131,True,False,True,9,0,14,9,0,14
Natural500,natural-distribution control,Natural500_T000314,86b8425333dd4e5e43840528770c5886e782132b54492347af4ad8dc4cfd0dd6,SWE-agent datasets,30,False,False,0.9333333333333333,0.7666666666666667,0.0,True,True,False,21,6,0,28,23,0
Natural500,natural-distribution control,Natural500_T000315,30befcbd29eb59b7f99a5b1170b9e5bc13f30e5a0a3954bec7c1a66e326b2755,SWE-agent datasets,8,False,False,1.0,0.0,0.0,True,False,False,8,0,0,8,0,0
Natural500,natural-distribution control,Natural500_T000316,43a99c1f284293505fa4fee5992c9c5c3ee90905c97ae831f025a3b7a00e20d8,SWE-agent datasets,12,False,False,0.9166666666666666,0.5833333333333334,0.0,True,True,False,11,5,0,11,7,0
Natural500,natural-distribution control,Natural500_T000317,333533ab5016a0eb442d781e9c65b65b6bd771236cc3ee5cb73feeff0b5f2485,SWE-agent datasets,16,False,False,1.0,0.875,0.0,True,True,False,14,5,0,16,14,0
Natural500,natural-distribution control,Natural500_T000318,0406e147ec99dc6e52e8b19f0929f7f0f2d2b8d73e1ddd4277c312f0801cdf05,SWE-agent datasets,13,False,False,0.6923076923076923,0.0,0.0,True,False,False,9,0,0,9,0,0
Natural500,natural-distribution control,Natural500_T000319,3f5981a80887e1febbd7e0e58e03d79662ee601d2b26bdb15b64104345f239af,SWE-agent datasets,10,False,False,1.0,0.0,0.0,True,False,False,10,0,0,10,0,0
Natural500,natural-distribution control,Natural500_T000320,40fd3be60ec8a6a2e11b0f0c9531c5085a390807a0a431853acd2acd3873d367,SWE-agent datasets,34,False,True,0.35294117647058826,0.2647058823529412,0.47058823529411764,True,True,True,11,3,15,12,9,16
Natural500,natural-distribution control,Natural500_T000321,5fa2275d604c1af22749d7026b8eee67b5a9adae34068f96c83398a32abe5df1,SWE-agent datasets,52,False,True,0.9038461538461539,0.9038461538461539,0.7692307692307693,True,True,True,11,3,36,47,47,40
Natural500,natural-distribution control,Natural500_T000322,4eb0cea483cdacce6228177a59202962b5b46eeabeb159dcf2d106d2836d4206,SWE-agent datasets,9,False,False,0.7777777777777778,0.0,0.0,True,False,False,7,0,0,7,0,0
Natural500,natural-distribution control,Natural500_T000323,3381eae063e9e18b50dcfc8384147e0883eca0f319e062daa586549439ad81f8,SWE-agent datasets,57,False,True,0.6666666666666666,0.631578947368421,0.3333333333333333,True,True,True,35,13,17,38,36,19
Natural500,natural-distribution control,Natural500_T000324,b3b8085892c088f6a6ccaefa72d7dff9a44b468c170a301f8c2d6df29bd9bdd2,SWE-agent datasets,8,False,False,0.625,0.0,0.0,True,False,False,5,0,0,5,0,0
Natural500,natural-distribution control,Natural500_T000325,3f0e45465ab21e2c1a3c7cb39ae902e7f904f1bb0c88189523384e7b699b5932,SWE-agent datasets,8,False,False,0.5,0.0,0.0,True,False,False,4,0,0,4,0,0
Natural500,natural-distribution control,Natural500_T000326,1b3e48e947f88e93925fdf6a9ca853cafff6e2e1050fc01a2bde73571bfd09e7,SWE-agent datasets,13,False,False,0.9230769230769231,0.0,0.0,True,False,False,12,0,0,12,0,0
Natural500,natural-distribution control,Natural500_T000327,9fb40042c0368abeac03f6780244bbacab19668a90e3865720b7204a6b26b80a,SWE-agent datasets,11,False,False,0.9090909090909091,0.6363636363636364,0.0,True,True,False,9,6,0,10,7,0
Natural500,natural-distribution control,Natural500_T000328,51215082c384f5b33c30069268f495c233bf15db9760ecd7e8efabac6cf08833,SWE-agent datasets,11,False,False,0.9090909090909091,0.0,0.0,True,False,False,10,0,0,10,0,0
Natural500,natural-distribution control,Natural500_T000329,7676c0ab44ea2ad3c20c235d78493a0e36bb2c4e05fdba2b82b969bc03d5b9ed,SWE-agent datasets,13,False,False,1.0,0.0,0.0,True,False,False,13,0,0,13,0,0
Natural500,natural-distribution control,Natural500_T000330,30109cbcd125adea49c832480247ca21e365dc02e923e5f78c9e3c6791c6ddc5,SWE-agent datasets,8,False,False,1.0,0.0,0.0,True,False,False,8,0,0,8,0,0
Natural500,natural-distribution control,Natural500_T000331,5e817c51f0f34e0c71c9642ea858c62367c49e17726a80f19d2b884bc9142ddc,SWE-agent datasets,7,False,False,0.5714285714285714,0.0,0.0,True,False,False,4,0,0,4,0,0
Natural500,natural-distribution control,Natural500_T000332,559b1ff96dc3e0bdb91f1afa4fab0510cd584a9fbdad1677135e882544bc11ff,SWE-agent datasets,44,False,True,0.7272727272727273,0.36363636363636365,0.09090909090909091,True,True,True,31,3,4,32,16,4
Natural500,natural-distribution control,Natural500_T000333,b695fc204be0a8f0b0df3ef3a132c6388da342c6fd79437c9bd3b0fa05048755,SWE-agent datasets,7,False,False,1.0,0.0,0.0,True,False,False,7,0,0,7,0,0
Natural500,natural-distribution control,Natural500_T000334,d9282602c1f8f79b6a1bf8e029707ad388c3a37ca4d908e1e69248efe879d280,SWE-agent datasets,9,False,False,1.0,0.0,0.0,True,False,False,9,0,0,9,0,0
Natural500,natural-distribution control,Natural500_T000335,4c0d517465406c5b960e950e843bae94cea4a67855dab1da46cf809ac5da4bcc,SWE-agent datasets,8,False,False,1.0,0.0,0.0,True,False,False,8,0,0,8,0,0
Natural500,natural-distribution control,Natural500_T000336,a374a98a595d2661457ebe2029abc98f0e844c704373b47c8fb6b8ee8dba8479,SWE-agent datasets,11,False,False,1.0,0.0,0.0,True,False,False,11,0,0,11,0,0
Natural500,natural-distribution control,Natural500_T000337,9d30dafd2f361d7ed5909ddaaca8f09cce0b3ae03a9a4b1c66ac73ae6be7ea04,SWE-agent datasets,7,False,False,1.0,0.0,0.0,True,False,False,7,0,0,7,0,0
Natural500,natural-distribution control,Natural500_T000338,dff3811c5cb9146ecede70df752890efbb0c71ca15a1882e0932118ac9170417,SWE-agent datasets,9,False,False,0.8888888888888888,0.0,0.0,True,False,False,8,0,0,8,0,0
Natural500,natural-distribution control,Natural500_T000339,f37ed1bce0d1b57d23b1f8af1a8503334adf6ef1c4bd4ead9a44af92566c15f1,SWE-agent datasets,10,False,False,0.9,0.0,0.0,True,False,False,9,0,0,9,0,0
Natural500,natural-distribution control,Natural500_T000340,90011334013f75fc369893d7e180ff38af6cdbcec948a91cf94b3042ec85da07,SWE-agent datasets,18,False,False,0.6111111111111112,0.0,0.0,True,False,False,11,0,0,11,0,0
Natural500,natural-distribution control,Natural500_T000341,67542d15294107ec6f8e3804dbce7ab500466c56c6d3801335134c34258657a7,SWE-agent datasets,34,False,True,1.0,0.5,0.11764705882352941,True,True,True,25,3,4,34,17,4
Natural500,natural-distribution control,Natural500_T000342,6091d2f690a4ef55ab342eb1ad949c920e225c7b1481a9cbd7fdfc8c60719fae,SWE-agent datasets,8,False,False,0.75,0.75,0.0,True,True,False,6,1,0,6,6,0
Natural500,natural-distribution control,Natural500_T000343,9a4a8f57e27ca76f720523ca27ddd8fc11ec62973d698b801ad59609bb77728d,SWE-agent datasets,12,False,False,1.0,0.0,0.0,True,False,False,12,0,0,12,0,0
Natural500,natural-distribution control,Natural500_T000344,5838de42e117f497c4e31bf78e5cfd91f5f3c21db2a86323b80ccee7fc8e5cc8,SWE-agent datasets,10,False,False,0.2,0.0,0.0,True,False,False,2,0,0,2,0,0
Natural500,natural-distribution control,Natural500_T000345,8f7f506ccd1e429a0f9d14e5e4e282bdd8b8e9311f92680422c9949f84fae55c,SWE-agent datasets,11,False,False,0.9090909090909091,0.0,0.0,True,False,False,10,0,0,10,0,0
Natural500,natural-distribution control,Natural500_T000346,c61d38c837714cffd01e597b3a406dcea65c361d1036da25190e4e1e2f39493a,SWE-agent datasets,8,False,False,1.0,0.0,0.0,True,False,False,8,0,0,8,0,0
Natural500,natural-distribution control,Natural500_T000347,e201ff4c4f59ab852f029b42fe9d045b68e48fc94b782198105f26739e7f7ba0,SWE-agent datasets,12,False,False,0.9166666666666666,0.0,0.0,True,False,False,11,0,0,11,0,0
Natural500,natural-distribution control,Natural500_T000348,4cc0ae9042997cc9a9990242dc1aa503e6800dfdd1246f53aa75d1bb08e09839,SWE-agent datasets,10,False,False,0.3,0.0,0.7,True,False,True,3,0,7,3,0,7
Natural500,natural-distribution control,Natural500_T000349,85ddb87aad21a48bcc4f996982c48fbf7f07d1f05225c41e4d716b772927e20c,SWE-agent datasets,10,False,False,0.7,0.1,0.0,True,True,False,7,1,0,7,1,0
Natural500,natural-distribution control,Natural500_T000350,9c9c6e1290fb016a2e8057a33c2fabf90ff4bb60fe37f4dbfe3c54d5edb65203,SWE-agent datasets,10,False,False,0.9,0.0,0.0,True,False,False,9,0,0,9,0,0
Natural500,natural-distribution control,Natural500_T000351,ec27238ce2079fa1290a2c68e4c4c87407feb7549ba118fe0e1d5985438363f5,SWE-agent datasets,13,False,False,0.9230769230769231,0.38461538461538464,0.0,True,True,False,11,2,0,12,5,0
Natural500,natural-distribution control,Natural500_T000352,91e897d9a6051dca4f6a0d04c7f901b3818623202b131219011236a27a290882,SWE-agent datasets,11,False,False,0.7272727272727273,0.0,0.0,True,False,False,8,0,0,8,0,0
Natural500,natural-distribution control,Natural500_T000353,7dfd819d437ba21217f862c69461b7bdf778782d30e7d23103b78cacb7cf2d3d,SWE-agent datasets,9,False,False,1.0,0.0,0.0,True,False,False,9,0,0,9,0,0
Natural500,natural-distribution control,Natural500_T000354,28f60d3bb2b39fc2530e0bbbb4152315e1b6f7f303d6f11e835c51ef6832c52f,SWE-agent datasets,30,False,False,1.0,0.6666666666666666,0.5666666666666667,True,True,True,14,4,16,30,20,17
Natural500,natural-distribution control,Natural500_T000355,31dbc0029ff9deb5da67a6f8470bd66960180c29ced76733ed0a2be1285f8889,SWE-agent datasets,10,False,False,0.9,0.0,0.0,True,False,False,9,0,0,9,0,0
Natural500,natural-distribution control,Natural500_T000356,deb519026f37ba8a4f19011fa8ce40f2fc82dc971bed20c1e3971bd428141994,SWE-agent datasets,17,False,False,1.0,0.0,0.0,True,False,False,17,0,0,17,0,0
Natural500,natural-distribution control,Natural500_T000357,47e7543c6d2edc600cf39890df0b000b0a8f40a026e937c86ac8db36dd64fb1f,SWE-agent datasets,14,False,False,0.7857142857142857,0.35714285714285715,0.0,True,True,False,10,3,0,11,5,0
Natural500,natural-distribution control,Natural500_T000358,f1b8af30521879fff283108597630173acde8c0352321cdbf1b257fba1e8be56,SWE-agent datasets,15,False,False,1.0,0.0,0.0,True,False,False,15,0,0,15,0,0
Natural500,natural-distribution control,Natural500_T000359,d211a2c380a99f46acf23e1bf837610d4c569b795e4235fc82a3467b9ffccbae,SWE-agent datasets,9,False,False,1.0,0.0,0.0,True,False,False,9,0,0,9,0,0
Natural500,natural-distribution control,Natural500_T000360,e578823941decf5d37c719949beada594ba0fc8bfbfc72462cbd0ddef67baa22,SWE-agent datasets,8,False,False,0.875,0.0,0.0,True,False,False,7,0,0,7,0,0
Natural500,natural-distribution control,Natural500_T000361,bb27d2f32dc625a6574ba27a6f4c30ec85efe28cdae7afefdcb982c52eca4a7a,SWE-agent datasets,9,False,False,0.7777777777777778,0.5555555555555556,0.0,True,True,False,7,1,0,7,5,0
Natural500,natural-distribution control,Natural500_T000362,76a565ab28862f2dfa3e2274d31260b5f83405680465ce31e93c0f9936a511be,SWE-agent datasets,20,False,False,0.85,0.0,0.0,True,False,False,17,0,0,17,0,0
Natural500,natural-distribution control,Natural500_T000363,9e2b1118d4b30a8fc8e8005017134ea8f0484f4489ac88cc34aba32aa19695b9,SWE-agent datasets,10,False,False,1.0,0.0,0.0,True,False,False,10,0,0,10,0,0
Natural500,natural-distribution control,Natural500_T000364,93588363cf3aa3976c9219bbf1ac91b0f4ad44a1efdb74d4b2217bbcc0a0229a,SWE-agent datasets,9,False,False,1.0,0.0,0.0,True,False,False,9,0,0,9,0,0
Natural500,natural-distribution control,Natural500_T000365,726193279fdc39387d17113501cf3979a1c71f5bf9ec19b16b773746097a3f92,SWE-agent datasets,7,False,False,0.7142857142857143,0.0,0.0,True,False,False,5,0,0,5,0,0
Natural500,natural-distribution control,Natural500_T000366,54dd65edadf97f27bb3794c50099543c7c93a8523e70212b1abae6e10ca45e75,SWE-agent datasets,11,False,False,1.0,0.0,0.0,True,False,False,11,0,0,11,0,0
Natural500,natural-distribution control,Natural500_T000367,aab4aa9cc8b3ee0b601134573364c652b524d46d6be01188e91dedb682530fd7,SWE-agent datasets,23,False,False,1.0,0.0,0.0,True,False,False,23,0,0,23,0,0
Natural500,natural-distribution control,Natural500_T000368,c6c225deb6bf963e94f0781cc0cfc5d8835417dcdbff4d730e6f3f05d1c079aa,SWE-agent datasets,12,False,False,1.0,0.0,0.0,True,False,False,12,0,0,12,0,0
Natural500,natural-distribution control,Natural500_T000369,74fc85f6fe800e527f348f961280d40003fc17a44c3f5ce25ffb9d1ccc000ef5,SWE-agent datasets,40,False,True,0.975,0.8,0.775,True,True,True,9,2,29,39,32,31
Natural500,natural-distribution control,Natural500_T000370,bb2bb658e952f80d4be93b1a7887c65730a6eea212c3cc594d8495ffaec5b6eb,SWE-agent datasets,48,False,True,0.2916666666666667,0.25,0.7083333333333334,True,True,True,13,5,34,14,12,34
Natural500,natural-distribution control,Natural500_T000371,c43604258983cfbbc4449af5fd81b1a2b078dd274af0bfecd6d85dc8a1112794,SWE-agent datasets,7,False,False,0.8571428571428571,0.0,0.0,True,False,False,6,0,0,6,0,0
Natural500,natural-distribution control,Natural500_T000372,a00681ba9da1ef18a0e7135a49cad4698d8b03757429ea4c816cd24f64b3f456,SWE-agent datasets,15,False,False,1.0,0.0,0.0,True,False,False,15,0,0,15,0,0
Natural500,natural-distribution control,Natural500_T000373,2995b5438f302b1913480ce96630aeb0b3ea4563dfc81ac591d6d49ea9224a8c,SWE-agent datasets,22,False,False,0.2727272727272727,0.045454545454545456,0.5909090909090909,True,True,True,6,1,11,6,1,13
Natural500,natural-distribution control,Natural500_T000374,dc94f6cd2f7ae45c059a01dcb88833d38c6c92b503c8dab994045b17e7149cf4,SWE-agent datasets,9,False,False,1.0,0.0,0.0,True,False,False,9,0,0,9,0,0
Natural500,natural-distribution control,Natural500_T000375,45bc23b9d47ab3ae41768b35bf1d2a15bd951f0df80d45617d3dd24287c1607f,SWE-agent datasets,16,False,False,0.8125,0.0,0.0,True,False,False,13,0,0,13,0,0
Natural500,natural-distribution control,Natural500_T000376,b3bf5dd45d6c236b1c042e8eb1f29b7b0b2a874357343b0b538b132356927039,SWE-agent datasets,13,False,False,1.0,0.0,0.0,True,False,False,13,0,0,13,0,0
Natural500,natural-distribution control,Natural500_T000377,30bb54b1e8bb629e599a96d7ec1499cf654c1f469455a10ff38ae286acd760b9,SWE-agent datasets,11,False,False,1.0,0.0,0.0,True,False,False,11,0,0,11,0,0
Natural500,natural-distribution control,Natural500_T000378,7a0d02408ed6e6c3421e2ce43a21b36b97ec57355f8eaab62916f51b906ff008,SWE-agent datasets,7,False,False,0.42857142857142855,0.0,0.0,True,False,False,3,0,0,3,0,0
Natural500,natural-distribution control,Natural500_T000379,db4662c7ce62ba02b49a82fc047529ddf8165432e89fe1072460ad1b5c08c59d,SWE-agent datasets,10,False,False,1.0,0.0,0.0,True,False,False,10,0,0,10,0,0
Natural500,natural-distribution control,Natural500_T000380,0d66b79d351f6a332d1587a7b671b8f3855d60bb93adda59adcfc74fafb581e3,SWE-agent datasets,29,False,False,0.6896551724137931,0.06896551724137931,0.6896551724137931,True,True,True,20,2,7,20,2,20
Natural500,natural-distribution control,Natural500_T000381,9d5e121dc2ae96d36b20f16e1a1569cf10b315b94073cc84e97f71146f6923b1,SWE-agent datasets,9,False,False,0.7777777777777778,0.7777777777777778,0.0,True,True,False,7,1,0,7,7,0
Natural500,natural-distribution control,Natural500_T000382,62469ca9bb9eb06c6123297bcbc4459c90be6bfbe04a8f5e77c1982c25fdac6a,SWE-agent datasets,9,False,False,0.8888888888888888,0.0,0.0,True,False,False,8,0,0,8,0,0
Natural500,natural-distribution control,Natural500_T000383,128337f6d8d7c20d1783172fc1dd3972203afbbc2ad69bb7cef0f135b142b91f,SWE-agent datasets,83,False,True,0.26506024096385544,0.18072289156626506,0.7108433734939759,True,True,True,22,7,59,22,15,59
Natural500,natural-distribution control,Natural500_T000384,55b902631518f2224e8ec55cb905a8948bf6265fd7f4af4fb96aa01cf2a69323,SWE-agent datasets,8,False,False,0.875,0.0,0.0,True,False,False,6,0,0,7,0,0
Natural500,natural-distribution control,Natural500_T000385,2d4e727d175f774633c3465a19a3ed339ab9c006debb98ad45a7ca6b1b07de53,SWE-agent datasets,25,False,False,0.56,0.0,0.0,True,False,False,14,0,0,14,0,0
Natural500,natural-distribution control,Natural500_T000386,9994562908b85df1838a7a8a6fb9a6761b151186bf981870ac7dadc6e30236bf,SWE-agent datasets,9,False,False,0.5555555555555556,0.0,0.0,True,False,False,5,0,0,5,0,0
Natural500,natural-distribution control,Natural500_T000387,0c6909d5416810d10387df6e5a565bf95dd09fbf483397f3590ab5b61f25539f,SWE-agent datasets,8,False,False,1.0,0.0,0.0,True,False,False,8,0,0,8,0,0
Natural500,natural-distribution control,Natural500_T000388,2f693996c99246f4d078ed7811c8a90203f7a2cce521e54a57404d8b967aab48,SWE-agent datasets,11,False,False,0.2727272727272727,0.0,0.45454545454545453,True,False,True,3,0,4,3,0,5
Natural500,natural-distribution control,Natural500_T000389,415e72a0aaa7b2a3e5d08ef5621dd89dbb7cca011643093f9e328cdbdaac1121,SWE-agent datasets,9,False,False,0.6666666666666666,0.0,0.0,True,False,False,5,0,0,6,0,0
Natural500,natural-distribution control,Natural500_T000390,7acf3622fd85fb1709df6d51f786291be90f837d540b60fc45e92a03cacfbf97,SWE-agent datasets,6,False,False,0.6666666666666666,0.0,0.0,True,False,False,4,0,0,4,0,0
Natural500,natural-distribution control,Natural500_T000391,193ebcd988eb61b7a0af157cccae986edfdfb953bb24367fb1e3525cd5bad761,SWE-agent datasets,15,False,False,0.6666666666666666,0.6666666666666666,0.3333333333333333,True,True,True,9,1,5,10,10,5
Natural500,natural-distribution control,Natural500_T000392,243edc83bec77eddf78e7cf46b2f535f2464c23b651ddbd7ebe4b3b2a76e676a,SWE-agent datasets,10,False,False,1.0,0.0,0.0,True,False,False,10,0,0,10,0,0
Natural500,natural-distribution control,Natural500_T000393,dee7254b7994bb747cf2d7b1578cba67155fc19b0407beac0048eee21b665350,SWE-agent datasets,11,False,False,0.7272727272727273,0.0,0.0,True,False,False,8,0,0,8,0,0
Natural500,natural-distribution control,Natural500_T000394,a3d8e6403c6369ddd446f62b360510e1802bc8c1b81122e23f895dea4445d99d,SWE-agent datasets,12,False,False,1.0,0.0,0.0,True,False,False,12,0,0,12,0,0
Natural500,natural-distribution control,Natural500_T000395,cc3d6890d27bc582343447a684ed5343cf396784850e8d9a62f69dbaa26436fa,SWE-agent datasets,11,False,False,0.7272727272727273,0.0,0.0,True,False,False,8,0,0,8,0,0
Natural500,natural-distribution control,Natural500_T000396,e898a6ad77912d7b188338dd212b02f76063607709d40560ad623054c7d09696,SWE-agent datasets,8,False,False,0.75,0.375,0.0,True,True,False,6,2,0,6,3,0
Natural500,natural-distribution control,Natural500_T000397,931088cc0fe9a4ba850154855cd3438ff1dba815a0e74e2a630f2bb21e65c997,SWE-agent datasets,19,False,False,1.0,0.0,0.0,True,False,False,19,0,0,19,0,0
Natural500,natural-distribution control,Natural500_T000398,a923e0ba76591a1d82d3c0a588afc0a46672781fcb925d5c874fbfe66c6bc526,SWE-agent datasets,10,False,False,0.6,0.3,0.1,True,True,True,6,3,1,6,3,1
Natural500,natural-distribution control,Natural500_T000399,89adde6b3d898bf2acf7e9325389e5db8c65a5c72d1403094261c02836b988e7,SWE-agent datasets,16,False,False,0.875,0.0,0.0,True,False,False,14,0,0,14,0,0
Natural500,natural-distribution control,Natural500_T000400,42e4f503524318fe36c391eaa254233d8123c2f668017c065af62348c866aea8,SWE-agent datasets,31,False,True,0.967741935483871,0.7419354838709677,0.03225806451612903,True,True,True,29,11,1,30,23,1
Natural500,natural-distribution control,Natural500_T000401,7dfa4d86ac2f6ff630057899277e59f5f82d914e000fcf21877c2b4c202defb6,SWE-agent datasets,14,False,False,1.0,0.0,0.0,True,False,False,14,0,0,14,0,0
Natural500,natural-distribution control,Natural500_T000402,1f2b8f18d4ab3e6188f2a77a6b61f399c805f5cb24efb80e640770b14ff21408,SWE-agent datasets,7,False,False,1.0,0.0,0.0,True,False,False,7,0,0,7,0,0
Natural500,natural-distribution control,Natural500_T000403,e310c20e56a76f9580a06e2215c8e3924b9afe313ae7cbf7f93d7ec2891f7cd1,SWE-agent datasets,34,False,True,0.6470588235294118,0.11764705882352941,0.17647058823529413,True,True,True,22,3,6,22,4,6
Natural500,natural-distribution control,Natural500_T000404,470488d558c867118d5412ae8065946a5c185272c7137c8c7f01182de48d16b8,SWE-agent datasets,13,False,False,1.0,1.0,0.0,True,True,False,13,3,0,13,13,0
Natural500,natural-distribution control,Natural500_T000405,6d74ff90259e6aba61e1719815814b35ed2e0750f271b136639103a1a91efa09,SWE-agent datasets,15,False,False,0.6,0.0,0.26666666666666666,True,False,True,9,0,4,9,0,4
Natural500,natural-distribution control,Natural500_T000406,48928b01d2560269726acd306488f79afc6b3778c3058340fe24c1389aa51cd9,SWE-agent datasets,16,False,False,1.0,0.0,0.5625,True,False,True,14,0,1,16,0,9
Natural500,natural-distribution control,Natural500_T000407,b10ef235fd601663b16a3fd4b1920493359e1128e029637b054fb5c8b717ca59,SWE-agent datasets,18,False,False,1.0,0.0,0.0,True,False,False,18,0,0,18,0,0
Natural500,natural-distribution control,Natural500_T000408,1bb66dbe0c0fae298d7a38cdda612ade0cf11ea75f53bfb02fb834c9a6e2b72c,SWE-agent datasets,26,False,False,0.8846153846153846,0.15384615384615385,0.0,True,True,False,20,2,0,23,4,0
Natural500,natural-distribution control,Natural500_T000409,7513df75c0ffa4b4f6d587ff261f64972c11a5dbecd30dbb73fba953209b67fa,SWE-agent datasets,33,False,True,0.6363636363636364,0.3333333333333333,0.24242424242424243,True,True,True,21,4,8,21,11,8
Natural500,natural-distribution control,Natural500_T000410,c0f60343ae9082fd4920a0acf1cf913a43f905dda4d1250be39656fb06d3ca4b,SWE-agent datasets,9,False,False,0.6666666666666666,0.0,0.3333333333333333,True,False,True,5,0,3,6,0,3
Natural500,natural-distribution control,Natural500_T000411,1de8721cc4e0328b98716e80ca9312040f7281454e113d51e6ca6be84e210316,SWE-agent datasets,11,False,False,0.7272727272727273,0.0,0.0,True,False,False,8,0,0,8,0,0
Natural500,natural-distribution control,Natural500_T000412,766371f0af593797fe4dbb6af123515d2b034d18d3e42089bde77c3d22bd4426,SWE-agent datasets,48,False,True,0.3541666666666667,0.020833333333333332,0.6666666666666666,True,True,True,17,1,22,17,1,32
Natural500,natural-distribution control,Natural500_T000413,f3bdd7aa45344a74fc97c87d322bbe3fe1f420c36d4405874f77d033ee3d227b,SWE-agent datasets,22,False,False,0.9545454545454546,0.9545454545454546,0.0,True,True,False,21,5,0,21,21,0
Natural500,natural-distribution control,Natural500_T000414,72d29ce25884cea889ae317dc958aeb3b874de8bcc76000bd83ff76f815846fc,SWE-agent datasets,10,False,False,0.9,0.0,0.0,True,False,False,9,0,0,9,0,0
Natural500,natural-distribution control,Natural500_T000415,f2a831c2c6ac2fc860b8937b9b7190e508c45a5dffe65549ac2d265aad5d61b3,SWE-agent datasets,13,False,False,0.6153846153846154,0.0,0.0,True,False,False,8,0,0,8,0,0
Natural500,natural-distribution control,Natural500_T000416,fdcaa505aa743e8c37bfa7e7efa4d01ae6439afa8c9a3c9f0aef253e6d1f236f,SWE-agent datasets,14,False,False,0.5,0.0,0.42857142857142855,True,False,True,7,0,6,7,0,6
Natural500,natural-distribution control,Natural500_T000417,e40a61d7e27776014d8a7122d108a51fe107e20ad9753fa38c283e3199073797,SWE-agent datasets,7,False,False,1.0,0.0,0.0,True,False,False,7,0,0,7,0,0
Natural500,natural-distribution control,Natural500_T000418,2ca43afc90e933ea8543de3c364bb1ec1c75527489751f3511309210f521c501,SWE-agent datasets,8,False,False,0.375,0.125,0.125,True,True,True,3,1,1,3,1,1
Natural500,natural-distribution control,Natural500_T000419,6e547a6a3f36eee8a3478f7d0431cc929f4dab5e439496a9f113f11f7216a860,SWE-agent datasets,27,False,False,0.5555555555555556,0.25925925925925924,0.37037037037037035,True,True,True,14,2,8,15,7,10
Natural500,natural-distribution control,Natural500_T000420,85230a1ebb500e3137d4f991a4144a53357319d0bbe1a4ca607feb14bec5d071,SWE-agent datasets,14,False,False,0.8571428571428571,0.0,0.0,True,False,False,12,0,0,12,0,0
Natural500,natural-distribution control,Natural500_T000421,103560061cf3a3e34e319ae8ca2da6359b59ff3333098a46297be548f7409aef,SWE-agent datasets,9,False,False,1.0,0.0,0.0,True,False,False,9,0,0,9,0,0
Natural500,natural-distribution control,Natural500_T000422,5ffdb17b86c0eac9099282b7eb40279b7e1c38c61265513de87d76fbaaddbc32,SWE-agent datasets,15,False,False,0.9333333333333333,0.0,0.0,True,False,False,14,0,0,14,0,0
Natural500,natural-distribution control,Natural500_T000423,48d3a468904a33ae302e6e1a56e095a1000f58d53d4ffe7f4ae83a2e2312cb44,SWE-agent datasets,11,False,False,0.8181818181818182,0.0,0.0,True,False,False,9,0,0,9,0,0
Natural500,natural-distribution control,Natural500_T000424,4c3f6bfcada8935827787b64611c52cdacfa5d0814456775efc28e187c911c26,SWE-agent datasets,30,False,False,0.3,0.0,0.7,True,False,True,9,0,21,9,0,21
Natural500,natural-distribution control,Natural500_T000425,367e5b73b553140d09ea0c99fb4aa6a4433badabbe2a4b63144793708db542bd,SWE-agent datasets,15,False,False,0.7333333333333333,0.13333333333333333,0.0,True,True,False,11,1,0,11,2,0
Natural500,natural-distribution control,Natural500_T000426,f2b4a097ab28c95855f36fc4a59fe26aa103df976d235c82a84cb8c9b0551c51,SWE-agent datasets,13,False,False,0.7692307692307693,0.0,0.0,True,False,False,10,0,0,10,0,0
Natural500,natural-distribution control,Natural500_T000427,dacdd50c476e9bbc4a9d6edd85382e9641a5ddb542d01501cc86ea89758b1b97,SWE-agent datasets,24,False,False,0.875,0.0,0.0,True,False,False,21,0,0,21,0,0
Natural500,natural-distribution control,Natural500_T000428,6b1583daf0068459f99f2d4b2986d1034f78f6a4d1e1c991b55ed8550b93f047,SWE-agent datasets,8,False,False,0.625,0.0,0.0,True,False,False,5,0,0,5,0,0
Natural500,natural-distribution control,Natural500_T000429,996e6872cc949cc4bc82da5dc72c71919b5cb2bbf9e9313fd41ac75b27979723,SWE-agent datasets,27,False,False,0.8888888888888888,0.5185185185185185,0.1111111111111111,True,True,True,20,2,3,24,14,3
Natural500,natural-distribution control,Natural500_T000430,dc0ee76a9bf79397cedf3202657495bf8cad5b08701e7ad2aecf58b725b6a942,SWE-agent datasets,12,False,False,0.9166666666666666,0.0,0.0,True,False,False,10,0,0,11,0,0
Natural500,natural-distribution control,Natural500_T000431,2cfce37c964f33d3a614bfa473f0e2199ffb6876b4eff015bd2432191f5130f7,SWE-agent datasets,12,False,False,0.6666666666666666,0.4166666666666667,0.25,True,True,True,7,3,3,8,5,3
Natural500,natural-distribution control,Natural500_T000432,85a2ea9fe79702de434fc413db7d0c90601f1f69be773a1b53358f35135f2e47,SWE-agent datasets,15,False,False,0.6,0.0,0.0,True,False,False,9,0,0,9,0,0
Natural500,natural-distribution control,Natural500_T000433,dff76e0b3c5d7bb97150bc95c649d7d3678b9f62ec1ad1c485cee898c8a2df88,SWE-agent datasets,7,False,False,1.0,0.0,0.0,True,False,False,6,0,0,7,0,0
Natural500,natural-distribution control,Natural500_T000434,d214db2e424493bd9063e7b8e14c432de94c992c320720398ec7597619e029fb,SWE-agent datasets,7,False,False,1.0,0.0,0.0,True,False,False,7,0,0,7,0,0
Natural500,natural-distribution control,Natural500_T000435,127e3ca837e852e296b3b784f9085fa1e5b6ed19048861203fcb8812d66bdd79,SWE-agent datasets,70,False,True,0.3,0.2714285714285714,0.7571428571428571,True,True,True,15,9,48,21,19,53
Natural500,natural-distribution control,Natural500_T000436,fc2c044b668e1feeb8856a3e6127f345173186dfa41db9d1febb317f313e9d86,SWE-agent datasets,13,False,False,0.6923076923076923,0.0,0.3076923076923077,True,False,True,9,0,4,9,0,4
Natural500,natural-distribution control,Natural500_T000437,39a28f5505bc579c8075842649c1a525dbc09bd9e207cf1cb46371f290c9a725,SWE-agent datasets,11,False,False,0.18181818181818182,0.0,0.36363636363636365,True,False,True,2,0,4,2,0,4
Natural500,natural-distribution control,Natural500_T000438,4fb3f7c85390b443c89cc69d8337ea831aacb28509633ab060530738b03c03b9,SWE-agent datasets,9,False,False,1.0,0.5555555555555556,0.0,True,True,False,7,2,0,9,5,0
Natural500,natural-distribution control,Natural500_T000439,b25989b9e6aa011782463658f306673ff6ccfe9eef1ccfff07519540d2433e40,SWE-agent datasets,11,False,False,0.6363636363636364,0.0,0.0,True,False,False,7,0,0,7,0,0
Natural500,natural-distribution control,Natural500_T000440,241ee5e3cb55c2e77cdbec0d3fb2b6e238ee60e90c2ddcb044782d948a634d84,SWE-agent datasets,9,False,False,0.7777777777777778,0.0,0.1111111111111111,True,False,True,6,0,1,7,0,1
Natural500,natural-distribution control,Natural500_T000441,bef60f00af6b14b108ac30b624c0ca637808e4bd7e82432cbaeebccd0ed3fa2a,SWE-agent datasets,13,False,False,1.0,0.0,0.0,True,False,False,12,0,0,13,0,0
Natural500,natural-distribution control,Natural500_T000442,201bc25d35b460912592ca3316061fe63f4961d41a9a8cfe7be3ba45fb889622,SWE-agent datasets,14,False,False,1.0,0.0,0.0,True,False,False,13,0,0,14,0,0
Natural500,natural-distribution control,Natural500_T000443,77754e06ea88e1d56d40e22104237e8ad5860ec3137d5b9ed3de37345db4d170,SWE-agent datasets,15,False,False,0.6,0.06666666666666667,0.0,True,True,False,9,1,0,9,1,0
Natural500,natural-distribution control,Natural500_T000444,ac4511d0907b7ea80775dd513bcec3f8ca57c67360fc6aa884a832bedcc6e1dd,SWE-agent datasets,16,False,False,0.9375,0.25,0.0625,True,True,True,15,1,1,15,4,1
Natural500,natural-distribution control,Natural500_T000445,173b9d39c0671fdf82f77936e58373ecf4ace753d276a604c47de9213590c82e,SWE-agent datasets,23,False,False,0.6956521739130435,0.0,0.2608695652173913,True,False,True,15,0,6,16,0,6
Natural500,natural-distribution control,Natural500_T000446,52bc43e45049a51dc6f20262fc907acc826246acbc424f11d72767010490a802,SWE-agent datasets,9,False,False,1.0,0.0,0.0,True,False,False,9,0,0,9,0,0
Natural500,natural-distribution control,Natural500_T000447,5a9d5c57a975ba38f90fe3f50e57f61280c2cf468e91ed1b89cbc09f2de60c6d,SWE-agent datasets,11,False,False,0.8181818181818182,0.6363636363636364,0.0,True,True,False,9,3,0,9,7,0
Natural500,natural-distribution control,Natural500_T000448,a3b325496fd150ec62fb9fea39c29e171fd18b1ca740c5b78d5b3e89ade369bd,SWE-agent datasets,11,False,False,0.7272727272727273,0.0,0.2727272727272727,True,False,True,8,0,2,8,0,3
Natural500,natural-distribution control,Natural500_T000449,74d634e074736e14cb3db29a0c2816b445a1bf03d8192882dbcb7142e427e24a,SWE-agent datasets,16,False,False,0.75,0.375,0.0,True,True,False,11,2,0,12,6,0
Natural500,natural-distribution control,Natural500_T000450,67fab9d926afca23c4480e64a325021cd43348b409153d25b0b3fd404588eb90,SWE-agent datasets,6,False,False,1.0,0.0,0.0,True,False,False,6,0,0,6,0,0
Natural500,natural-distribution control,Natural500_T000451,b44c2e5aac0ebaa628eb96a0ef36cba90488db4e15dbaafd8151e838f0fefcb6,SWE-agent datasets,15,False,False,0.9333333333333333,0.6666666666666666,0.0,True,True,False,13,7,0,14,10,0
Natural500,natural-distribution control,Natural500_T000452,5b97f7aea6d555f03af256b92ae51b30c2991b3b1a4595c594ba2d12b4aa26c7,SWE-agent datasets,29,False,False,0.9655172413793104,0.7241379310344828,0.13793103448275862,True,True,True,18,5,3,28,21,4
Natural500,natural-distribution control,Natural500_T000453,d077e38af00bdcc2169765780098d3e5f0f90a3747004bb5d9e0b5a01648deb9,SWE-agent datasets,15,False,False,0.7333333333333333,0.0,0.06666666666666667,True,False,True,11,0,1,11,0,1
Natural500,natural-distribution control,Natural500_T000454,3db81f3e9f8123e77caba3c9e771a3baba81524791e8cfa4e3aa2cdce00af005,SWE-agent datasets,16,False,False,0.4375,0.0,0.5625,True,False,True,7,0,9,7,0,9
Natural500,natural-distribution control,Natural500_T000455,b7bd808225298028c0f36c3190eda7b554c192cece291e785dbffc2baf9476e3,SWE-agent datasets,6,False,False,1.0,1.0,0.0,True,True,False,5,1,0,6,6,0
Natural500,natural-distribution control,Natural500_T000456,64cd305dc740356fc549e7a4ba68d6b0c43b0281e62a682b86b447c8ff59a661,SWE-agent datasets,9,False,False,0.8888888888888888,0.0,0.0,True,False,False,8,0,0,8,0,0
Natural500,natural-distribution control,Natural500_T000457,807cf3fc39a85b0e9cb0f5aad4b938fada938553d071313e5990b5d8ae461fd1,SWE-agent datasets,24,False,False,0.75,0.0,0.0,True,False,False,18,0,0,18,0,0
Natural500,natural-distribution control,Natural500_T000458,dcac584621089531552c04b7c796a7a9a30999f721cdc55b725762216c22290e,SWE-agent datasets,12,False,False,0.5833333333333334,0.16666666666666666,0.08333333333333333,True,True,True,7,2,1,7,2,1
Natural500,natural-distribution control,Natural500_T000459,ddfd0aa780d06abd0c3cf0fb76e2fe18b33fbd5d9823dcd675890ebf2d77ebba,SWE-agent datasets,7,False,False,0.8571428571428571,0.0,0.0,True,False,False,6,0,0,6,0,0
Natural500,natural-distribution control,Natural500_T000460,2006546ee45cbb3eb5af881b4f9f82fdefa8e8684e71f9042ef75c8897615590,SWE-agent datasets,9,False,False,1.0,0.0,0.0,True,False,False,8,0,0,9,0,0
Natural500,natural-distribution control,Natural500_T000461,9ac1fd4975e4665b4782359700d5db301350960205d7be9719db8d23aa0201fc,SWE-agent datasets,25,False,False,0.68,0.48,0.56,True,True,True,11,6,14,17,12,14
Natural500,natural-distribution control,Natural500_T000462,4e5ba4a5e42d37f5de9658ec0f3eb5a1b5a1dde3eca03b10d8c52966780937b3,SWE-agent datasets,14,False,False,1.0,0.0,0.0,True,False,False,14,0,0,14,0,0
Natural500,natural-distribution control,Natural500_T000463,ddf83e45ea0fef5f09c9346127f3d9b420e976f93609cbfe808e1b9e0a971f74,SWE-agent datasets,24,False,False,0.5,0.25,0.5416666666666666,True,True,True,8,2,12,12,6,13
Natural500,natural-distribution control,Natural500_T000464,e1acd87fbeb8aa00cec44ec5709a87ae18303c056f6347b7ea6de2615dfdc999,SWE-agent datasets,10,False,False,0.9,0.4,0.0,True,True,False,9,1,0,9,4,0
Natural500,natural-distribution control,Natural500_T000465,69dc124ca201ff3a1d918f49f735c13df2b56f7a646b4e290fe98ac7f59f3668,SWE-agent datasets,9,False,False,1.0,1.0,0.0,True,True,False,9,1,0,9,9,0
Natural500,natural-distribution control,Natural500_T000466,ac2d4e03cba123243fe0b4fec2aeb64027b8334b9436de51645f1f74dcd13794,SWE-agent datasets,12,False,False,0.0,0.0,0.8333333333333334,False,False,True,0,0,10,0,0,10
Natural500,natural-distribution control,Natural500_T000467,d3e8640ab4dfecd3c8d4ac2262cf2af76dfcd0db325ca91597827032496ce22b,SWE-agent datasets,10,False,False,0.7,0.0,0.0,True,False,False,7,0,0,7,0,0
Natural500,natural-distribution control,Natural500_T000468,e07bcc4a13d3ccea1f70664d8d4a8ca62fb94cac592ad62dcc45b89826c64cbb,SWE-agent datasets,34,False,True,0.5882352941176471,0.2647058823529412,0.35294117647058826,True,True,True,17,6,12,20,9,12
Natural500,natural-distribution control,Natural500_T000469,3e8568451d5af30c058d7bbbb15e22171ec57ea317d746466b3009027ad3ee0f,SWE-agent datasets,10,False,False,0.6,0.0,0.0,True,False,False,6,0,0,6,0,0
Natural500,natural-distribution control,Natural500_T000470,91d7650831caecebc5ac74df29d9564914bb0dc53dff3bf101771a13e36bcdc3,SWE-agent datasets,11,False,False,0.9090909090909091,0.0,0.0,True,False,False,10,0,0,10,0,0
Natural500,natural-distribution control,Natural500_T000471,3552fb8533d4c721bfaf75fc1d10d937cd6bf57e76304918cec48af3136a1368,SWE-agent datasets,10,False,False,0.6,0.0,0.2,True,False,True,6,0,2,6,0,2
Natural500,natural-distribution control,Natural500_T000472,5eed87de61e4845e60c9cd34c1bfc0d649622e6753d336cc082645822fe0669b,SWE-agent datasets,10,False,False,0.9,0.6,0.0,True,True,False,8,2,0,9,6,0
Natural500,natural-distribution control,Natural500_T000473,63d460f9c13cac36fe70f25c37063d7d656aa67df2e3ab49519465a88fe22c76,SWE-agent datasets,11,False,False,0.6363636363636364,0.2727272727272727,0.0,True,True,False,7,1,0,7,3,0
Natural500,natural-distribution control,Natural500_T000474,b1e4caf39eaa32d6d28658610ffa37e6afcbd5ad8417e3e7c05f29f74df83c78,SWE-agent datasets,7,False,False,1.0,0.0,0.0,True,False,False,6,0,0,7,0,0
Natural500,natural-distribution control,Natural500_T000475,fe3dd92650a11496d6bc45aad3a642643ddf98936c2e8420931e4537657046e8,SWE-agent datasets,6,False,False,1.0,0.0,0.0,True,False,False,6,0,0,6,0,0
Natural500,natural-distribution control,Natural500_T000476,282b14c966f0d321e8d3861d2c2c897b551b6298f7c8064a0d3ded736abb6ec0,SWE-agent datasets,18,False,False,0.7222222222222222,0.16666666666666666,0.16666666666666666,True,True,True,12,2,2,13,3,3
Natural500,natural-distribution control,Natural500_T000477,7e5a097ef4ceb2eb56224ec58f6725bc4c57dfb34cfc1104106d4ef995ad5576,SWE-agent datasets,34,False,True,0.20588235294117646,0.0,0.5588235294117647,True,False,True,7,0,19,7,0,19
Natural500,natural-distribution control,Natural500_T000478,e5b25b9fc4c28e044d03e6bab6788f45608c855372c0cff9d840e9cd3ec6b564,SWE-agent datasets,19,False,False,0.8947368421052632,0.3157894736842105,0.7894736842105263,True,True,True,15,2,3,17,6,15
Natural500,natural-distribution control,Natural500_T000479,3b1ef15028afd43ad30314d9ce237a566334f115d1c9d5cf03b57be95b1342ad,SWE-agent datasets,9,False,False,0.8888888888888888,0.2222222222222222,0.0,True,True,False,7,1,0,8,2,0
Natural500,natural-distribution control,Natural500_T000480,da66b885a3aee6694e8c08352b2e30d6dc0d2521d467c2da82dd186a40127b32,SWE-agent datasets,9,False,False,0.5555555555555556,0.0,0.0,True,False,False,5,0,0,5,0,0
Natural500,natural-distribution control,Natural500_T000481,24f76acb31f18c24c60cbc4129f5e361f46d618ffb9a0e965faefcfb0bb88b1f,SWE-agent datasets,9,False,False,1.0,0.0,0.0,True,False,False,9,0,0,9,0,0
Natural500,natural-distribution control,Natural500_T000482,f3e30b244efeb021082a3d300b06dadfde1d0e67eedb640a1b6113c7559e0414,SWE-agent datasets,19,False,False,0.21052631578947367,0.0,0.7894736842105263,True,False,True,3,0,15,4,0,15
Natural500,natural-distribution control,Natural500_T000483,56333e9e12068ee914bbdf3503bf0929b38d50f117f69e65341ca8fe39af1499,SWE-agent datasets,23,False,False,0.8695652173913043,0.4782608695652174,0.0,True,True,False,17,8,0,20,11,0
Natural500,natural-distribution control,Natural500_T000484,94ae5afa2d0025cbfaee62b4ebd9cce0110b3353e9ce5f679b01f4d3b0a0db53,SWE-agent datasets,24,False,False,0.9166666666666666,0.0,0.041666666666666664,True,False,True,22,0,1,22,0,1
Natural500,natural-distribution control,Natural500_T000485,796b86790355e6aa68c91a8d4131d73d383e068f96e96249d791713e8994ae0d,SWE-agent datasets,16,False,False,0.8125,0.0,0.3125,True,False,True,12,0,4,13,0,5
Natural500,natural-distribution control,Natural500_T000486,84ecff020b674ff7865e1b8b051217668ebc729617607346be1f1506cf3fc29a,SWE-agent datasets,27,False,False,0.9259259259259259,0.37037037037037035,0.0,True,True,False,24,3,0,25,10,0
Natural500,natural-distribution control,Natural500_T000487,aa961c35bce3ce86b367ef1c739ba529815a3750c0ad438f543b2b7edd5aa22a,SWE-agent datasets,15,False,False,1.0,0.0,0.0,True,False,False,15,0,0,15,0,0
Natural500,natural-distribution control,Natural500_T000488,bc3b397074a38a1214622132587e69b53434231b286dff1a13fff392a92a8442,SWE-agent datasets,8,False,False,1.0,0.0,0.0,True,False,False,7,0,0,8,0,0
Natural500,natural-distribution control,Natural500_T000489,7e3944fb025fd5bbc45cd152942042164b6af64df566b8d79c678dfc15e1b03f,SWE-agent datasets,9,False,False,0.7777777777777778,0.7777777777777778,0.0,True,True,False,7,1,0,7,7,0
Natural500,natural-distribution control,Natural500_T000490,643f27005f4581cf6a4a1938a6097c54aed88cd001f937a6a937fef3608d4514,SWE-agent datasets,9,False,False,0.7777777777777778,0.0,0.0,True,False,False,7,0,0,7,0,0
Natural500,natural-distribution control,Natural500_T000491,41965e2f9039f57013fa2a222093fb3122e72d550dff97a1d17f3ecb2566a718,SWE-agent datasets,13,False,False,0.6923076923076923,0.0,0.0,True,False,False,9,0,0,9,0,0
Natural500,natural-distribution control,Natural500_T000492,958fd1fc990baa5735044961e4c0bf33087894bdb57ec20318ae2d95549bc69f,SWE-agent datasets,13,False,False,0.9230769230769231,0.0,0.0,True,False,False,12,0,0,12,0,0
Natural500,natural-distribution control,Natural500_T000493,4162f4b516a7a673e11bf910c3b500c3da1b56be3b7045c9b5c84aed3878a50b,SWE-agent datasets,34,False,True,0.6176470588235294,0.5,0.38235294117647056,True,True,True,20,10,13,21,17,13
Natural500,natural-distribution control,Natural500_T000494,904b349f7a4f54fa7d5d50e439dc41ae82adc94a24605a427f28eb224d86e363,SWE-agent datasets,12,False,False,1.0,1.0,0.0,True,True,False,12,1,0,12,12,0
Natural500,natural-distribution control,Natural500_T000495,b3c691a9a913db54a63fc97252daa4959c406d5834473ff8265afbd1b5fc0ff3,SWE-agent datasets,11,False,False,1.0,0.0,0.0,True,False,False,10,0,0,11,0,0
Natural500,natural-distribution control,Natural500_T000496,66991695093ef41f3239c973fd96eee34ab21573f67f1bb465b2d2c98eeccb21,SWE-agent datasets,11,False,False,0.8181818181818182,0.0,0.0,True,False,False,9,0,0,9,0,0
Natural500,natural-distribution control,Natural500_T000497,953751a3401cd88cb51f34cf7a12b87f8a306fbfb4d6991338d0775d6920c435,SWE-agent datasets,8,False,False,1.0,0.0,0.0,True,False,False,7,0,0,8,0,0
Natural500,natural-distribution control,Natural500_T000498,3cf676c0f1747f4f634eabcad5811dc1abf4bfcfc85a3eb21898a722d815339f,SWE-agent datasets,7,False,False,1.0,0.0,0.0,True,False,False,6,0,0,7,0,0
Natural500,natural-distribution control,Natural500_T000499,f4cd894a275389cb937f39ceaf9ee8801ea1770ecd820991eb0bfe33b48a430f,SWE-agent datasets,27,False,False,0.18518518518518517,0.0,0.8148148148148148,True,False,True,5,0,21,5,0,22
Natural500,natural-distribution control,Natural500_T000500,d9e608ea7b4d477200b438a21be848eafc35a18383b539a4c1e3fb1aa1eef9b1,SWE-agent datasets,9,False,False,0.7777777777777778,0.0,0.0,True,False,False,7,0,0,7,0,0
Final500,enriched difficult loop-heavy set,Final500_T000001,2374de75b5eb951b8d8af6161dd3edba6058ff367f86ea1aaa2645e120253089,SWE-agent datasets,152,False,True,0.13157894736842105,0.0,0.8947368421052632,True,False,True,18,0,132,20,0,136
Final500,enriched difficult loop-heavy set,Final500_T000002,4789bee07da8162f0959129a476e1d3fa9bea3adba2214d9228465e815f5cb06,SWE-agent datasets,32,False,False,0.25,0.0,0.78125,True,False,True,6,0,24,8,0,25
Final500,enriched difficult loop-heavy set,Final500_T000003,e0e986c57be6ab3a44fac4d47dd030f9ec66f18184598885379a452e841aa1f8,SWE-agent datasets,35,False,False,1.0,0.37142857142857144,0.0,True,True,False,33,3,0,35,13,0
Final500,enriched difficult loop-heavy set,Final500_T000004,b61df845e9460f21480f1a51bf03e0348ca881f2cb39c7e5e020b79499319a2e,SWE-agent datasets,34,False,False,0.7647058823529411,0.35294117647058826,0.29411764705882354,True,True,True,22,1,10,26,12,10
Final500,enriched difficult loop-heavy set,Final500_T000005,ba39cd25cb59c1fffad5d58ba0a9bd85ec6a8f095e70a8c27d8d62b3c4166915,SWE-agent datasets,38,False,False,1.0,0.5,0.0,True,True,False,35,1,0,38,19,0
Final500,enriched difficult loop-heavy set,Final500_T000006,a85753a20cb3f3e5772c89ca3c1b2818e11401865009564c9216e2c64c2f2554,SWE-agent datasets,39,False,False,0.2564102564102564,0.10256410256410256,0.2564102564102564,True,True,True,7,1,8,10,4,10
Final500,enriched difficult loop-heavy set,Final500_T000007,a1c0174aadda9349918339be43d99c613d02d08bdf2b2925e402e6fb4ac470c4,SWE-agent datasets,70,False,False,0.6857142857142857,0.15714285714285714,0.4,True,True,True,43,3,24,48,11,28
Final500,enriched difficult loop-heavy set,Final500_T000008,16003fe68392d7f9e4a57a643adde53173bc86057598fde0cd64788c0c9de314,SWE-agent datasets,34,False,False,0.7058823529411765,0.7058823529411765,0.2647058823529412,True,True,True,24,1,9,24,24,9
Final500,enriched difficult loop-heavy set,Final500_T000009,a7e3f1898ea047186087005bde541b47d8e0b4742037d457c1f0a250a85fae1a,SWE-agent datasets,35,False,False,0.8857142857142857,0.6,0.42857142857142855,True,True,True,31,5,4,31,21,15
Final500,enriched difficult loop-heavy set,Final500_T000010,6e5d1954a51bd089ec080f96aef5cbbe6c50b7b246382027c8965c8c0645becd,SWE-agent datasets,37,False,False,0.8648648648648649,0.7027027027027027,0.08108108108108109,True,True,True,32,4,3,32,26,3
Final500,enriched difficult loop-heavy set,Final500_T000011,25043c1fbb518b61a0ed899c727cd6c3a385b7bbdc80d829c568e4c77805d4ff,SWE-agent datasets,113,False,True,0.11504424778761062,0.0,1.0,True,False,True,10,0,102,13,0,113
Final500,enriched difficult loop-heavy set,Final500_T000012,4c3e43ac3deea7ac7a765ffdf64a71fb01444143cefc7e117c573d2eb07631fb,SWE-agent datasets,32,False,False,1.0,1.0,0.0,True,True,False,32,7,0,32,32,0
Final500,enriched difficult loop-heavy set,Final500_T000013,62c2dbed6d6eac8767e517a826f4dbaa1efc9a2720a9b51b18a7741006bec803,SWE-agent datasets,45,False,False,0.9333333333333333,0.9333333333333333,0.044444444444444446,True,True,True,41,11,2,42,42,2
Final500,enriched difficult loop-heavy set,Final500_T000014,1fdad99562ab1490d753af6078d46483ad5c9bff62f49353bd7154e2dd08363d,SWE-agent datasets,37,False,False,0.9459459459459459,0.6486486486486487,0.8108108108108109,True,True,True,31,4,4,35,24,30
Final500,enriched difficult loop-heavy set,Final500_T000015,04e1567bc42097ea3402a5851ceb85eea13eb1ef0851ab3728d0f14e08c8457e,SWE-agent datasets,18,False,False,0.7777777777777778,0.2222222222222222,0.05555555555555555,True,True,True,11,1,1,14,4,1
Final500,enriched difficult loop-heavy set,Final500_T000016,81d7bda5883899a7372c6946cc03262dd0587540655051a01da5ac643cbc4f50,SWE-agent datasets,48,False,False,0.5,0.2708333333333333,0.8541666666666666,True,True,True,19,6,28,24,13,41
Final500,enriched difficult loop-heavy set,Final500_T000017,f372ff1356445459a818f6312b33053b58c2957e74990545b0cca0982536e067,SWE-agent datasets,36,False,False,0.9444444444444444,0.8055555555555556,0.4166666666666667,True,True,True,29,4,4,34,29,15
Final500,enriched difficult loop-heavy set,Final500_T000018,128ef5b7e38a45e3c178431f3b519b211ac345463916833ad9cf5f366f39d00b,SWE-agent datasets,22,False,False,0.8181818181818182,0.5909090909090909,0.6363636363636364,True,True,True,17,3,3,18,13,14
Final500,enriched difficult loop-heavy set,Final500_T000019,558698f6d516ff5ff53792fe56e087ecb3eac1ab1dd2be61c45ef1390a26fbd0,SWE-agent datasets,41,False,False,0.7560975609756098,0.7073170731707317,0.926829268292683,True,True,True,29,7,6,31,29,38
Final500,enriched difficult loop-heavy set,Final500_T000020,84e5d9f30b3627f62a823e0388c8f36764e78e4e2343d4f6d91b302e3964ead2,SWE-agent datasets,78,False,False,0.19230769230769232,0.02564102564102564,0.8333333333333334,True,True,True,15,1,63,15,2,65
Final500,enriched difficult loop-heavy set,Final500_T000021,061ad754be967911f1dd65b4d01c7dbdb6e5e656e7f391b53beeab2a97c27a7e,SWE-agent datasets,31,False,False,1.0,1.0,0.0,True,True,False,29,6,0,31,31,0
Final500,enriched difficult loop-heavy set,Final500_T000022,1e94b1108d66f9616a0dfe60d26d3b42c8a1255fd97583842a7825a2e0907324,SWE-agent datasets,33,False,False,1.0,0.8787878787878788,0.0,True,True,False,32,4,0,33,29,0
Final500,enriched difficult loop-heavy set,Final500_T000023,76fe364cc35e70a38859ed33f338db142c546e7984ba480e1e14a4202705b3f9,SWE-agent datasets,32,False,False,0.84375,0.5625,0.125,True,True,True,24,2,4,27,18,4
Final500,enriched difficult loop-heavy set,Final500_T000024,e90c6003b081598cbef5adae08adc95552ec94118ce521409f9776f9b27eeb35,SWE-agent datasets,50,False,False,0.94,0.82,0.36,True,True,True,41,5,2,47,41,18
Final500,enriched difficult loop-heavy set,Final500_T000025,d0fe77f69b1a8168377e6e74d8e97f234076b2ad81125063ee2e57b9edc24752,SWE-agent datasets,114,False,True,0.2807017543859649,0.2807017543859649,0.7105263157894737,True,True,True,31,13,80,32,32,81
Final500,enriched difficult loop-heavy set,Final500_T000026,d46fb86d52fc4c020583472b99ecb2d0349271803345e6396814889fc43f0396,SWE-agent datasets,48,False,False,0.7291666666666666,0.2916666666666667,0.25,True,True,True,34,2,8,35,14,12
Final500,enriched difficult loop-heavy set,Final500_T000027,0719fc6c835da488a5d2cca366ca6cdd034315d8995d523fa3104c203acddbfb,SWE-agent datasets,12,False,False,0.4166666666666667,0.4166666666666667,0.0,True,True,False,5,3,0,5,5,0
Final500,enriched difficult loop-heavy set,Final500_T000028,528df2a064b86d4338ba08b58df8bae9a198e3cfe78f4e37b62414bfca0ef736,SWE-agent datasets,16,False,False,1.0,1.0,0.0,True,True,False,11,2,0,16,16,0
Final500,enriched difficult loop-heavy set,Final500_T000029,3a98bc7d4fc391db1a26f7f7ebb705966e68fd841d569b042f6027b7dacff188,SWE-agent datasets,44,False,False,1.0,1.0,0.6363636363636364,True,True,True,20,7,24,44,44,28
Final500,enriched difficult loop-heavy set,Final500_T000030,efa1ad6934efb2dfa32096c54a5f4a192cb2298455c241b43b04e1bd31315e20,SWE-agent datasets,17,False,False,0.8823529411764706,0.11764705882352941,0.058823529411764705,True,True,True,11,1,1,15,2,1
Final500,enriched difficult loop-heavy set,Final500_T000031,a3ba0b2d3c2d0a00c0d462ed4cf4e9181e4bd7b8553d45e0d3ef235e9cf56aa1,SWE-agent datasets,37,False,False,1.0,0.5135135135135135,0.0,True,True,False,35,8,0,37,19,0
Final500,enriched difficult loop-heavy set,Final500_T000032,3c0ff74d2e6376121509871855f98a309fb90876eb5c5c1a9ee79bf9cda8426a,SWE-agent datasets,17,False,False,0.8823529411764706,0.17647058823529413,0.0,True,True,False,15,1,0,15,3,0
Final500,enriched difficult loop-heavy set,Final500_T000033,1d57313ff2bbd0374817db7a2dc3bc69055636ff26fbcf78a3c97c576b6ee1f8,SWE-agent datasets,17,False,False,1.0,0.11764705882352941,0.0,True,True,False,17,2,0,17,2,0
Final500,enriched difficult loop-heavy set,Final500_T000034,d055b3ba2af12f3a66564a7146db06959ca386a1ebcc28026c1ca78ad725ac60,SWE-agent datasets,34,False,False,0.9117647058823529,0.9117647058823529,0.0,True,True,False,27,9,0,31,31,0
Final500,enriched difficult loop-heavy set,Final500_T000035,51876f52915d614e29965f280d26b821b564b1a574293986e92121caa17314b8,SWE-agent datasets,43,False,False,1.0,0.8372093023255814,0.4418604651162791,True,True,True,23,5,19,43,36,19
Final500,enriched difficult loop-heavy set,Final500_T000036,c46f2d5f4826d99e75b0ab96c9e89a2cfe962758522a7238f32f238a6a12911a,SWE-agent datasets,76,False,False,0.6447368421052632,0.6447368421052632,0.75,True,True,True,20,2,56,49,49,57
Final500,enriched difficult loop-heavy set,Final500_T000037,ff44158416bd5c946aa866f45c1fbed3c28f175c0bd9a9a24f3e206df703fcd7,SWE-agent datasets,35,False,False,0.8571428571428571,0.8,0.0,True,True,False,29,8,0,30,28,0
Final500,enriched difficult loop-heavy set,Final500_T000038,ef05d255dcf165268cda18ea2c00a25e40f174d84821d9ce7996ea9fed278d59,SWE-agent datasets,41,False,False,1.0,0.9024390243902439,0.17073170731707318,True,True,True,32,3,5,41,37,7
Final500,enriched difficult loop-heavy set,Final500_T000039,e3e406358c769eb1fe3c7efb042714dbf08b84d50f8be7c428fbb879b413bd49,SWE-agent datasets,33,False,False,1.0,1.0,0.6666666666666666,True,True,True,25,8,7,33,33,22
Final500,enriched difficult loop-heavy set,Final500_T000040,9694f05babf9c5db13cc25296f29dc0a2a6f8ba8ad625530ea19ee3c68b7b5fb,SWE-agent datasets,37,False,False,0.8108108108108109,0.24324324324324326,0.40540540540540543,True,True,True,27,1,7,30,9,15
Final500,enriched difficult loop-heavy set,Final500_T000041,36bb5373a407ef73b3854daadf9190e37037d713f72549ffe55c464a2174541d,SWE-agent datasets,32,False,False,0.9375,0.28125,0.5,True,True,True,27,3,2,30,9,16
Final500,enriched difficult loop-heavy set,Final500_T000042,4e73969d87db5859148e59b9a06502883dbda3825f1dee310c6ff202c8d4a515,SWE-agent datasets,19,False,False,1.0,0.6842105263157895,0.0,True,True,False,19,1,0,19,13,0
Final500,enriched difficult loop-heavy set,Final500_T000043,dd4ad01682ceaaacb202a2b0990a757944ced97e92fc2818b113ae5f8d80c91c,SWE-agent datasets,80,False,False,0.2625,0.2375,0.775,True,True,True,19,6,61,21,19,62
Final500,enriched difficult loop-heavy set,Final500_T000044,d02760c9fa67cd8d18f448e1938e43b5fc530e0a3d4263144ea7ec8888e312df,SWE-agent datasets,25,False,False,0.56,0.0,0.56,True,False,True,14,0,11,14,0,14
Final500,enriched difficult loop-heavy set,Final500_T000045,8eade6adbfbd89e85cd018c84f114ee6dd007237bd1718062a650c7ed1f5cba3,SWE-agent datasets,78,False,False,0.48717948717948717,0.48717948717948717,0.7051282051282052,True,True,True,37,19,41,38,38,55
Final500,enriched difficult loop-heavy set,Final500_T000046,f05d493df5fda29cd1eeec4f119bcd74e151d031d89f93307b427d38c9086294,SWE-agent datasets,31,False,False,0.9032258064516129,0.8064516129032258,0.6451612903225806,True,True,True,10,2,19,28,25,20
Final500,enriched difficult loop-heavy set,Final500_T000047,58f78e164da6db5294146aca2b544dc94b5beef4f528027ef86cc8ccfff6e2ef,SWE-agent datasets,36,False,False,1.0,0.6666666666666666,0.6666666666666666,True,True,True,16,2,20,36,24,24
Final500,enriched difficult loop-heavy set,Final500_T000048,c5c2a941a8d75bd98c8ddc0fbbe84aaae6e89ea7a45a12b4ed7e517a6086517a,SWE-agent datasets,47,False,False,0.9574468085106383,0.9574468085106383,0.2127659574468085,True,True,True,37,8,8,45,45,10
Final500,enriched difficult loop-heavy set,Final500_T000049,d61c9b8139d38540fe2d52a9b650704f5d90cb163396ebca57813043778f6d7d,SWE-agent datasets,34,False,False,0.7647058823529411,0.47058823529411764,0.5,True,True,True,24,2,9,26,16,17
Final500,enriched difficult loop-heavy set,Final500_T000050,244c68d42d3391af0695dd0aaf2cc035c08fc79d367f45e1f9e36b5fab55f818,SWE-agent datasets,49,False,False,1.0,1.0,0.42857142857142855,True,True,True,35,17,14,49,49,21
Final500,enriched difficult loop-heavy set,Final500_T000051,3a119a6012a2542b18e4fb058bb76bf8472fcba8a60c9b90e3fa4cfb893919f9,SWE-agent datasets,54,False,False,0.8888888888888888,0.6111111111111112,0.16666666666666666,True,True,True,43,9,6,48,33,9
Final500,enriched difficult loop-heavy set,Final500_T000052,6d0a2ffc4394c0e1d290954878ea0545e78b57864b5ec46edbaa450bf650cb2a,SWE-agent datasets,91,False,False,0.43956043956043955,0.43956043956043955,0.8241758241758241,True,True,True,33,29,55,40,40,75
Final500,enriched difficult loop-heavy set,Final500_T000053,f3dc919883f8f8bde7e691a79114aef8f9e938c75a36e19c943abab4f36515b3,SWE-agent datasets,130,False,True,0.14615384615384616,0.14615384615384616,0.8461538461538461,True,True,True,19,6,110,19,19,110
Final500,enriched difficult loop-heavy set,Final500_T000054,e27592c8dc84f7e18d9198147854f838672c0f85b69691bc9cefa03175c17cd7,SWE-agent datasets,112,False,True,0.21428571428571427,0.21428571428571427,0.7678571428571429,True,True,True,24,10,86,24,24,86
Final500,enriched difficult loop-heavy set,Final500_T000055,c9587367b4720e3336dfd6693d90f96cdf5ba6960e1821559f5e53c36b5afaa5,SWE-agent datasets,11,False,False,0.9090909090909091,0.0,0.0,True,False,False,10,0,0,10,0,0
Final500,enriched difficult loop-heavy set,Final500_T000056,0d9549a48b4d1f4bd7a24c347525649d56f62e7ea892d6dc098de4cfe6a1775d,SWE-agent datasets,90,False,False,1.0,0.9666666666666667,0.7555555555555555,True,True,True,34,15,55,90,87,68
Final500,enriched difficult loop-heavy set,Final500_T000057,ab044e006663cf95e1295972f45397ea56a72d2aada8770f438f650540a4ab0c,SWE-agent datasets,85,False,False,0.2823529411764706,0.23529411764705882,0.9411764705882353,True,True,True,21,10,63,24,20,80
Final500,enriched difficult loop-heavy set,Final500_T000058,2a30584ee5d06071757013e1f42bf36ee1ab4656567b5decd91606402673b664,SWE-agent datasets,17,False,False,1.0,1.0,0.0,True,True,False,16,2,0,17,17,0
Final500,enriched difficult loop-heavy set,Final500_T000059,665e68c826c3a17fbc4860accc4f2fbf51e013387a6d5bedb240bf93606cdfe0,SWE-agent datasets,78,False,False,0.47435897435897434,0.19230769230769232,0.5641025641025641,True,True,True,35,13,43,37,15,44
Final500,enriched difficult loop-heavy set,Final500_T000060,a8c9aab0a5e5c9597a9b6abb34b5c41dbc417b7be344600f08f02e26860b00bd,SWE-agent datasets,115,False,True,0.9652173913043478,0.8434782608695652,0.8173913043478261,True,True,True,22,8,92,111,97,94
Final500,enriched difficult loop-heavy set,Final500_T000061,4f6f3f58f41c8b7582f3c08f93747d1022f3da3714cfee0c666b11df867382e2,SWE-agent datasets,26,False,False,0.9615384615384616,0.7692307692307693,0.11538461538461539,True,True,True,20,4,2,25,20,3
Final500,enriched difficult loop-heavy set,Final500_T000062,2e34ffb6ef565109dec55af654cfdac3725f0ce7a9c1334f1b1c6ce217e7970b,SWE-agent datasets,21,False,False,1.0,0.47619047619047616,0.0,True,True,False,21,5,0,21,10,0
Final500,enriched difficult loop-heavy set,Final500_T000063,fb02ad9a2a51bad71c4fb9e04fd068200ff8aa02c6da80f2b202943388dccb97,SWE-agent datasets,94,False,False,0.26595744680851063,0.26595744680851063,0.8297872340425532,True,True,True,18,11,76,25,25,78
Final500,enriched difficult loop-heavy set,Final500_T000064,5da0d521a20a6fea86152443783efd4d6cd03ee45a24201dce73581003e11afd,SWE-agent datasets,14,False,False,1.0,0.5,0.0,True,True,False,8,1,0,14,7,0
Final500,enriched difficult loop-heavy set,Final500_T000065,e87ff3585676d13bf63e2f166c5fad7c56b522f95cbcccf9d59d3c9d2e7dea1d,SWE-agent datasets,13,False,False,0.9230769230769231,0.6153846153846154,0.0,True,True,False,11,3,0,12,8,0
Final500,enriched difficult loop-heavy set,Final500_T000066,007edf6da264a3cc03a27067df80f98c79ffb9e727fe8bf91e09192f69fc05ea,SWE-agent datasets,22,False,False,1.0,0.13636363636363635,0.0,True,True,False,21,3,0,22,3,0
Final500,enriched difficult loop-heavy set,Final500_T000067,e564d35b79420e0e97febf78915b08389ae0a2e298ffa90c0fb1c09bd975619d,SWE-agent datasets,92,False,False,0.2608695652173913,0.2608695652173913,0.8260869565217391,True,True,True,19,13,73,24,24,76
Final500,enriched difficult loop-heavy set,Final500_T000068,880fed32a0c76efd958693a3e6c87d8fc9b62b2cb0896b328b1aa6a25cd9e5ea,SWE-agent datasets,81,False,False,0.7777777777777778,0.43209876543209874,0.7901234567901234,True,True,True,46,8,30,63,35,64
Final500,enriched difficult loop-heavy set,Final500_T000069,e3f0816ad114bfb3c7552e701db9b4a3e9449e230c311a35c81e160c8080e864,SWE-agent datasets,90,False,False,1.0,0.2111111111111111,0.8111111111111111,True,True,True,37,9,52,90,19,73
Final500,enriched difficult loop-heavy set,Final500_T000070,9366e76c8d124152d2023d68e01a8f5728afb67d56fd71b50aa5d3a5b21d2c0f,SWE-agent datasets,101,False,False,0.297029702970297,0.2079207920792079,0.8217821782178217,True,True,True,21,9,78,30,21,83
Final500,enriched difficult loop-heavy set,Final500_T000071,eebe8116151c809ed14ce91dab61044250440438197dd67987a13cb9b0d6ff51,SWE-agent datasets,10,False,False,1.0,0.0,0.0,True,False,False,7,0,0,10,0,0
Final500,enriched difficult loop-heavy set,Final500_T000072,ac347591b3f7029639ccfb038703048d927b30977cd975153c60a0c33f5f923f,SWE-agent datasets,124,False,True,0.18548387096774194,0.16129032258064516,0.8387096774193549,True,True,True,21,5,102,23,20,104
Final500,enriched difficult loop-heavy set,Final500_T000073,a173868f097570409de8a9a73a61d57ca69fec49372532334b0d6c009301139e,SWE-agent datasets,77,False,False,0.19480519480519481,0.09090909090909091,0.8571428571428571,True,True,True,13,3,64,15,7,66
Final500,enriched difficult loop-heavy set,Final500_T000074,da75c3e24b2b8bf8de8d1f09888993a9e311e9f685b1406710179a85c4a0de79,SWE-agent datasets,20,False,False,0.85,0.35,0.0,True,True,False,17,1,0,17,7,0
Final500,enriched difficult loop-heavy set,Final500_T000075,bddb2c0046950471221aebb2203baf2ca3c01459fa1a31cd06d8b1b11eaebed1,SWE-agent datasets,162,False,True,0.0,0.0,1.0,False,False,True,0,0,162,0,0,162
Final500,enriched difficult loop-heavy set,Final500_T000076,d3e1a6e71607fd23228a7f53b41e6b8809d1025f4f940e6d9bcd1cdf6288809d,SWE-agent datasets,79,False,False,0.5443037974683544,0.31645569620253167,0.8354430379746836,True,True,True,35,8,31,43,25,66
Final500,enriched difficult loop-heavy set,Final500_T000077,7a4b5abc0ffdaa23b0d315f2618cf6d6fef83b0417ab305b4e5299a60a38ad50,SWE-agent datasets,124,False,True,0.1693548387096774,0.12096774193548387,0.9274193548387096,True,True,True,14,4,109,21,15,115
Final500,enriched difficult loop-heavy set,Final500_T000078,e38222b786ea9b79a6a04cb00bb2fe173b547cd5d8557344fdf0dced88595ec7,SWE-agent datasets,84,False,False,1.0,0.9285714285714286,0.6904761904761905,True,True,True,39,16,45,84,78,58
Final500,enriched difficult loop-heavy set,Final500_T000079,a9b849ffe0bbd459657b7948bc453298ff63cde9bd195aa685f16293233fbb76,SWE-agent datasets,124,False,True,0.21774193548387097,0.13709677419354838,0.7903225806451613,True,True,True,20,8,96,27,17,98
Final500,enriched difficult loop-heavy set,Final500_T000080,0ceb0f8b5934e2e695bb0eaf70350724fc9e34e2f627ab9c27731f023bf3362a,SWE-agent datasets,37,False,False,0.8108108108108109,0.5405405405405406,0.21621621621621623,True,True,True,27,4,5,30,20,8
Final500,enriched difficult loop-heavy set,Final500_T000081,07c5cc585d11db4ef2c82b00e377f276d8b016b4cf2fe5a592030de46f2adf02,SWE-agent datasets,118,False,True,0.06779661016949153,0.0,0.9322033898305084,True,False,True,8,0,110,8,0,110
Final500,enriched difficult loop-heavy set,Final500_T000082,bec2cfdfd70c812b37a8ac75d5229c996c03c22055efb14195bd8b3fc117a474,SWE-agent datasets,117,False,True,0.10256410256410256,0.0,0.8974358974358975,True,False,True,10,0,105,12,0,105
Final500,enriched difficult loop-heavy set,Final500_T000083,75bf7e6aa34c0fe01646475e7a6c0493140284e6266450ea47f104f30ef0b402,SWE-agent datasets,96,False,False,0.5520833333333334,0.3854166666666667,0.5416666666666666,True,True,True,39,5,50,53,37,52
Final500,enriched difficult loop-heavy set,Final500_T000084,7ea56f8585d60605f76ef8b895ab02cd0489b6cd7612ba9d527dfc33ac41e908,SWE-agent datasets,197,True,True,0.12690355329949238,0.06598984771573604,0.949238578680203,True,True,True,18,4,177,25,13,187
Final500,enriched difficult loop-heavy set,Final500_T000085,3ffd997e2ad65a679bef4a95acdbb8195d87aa9482d4af3da413480fcf587378,SWE-agent datasets,141,False,True,0.05673758865248227,0.05673758865248227,0.9432624113475178,True,True,True,8,1,133,8,8,133
Final500,enriched difficult loop-heavy set,Final500_T000086,1b8119f1c2e4fb6241a796258191662cd7fa2dbe490dfad7f85b3224cf6cb3c2,SWE-agent datasets,21,False,False,1.0,0.0,0.0,True,False,False,21,0,0,21,0,0
Final500,enriched difficult loop-heavy set,Final500_T000087,2e8acc58c0867969ade75d9e8b74f598cc055c422b4d0c0032facaa1ea18455d,SWE-agent datasets,87,False,False,0.9425287356321839,0.9425287356321839,0.5862068965517241,True,True,True,41,7,41,82,82,51
Final500,enriched difficult loop-heavy set,Final500_T000088,2232021d8fed4cba39be4c0c31529761c8268785de1648b7dfdaddf0b2f28943,SWE-agent datasets,91,False,False,0.6483516483516484,0.3626373626373626,0.7802197802197802,True,True,True,39,6,42,59,33,71
Final500,enriched difficult loop-heavy set,Final500_T000089,5178f5b3ba7a1597078330319d910a0cad97bc5f557ecec8ae9be9490aa81201,SWE-agent datasets,17,False,False,0.9411764705882353,0.0,0.0,True,False,False,16,0,0,16,0,0
Final500,enriched difficult loop-heavy set,Final500_T000090,ffe7f1108c572c7f74d79a0ad3faeb0048a879e1110ff895a51f98930fa28658,SWE-agent datasets,126,False,True,0.05555555555555555,0.0,0.9206349206349206,True,False,True,4,0,114,7,0,116
Final500,enriched difficult loop-heavy set,Final500_T000091,daf7de704c89210035b3ae3a44f63329c543024374323616d3fc64ff3433efa0,SWE-agent datasets,31,False,False,1.0,0.7419354838709677,0.03225806451612903,True,True,True,16,2,1,31,23,1
Final500,enriched difficult loop-heavy set,Final500_T000092,ab6f5cbb8ceb0b2d76fca76d523bd5ef285bf4bfc9f787502058fa093523173f,SWE-agent datasets,79,False,False,0.7721518987341772,0.5569620253164557,0.7088607594936709,True,True,True,54,16,23,61,44,56
Final500,enriched difficult loop-heavy set,Final500_T000093,5ed69fa1b7c5819dcf0c1e233634f7941c8d45919509787ca7223bfe4d05de25,SWE-agent datasets,114,False,True,0.21052631578947367,0.18421052631578946,0.7807017543859649,True,True,True,16,1,89,24,21,89
Final500,enriched difficult loop-heavy set,Final500_T000094,c596eada831a2b4cdd428cb255139cf10b349a3ffcd5b509653eaf9f7a211154,SWE-agent datasets,152,False,True,0.11842105263157894,0.0,0.875,True,False,True,18,0,133,18,0,133
Final500,enriched difficult loop-heavy set,Final500_T000095,3ce68f908e5e9d0822fbf10f41303def5bb525df6c95425096e81d5841128499,SWE-agent datasets,86,False,False,0.2558139534883721,0.2558139534883721,0.7441860465116279,True,True,True,22,2,64,22,22,64
Final500,enriched difficult loop-heavy set,Final500_T000096,6528540d388009ac568c8539ba146020aa1acafd7d891d62ce7793ae2e705339,SWE-agent datasets,42,False,False,0.9761904761904762,0.6904761904761905,0.047619047619047616,True,True,True,19,4,2,41,29,2
Final500,enriched difficult loop-heavy set,Final500_T000097,94bc36cd33e269520493e720ed981fc3e933f06bbea62cdfbca0dc85b1b4268d,SWE-agent datasets,34,False,False,0.8529411764705882,0.8529411764705882,0.6470588235294118,True,True,True,9,3,17,29,29,22
Final500,enriched difficult loop-heavy set,Final500_T000098,7023ade4e9c5d9770fa7330c890c3d1515262e71268c382f894ac2cac0f0d5b0,SWE-agent datasets,36,False,False,0.9444444444444444,0.9444444444444444,0.4166666666666667,True,True,True,13,4,13,34,34,15
Final500,enriched difficult loop-heavy set,Final500_T000099,8bce3e2e6fce9dacd6ea7abb335273e5045f88e127311025950c5d48829eb5ff,SWE-agent datasets,13,False,False,1.0,0.0,0.0,True,False,False,6,0,0,13,0,0
Final500,enriched difficult loop-heavy set,Final500_T000100,7f9c16d91f6c4cc15ba19c7719f16e1b04898e09bec3ae6dc37d58e32fcb2a94,SWE-agent datasets,14,False,False,1.0,0.0,0.0,True,False,False,14,0,0,14,0,0
Final500,enriched difficult loop-heavy set,Final500_T000101,8fd0258aea17f2ba0222c82365b3424a1808a6194aa8e1058356a1a96770ce90,SWE-agent datasets,20,False,False,0.75,0.75,0.2,True,True,True,15,3,4,15,15,4
Final500,enriched difficult loop-heavy set,Final500_T000102,76df889155a932a7f4ae02258aa531a8085e994549383419e3d3842a6a98fadd,SWE-agent datasets,21,False,False,1.0,0.0,0.0,True,False,False,20,0,0,21,0,0
Final500,enriched difficult loop-heavy set,Final500_T000103,e2c85334056f5d69c750d12e90c4bca4aeccf3c41d34ef5b1cc01e62b1d7194a,SWE-agent datasets,17,False,False,1.0,1.0,0.0,True,True,False,17,1,0,17,17,0
Final500,enriched difficult loop-heavy set,Final500_T000104,db58c39a5e1203cdf65b4c928bfa9d1c776d3c5d728575def4a97cf3fe56c476,SWE-agent datasets,18,False,False,0.8888888888888888,0.0,0.0,True,False,False,14,0,0,16,0,0
Final500,enriched difficult loop-heavy set,Final500_T000105,fb5e16c4dd5bd296f4812424adbb6cc6b8aceff106778c660b47acc7d1a228d6,SWE-agent datasets,19,False,False,1.0,1.0,0.0,True,True,False,18,2,0,19,19,0
Final500,enriched difficult loop-heavy set,Final500_T000106,2a406cccdc81de4929c5459d1f5ac72ab11c83efa6dbce17e29abe6c77da5cfb,SWE-agent datasets,15,False,False,1.0,0.0,0.0,True,False,False,15,0,0,15,0,0
Final500,enriched difficult loop-heavy set,Final500_T000107,105b431214d172aaae16aeb6c6fa1171019d5cbfaad638f8d358a1b3ec82d5bf,SWE-agent datasets,11,False,False,0.9090909090909091,0.18181818181818182,0.09090909090909091,True,True,True,10,1,1,10,2,1
Final500,enriched difficult loop-heavy set,Final500_T000108,204d34bbdce1aa4513fcd647bcabcacb39ea8e3c107ad7409e932d66e045476d,SWE-agent datasets,172,False,True,0.06395348837209303,0.046511627906976744,0.9011627906976745,True,True,True,5,2,125,11,8,155
Final500,enriched difficult loop-heavy set,Final500_T000109,f9c723e5524926d44c8b5d8b74fc5b134264d4ae8b2ffea54a71601f462a474a,SWE-agent datasets,43,False,False,0.32558139534883723,0.0,0.13953488372093023,True,False,True,10,0,6,14,0,6
Final500,enriched difficult loop-heavy set,Final500_T000110,748bd703cc4e94ba5953153e925c37d73cc0c15f33385dd694985e94ed2da54f,SWE-agent datasets,50,False,False,0.64,0.0,0.42,True,False,True,15,0,21,32,0,21
Final500,enriched difficult loop-heavy set,Final500_T000111,7b82d7e91b4f91f85449d4bbab325a8760ba85858998761c24626c4d5439c824,SWE-agent datasets,21,False,False,0.8095238095238095,0.0,0.14285714285714285,True,False,True,17,0,3,17,0,3
Final500,enriched difficult loop-heavy set,Final500_T000112,71752d7f0e82219d6264016f73b65219b1e72a911e65caf133844d06bf4724b5,SWE-agent datasets,16,False,False,1.0,0.375,0.0,True,True,False,16,1,0,16,6,0
Final500,enriched difficult loop-heavy set,Final500_T000113,7f72290ab787806bdae16d188d6457c111e8761ff949771a0210ab33d428043c,SWE-agent datasets,13,False,False,1.0,0.0,0.0,True,False,False,13,0,0,13,0,0
Final500,enriched difficult loop-heavy set,Final500_T000114,74b954c7db0d4fa00145ca5acda35e73116047300070e7f3700482d7caa6d31c,SWE-agent datasets,45,False,False,0.6888888888888889,0.6888888888888889,0.6,True,True,True,21,15,10,31,31,27
Final500,enriched difficult loop-heavy set,Final500_T000115,7b49fd4eae20b81abf38a10429bd3648837d01690ab593b0feb8064702f9017c,SWE-agent datasets,30,False,False,0.9333333333333333,0.36666666666666664,0.4,True,True,True,22,1,7,28,11,12
Final500,enriched difficult loop-heavy set,Final500_T000116,8823cc51e756ea17ec18cddf76dc670b9c66f20515eb179bf42d9c48881f8607,SWE-agent datasets,14,False,False,1.0,0.0,0.0,True,False,False,14,0,0,14,0,0
Final500,enriched difficult loop-heavy set,Final500_T000117,eb0eb2618e6a7e06c66de019323b138c444f268f38992709420de4b8846f43b4,SWE-agent datasets,14,False,False,1.0,0.14285714285714285,0.0,True,True,False,14,1,0,14,2,0
Final500,enriched difficult loop-heavy set,Final500_T000118,276cd18e0364c82801f7a04e8aad085c6c45f825cd0e055ed453dceb9b876672,SWE-agent datasets,15,False,False,0.8666666666666667,0.0,0.8666666666666667,True,False,True,11,0,1,13,0,13
Final500,enriched difficult loop-heavy set,Final500_T000119,6facd4e7365a0620557af65447309c8a445f057b15826d2c374f176218fd4f76,SWE-agent datasets,12,False,False,0.75,0.75,0.75,True,True,True,6,1,1,9,9,9
Final500,enriched difficult loop-heavy set,Final500_T000120,b348c033346609e34c4319c07ecc802670a7a5103e3892e33b9a0ab513f9f3f3,SWE-agent datasets,16,False,False,0.875,0.0625,0.0625,True,True,True,14,1,1,14,1,1
Final500,enriched difficult loop-heavy set,Final500_T000121,6eb35e6ebe164899a4a31fc95c2d935ed4b9e52b4fe0a541da5802b61a18149e,SWE-agent datasets,16,False,False,1.0,1.0,0.0,True,True,False,15,1,0,16,16,0
Final500,enriched difficult loop-heavy set,Final500_T000122,59a3cdaaeaf6ce9c0d3d091a031c53b4521840bb702018e99798591a3200a4dd,SWE-agent datasets,17,False,False,0.9411764705882353,0.0,0.8235294117647058,True,False,True,14,0,2,16,0,14
Final500,enriched difficult loop-heavy set,Final500_T000123,902702229cfb75a989c70a927913df9630020150b44176e56664a3b5513892d7,SWE-agent datasets,18,False,False,1.0,1.0,1.0,True,True,True,17,1,1,18,18,18
Final500,enriched difficult loop-heavy set,Final500_T000124,41e41218df82893c9bcb38d5e67902060e96fe56c0e80a3c27929b656599af44,SWE-agent datasets,87,False,False,0.8505747126436781,0.7816091954022989,0.6206896551724138,True,True,True,31,15,42,74,68,54
Final500,enriched difficult loop-heavy set,Final500_T000125,f5b98566ca8b21e4af74e6e19c4ad26121fad7ac9cdfd9ffcba691f329e791e9,SWE-agent datasets,24,False,False,0.9583333333333334,0.7083333333333334,0.0,True,True,False,21,1,0,23,17,0
Final500,enriched difficult loop-heavy set,Final500_T000126,b0d0c0c07cb956cee8bfd8a6727d3191c8f8a1b1cbb42eb69e8617a98b009b63,SWE-agent datasets,22,False,False,0.8181818181818182,0.0,0.4090909090909091,True,False,True,15,0,4,18,0,9
Final500,enriched difficult loop-heavy set,Final500_T000127,9fd2314e7f54e367e8dacd7c3a06315aa715972982cdf7a2a89b1ddbf6dad946,SWE-agent datasets,26,False,False,0.7307692307692307,0.0,0.19230769230769232,True,False,True,19,0,5,19,0,5
Final500,enriched difficult loop-heavy set,Final500_T000128,a9ef1b7a51258dac62ad5c87de7ea1809a0dabbdaf510c48b0881005134e5ddf,SWE-agent datasets,21,False,False,1.0,0.0,0.0,True,False,False,20,0,0,21,0,0
Final500,enriched difficult loop-heavy set,Final500_T000129,12aede04230765c25b651b2738ebdd37a7b5def34157d6148574083d75292627,SWE-agent datasets,27,False,False,1.0,0.48148148148148145,0.0,True,True,False,27,6,0,27,13,0
Final500,enriched difficult loop-heavy set,Final500_T000130,3f16a4eeb7c4129bb87806b9ccff79545d009cacccaffb4d111f953f3fbcc882,SWE-agent datasets,19,False,False,1.0,1.0,1.0,True,True,True,17,2,1,19,19,19
Final500,enriched difficult loop-heavy set,Final500_T000131,bdf6bbaa5a1f3e8c222491cc54ea25537bf3561ac464e204bd149c2edae6f51a,SWE-agent datasets,18,False,False,0.8888888888888888,0.0,0.0,True,False,False,14,0,0,16,0,0
Final500,enriched difficult loop-heavy set,Final500_T000132,5b11132884f34fec6a703d24f08387103e51cadebaae32a2d91ffcf90e39fa2b,SWE-agent datasets,17,False,False,1.0,0.8823529411764706,0.0,True,True,False,17,1,0,17,15,0
Final500,enriched difficult loop-heavy set,Final500_T000133,c4ad59054d3620d43e59b39389ce602235c3b2c5a68f632e850fc54012288f5c,SWE-agent datasets,20,False,False,0.95,0.6,0.0,True,True,False,18,3,0,19,12,0
Final500,enriched difficult loop-heavy set,Final500_T000134,05cbc2dd49229e572de9a899bbb986a2285ce75ebf68f3279994c589a6fbc543,SWE-agent datasets,14,False,False,1.0,1.0,0.0,True,True,False,14,4,0,14,14,0
Final500,enriched difficult loop-heavy set,Final500_T000135,2d1e1dc205af4c405cf745535c2b683aa1cdd920a497143e0ce8ec3e21508e9d,SWE-agent datasets,16,False,False,0.75,0.3125,0.5,True,True,True,10,2,5,12,5,8
Final500,enriched difficult loop-heavy set,Final500_T000136,89bc161e25a759f6905a9833677f733c35086aed46d8a0e23bf6eac1a49b7e6f,SWE-agent datasets,53,False,False,0.7547169811320755,0.6792452830188679,0.39622641509433965,True,True,True,23,3,16,40,36,21
Final500,enriched difficult loop-heavy set,Final500_T000137,a9cf6edb6483a4a5e98dd853c50759b8ec4a1f4550bc939f19b1418e7cec262b,SWE-agent datasets,37,False,False,0.6486486486486487,0.3783783783783784,0.5135135135135135,True,True,True,18,3,5,24,14,19
Final500,enriched difficult loop-heavy set,Final500_T000138,8668f8d501602f0b48c6217ae2d67a68c49b109f705abfd53c2aa972df755b49,SWE-agent datasets,16,False,False,1.0,0.0,0.0,True,False,False,14,0,0,16,0,0
Final500,enriched difficult loop-heavy set,Final500_T000139,cbe119c677e6a04c993a68e9f3cdfb01d1f55a77610519e1b44cf5c7c8997ee8,SWE-agent datasets,26,False,False,1.0,0.0,0.0,True,False,False,20,0,0,26,0,0
Final500,enriched difficult loop-heavy set,Final500_T000140,4602927085abd4bf5d837df8f6bd02ed37faa23d74bf1d0dc2c58577a6b31669,SWE-agent datasets,24,False,False,1.0,0.041666666666666664,0.0,True,True,False,23,1,0,24,1,0
Final500,enriched difficult loop-heavy set,Final500_T000141,5379ff4df617c3756d32ca391f57a6370a4fbd655f111baba122a65610f52c1f,SWE-agent datasets,32,False,False,1.0,1.0,0.09375,True,True,True,13,2,3,32,32,3
Final500,enriched difficult loop-heavy set,Final500_T000142,afb430537b4fa14064e392cba51e531538a04d2dae4db0069338539651a0dd8d,SWE-agent datasets,48,False,False,0.8958333333333334,0.0,0.375,True,False,True,26,0,5,43,0,18
Final500,enriched difficult loop-heavy set,Final500_T000143,295f7eff90f02b1915f15e902aeb9d4c0094f3824f74d3d5bffc110df48c4505,SWE-agent datasets,46,False,False,0.2826086956521739,0.043478260869565216,0.5434782608695652,True,True,True,9,1,12,13,2,25
Final500,enriched difficult loop-heavy set,Final500_T000144,825e3189c70d4cc67b391c82a78dc7be6fa24ae1da712f6912afe6a01cb332aa,SWE-agent datasets,28,False,False,1.0,1.0,0.0,True,True,False,26,3,0,28,28,0
Final500,enriched difficult loop-heavy set,Final500_T000145,8aaff28e80a602655f52fa00b1c45d2c627aca216ea4d038d66a7db8e777fe6d,SWE-agent datasets,29,False,False,1.0,1.0,0.0,True,True,False,29,2,0,29,29,0
Final500,enriched difficult loop-heavy set,Final500_T000146,2bff158169570405f2af4940dab5b233458d8ca56939bb982d8f1642da1fb8d2,SWE-agent datasets,10,False,False,0.8,0.0,0.0,True,False,False,8,0,0,8,0,0
Final500,enriched difficult loop-heavy set,Final500_T000147,1922eec45b68d55f5ed936d21ad6dd922113782ca0360489d629c6fc5486e7d7,SWE-agent datasets,40,False,False,0.375,0.375,0.525,True,True,True,5,3,12,15,15,21
Final500,enriched difficult loop-heavy set,Final500_T000148,4b3d64f1136f6030ec054435a87639100710d678cef8cd9c102a31e0bd2ab268,SWE-agent datasets,91,False,False,0.5934065934065934,0.4725274725274725,0.4725274725274725,True,True,True,26,5,41,54,43,43
Final500,enriched difficult loop-heavy set,Final500_T000149,2438f92fbbee5f59281f6e1d285d81af4af29d1a6481700f6c70c11123b1874f,SWE-agent datasets,12,False,False,1.0,1.0,0.0,True,True,False,12,2,0,12,12,0
Final500,enriched difficult loop-heavy set,Final500_T000150,dc88184be680d24e81ac8a62273bfef36539cc89d5bf21277e18df6e494fe63b,SWE-agent datasets,14,False,False,1.0,0.0,0.0,True,False,False,14,0,0,14,0,0
Final500,enriched difficult loop-heavy set,Final500_T000151,0b7d783044ff231b4c672a0ffe97fde2a166c7e6ac529d9fa74706f19623d884,SWE-agent datasets,95,False,False,0.08421052631578947,0.06315789473684211,0.9157894736842105,True,True,True,4,1,86,8,6,87
Final500,enriched difficult loop-heavy set,Final500_T000152,01a788bc7324b19d7e47078588acef921530a9c90ad9b388b998bd20013ad1ec,SWE-agent datasets,15,False,False,1.0,0.0,0.0,True,False,False,15,0,0,15,0,0
Final500,enriched difficult loop-heavy set,Final500_T000153,d333c5e9284e88e0a363115d0382709517f8092396e8c90d27fc77acacaac013,SWE-agent datasets,26,False,False,1.0,1.0,0.0,True,True,False,24,2,0,26,26,0
Final500,enriched difficult loop-heavy set,Final500_T000154,e8d414391a63192fd1464d69d6c3a07ff4d1c1d3b8c5af6f0ed39d6fa23f9404,SWE-agent datasets,11,False,False,0.7272727272727273,0.0,0.0,True,False,False,8,0,0,8,0,0
Final500,enriched difficult loop-heavy set,Final500_T000155,6f038d60f93fffeb17fcf14a9684751fd703093ce275260dd1c458d24f966b1f,SWE-agent datasets,18,False,False,1.0,1.0,0.0,True,True,False,17,3,0,18,18,0
Final500,enriched difficult loop-heavy set,Final500_T000156,c4eb50a797222d957b32d6169da151d2937d92141fef65531fe47b5ca2f2404e,SWE-agent datasets,77,False,False,0.36363636363636365,0.33766233766233766,0.7142857142857143,True,True,True,17,7,51,28,26,55
Final500,enriched difficult loop-heavy set,Final500_T000157,ac92d88cab5e5960a035d2d139022221504278e1c309ad976449231b63391b6d,SWE-agent datasets,8,False,False,1.0,0.0,0.0,True,False,False,8,0,0,8,0,0
Final500,enriched difficult loop-heavy set,Final500_T000158,cfa18346d9618e3f239052a2505dbda78b36206ad61124698cd82248e358f91a,SWE-agent datasets,16,False,False,1.0,1.0,0.0,True,True,False,16,1,0,16,16,0
Final500,enriched difficult loop-heavy set,Final500_T000159,2391acb8f3852bed4cd0cca2753f99656313c30addec09dd117d29a5dada33b0,SWE-agent datasets,11,False,False,1.0,0.0,0.0,True,False,False,11,0,0,11,0,0
Final500,enriched difficult loop-heavy set,Final500_T000160,4d848a882aa35571ee8f61e739324852958cb64c27d2a035b48ab1b8177c2ec5,SWE-agent datasets,10,False,False,1.0,0.0,0.0,True,False,False,10,0,0,10,0,0
Final500,enriched difficult loop-heavy set,Final500_T000161,ffa7842f8644838f47cd42916ce303ea8c208f2ad099bf70f25dc50b31174dea,SWE-agent datasets,17,False,False,1.0,1.0,0.0,True,True,False,16,1,0,17,17,0
Final500,enriched difficult loop-heavy set,Final500_T000162,166725bf397ca11cb5320c28610f677e669a08afe214d9b13ab76be5cc7eb9ea,SWE-agent datasets,12,False,False,1.0,0.0,0.0,True,False,False,12,0,0,12,0,0
Final500,enriched difficult loop-heavy set,Final500_T000163,4b2574fd3ca33f02a0c446bc0afeb6fe96206fc2d6ab19ea1fcbf87bf692dd95,SWE-agent datasets,17,False,False,0.8235294117647058,0.23529411764705882,0.11764705882352941,True,True,True,14,1,2,14,4,2
Final500,enriched difficult loop-heavy set,Final500_T000164,4999ae87d05b211642d98b3eec3b9089d48305312cbeff01596fa651ba854757,SWE-agent datasets,20,False,False,1.0,1.0,0.0,True,True,False,20,2,0,20,20,0
Final500,enriched difficult loop-heavy set,Final500_T000165,491cb29e29183d6d518b45eda024dded3264113ac3404ff4162cf90cd04bb428,SWE-agent datasets,31,False,False,0.8064516129032258,0.8064516129032258,0.03225806451612903,True,True,True,9,3,1,25,25,1
Final500,enriched difficult loop-heavy set,Final500_T000166,dacd7abbf9b2419401fc8348d4bf7f2e783a2f7f62e67e0e62eaaa5142ce8176,SWE-agent datasets,22,False,False,0.8636363636363636,0.22727272727272727,0.7272727272727273,True,True,True,14,1,6,19,5,16
Final500,enriched difficult loop-heavy set,Final500_T000167,0ae69050aa7f7d34c21491cc9a598ad33ca762615353fc964a12325109461f4b,SWE-agent datasets,19,False,False,1.0,0.0,0.0,True,False,False,17,0,0,19,0,0
Final500,enriched difficult loop-heavy set,Final500_T000168,5b1a45586562734c162fc6bc4142f130f09785d3ef664f385daa0a2a424f2dad,SWE-agent datasets,31,False,False,1.0,0.8709677419354839,0.0,True,True,False,25,15,0,31,27,0
Final500,enriched difficult loop-heavy set,Final500_T000169,8091198935b2556d87ef211e8dad38f59673582d0854bb077c132cb33510c8c6,SWE-agent datasets,29,False,False,0.896551724137931,0.5517241379310345,0.10344827586206896,True,True,True,23,2,3,26,16,3
Final500,enriched difficult loop-heavy set,Final500_T000170,29f0a6609cc09d1f8c79843534ce60f8a4bbbff46f2036c70733b389f06fc671,SWE-agent datasets,14,False,False,1.0,0.0,0.0,True,False,False,14,0,0,14,0,0
Final500,enriched difficult loop-heavy set,Final500_T000171,7d7f2ec3070303ae0d8cb08e127875f42374f9a57b54278b0e4fdcf5e990f3bf,SWE-agent datasets,20,False,False,0.95,0.55,0.05,True,True,True,19,2,1,19,11,1
Final500,enriched difficult loop-heavy set,Final500_T000172,e9ff158585ce86246b931314ea296c71b451c8591dc7b432ed645d044420bdcb,SWE-agent datasets,12,False,False,0.9166666666666666,0.0,0.5,True,False,True,10,0,2,11,0,6
Final500,enriched difficult loop-heavy set,Final500_T000173,af36f0d4df86ac6071400c3cab04ec29052f776a44a4aeffa165fa4b31d1e113,SWE-agent datasets,30,False,False,0.9,0.5666666666666667,0.3333333333333333,True,True,True,26,1,1,27,17,10
Final500,enriched difficult loop-heavy set,Final500_T000174,7665b06024750ba799181cd5522408fda2cd3d8f3ef539f9329cc7d49f0df3bd,SWE-agent datasets,18,False,False,0.8333333333333334,0.2777777777777778,0.16666666666666666,True,True,True,15,1,3,15,5,3
Final500,enriched difficult loop-heavy set,Final500_T000175,2b815c7260afdbf75c7ec981901fff2a203f9e19623ce4a773316392ea228006,SWE-agent datasets,24,False,False,0.6666666666666666,0.5833333333333334,0.25,True,True,True,16,1,6,16,14,6
Final500,enriched difficult loop-heavy set,Final500_T000176,1d0633bd889920cf8eaaacc5e5645dc198baeea33f15b07ae9d5b6742df508dd,SWE-agent datasets,27,False,False,0.9259259259259259,0.7777777777777778,0.8518518518518519,True,True,True,23,5,3,25,21,23
Final500,enriched difficult loop-heavy set,Final500_T000177,6dadfff83f78497fe9569b28ada7bf90c63aaa1ea3bd99cfea734b35e1a95c9d,SWE-agent datasets,23,False,False,1.0,1.0,0.0,True,True,False,23,4,0,23,23,0
Final500,enriched difficult loop-heavy set,Final500_T000178,6168473acfb91f4430f52c38672193932ad3805de739482995b05623fff0d5ae,SWE-agent datasets,13,False,False,0.8461538461538461,0.0,0.07692307692307693,True,False,True,10,0,1,11,0,1
Final500,enriched difficult loop-heavy set,Final500_T000179,06368c3c0a5ac9a527dfd1d7eb9cac8e34c0f658a46042962c6e013bfe9d696f,SWE-agent datasets,33,False,False,0.36363636363636365,0.36363636363636365,0.0,True,True,False,12,1,0,12,12,0
Final500,enriched difficult loop-heavy set,Final500_T000180,ec57fe5427e217a78a1646b89dcb9c93c5d2c6bdbbd25d78bbdeec04c78d0231,SWE-agent datasets,21,False,False,1.0,1.0,0.0,True,True,False,21,3,0,21,21,0
Final500,enriched difficult loop-heavy set,Final500_T000181,4c27a286b1f60215ba924bebd8643e1292eec67d7021093773ea72d9f90a95b6,SWE-agent datasets,15,False,False,1.0,1.0,0.0,True,True,False,13,1,0,15,15,0
Final500,enriched difficult loop-heavy set,Final500_T000182,7ff52bfd0a0d40e7d71ce42edcca4daf7795718ee5ec0adf2a2acba02b59b616,SWE-agent datasets,85,False,False,0.3411764705882353,0.3411764705882353,0.8941176470588236,True,True,True,8,2,68,29,29,76
Final500,enriched difficult loop-heavy set,Final500_T000183,24decb3acd8538bf7841c34a533e805ef2de7068ed7921ae7d2e509e4d5b1608,SWE-agent datasets,12,False,False,1.0,0.0,0.0,True,False,False,11,0,0,12,0,0
Final500,enriched difficult loop-heavy set,Final500_T000184,5ea320110fa291c3ec2dafb4af0173d6cfb8157504b3f3bbfbdf27b1b4f0771f,SWE-agent datasets,14,False,False,1.0,0.0,0.0,True,False,False,14,0,0,14,0,0
Final500,enriched difficult loop-heavy set,Final500_T000185,adb57589524daa54f3003ed0fa2260098c928924e8e554be5595a3cc6baab205,SWE-agent datasets,38,False,False,0.8947368421052632,0.8947368421052632,0.5,True,True,True,25,7,8,34,34,19
Final500,enriched difficult loop-heavy set,Final500_T000186,56ce556a2c7608d9159c50bd402be08d74765779ab07ae811ba0168ebb1d75d6,SWE-agent datasets,9,False,False,1.0,0.0,0.0,True,False,False,9,0,0,9,0,0
Final500,enriched difficult loop-heavy set,Final500_T000187,edb4947baca44acd6cf8683840c2a8dce6df5ea517e4a216a99242829041f0bb,SWE-agent datasets,12,False,False,1.0,0.0,0.0,True,False,False,9,0,0,12,0,0
Final500,enriched difficult loop-heavy set,Final500_T000188,8cd8a2fee6f8fdfc345102c1a879845c60e4e10c6cc39d31524b5ca0dd012d14,SWE-agent datasets,19,False,False,0.6842105263157895,0.0,0.21052631578947367,True,False,True,13,0,4,13,0,4
Final500,enriched difficult loop-heavy set,Final500_T000189,0cd0adbf18db516f70bcceac01dd8d49dbb6f06fda6a0ab7ddfda856d796d67b,SWE-agent datasets,159,False,True,0.11320754716981132,0.11320754716981132,0.89937106918239,True,True,True,10,5,125,18,18,143
Final500,enriched difficult loop-heavy set,Final500_T000190,5b6ade51a4a94902e084fcf782d3f31236e898a6e08f205dcff2466e68605254,SWE-agent datasets,36,False,False,1.0,0.9444444444444444,0.19444444444444445,True,True,True,23,8,5,36,34,7
Final500,enriched difficult loop-heavy set,Final500_T000191,6fbdd47330d8de86baa76504e98b538aca940fffc50801966a2de1b3fe22b10b,SWE-agent datasets,13,False,False,1.0,1.0,0.0,True,True,False,13,1,0,13,13,0
Final500,enriched difficult loop-heavy set,Final500_T000192,518bcdaeb8e47bfcf629e6bf39d811ff0170a2febcb0e1d8a8c5a4e1ddd7a8ec,SWE-agent datasets,25,False,False,1.0,1.0,0.0,True,True,False,23,1,0,25,25,0
Final500,enriched difficult loop-heavy set,Final500_T000193,977dd520e2efd564907881e133c0210aace8455de425af62d62ee3d0cdf0a4c7,SWE-agent datasets,35,False,False,0.7428571428571429,0.4857142857142857,0.0,True,True,False,23,15,0,26,17,0
Final500,enriched difficult loop-heavy set,Final500_T000194,b41528fa977ad15eead8f5d9942ebd2270d66a9faf4f4abb1b09b80c71bab681,SWE-agent datasets,11,False,False,0.7272727272727273,0.0,0.0,True,False,False,8,0,0,8,0,0
Final500,enriched difficult loop-heavy set,Final500_T000195,f30e28917b38b464b40ce62a6c3d98d657b8df5c2a4448adc3d3e5b95634cf47,SWE-agent datasets,30,False,False,0.9333333333333333,0.4,0.9666666666666667,True,True,True,22,2,6,28,12,29
Final500,enriched difficult loop-heavy set,Final500_T000196,bfbe70f42ec7f6108b9d155f849488b64172070c6d3b541f99472f23255da213,SWE-agent datasets,25,False,False,1.0,1.0,0.0,True,True,False,25,2,0,25,25,0
Final500,enriched difficult loop-heavy set,Final500_T000197,9c7a462c740e98eab43d006ecda7d9393d6918e50c521e530242d00349dff0bd,SWE-agent datasets,12,False,False,1.0,1.0,0.0,True,True,False,10,1,0,12,12,0
Final500,enriched difficult loop-heavy set,Final500_T000198,dc8795c6a11e106144bd0af15e2e8fb9a9cf367243559aacf905e32dcdc53a10,SWE-agent datasets,25,False,False,0.76,0.16,0.2,True,True,True,19,1,5,19,4,5
Final500,enriched difficult loop-heavy set,Final500_T000199,814ffdf37ecb78b091fa463e51c9724e1255af005af0e1e8535d83b505761cc7,SWE-agent datasets,24,False,False,0.625,0.0,0.16666666666666666,True,False,True,15,0,4,15,0,4
Final500,enriched difficult loop-heavy set,Final500_T000200,870ca1a56d8c9b888f594ee867ea151800a9a08f71f2d2a323080721510e730d,SWE-agent datasets,107,False,False,0.056074766355140186,0.056074766355140186,0.8691588785046729,True,True,True,6,1,89,6,6,93
Final500,enriched difficult loop-heavy set,Final500_T000201,70b49b93a3960a589b07fedfdae93986af71812d783212a4918f73bf49c2fa70,SWE-agent datasets,14,False,False,0.5714285714285714,0.0,0.35714285714285715,True,False,True,8,0,5,8,0,5
Final500,enriched difficult loop-heavy set,Final500_T000202,8675b1b6208612b5473fdf8b334964b96edc54bba43739153d427bf58ecc27cf,SWE-agent datasets,12,False,False,1.0,0.0,0.0,True,False,False,11,0,0,12,0,0
Final500,enriched difficult loop-heavy set,Final500_T000203,b3cc8b28aefb3bcaf8f0b443f2e54a1cb2972d39a50fdfcefc3911575867e16e,SWE-agent datasets,112,False,True,0.22321428571428573,0.07142857142857142,0.9285714285714286,True,True,True,12,1,100,25,8,104
Final500,enriched difficult loop-heavy set,Final500_T000204,5d2ec3c227707e1ba9b55ee9f1de1f2ec8eb5398146f6a4a2979c9ea0f789579,SWE-agent datasets,20,False,False,0.9,0.0,0.0,True,False,False,16,0,0,18,0,0
Final500,enriched difficult loop-heavy set,Final500_T000205,1185439a8144ad227d537dc54434681428681718468ac2a8e16ef9b1f33d04e9,SWE-agent datasets,25,False,False,0.92,0.0,0.0,True,False,False,21,0,0,23,0,0
Final500,enriched difficult loop-heavy set,Final500_T000206,638fe255115c7185c6dc010a08a92c45088c10b45d66f9d445b2363a4bef5018,SWE-agent datasets,80,False,False,0.9875,0.9875,0.725,True,True,True,18,7,43,79,79,58
Final500,enriched difficult loop-heavy set,Final500_T000207,e699c33461de9fc213dc80ea67cf2de048a4065a9d9c943d5adcc603ea4ef6b3,SWE-agent datasets,15,False,False,0.9333333333333333,0.6666666666666666,0.0,True,True,False,13,1,0,14,10,0
Final500,enriched difficult loop-heavy set,Final500_T000208,4be65b3bdf058b15b13921c32a5365fc55dba9ef6e4687eede80c2598ffd66a3,SWE-agent datasets,15,False,False,1.0,0.0,0.0,True,False,False,14,0,0,15,0,0
Final500,enriched difficult loop-heavy set,Final500_T000209,9ba0e92c4dfe6869c16c9853b5d1d7c711e53eae7bf1b1e510f97f39b9f72ba0,SWE-agent datasets,198,True,True,0.045454545454545456,0.0,0.9191919191919192,True,False,True,8,0,174,9,0,182
Final500,enriched difficult loop-heavy set,Final500_T000210,07486f6a9bc2986546f11dddbb711e3034bfd220f6983588a4c873628451d658,SWE-agent datasets,16,False,False,0.5625,0.0,0.3125,True,False,True,7,0,5,9,0,5
Final500,enriched difficult loop-heavy set,Final500_T000211,7f3b9722ca112642a1527033ddc0f30f800c5558abea252bdc08905192545749,SWE-agent datasets,81,False,False,0.9506172839506173,0.9506172839506173,0.5061728395061729,True,True,True,17,5,36,77,77,41
Final500,enriched difficult loop-heavy set,Final500_T000212,480669b63a6357f10bf7f3379130d165bbd674a2888720cc995e3fd7ed35d177,SWE-agent datasets,18,False,False,0.9444444444444444,0.0,0.05555555555555555,True,False,True,15,0,1,17,0,1
Final500,enriched difficult loop-heavy set,Final500_T000213,77097fe3646f23956526fedfb65c410f4b1804be9006f5ec0cf4c3afba65d7a1,SWE-agent datasets,19,False,False,0.9473684210526315,0.5789473684210527,0.631578947368421,True,True,True,17,3,2,18,11,12
Final500,enriched difficult loop-heavy set,Final500_T000214,26d96b74ffbbc61c08949e9765cd3a5ccc9e9f167fc9a4f193412a583aa2993b,SWE-agent datasets,26,False,False,0.9615384615384616,0.8461538461538461,0.8846153846153846,True,True,True,22,1,2,25,22,23
Final500,enriched difficult loop-heavy set,Final500_T000215,d61b111a8b32bbdcef3891a382b5078ee65e33592f3ecf4b72ec8a6d23c7f305,SWE-agent datasets,92,False,False,0.967391304347826,0.967391304347826,0.0,True,True,False,72,66,0,89,89,0
Final500,enriched difficult loop-heavy set,Final500_T000216,fcf00d3a77b7bf7094fd398938948bffaba9ea35f64f99c8b27cf02edf1ce736,SWE-agent datasets,90,False,False,0.2111111111111111,0.0,0.6888888888888889,True,False,True,10,0,42,19,0,62
Final500,enriched difficult loop-heavy set,Final500_T000217,9b0532f87fafad296ae937f475443cecb7b16757ff9fd16b20815b55d1079483,SWE-agent datasets,36,False,False,0.5833333333333334,0.0,0.05555555555555555,True,False,True,15,0,2,21,0,2
Final500,enriched difficult loop-heavy set,Final500_T000218,d97d696848cb15ba469621ebfd9cde06adc1c04dfd3c65299edbda50d9bddf74,SWE-agent datasets,18,False,False,0.9444444444444444,0.7222222222222222,0.05555555555555555,True,True,True,16,1,1,17,13,1
Final500,enriched difficult loop-heavy set,Final500_T000219,8454f4b4a70f1a9ea7db43a1da683150597557427cd48af77c90be3a2058008e,SWE-agent datasets,22,False,False,1.0,0.0,0.0,True,False,False,22,0,0,22,0,0
Final500,enriched difficult loop-heavy set,Final500_T000220,9f5a3f0aa84d148ee614e2eea68374c2799bbc0d93539ced9ad0dd052ddc65c5,SWE-agent datasets,11,False,False,1.0,0.0,0.0,True,False,False,11,0,0,11,0,0
Final500,enriched difficult loop-heavy set,Final500_T000221,65449394a4e4f1e760e6b9fd527ee0f8df8cc0137f1b2033d4e4eda75b7e4f5f,SWE-agent datasets,19,False,False,1.0,1.0,0.0,True,True,False,19,2,0,19,19,0
Final500,enriched difficult loop-heavy set,Final500_T000222,6047b70c98f21c1ea399736ccb2a19ecf69536356b3247efd8e9a9dca1c04eb9,SWE-agent datasets,25,False,False,1.0,1.0,0.0,True,True,False,24,1,0,25,25,0
Final500,enriched difficult loop-heavy set,Final500_T000223,8e2117ad838feec01253f2130b5b317c4429e832b9ebb12b349fd586f576bc8f,SWE-agent datasets,18,False,False,0.9444444444444444,0.0,0.0,True,False,False,17,0,0,17,0,0
Final500,enriched difficult loop-heavy set,Final500_T000224,758227f685494826880e828cee8351e7293761a9d8ce3cc34bb11210ad9a16cc,SWE-agent datasets,21,False,False,1.0,0.0,0.0,True,False,False,21,0,0,21,0,0
Final500,enriched difficult loop-heavy set,Final500_T000225,4e88fb3682c60871184002901612af2385e903c8081634ad068ab2a912ec2cdd,SWE-agent datasets,24,False,False,0.875,0.7916666666666666,0.0,True,True,False,21,5,0,21,19,0
Final500,enriched difficult loop-heavy set,Final500_T000226,5e11ed6921d5feb169c5ba3d868034746975f286f005b969bae87688483e8aa5,SWE-agent datasets,94,False,False,0.1702127659574468,0.0,0.9787234042553191,True,False,True,9,0,83,16,0,92
Final500,enriched difficult loop-heavy set,Final500_T000227,3699b79cca55ba52d3d0ee2fde0cca76034b6c5344577636e0e3f96c0beb1719,SWE-agent datasets,17,False,False,0.9411764705882353,0.9411764705882353,0.0,True,True,False,16,2,0,16,16,0
Final500,enriched difficult loop-heavy set,Final500_T000228,5f232a26be86cdf98beb7fc9acd297924f9a8745f33e7d946f04e4ec9069a207,SWE-agent datasets,17,False,False,1.0,0.35294117647058826,0.0,True,True,False,17,3,0,17,6,0
Final500,enriched difficult loop-heavy set,Final500_T000229,5ead77e2a56545c9ac4a3276f517180d29b35187bd877c47b268f526a46057aa,SWE-agent datasets,11,False,False,1.0,1.0,0.0,True,True,False,11,1,0,11,11,0
Final500,enriched difficult loop-heavy set,Final500_T000230,dbcbb891bf6b509f2a147a39ca074c1e6f8302b79342a3d2d6434cf6f1ce825a,SWE-agent datasets,11,False,False,1.0,0.0,0.0,True,False,False,11,0,0,11,0,0
Final500,enriched difficult loop-heavy set,Final500_T000231,70fb3484fc181a997ce104f74cbeadc63037c15eef977dc29554feb9046e5b43,SWE-agent datasets,18,False,False,0.9444444444444444,0.9444444444444444,0.0,True,True,False,16,2,0,17,17,0
Final500,enriched difficult loop-heavy set,Final500_T000232,ac520bce23c0062ec3064a56f494e9901a7a4d7cf5780cf626b9d02b7b0c8c25,SWE-agent datasets,16,False,False,1.0,0.0,0.0,True,False,False,15,0,0,16,0,0
Final500,enriched difficult loop-heavy set,Final500_T000233,fea304bbe976afd7079b5725a7e3e8e7b9e7275a8277224d7d43b4a503bd7f08,SWE-agent datasets,21,False,False,0.9523809523809523,0.47619047619047616,0.0,True,True,False,18,1,0,20,10,0
Final500,enriched difficult loop-heavy set,Final500_T000234,b6593e2dd0f02aabcf3e2cc733138ebcb7ea2ccd41d493480a0d65fae14aeede,SWE-agent datasets,24,False,False,1.0,0.0,0.0,True,False,False,24,0,0,24,0,0
Final500,enriched difficult loop-heavy set,Final500_T000235,95fd6353738fcc1b75c7f3b939a52b2ede35d32dc4b8b99cea63d3b5ad2e0904,SWE-agent datasets,32,False,False,0.46875,0.125,0.1875,True,True,True,6,1,5,15,4,6
Final500,enriched difficult loop-heavy set,Final500_T000236,0c6ba5bfd848acb54396132c93b391a508f5d357dcd2ce7750cecab695b59d78,SWE-agent datasets,22,False,False,0.9545454545454546,0.0,0.7272727272727273,True,False,True,19,0,3,21,0,16
Final500,enriched difficult loop-heavy set,Final500_T000237,ef9052a3ff8872bc0320bafe99a0e773d2ac728426d21018909aab1d30c28428,SWE-agent datasets,15,False,False,1.0,1.0,0.0,True,True,False,15,2,0,15,15,0
Final500,enriched difficult loop-heavy set,Final500_T000238,517d3ab95063333c2ed3355af550dd8a4eda7962921ad93e0ad7c3d944d8a8e1,SWE-agent datasets,26,False,False,0.9615384615384616,0.0,0.7692307692307693,True,False,True,23,0,1,25,0,20
Final500,enriched difficult loop-heavy set,Final500_T000239,d32662efcf1e607558f01387fc30d678bdb15bf1fa806acd93ee2122df244d2b,SWE-agent datasets,12,False,False,1.0,0.0,0.0,True,False,False,12,0,0,12,0,0
Final500,enriched difficult loop-heavy set,Final500_T000240,8ce045f373ae371caf420afe00a9ce3fb444cf56ca5fd149808a6d26adb61fb1,SWE-agent datasets,11,False,False,0.9090909090909091,0.9090909090909091,0.0,True,True,False,10,1,0,10,10,0
Final500,enriched difficult loop-heavy set,Final500_T000241,6ceedd7311f2f7798630d08dae152ac91029c6c99ab5c25f8ea6fd3aec23362e,SWE-agent datasets,186,True,True,0.005376344086021506,0.0,0.956989247311828,True,False,True,1,0,161,1,0,178
Final500,enriched difficult loop-heavy set,Final500_T000242,d6534c3a644e21b244fc6ea61b1f97c12960d070ece1adcd23c95d4c33f825c3,SWE-agent datasets,13,False,False,1.0,1.0,0.0,True,True,False,13,1,0,13,13,0
Final500,enriched difficult loop-heavy set,Final500_T000243,8e9cf62559d786adfdf9bcf54fa1087734cead222adcc634ea04b4bf5461976e,SWE-agent datasets,25,False,False,1.0,0.0,1.0,True,False,True,20,0,5,25,0,25
Final500,enriched difficult loop-heavy set,Final500_T000244,ef4ae9f115cce30e4b0d69fcbe3a72a70be8941648e4266d46773229e24f3ebb,SWE-agent datasets,19,False,False,1.0,1.0,0.0,True,True,False,19,4,0,19,19,0
Final500,enriched difficult loop-heavy set,Final500_T000245,78aca2d346f01166d7b08e25cadd43fef633728ad0ddc29b6ff1f10bf9a2aee0,SWE-agent datasets,12,False,False,1.0,0.0,1.0,True,False,True,10,0,1,12,0,12
Final500,enriched difficult loop-heavy set,Final500_T000246,9ec9863677ccf44a11af76deeae121ed05d567a89b0caa901491bf552ce27ac3,SWE-agent datasets,19,False,False,0.9473684210526315,0.2631578947368421,0.0,True,True,False,18,2,0,18,5,0
Final500,enriched difficult loop-heavy set,Final500_T000247,46726e9677a2d2284379439bedfae97327d802430bee6b09e039eff7d8cda654,SWE-agent datasets,21,False,False,1.0,1.0,1.0,True,True,True,18,2,1,21,21,21
Final500,enriched difficult loop-heavy set,Final500_T000248,a4ec8ba4c97302638c24badb9709c83780f08a74375030987916b43bf6d4f138,SWE-agent datasets,32,False,False,0.59375,0.0,0.625,True,False,True,7,0,12,19,0,20
Final500,enriched difficult loop-heavy set,Final500_T000249,5031b809d5ad225b994967f5ef5fd5751b9959d1ce3b16d4030607bcd97e9e5c,SWE-agent datasets,34,False,False,0.9705882352941176,0.8235294117647058,0.0,True,True,False,21,7,0,33,28,0
Final500,enriched difficult loop-heavy set,Final500_T000250,24cf34dd11a5cfa2fd99783ed3d625771c5c5d022ae9a62940d1c279af055c2c,SWE-agent datasets,38,False,False,0.7105263157894737,0.7105263157894737,0.15789473684210525,True,True,True,11,6,4,27,27,6
Final500,enriched difficult loop-heavy set,Final500_T000251,2886e8b9e89effb2bb5b2f14cddd88e20ef4fcf1de092708d9fc2a3a0024bc31,SWE-agent datasets,22,False,False,0.9545454545454546,0.9545454545454546,0.045454545454545456,True,True,True,21,2,1,21,21,1
Final500,enriched difficult loop-heavy set,Final500_T000252,3f59899ea39e58facb8cb1281deeff3f203a6b307ccf450376b20440cfd44fdf,SWE-agent datasets,20,False,False,0.95,0.5,0.05,True,True,True,19,1,1,19,10,1
Final500,enriched difficult loop-heavy set,Final500_T000253,30e7c5ecbf72b8e8966969bef58628b4d9c371b1d332576329b3324d394526f6,SWE-agent datasets,24,False,False,0.9583333333333334,0.625,0.041666666666666664,True,True,True,21,2,1,23,15,1
Final500,enriched difficult loop-heavy set,Final500_T000254,6fc2bf0243c4d2026955369f1e88718aeb6bb4555649557a14002f64b8f254bb,SWE-agent datasets,105,False,False,0.0761904761904762,0.0761904761904762,0.8285714285714286,True,True,True,3,1,74,8,8,87
Final500,enriched difficult loop-heavy set,Final500_T000255,89ccf18fb9bc63373a29ec624d9438e45e629fe70a76793bd5601dc7e189c285,SWE-agent datasets,38,False,False,0.6052631578947368,0.6052631578947368,0.6842105263157895,True,True,True,10,3,11,23,23,26
Final500,enriched difficult loop-heavy set,Final500_T000256,cc60edee6d05af8649cd3c08af915e82b5755ce951056e6f3387d200c5e2e804,SWE-agent datasets,28,False,False,0.9642857142857143,0.9642857142857143,1.0,True,True,True,25,5,3,27,27,28
Final500,enriched difficult loop-heavy set,Final500_T000257,794efee157f2d7cae2a7dfe2fc4086fdadb50931c0d3bce68b9d91003bac5ca6,SWE-agent datasets,91,False,False,0.1978021978021978,0.0,0.7362637362637363,True,False,True,4,0,48,18,0,67
Final500,enriched difficult loop-heavy set,Final500_T000258,aaa91ea21abb9d848815bf818a75f767b9dde9cb147bcdba6fc33dd78c34a785,SWE-agent datasets,90,False,False,0.9444444444444444,0.9222222222222223,0.7666666666666667,True,True,True,15,7,59,85,83,69
Final500,enriched difficult loop-heavy set,Final500_T000259,672564493ce77a06ffb357db8ac6451ad05e31d33ca22bc31546d3f6acc43c5b,SWE-agent datasets,14,False,False,1.0,1.0,0.0,True,True,False,13,1,0,14,14,0
Final500,enriched difficult loop-heavy set,Final500_T000260,93857d2528cad7ef6b28546a1345e5239bc2bcc65f0b177dfaa2b27eecf6a0d8,SWE-agent datasets,15,False,False,1.0,1.0,1.0,True,True,True,12,1,1,15,15,15
Final500,enriched difficult loop-heavy set,Final500_T000261,bb00ed1e39a514c3da40db00400d7fcce8c497073ae979b2062afef2ae1ac142,SWE-agent datasets,39,False,False,0.7435897435897436,0.6666666666666666,0.5897435897435898,True,True,True,22,15,5,29,26,23
Final500,enriched difficult loop-heavy set,Final500_T000262,76df1536ad523e855200a1cbc9e4785c78d05e952533b392f1767aff7b33e782,SWE-agent datasets,40,False,False,0.625,0.525,0.15,True,True,True,7,2,4,25,21,6
Final500,enriched difficult loop-heavy set,Final500_T000263,ef5a30b7c8021b94fd7cbac1daec56f9a64e59c088cd312267ec58eb031b401b,SWE-agent datasets,11,False,False,1.0,1.0,0.0,True,True,False,10,1,0,11,11,0
Final500,enriched difficult loop-heavy set,Final500_T000264,1dac5b94e803eb5005b44c285375dbc9acc844aeea4ec6fdcad6690f859be88a,SWE-agent datasets,25,False,False,1.0,0.0,0.0,True,False,False,23,0,0,25,0,0
Final500,enriched difficult loop-heavy set,Final500_T000265,a8d38677a2ce6d5b2ce59b950d8433153d1f5c2322f2820df0ba1f23976e4d4c,SWE-agent datasets,14,False,False,1.0,1.0,0.0,True,True,False,14,2,0,14,14,0
Final500,enriched difficult loop-heavy set,Final500_T000266,ecedf1bffcf17194e6d4d9c80b33af0b82a366fa7d4fba0d0d2ac9e54702f006,SWE-agent datasets,12,False,False,1.0,0.8333333333333334,0.0,True,True,False,11,3,0,12,10,0
Final500,enriched difficult loop-heavy set,Final500_T000267,3b7c71f8354a34fb909c463518273d9d52f4f1682dc8f63a9786325f7a8bc86b,SWE-agent datasets,37,False,False,0.918918918918919,0.0,0.10810810810810811,True,False,True,16,0,4,34,0,4
Final500,enriched difficult loop-heavy set,Final500_T000268,b76d8a2dd4d0016e58d947d41bd914e962f8b32fd1c08dffec8f5545364f47fc,SWE-agent datasets,15,False,False,1.0,1.0,0.0,True,True,False,14,3,0,15,15,0
Final500,enriched difficult loop-heavy set,Final500_T000269,53d3a65376f4b9c1db17c330e07c9d329c9d81ca850f593088ac857716a76cf1,SWE-agent datasets,43,False,False,0.9767441860465116,0.5116279069767442,0.46511627906976744,True,True,True,23,6,19,42,22,20
Final500,enriched difficult loop-heavy set,Final500_T000270,5883cbf3204c913c348d84a450fc45abc5d8d6df5460fbf9a4807df87fa020b0,SWE-agent datasets,15,False,False,1.0,0.0,0.0,True,False,False,15,0,0,15,0,0
Final500,enriched difficult loop-heavy set,Final500_T000271,8f326e0996a64a359e39b8c7ec9d7ed5563601ec6e7a34b6fa5bbf2ed1a5258f,SWE-agent datasets,9,False,False,1.0,0.0,0.0,True,False,False,9,0,0,9,0,0
Final500,enriched difficult loop-heavy set,Final500_T000272,06ac6b42e35f3a7dc08a7664ae648ebdf240a9ed2b3fd9dde4dbb017a3628f91,SWE-agent datasets,9,False,False,1.0,1.0,0.0,True,True,False,9,1,0,9,9,0
Final500,enriched difficult loop-heavy set,Final500_T000273,c5eb83a933d7ea587f8cf6adf4ed053698de484c30c7def6a84b19a7b3c7a2c8,SWE-agent datasets,9,False,False,1.0,0.0,0.0,True,False,False,9,0,0,9,0,0
Final500,enriched difficult loop-heavy set,Final500_T000274,6471eb08fedf5bd3f3efad7044a764d4af4846b77c262fbc753feb0d7fb6067b,SWE-agent datasets,50,False,False,0.82,0.78,0.12,True,True,True,22,1,4,41,39,6
Final500,enriched difficult loop-heavy set,Final500_T000275,c85357c7baa8b1cdd5834109e51d84ce7a324b08e3332615eeae3a5eb8b70461,SWE-agent datasets,12,False,False,0.9166666666666666,0.0,0.0,True,False,False,8,0,0,11,0,0
Final500,enriched difficult loop-heavy set,Final500_T000276,cda687d4a95b38482ce41270643c01ec662951d32c2260e73bdd0a3b0f86b0b5,SWE-agent datasets,80,False,False,0.8375,0.8,0.5,True,True,True,27,5,17,67,64,40
Final500,enriched difficult loop-heavy set,Final500_T000277,a65785795a0482d1e665fbd2d746094d59750ca6e7272803e182fc801e8e17f1,SWE-agent datasets,11,False,False,1.0,0.0,0.0,True,False,False,11,0,0,11,0,0
Final500,enriched difficult loop-heavy set,Final500_T000278,19aec8091ee168b0c1e07a1b9ebea787c254d686226dbd9f95150f509fc88a1f,SWE-agent datasets,101,False,False,0.45544554455445546,0.45544554455445546,0.6534653465346535,True,True,True,34,3,65,46,46,66
Final500,enriched difficult loop-heavy set,Final500_T000279,e8c6d1b99d2471bb052724e13ab0150daaaee65ca23df0afc3ac8526e075e118,SWE-agent datasets,15,False,False,1.0,0.0,0.0,True,False,False,15,0,0,15,0,0
Final500,enriched difficult loop-heavy set,Final500_T000280,76ba3e0b1ccc4787fdb13e513f98a6639078165ce76eecedf11637fbf8156aa0,SWE-agent datasets,89,False,False,0.6853932584269663,0.6853932584269663,0.6853932584269663,True,True,True,23,6,46,61,61,61
Final500,enriched difficult loop-heavy set,Final500_T000281,225dbcd14bd0ee965e5fa7a35021fa9dec3457ac6c19a8d0e89d1aa99f1a8916,SWE-agent datasets,48,False,False,0.9583333333333334,0.9583333333333334,0.20833333333333334,True,True,True,23,5,5,46,46,10
Final500,enriched difficult loop-heavy set,Final500_T000282,2bb0334cf4874970af426f3f40f9c7a6d2d882f50b546e4a8e797a73c8ecacd6,SWE-agent datasets,32,False,False,0.96875,0.96875,0.0,True,True,False,15,7,0,31,31,0
Final500,enriched difficult loop-heavy set,Final500_T000283,a2aa97b4350ea632f6596fc1a076d8bfb8c43a90b16c16f25e9eaa31f1dcbd5d,SWE-agent datasets,85,False,False,0.3176470588235294,0.058823529411764705,0.8235294117647058,True,True,True,20,4,65,27,5,70
Final500,enriched difficult loop-heavy set,Final500_T000284,99e33d7eb154a850f9815eef9a81517aabebd7a59a12e151104015ff20d1e549,SWE-agent datasets,92,False,False,0.2826086956521739,0.2608695652173913,0.9130434782608695,True,True,True,12,3,64,26,24,84
Final500,enriched difficult loop-heavy set,Final500_T000285,47485a35a8d22a3e294d227b27ef944c84d84796eb9de1e0b1547fa8a19b069f,SWE-agent datasets,159,False,True,0.0880503144654088,0.0,0.949685534591195,True,False,True,3,0,139,14,0,151
Final500,enriched difficult loop-heavy set,Final500_T000286,6ea9cac09c81422ab27c6f589cedd6d07553ab3ffe78bee577b4884744c7a003,SWE-agent datasets,154,False,True,0.4155844155844156,0.4155844155844156,0.577922077922078,True,True,True,30,4,72,64,64,89
Final500,enriched difficult loop-heavy set,Final500_T000287,2c416e641c1fca51179d0fccff2ec51430a98eb80ba812bcbfee61b58f2531be,SWE-agent datasets,13,False,False,1.0,0.46153846153846156,0.0,True,True,False,13,3,0,13,6,0
Final500,enriched difficult loop-heavy set,Final500_T000288,65d70cfda9da9f86739f7f2bce9dc5f57da740b7b06de4630a13d29016bdcca2,SWE-agent datasets,87,False,False,0.9655172413793104,0.9655172413793104,0.632183908045977,True,True,True,14,3,46,84,84,55
Final500,enriched difficult loop-heavy set,Final500_T000289,5368b864fcd40763cea90b29e1c7b900019de1393e375ce7749ba5af9ff3792d,SWE-agent datasets,13,False,False,1.0,0.0,0.0,True,False,False,12,0,0,13,0,0
Final500,enriched difficult loop-heavy set,Final500_T000290,ca4971e761d437a76aced062a7ac3053125dc7b26aac84cad28de214d3f99b93,SWE-agent datasets,40,False,False,0.5,0.475,0.0,True,True,False,15,3,0,20,19,0
Final500,enriched difficult loop-heavy set,Final500_T000291,391ac2dbb4016820ba5ed8505e035bd08dfdcf947b94eb9686069a53164e779a,SWE-agent datasets,35,False,False,1.0,0.45714285714285713,0.0,True,True,False,9,2,0,35,16,0
Final500,enriched difficult loop-heavy set,Final500_T000292,7ee463d001952970677cb2a1e3234b2309b28d7ee4af580f59b561ccacb7aade,SWE-agent datasets,31,False,False,0.8064516129032258,0.8064516129032258,0.0,True,True,False,22,4,0,25,25,0
Final500,enriched difficult loop-heavy set,Final500_T000293,d4f5ada25554d6d6f25a65e9988ca12b924111dc7f40ddd5f2d2d1fffc4b1ef3,SWE-agent datasets,11,False,False,1.0,1.0,0.0,True,True,False,11,1,0,11,11,0
Final500,enriched difficult loop-heavy set,Final500_T000294,e070fa6379a0a8cf2edef0806d99e60b2fd31678d2c0446a6ecd86d13ed7614a,SWE-agent datasets,32,False,False,1.0,1.0,0.0,True,True,False,32,3,0,32,32,0
Final500,enriched difficult loop-heavy set,Final500_T000295,2ab18487b642f47c495df0ccfa8227ca2cbecc0100d06fa94251f07738295eff,SWE-agent datasets,37,False,False,0.9459459459459459,0.6216216216216216,0.0,True,True,False,33,5,0,35,23,0
Final500,enriched difficult loop-heavy set,Final500_T000296,5d1920e7cf655c71c051f30cb8758246b0c0bf2e1ed8fbf635694bc148c14890,SWE-agent datasets,12,False,False,1.0,0.0,0.0,True,False,False,12,0,0,12,0,0
Final500,enriched difficult loop-heavy set,Final500_T000297,8bdeef2e0241926f5c6992dc54a12ab6b11dc541a3850da7647067f148d570c7,SWE-agent datasets,12,False,False,0.75,0.0,0.25,True,False,True,8,0,1,9,0,3
Final500,enriched difficult loop-heavy set,Final500_T000298,af7e6176bcb9d4b032106185a907d609ed18c9a92eca425fdd1a3b635094470c,SWE-agent datasets,44,False,False,0.9318181818181818,0.7045454545454546,0.06818181818181818,True,True,True,38,4,3,41,31,3
Final500,enriched difficult loop-heavy set,Final500_T000299,77b76ef0254d66b865713deb97a27a3fbe6c205970faef943c3375ae834b24d2,SWE-agent datasets,34,False,False,1.0,0.8235294117647058,0.5882352941176471,True,True,True,15,2,19,34,28,20
Final500,enriched difficult loop-heavy set,Final500_T000300,77d092e476dfb74b81326647d029feb14226b31fa92203ff1a72957c7c43aebc,SWE-agent datasets,14,False,False,1.0,0.6428571428571429,0.0,True,True,False,12,1,0,14,9,0
Final500,enriched difficult loop-heavy set,Final500_T000301,9c9312220109684be5226a93017ee6e8b5e877b8a8a191ee4340b34bc52e258a,SWE-agent datasets,35,False,False,1.0,0.8857142857142857,0.0,True,True,False,35,9,0,35,31,0
Final500,enriched difficult loop-heavy set,Final500_T000302,5e4229bdd9200500b32cd3c26d4fe4144ee4674d536ca0bb30e7cfdca229ca62,SWE-agent datasets,10,False,False,1.0,0.0,0.0,True,False,False,9,0,0,10,0,0
Final500,enriched difficult loop-heavy set,Final500_T000303,7340576847bd07c9f68b4173f9d1399f609a82b8162d77271ab4f49f56627152,SWE-agent datasets,37,False,False,0.5945945945945946,0.35135135135135137,0.5945945945945946,True,True,True,18,1,10,22,13,22
Final500,enriched difficult loop-heavy set,Final500_T000304,2dc4f327a71b9ce448143dc8dfe58e2575fdd0d1d838d8a53a7857c475d3fd3c,SWE-agent datasets,12,False,False,1.0,0.0,0.0,True,False,False,12,0,0,12,0,0
Final500,enriched difficult loop-heavy set,Final500_T000305,0e244e4c2aaf75718ececf36c25b83ac481eb321a914e1df6603cb593f6a4134,SWE-agent datasets,14,False,False,1.0,0.0,0.0,True,False,False,14,0,0,14,0,0
Final500,enriched difficult loop-heavy set,Final500_T000306,5b56508481e0137f67e289a449923f401ab36419fd7cd9dc3f54db1e1973e0a5,SWE-agent datasets,11,False,False,1.0,0.0,0.0,True,False,False,10,0,0,11,0,0
Final500,enriched difficult loop-heavy set,Final500_T000307,58caad0c374e6149498ddabbae774b3ba858e5bb156e71593864172b52ad5fe1,SWE-agent datasets,12,False,False,1.0,0.0,0.0,True,False,False,11,0,0,12,0,0
Final500,enriched difficult loop-heavy set,Final500_T000308,948dc23fa56d239663b38ee6f6db51bda6777a13050ffafed3b0134e24ada676,SWE-agent datasets,13,False,False,0.9230769230769231,0.0,0.0,True,False,False,12,0,0,12,0,0
Final500,enriched difficult loop-heavy set,Final500_T000309,2c2ec24a360a5a90b3633c2ebed711a5fee9352fc64d3a838004e21214502db6,SWE-agent datasets,12,False,False,1.0,1.0,0.0,True,True,False,10,1,0,12,12,0
Final500,enriched difficult loop-heavy set,Final500_T000310,df7efbf4311cb267df13b7cced0370c364976bf660b860820660cd77f69a07bd,SWE-agent datasets,31,False,False,0.9354838709677419,0.0,0.0,True,False,False,25,0,0,29,0,0
Final500,enriched difficult loop-heavy set,Final500_T000311,3911fe4235a53ba103da0c6c9273d3f59a3274f972a4071d6aca3ad9593f060c,SWE-agent datasets,11,False,False,1.0,0.0,0.0,True,False,False,10,0,0,11,0,0
Final500,enriched difficult loop-heavy set,Final500_T000312,5aa7c1afc58de1e6d2a92d9e7e15b13e29bf2afff4d92804ec8c18dbb83f419d,SWE-agent datasets,106,False,False,0.3584905660377358,0.2358490566037736,0.8584905660377359,True,True,True,21,5,77,38,25,91
Final500,enriched difficult loop-heavy set,Final500_T000313,aea1cc2a516c8adac4b863982578ba26b53d8895fceecf935d4d66ed103a749f,SWE-agent datasets,8,False,False,1.0,0.0,0.0,True,False,False,8,0,0,8,0,0
Final500,enriched difficult loop-heavy set,Final500_T000314,490f0613dd8cd505a127acf4d1e3234a82e4ce45601ea0beaf57f611f85d5e7d,SWE-agent datasets,42,False,False,0.9761904761904762,0.5476190476190477,0.42857142857142855,True,True,True,35,5,6,41,23,18
Final500,enriched difficult loop-heavy set,Final500_T000315,a4f8078c483e8420270cfd805e25991887d011fac9aad2abdd81a95207181413,SWE-agent datasets,116,False,True,0.07758620689655173,0.0,0.8706896551724138,True,False,True,6,0,85,9,0,101
Final500,enriched difficult loop-heavy set,Final500_T000316,03b16897c5368f2bf7c12aa31d4b385950fec8f8d8d77f63a0c0b814eddd3fce,SWE-agent datasets,43,False,False,1.0,0.6744186046511628,0.46511627906976744,True,True,True,36,3,6,43,29,20
Final500,enriched difficult loop-heavy set,Final500_T000317,c13345ac0201987afbacda459b7551c692a323e3e82b705002bb590f07643514,SWE-agent datasets,132,False,True,0.6363636363636364,0.6363636363636364,0.7651515151515151,True,True,True,16,3,47,84,84,101
Final500,enriched difficult loop-heavy set,Final500_T000318,5c68184c071b53cbb3ca2688389ddd16e551ff594d74964a5d83e9f7c313a135,SWE-agent datasets,32,False,False,0.9375,0.0,0.0,True,False,False,30,0,0,30,0,0
Final500,enriched difficult loop-heavy set,Final500_T000319,a2c509c5c2296740fdc832306de270835fa7285f64b48e1fc76693ccd8c1190c,SWE-agent datasets,93,False,False,0.44086021505376344,0.1827956989247312,0.6989247311827957,True,True,True,38,5,55,41,17,65
Final500,enriched difficult loop-heavy set,Final500_T000320,54691904a92a31bd14d8e1474099810a4473643658c973dd9d06af5fe1f053c4,SWE-agent datasets,38,False,False,0.47368421052631576,0.0,0.6052631578947368,True,False,True,16,0,20,18,0,23
Final500,enriched difficult loop-heavy set,Final500_T000321,9425dafe9de4ce4077c7b1ff1f616445dff86146cf53ac77592d2fe56dfb5414,SWE-agent datasets,46,False,False,0.9347826086956522,0.8043478260869565,0.5434782608695652,True,True,True,35,3,10,43,37,25
Final500,enriched difficult loop-heavy set,Final500_T000322,d9a20c6193353e0dca6d26bb5dd5fca24ad080bd2567d9f781c89b852aaacad6,SWE-agent datasets,33,False,False,0.9696969696969697,0.42424242424242425,0.0,True,True,False,30,3,0,32,14,0
Final500,enriched difficult loop-heavy set,Final500_T000323,f4975c392e8e4c6a84d934f4c5cd7693edfd3a70499e7b3eae9844738ecad571,SWE-agent datasets,200,True,True,0.255,0.11,0.895,True,True,True,30,4,168,51,22,179
Final500,enriched difficult loop-heavy set,Final500_T000324,fc53d761bc8a2b48a1f3f993cbcc8faa43f3345f07c05b8963e1d4d035ed59f1,SWE-agent datasets,33,False,False,1.0,1.0,0.0,True,True,False,32,5,0,33,33,0
Final500,enriched difficult loop-heavy set,Final500_T000325,061d3277f77aa271e609795657c6ddf95a62e01716683ffa0f824d01903e5e91,SWE-agent datasets,31,False,False,1.0,0.0,0.0,True,False,False,30,0,0,31,0,0
Final500,enriched difficult loop-heavy set,Final500_T000326,1ff27bf89c44fe2941950fdcb0fe73babaa09797045a7574e870a8429d06321e,SWE-agent datasets,109,False,False,0.963302752293578,0.944954128440367,0.8073394495412844,True,True,True,18,4,85,105,103,88
Final500,enriched difficult loop-heavy set,Final500_T000327,29bbd1fb2cfb28484b42c5346c42f074988d2f12681d3e2ce316279c2797fcf3,SWE-agent datasets,38,False,False,0.9736842105263158,0.39473684210526316,0.0,True,True,False,35,3,0,37,15,0
Final500,enriched difficult loop-heavy set,Final500_T000328,be5ecc23d3ecd6eec00594cd27539da8184c3c79e0f1e3ead3f5fa7c460fd142,SWE-agent datasets,38,False,False,0.8421052631578947,0.8421052631578947,0.0,True,True,False,32,4,0,32,32,0
Final500,enriched difficult loop-heavy set,Final500_T000329,8fbeb217efc85108ec29b6ff85fb3de0cc80ebab69efca9d9cafa7c4bbc49ec3,SWE-agent datasets,50,False,False,1.0,0.78,0.0,True,True,False,50,8,0,50,39,0
Final500,enriched difficult loop-heavy set,Final500_T000330,e542b0c4d20f2ede36ffab382fc95b6b5f0d9dffeb460286004114b2a4120d45,SWE-agent datasets,79,False,False,1.0,0.9746835443037974,0.7848101265822784,True,True,True,19,4,60,79,77,62
Final500,enriched difficult loop-heavy set,Final500_T000331,eded2adc23178fa21f64f8a88e19dbb01c9431a3257210386baf313be734ca1b,SWE-agent datasets,37,False,False,0.972972972972973,0.10810810810810811,0.6756756756756757,True,True,True,28,2,5,36,4,25
Final500,enriched difficult loop-heavy set,Final500_T000332,558be8d43a64580ce8fa58014c4e00bef02822fc88cf2bfd20736c8ec7123300,SWE-agent datasets,82,False,False,0.4268292682926829,0.3048780487804878,0.6219512195121951,True,True,True,28,5,49,35,25,51
Final500,enriched difficult loop-heavy set,Final500_T000333,77a60a88c59cffbd0072b4346f43a6651a6b8332aeebd86da225cc8380fba60c,SWE-agent datasets,105,False,False,0.26666666666666666,0.0,0.7142857142857143,True,False,True,27,0,75,28,0,75
Final500,enriched difficult loop-heavy set,Final500_T000334,8a30dd9c14d9718e0f9e721be82f4149be650639043ae8bfc1eaa11586e808da,SWE-agent datasets,76,False,False,0.40789473684210525,0.40789473684210525,0.8026315789473685,True,True,True,18,3,57,31,31,61
Final500,enriched difficult loop-heavy set,Final500_T000335,08a5904f82d523fd7430edd29c69fbe24dffdb8958e583ea695b8319b5515f0b,SWE-agent datasets,162,False,True,0.16049382716049382,0.16049382716049382,0.8148148148148148,True,True,True,26,4,128,26,26,132
Final500,enriched difficult loop-heavy set,Final500_T000336,3bedfa6ff8d7f2cce4e7286bf875965a2ced9bbc6a30b97023c6aee140b5e5e2,SWE-agent datasets,37,False,False,0.8378378378378378,0.6486486486486487,0.0,True,True,False,30,4,0,31,24,0
Final500,enriched difficult loop-heavy set,Final500_T000337,c4535caade7fa97ca95f0453e0435200ad02b2a53c05950d1d9836d26c435b0c,SWE-agent datasets,50,False,False,1.0,0.38,0.24,True,True,True,49,3,1,50,19,12
Final500,enriched difficult loop-heavy set,Final500_T000338,df5e056317f8bb74448d1e1b673ae0d321b8823022cae29ec76c4f5f3ffe745f,SWE-agent datasets,80,False,False,0.325,0.0375,0.875,True,True,True,23,2,34,26,3,70
Final500,enriched difficult loop-heavy set,Final500_T000339,7ed97cfc1107e57c3c26ac847b41357e8467f24efd286917bf275a04d2f11288,SWE-agent datasets,38,False,False,0.4473684210526316,0.23684210526315788,0.7894736842105263,True,True,True,16,1,21,17,9,30
Final500,enriched difficult loop-heavy set,Final500_T000340,4070e37e87e410215bd06c1591143a541e45feb6a9f99c03584d3bee4a00b700,SWE-agent datasets,36,False,False,0.8888888888888888,0.8333333333333334,0.0,True,True,False,30,4,0,32,30,0
Final500,enriched difficult loop-heavy set,Final500_T000341,b098736abae391c8bb0220470251dda480bec88e1167dc8864facc5488d9ef93,SWE-agent datasets,31,False,False,0.8709677419354839,0.7096774193548387,0.0,True,True,False,26,2,0,27,22,0
Final500,enriched difficult loop-heavy set,Final500_T000342,ddc92b73b187f4a582390cd9e91ff3177aea7913932420bd6c063763bd42e99f,SWE-agent datasets,34,False,False,1.0,0.8235294117647058,0.11764705882352941,True,True,True,31,2,3,34,28,4
Final500,enriched difficult loop-heavy set,Final500_T000343,b72af22921212d33fdee8e111bbc61063f45d11943006979512dbe0ebbf678de,SWE-agent datasets,199,True,True,0.11055276381909548,0.11055276381909548,0.8793969849246231,True,True,True,22,2,173,22,22,175
Final500,enriched difficult loop-heavy set,Final500_T000344,ffb169c618356ecaf644f5cb4eeeae4b6d33e0a2c849088e9b6c38bdbb7c8b35,SWE-agent datasets,32,False,False,1.0,1.0,0.0,True,True,False,32,7,0,32,32,0
Final500,enriched difficult loop-heavy set,Final500_T000345,8e2dcb307cfaca7196a1e8789808c19596e5bb06bfaf6773296a964191376f3a,SWE-agent datasets,125,False,True,0.904,0.2,0.664,True,True,True,34,3,82,113,25,83
Final500,enriched difficult loop-heavy set,Final500_T000346,4ddf9d86fc527ab7a3df0beca04342da1619161d7aed2d7d5bf5ad01db502d80,SWE-agent datasets,99,False,False,0.26262626262626265,0.1717171717171717,0.7676767676767676,True,True,True,23,4,76,26,17,76
Final500,enriched difficult loop-heavy set,Final500_T000347,52b2cfcc5ae58df535b7f312d0cd288d999000ed832c30af530c2727be07065f,SWE-agent datasets,39,False,False,1.0,1.0,0.0,True,True,False,37,6,0,39,39,0
Final500,enriched difficult loop-heavy set,Final500_T000348,b2b428406c55958bfd32b4af44d0ab2beaefe17ebf6bda0b910cb86edd4adc2d,SWE-agent datasets,37,False,False,1.0,0.4864864864864865,0.21621621621621623,True,True,True,32,4,2,37,18,8
Final500,enriched difficult loop-heavy set,Final500_T000349,6fb40f377882c1f414def34fe7ebf830b320d7bb2868a0cb6fce57f9643a1923,SWE-agent datasets,68,False,False,0.8529411764705882,0.1323529411764706,0.8088235294117647,True,True,True,43,1,24,58,9,55
Final500,enriched difficult loop-heavy set,Final500_T000350,fd43289836be7138a0479959d5bcc640c4bce2413c198f8d59bc30b0490946be,SWE-agent datasets,140,False,True,0.25,0.15,0.8071428571428572,True,True,True,28,4,111,35,21,113
Final500,enriched difficult loop-heavy set,Final500_T000351,fbcdb976bed4f532728fd24c71809dd1913f46d1ac09c174e705b98f09f3b624,SWE-agent datasets,49,False,False,0.9795918367346939,0.8979591836734694,0.0,True,True,False,48,5,0,48,44,0
Final500,enriched difficult loop-heavy set,Final500_T000352,0a79391a6b6522bd27d3d96abbbb8e9baafc795e1b44b8f0a2c7fa9f364bdc35,SWE-agent datasets,35,False,False,1.0,0.7714285714285715,0.0,True,True,False,35,5,0,35,27,0
Final500,enriched difficult loop-heavy set,Final500_T000353,94d82970afdaf54f360e69fc5b54d6ce74056b6ea5ca9d306f18c4abc4df5da6,SWE-agent datasets,31,False,False,1.0,0.3870967741935484,0.0,True,True,False,31,2,0,31,12,0
Final500,enriched difficult loop-heavy set,Final500_T000354,c14a18d24ede5c7680222d405244f10e0e3dc998d01217f285348916e0d941db,SWE-agent datasets,40,False,False,0.975,0.85,0.35,True,True,True,25,4,13,39,34,14
Final500,enriched difficult loop-heavy set,Final500_T000355,f43b23ca322114c2358146b08fb842e6739458e49bffeba912f9ef4071ab3ac2,SWE-agent datasets,94,False,False,1.0,0.19148936170212766,0.7127659574468085,True,True,True,28,2,66,94,18,67
Final500,enriched difficult loop-heavy set,Final500_T000356,3420376463cac196cdd022f18e11a1269fac183d0256981244ee7f8711413b7e,SWE-agent datasets,95,False,False,0.9894736842105263,0.0,0.8526315789473684,True,False,True,15,0,79,94,0,81
Final500,enriched difficult loop-heavy set,Final500_T000357,393ba0ae94771d098a55bca34b2ba90528dde576eb81f5329b2c3ec8f0d8ee08,SWE-agent datasets,33,False,False,0.8484848484848485,0.6363636363636364,0.12121212121212122,True,True,True,27,5,4,28,21,4
Final500,enriched difficult loop-heavy set,Final500_T000358,71496caa577448a3ff9ff05451cadeecf6ad66bc4f0576278bf8b88a08cfca92,SWE-agent datasets,92,False,False,1.0,1.0,0.0,True,True,False,85,16,0,92,92,0
Final500,enriched difficult loop-heavy set,Final500_T000359,6a76fb8256eeb843b40edd50ba0376fab0cffa26b878d6eb9365293c39e8946b,SWE-agent datasets,53,False,False,0.9811320754716981,0.18867924528301888,0.7735849056603774,True,True,True,12,1,40,52,10,41
Final500,enriched difficult loop-heavy set,Final500_T000360,287e27fd24594e1c80ccf54e15a33c26eb149104b916e1288746d2bf51166049,SWE-agent datasets,81,False,False,1.0,0.9259259259259259,0.1111111111111111,True,True,True,74,11,2,81,75,9
Final500,enriched difficult loop-heavy set,Final500_T000361,4719cfde2a6f8dee4398b80a6682571322cfde3a94fa2595fa8202df78a46725,SWE-agent datasets,60,False,False,1.0,0.0,0.8166666666666667,True,False,True,10,0,48,60,0,49
Final500,enriched difficult loop-heavy set,Final500_T000362,ec137b37055236054ef2ba0519ed0d21a157ec3c2e364ba7d21729e594a385c6,SWE-agent datasets,34,False,False,0.9705882352941176,0.6764705882352942,0.08823529411764706,True,True,True,27,8,2,33,23,3
Final500,enriched difficult loop-heavy set,Final500_T000363,750f3bffe42a8a6d4ae5ebe617207339aebff0938c01e90feda939c092c19398,SWE-agent datasets,61,False,False,0.9836065573770492,0.14754098360655737,0.26229508196721313,True,True,True,45,3,15,60,9,16
Final500,enriched difficult loop-heavy set,Final500_T000364,b316d2ad68d14fc84b1afc2c8ff682a7b0cdf2ef9ccc8463d2b4c0d6dfda8ff8,SWE-agent datasets,85,False,False,0.9647058823529412,0.9647058823529412,0.0,True,True,False,54,4,0,82,82,0
Final500,enriched difficult loop-heavy set,Final500_T000365,0bf8162ca9880636e0179e630cb018c54b34af3c95085195e1f015533e7e0d6a,SWE-agent datasets,101,False,False,0.26732673267326734,0.18811881188118812,0.8217821782178217,True,True,True,14,5,33,27,19,83
Final500,enriched difficult loop-heavy set,Final500_T000366,e784456e23f28c27fd9969a8ea621c0eb17b0c5472468323ea29b940e203e45f,SWE-agent datasets,89,False,False,0.9325842696629213,0.9325842696629213,0.0,True,True,False,72,13,0,83,83,0
Final500,enriched difficult loop-heavy set,Final500_T000367,32d606f40783f315398de6b9fb93e8f75fa33af354fc2293c9a10df08fe53d8e,SWE-agent datasets,97,False,False,0.35051546391752575,0.35051546391752575,0.6494845360824743,True,True,True,30,7,51,34,34,63
Final500,enriched difficult loop-heavy set,Final500_T000368,96f103acfa34221349874937711605eb15636c2bff09066f638abfc1c8db7be9,SWE-agent datasets,132,False,True,0.3333333333333333,0.2727272727272727,0.6893939393939394,True,True,True,20,6,78,44,36,91
Final500,enriched difficult loop-heavy set,Final500_T000369,a778f9be552ed250b2dcd551f5a1407203641838d5bd6f1f5057761b491a3240,SWE-agent datasets,43,False,False,0.9767441860465116,0.6976744186046512,0.0,True,True,False,42,5,0,42,30,0
Final500,enriched difficult loop-heavy set,Final500_T000370,05f05076c58f981f93e7207bb803c5549fa6d2bcbb078ec431628250d37f9b4b,SWE-agent datasets,33,False,False,0.9090909090909091,0.9090909090909091,0.0,True,True,False,30,9,0,30,30,0
Final500,enriched difficult loop-heavy set,Final500_T000371,33a2d93b38541d1e1c8be9dd467766deb5ef2217bda16ee9996f237d61780d88,SWE-agent datasets,35,False,False,0.9428571428571428,0.5428571428571428,0.0,True,True,False,33,3,0,33,19,0
Final500,enriched difficult loop-heavy set,Final500_T000372,b365c473106430c4df50f6430d7b6b0d744f729591ba76ec4df855144c5d9b4b,SWE-agent datasets,58,False,False,1.0,0.9655172413793104,0.0,True,True,False,58,12,0,58,56,0
Final500,enriched difficult loop-heavy set,Final500_T000373,9ba874d161c97c0ba87ca1a6e86ef99f8f85db901197ae2493c90d7d09f7ae4c,SWE-agent datasets,53,False,False,1.0,0.6981132075471698,0.0,True,True,False,53,8,0,53,37,0
Final500,enriched difficult loop-heavy set,Final500_T000374,51b24102127708d3abff619eccaabfd842451d95a95c52a72edfb3000b274973,SWE-agent datasets,128,False,True,0.234375,0.234375,0.859375,True,True,True,26,7,101,30,30,110
Final500,enriched difficult loop-heavy set,Final500_T000375,fb42a5cb442adf8a7070a1c100d82cc39f4f1dff51675efaa552123e46dfc67c,SWE-agent datasets,65,False,False,0.9692307692307692,0.0,0.5230769230769231,True,False,True,49,0,13,63,0,34
Final500,enriched difficult loop-heavy set,Final500_T000376,f4d154a4b8e05a46be18b0e7903a498603ff9d6d44a937fc0a28907236793d58,SWE-agent datasets,112,False,True,0.8303571428571429,0.0625,0.8660714285714286,True,True,True,59,2,48,93,7,97
Final500,enriched difficult loop-heavy set,Final500_T000377,7ed393320de6a12b6bf3afd5aecdcd54839ba339af1cbf002744269f00335e89,SWE-agent datasets,92,False,False,0.20652173913043478,0.20652173913043478,0.7934782608695652,True,True,True,19,1,73,19,19,73
Final500,enriched difficult loop-heavy set,Final500_T000378,872302aa7377f9654aa20ab419757945f279c01ef2b3a10cf3ea0f50f8426000,SWE-agent datasets,32,False,False,0.90625,0.4375,0.0,True,True,False,28,1,0,29,14,0
Final500,enriched difficult loop-heavy set,Final500_T000379,01d2804ad872271709635ca6c45e047e2d70afaffba55165dd1b899d170afde6,SWE-agent datasets,36,False,False,1.0,1.0,0.0,True,True,False,36,7,0,36,36,0
Final500,enriched difficult loop-heavy set,Final500_T000380,a4465bbc2eb8730f9522089ee409acfbe1a5794f2dfbf729555babc7f6d58cae,SWE-agent datasets,100,False,False,0.31,0.22,0.8,True,True,True,24,3,74,31,22,80
Final500,enriched difficult loop-heavy set,Final500_T000381,277012c743fd7f08d93f5c410b8077358088a7acc54ced9364265d0bbbc2b9ad,SWE-agent datasets,40,False,False,0.975,0.875,0.0,True,True,False,39,6,0,39,35,0
Final500,enriched difficult loop-heavy set,Final500_T000382,24b0a096a135601795b65a4257f259baef4e3a70178042e3ef124a058cf394c2,SWE-agent datasets,33,False,False,0.9696969696969697,0.8181818181818182,0.15151515151515152,True,True,True,28,3,3,32,27,5
Final500,enriched difficult loop-heavy set,Final500_T000383,1b659305fe1ab174e035d41fb09007e49320d106b057ef5459424f30cb3f7a3f,SWE-agent datasets,31,False,False,0.9354838709677419,0.3225806451612903,0.22580645161290322,True,True,True,24,3,6,29,10,7
Final500,enriched difficult loop-heavy set,Final500_T000384,a8a91db838159bd64c4614553d29e3a12965b6ce66d351ce22aa3d8d8453f056,SWE-agent datasets,34,False,False,1.0,1.0,0.0,True,True,False,31,1,0,34,34,0
Final500,enriched difficult loop-heavy set,Final500_T000385,1468d834f446bc70178946965bdb7e46da1e217f7c169bda6ae30cbd75aba946,SWE-agent datasets,121,False,True,0.9752066115702479,0.2727272727272727,0.6859504132231405,True,True,True,78,8,43,118,33,83
Final500,enriched difficult loop-heavy set,Final500_T000386,e497d0efd7e86d46e9a3d0360bca6241af398e6c7fb269082827799494a8dbc3,SWE-agent datasets,84,False,False,0.5476190476190477,0.11904761904761904,0.9047619047619048,True,True,True,21,2,62,46,10,76
Final500,enriched difficult loop-heavy set,Final500_T000387,c3e1361956ad0847d5300abef940f784774437061a7c8ba7dd8e120beb40e5e0,SWE-agent datasets,32,False,False,1.0,1.0,0.0,True,True,False,31,5,0,32,32,0
Final500,enriched difficult loop-heavy set,Final500_T000388,3aba029382d2f728b60ef2e8483674ae846b2729b00fc5e84560dd0acf6ad86a,SWE-agent datasets,175,True,True,0.2742857142857143,0.2742857142857143,0.9257142857142857,True,True,True,14,7,161,48,48,162
Final500,enriched difficult loop-heavy set,Final500_T000389,f5856fde5d78e9ed2a650d607e47576714cd7f419bd2f6d0b17288b27047de5d,SWE-agent datasets,32,False,False,0.96875,0.71875,0.0,True,True,False,31,3,0,31,23,0
Final500,enriched difficult loop-heavy set,Final500_T000390,4a0ceabe022041c30ae91e848fea5ed3a7f50f8d37d3ac514dba8ccc5acad556,SWE-agent datasets,88,False,False,0.26136363636363635,0.26136363636363635,0.7386363636363636,True,True,True,23,4,65,23,23,65
Final500,enriched difficult loop-heavy set,Final500_T000391,a2cfe7545543ae74df6d735055bfe94dd9adcdd61c2887e3a363c198ff2b84ed,SWE-agent datasets,35,False,False,0.9142857142857143,0.22857142857142856,0.0,True,True,False,31,2,0,32,8,0
Final500,enriched difficult loop-heavy set,Final500_T000392,b8e109d5ddb02865a019df247a837b7621e912de976ad36d39049a87eac80d94,SWE-agent datasets,79,False,False,1.0,1.0,0.8354430379746836,True,True,True,17,5,62,79,79,66
Final500,enriched difficult loop-heavy set,Final500_T000393,456c823f5cda13879ae290847f871a4fe6bc226de93bba45d3e5091a2641921d,SWE-agent datasets,16,False,False,0.9375,0.9375,0.0,True,True,False,9,2,0,15,15,0
Final500,enriched difficult loop-heavy set,Final500_T000394,4f5814fcb323da6cffd44870eb93470f53b438aed8f5c950071abab7effbb46d,SWE-agent datasets,34,False,False,1.0,1.0,0.0,True,True,False,32,9,0,34,34,0
Final500,enriched difficult loop-heavy set,Final500_T000395,efe8e19e247c7205161425d776f7dc78cdf7067590fe1b2d6b1629727a8db064,SWE-agent datasets,36,False,False,1.0,0.7777777777777778,0.0,True,True,False,36,2,0,36,28,0
Final500,enriched difficult loop-heavy set,Final500_T000396,4e4319183325b8ca3bb2b6654fba3175ef67a0bf08a491fc39ccb8055ef0e540,SWE-agent datasets,85,False,False,0.29411764705882354,0.0,0.8941176470588236,True,False,True,10,0,75,25,0,76
Final500,enriched difficult loop-heavy set,Final500_T000397,c298f91423aa1bb8361d8bd27c9c4b0ffca75861f0f20bcd7ebac5735798137e,SWE-agent datasets,42,False,False,0.8809523809523809,0.7142857142857143,0.09523809523809523,True,True,True,37,5,3,37,30,4
Final500,enriched difficult loop-heavy set,Final500_T000398,c56dfd781052ded58fed70bef144986f4c52b9b8b71df61c4801d47ce139d17f,SWE-agent datasets,196,True,True,0.9948979591836735,0.04081632653061224,0.9336734693877551,True,True,True,22,1,173,195,8,183
Final500,enriched difficult loop-heavy set,Final500_T000399,01977202d769ad279e03e663069fdc18fbcdfe38247eec33e38e2d77960374c3,SWE-agent datasets,164,False,True,0.10365853658536585,0.10365853658536585,0.8963414634146342,True,True,True,17,5,146,17,17,147
Final500,enriched difficult loop-heavy set,Final500_T000400,59963bdaaba4a09b0c86102e2e975824b4c7fbfad004dbfc3450ad5488d1a46e,SWE-agent datasets,39,False,False,1.0,1.0,0.0,True,True,False,39,3,0,39,39,0
Final500,enriched difficult loop-heavy set,Final500_T000401,c5ad13c3e126eb2be3417b511b78dc5552cfa89e3b793670534b13dda378d831,SWE-agent datasets,149,False,True,0.21476510067114093,0.04697986577181208,0.8120805369127517,True,True,True,28,2,121,32,7,121
Final500,enriched difficult loop-heavy set,Final500_T000402,850d1e19497b24f26a1d433ba693526711e7e27c23cb85b721c4c38602a5de92,SWE-agent datasets,38,False,False,1.0,0.6842105263157895,0.0,True,True,False,37,2,0,38,26,0
Final500,enriched difficult loop-heavy set,Final500_T000403,a284f270b13ff709dea0dd52d89ca93e1513d67d0b2ed01ac6b2694a21c15637,SWE-agent datasets,33,False,False,1.0,0.7575757575757576,0.0,True,True,False,33,3,0,33,25,0
Final500,enriched difficult loop-heavy set,Final500_T000404,196e19470e67223f7af1c458702ba55e771662932cd3d07c9fe57237f4aaaa1c,SWE-agent datasets,100,False,False,0.16,0.16,0.87,True,True,True,14,2,86,16,16,87
Final500,enriched difficult loop-heavy set,Final500_T000405,f793aa19b82b37fe1588539b5b606e58b99da05c4c3a740f2e78facee4deec56,SWE-agent datasets,77,False,False,1.0,0.7402597402597403,0.0,True,True,False,72,9,0,77,57,0
Final500,enriched difficult loop-heavy set,Final500_T000406,ad9589f3f417eed193530574d370ba3322660806453dcfcbefa9972716c4cb7e,SWE-agent datasets,53,False,False,1.0,0.8490566037735849,0.0,True,True,False,52,8,0,53,45,0
Final500,enriched difficult loop-heavy set,Final500_T000407,7df7ee927d2ee13c6971fafb1f4856f4de4b1d8e03fb2e4b97bbad10d4ebe8d3,SWE-agent datasets,111,False,False,0.25225225225225223,0.12612612612612611,0.8378378378378378,True,True,True,23,5,88,28,14,93
Final500,enriched difficult loop-heavy set,Final500_T000408,49f583223aa64877697c8298b8da136a55663692d8f8709362659433929046ae,SWE-agent datasets,81,False,False,0.16049382716049382,0.06172839506172839,0.8395061728395061,True,True,True,13,1,68,13,5,68
Final500,enriched difficult loop-heavy set,Final500_T000409,7d34bcc587b3001461333c5a8cdcfff4b0f7acc066cae2c77ed264d10819c1b0,SWE-agent datasets,163,False,True,0.04294478527607362,0.012269938650306749,0.9570552147239264,True,True,True,7,1,156,7,2,156
Final500,enriched difficult loop-heavy set,Final500_T000410,00f3e4547ca3ffd12a4ffa46926655a787be069a0cdb09e72bd53569ac000883,SWE-agent datasets,88,False,False,0.4431818181818182,0.20454545454545456,0.5568181818181818,True,True,True,38,4,49,39,18,49
Final500,enriched difficult loop-heavy set,Final500_T000411,2aeb65f7af91f0a9181715e9c0822a62ce4961633a35347afda5415a7b64a331,SWE-agent datasets,51,False,False,0.9803921568627451,0.9803921568627451,0.7254901960784313,True,True,True,49,9,1,50,50,37
Final500,enriched difficult loop-heavy set,Final500_T000412,9aa97a28fa2017aa231ab4fbe9be79ef0c431a6fda1575406df672e6f1ba4e4a,SWE-agent datasets,42,False,False,0.9761904761904762,0.6666666666666666,0.0,True,True,False,39,3,0,41,28,0
Final500,enriched difficult loop-heavy set,Final500_T000413,ec752e68f58e1c165f90013fe2bd9ab7cb0095b326e2fd5498363d00707ba8cc,SWE-agent datasets,35,False,False,0.9428571428571428,0.9428571428571428,0.0,True,True,False,29,4,0,33,33,0
Final500,enriched difficult loop-heavy set,Final500_T000414,7bc527e62bc17301efd3ab5030a8b299ade6ad5235d2c933b4d9c18f73c96145,SWE-agent datasets,96,False,False,0.4791666666666667,0.3020833333333333,0.6979166666666666,True,True,True,37,7,59,46,29,67
Final500,enriched difficult loop-heavy set,Final500_T000415,f5420c51a70a3a88d8ef5cb3c1941b477beb1cccf216602d2f908249f4c95cfd,SWE-agent datasets,31,False,False,1.0,1.0,0.0,True,True,False,31,3,0,31,31,0
Final500,enriched difficult loop-heavy set,Final500_T000416,6ff71387f35b8ac79736148b8d603871f12f57d7cc9b4aa333bae4d27c9c42f8,SWE-agent datasets,34,False,False,1.0,0.4117647058823529,0.0,True,True,False,34,4,0,34,14,0
Final500,enriched difficult loop-heavy set,Final500_T000417,d16f7d5398567126c55289a98f2f45090686b0f45c83b4f84f8765f4030fa604,SWE-agent datasets,96,False,False,0.4270833333333333,0.40625,0.9895833333333334,True,True,True,28,8,63,41,39,95
Final500,enriched difficult loop-heavy set,Final500_T000418,446624804a66c408a03a4a611092322356861a1548db5c0218c3b49d77e411e5,SWE-agent datasets,32,False,False,0.46875,0.25,0.53125,True,True,True,15,3,17,15,8,17
Final500,enriched difficult loop-heavy set,Final500_T000419,3bda8a193cc0abf8337a4c9b7f0e6b063e3740c1414f95de2ab88bfe3cdbcedf,SWE-agent datasets,144,False,True,0.2916666666666667,0.09722222222222222,0.8263888888888888,True,True,True,33,3,110,42,14,119
Final500,enriched difficult loop-heavy set,Final500_T000420,960d41229278d363c3abd282d5e09ed50dd20fa236e89cf1bdd10ecb9f99ec34,SWE-agent datasets,38,False,False,0.631578947368421,0.07894736842105263,0.5,True,True,True,21,1,14,24,3,19
Final500,enriched difficult loop-heavy set,Final500_T000421,4d303a3449a6fda0e8b245e988eb97a9f761d0a9487494e58e7e5f3ed39b8974,SWE-agent datasets,44,False,False,1.0,1.0,0.0,True,True,False,44,7,0,44,44,0
Final500,enriched difficult loop-heavy set,Final500_T000422,5c11010b5dade51169162c05d80236ce5761317f23ec8235a2c07ec252fc4e63,SWE-agent datasets,82,False,False,1.0,1.0,0.573170731707317,True,True,True,36,7,46,82,82,47
Final500,enriched difficult loop-heavy set,Final500_T000423,1277c6d0a226928667e881b5725c9c1bf5bdc787d9c28d431cdc60566069f8b5,SWE-agent datasets,31,False,False,1.0,0.6451612903225806,0.0,True,True,False,31,3,0,31,20,0
Final500,enriched difficult loop-heavy set,Final500_T000424,ea0906fe18aae45bbe9e9143630f7388ef9d4dc7b60b131163cdbdc5f47304e0,SWE-agent datasets,31,False,False,0.4838709677419355,0.0,0.3225806451612903,True,False,True,13,0,10,15,0,10
Final500,enriched difficult loop-heavy set,Final500_T000425,5414b649e30d7e09fe135adff36f770b9523110fa6c8d61abc8bb67957e2ee26,SWE-agent datasets,38,False,False,1.0,1.0,0.0,True,True,False,38,9,0,38,38,0
Final500,enriched difficult loop-heavy set,Final500_T000426,051009577c97f6b31975ff3688963175ba84ce2e4959b62bc741d65628b54a31,SWE-agent datasets,81,False,False,0.24691358024691357,0.24691358024691357,0.7530864197530864,True,True,True,20,3,61,20,20,61
Final500,enriched difficult loop-heavy set,Final500_T000427,c9e28b886d77ba458107e12164e2a9665abfa15d6365869d90928c40be2e177d,SWE-agent datasets,36,False,False,1.0,0.8888888888888888,0.08333333333333333,True,True,True,28,4,1,36,32,3
Final500,enriched difficult loop-heavy set,Final500_T000428,144f91f056da3ffd50a3205717f6dde9304c4d433bf5aceb58f143b55bb17a37,SWE-agent datasets,86,False,False,0.9883720930232558,0.9302325581395349,0.7906976744186046,True,True,True,27,6,58,85,80,68
Final500,enriched difficult loop-heavy set,Final500_T000429,c736e368a3b685e34627f21d8969e7bc1af52737280d0ec0e7127c93e8a770eb,SWE-agent datasets,83,False,False,0.40963855421686746,0.3855421686746988,0.7349397590361446,True,True,True,22,5,60,34,32,61
Final500,enriched difficult loop-heavy set,Final500_T000430,6020be4ba4b4db5c2ac32239cb74c7267fe45c1b70dbdf6db054c050172dbc5e,SWE-agent datasets,83,False,False,0.1686746987951807,0.024096385542168676,0.8313253012048193,True,True,True,14,1,69,14,2,69
Final500,enriched difficult loop-heavy set,Final500_T000431,df70e5dcbe1c341a6a2326abae30e9b965a153cfdd2cdcec91565cc466249e3b,SWE-agent datasets,33,False,False,1.0,0.0,0.3333333333333333,True,False,True,23,0,10,33,0,11
Final500,enriched difficult loop-heavy set,Final500_T000432,6df11b68ce818a8390be8929b81d26269647d9fe03823ed4f106f9c1dbd02d0f,SWE-agent datasets,50,False,False,1.0,0.7,0.0,True,True,False,50,3,0,50,35,0
Final500,enriched difficult loop-heavy set,Final500_T000433,06bcb8ebe12c16592905181e1a0ce56878253d4ab2f1b2112b0a075b8e35f3fc,SWE-agent datasets,37,False,False,0.7837837837837838,0.5135135135135135,0.5945945945945946,True,True,True,24,3,12,29,19,22
Final500,enriched difficult loop-heavy set,Final500_T000434,a7d579bf166fb4939810d59df23a9898f4b2baec8e2506e3e66bbe85a03d71e2,SWE-agent datasets,37,False,False,0.8648648648648649,0.7027027027027027,0.13513513513513514,True,True,True,32,5,5,32,26,5
Final500,enriched difficult loop-heavy set,Final500_T000435,8f247ffe9a90256db61c5415bd72a160cc87710bf8eb86954e2e66f286cbd796,SWE-agent datasets,37,False,False,1.0,0.7027027027027027,0.0,True,True,False,37,2,0,37,26,0
Final500,enriched difficult loop-heavy set,Final500_T000436,0da2162a5acfbd38b1ac8e6238cbbafa58236442debe76f66ac6d59ccd375f10,SWE-agent datasets,41,False,False,1.0,0.8780487804878049,0.2682926829268293,True,True,True,37,12,3,41,36,11
Final500,enriched difficult loop-heavy set,Final500_T000437,0045fa066a9680a6b795c479020ebc1b72db5292c1db2b4bd6a393b4ef7676d0,SWE-agent datasets,78,False,False,0.5256410256410257,0.02564102564102564,0.6794871794871795,True,True,True,33,1,45,41,2,53
Final500,enriched difficult loop-heavy set,Final500_T000438,9db8aa8f4233790d28c914b61c3fb336e2a72663ed111a8ce95c3a9f44c15ba1,SWE-agent datasets,36,False,False,0.3611111111111111,0.25,0.6111111111111112,True,True,True,12,4,22,13,9,22
Final500,enriched difficult loop-heavy set,Final500_T000439,19b4af8b9e3e62681f67d02977ba8e2014c8bc5dd7bb427c60fafeb0742b645d,SWE-agent datasets,63,False,False,0.8571428571428571,0.4603174603174603,0.38095238095238093,True,True,True,41,7,17,54,29,24
Final500,enriched difficult loop-heavy set,Final500_T000440,6492a1defb7a1eb60cfc52ead6e17d36fddcd1dd10b83341c306d2140acbdfe4,SWE-agent datasets,93,False,False,0.10752688172043011,0.0,0.8924731182795699,True,False,True,10,0,83,10,0,83
Final500,enriched difficult loop-heavy set,Final500_T000441,43f96a6215afa2608989a788377b280fd64eeeea94ef3a2d22b187b7f148cc9b,SWE-agent datasets,34,False,False,1.0,0.4411764705882353,0.0,True,True,False,34,2,0,34,15,0
Final500,enriched difficult loop-heavy set,Final500_T000442,2b0fb2617fe283d6148d1846c0b0cc4e01e93ba2509975efdc8ef2ca3edb3075,SWE-agent datasets,31,False,False,1.0,0.8064516129032258,0.0,True,True,False,31,4,0,31,25,0
Final500,enriched difficult loop-heavy set,Final500_T000443,85288a052f17c65a068121ea7cc947643374b27c536d66d8abf2a871a891ee34,SWE-agent datasets,33,False,False,1.0,0.3939393939393939,0.0,True,True,False,31,4,0,33,13,0
Final500,enriched difficult loop-heavy set,Final500_T000444,5040a08c6a2f773d40c062253d15926ad42d7e8158dae9411df224fd869475b6,SWE-agent datasets,51,False,False,0.9803921568627451,0.5098039215686274,0.29411764705882354,True,True,True,43,5,7,50,26,15
Final500,enriched difficult loop-heavy set,Final500_T000445,76c73ef229a56622b178efef9bb153920f6a42d58e3d59008e46dbf72dee1336,SWE-agent datasets,38,False,False,0.9473684210526315,0.9473684210526315,0.0,True,True,False,30,5,0,36,36,0
Final500,enriched difficult loop-heavy set,Final500_T000446,5c90e82926257968d4dd684329d90f0f1fc85919508e2ceaaece799765922fc4,SWE-agent datasets,36,False,False,0.9444444444444444,0.5277777777777778,0.0,True,True,False,32,5,0,34,19,0
Final500,enriched difficult loop-heavy set,Final500_T000447,1f0bb2bc51e246474b45052c8e06b88e49471c2d6f61d7194f7c456c55f5e55f,SWE-agent datasets,87,False,False,0.3333333333333333,0.1839080459770115,0.7816091954022989,True,True,True,28,3,59,29,16,68
Final500,enriched difficult loop-heavy set,Final500_T000448,c02f1b1a2e081e70a2a132fe22093ab8b5db814139cb42cc55da049be7ef8817,SWE-agent datasets,33,False,False,0.8787878787878788,0.6666666666666666,0.12121212121212122,True,True,True,29,4,4,29,22,4
Final500,enriched difficult loop-heavy set,Final500_T000449,fa7be0e20fdaa8b9091c15066c64e6a8d078684b473bd66bb0690a9348164c89,SWE-agent datasets,35,False,False,1.0,1.0,0.0,True,True,False,35,3,0,35,35,0
Final500,enriched difficult loop-heavy set,Final500_T000450,823c76b62967efe39cc5023f4dc2ae354fd8adb8bfc60d201b12bf1c4ceb3e8b,SWE-agent datasets,31,False,False,1.0,1.0,0.0,True,True,False,31,8,0,31,31,0
Final500,enriched difficult loop-heavy set,Final500_T000451,3ca970f6cbff5a25c79cc538f63fd3881e1de66584d8aa1020c5c7d82a504e8a,SWE-agent datasets,32,False,False,1.0,0.90625,0.53125,True,True,True,16,2,16,32,29,17
Final500,enriched difficult loop-heavy set,Final500_T000452,19608a59ee800801b7717ce169c54d3ce0addbe07707fe861e8512eeb6683a33,SWE-agent datasets,91,False,False,0.3626373626373626,0.0989010989010989,0.6373626373626373,True,True,True,32,2,58,33,9,58
Final500,enriched difficult loop-heavy set,Final500_T000453,3191c040b216e03149fa55d25253c9a9b71257b4c7d8b76dbe9c3292777a1395,SWE-agent datasets,33,False,False,1.0,0.5454545454545454,0.0,True,True,False,33,4,0,33,18,0
Final500,enriched difficult loop-heavy set,Final500_T000454,dfd3136aead528860e342bb71c79e54e9f1248b69cbfcc5c28f079eca643263a,SWE-agent datasets,44,False,False,1.0,0.7045454545454546,0.0,True,True,False,43,7,0,44,31,0
Final500,enriched difficult loop-heavy set,Final500_T000455,ae6f11d25b106266ed5a2bf9ad0dc7959ff56c4c67afb9f28788e363a10f1601,SWE-agent datasets,88,False,False,0.2159090909090909,0.0,0.9204545454545454,True,False,True,13,0,74,19,0,81
Final500,enriched difficult loop-heavy set,Final500_T000456,88ccd3e0b393513cd298be412a7d8bce6a440e411743a9cdc9ba6073eda0af6f,SWE-agent datasets,143,False,True,0.993006993006993,0.1888111888111888,0.7902097902097902,True,True,True,30,4,110,142,27,113
Final500,enriched difficult loop-heavy set,Final500_T000457,c7a45e69d71065510c682ce0a567432a2c2d533076b5a15aa3bad5820bcf483c,SWE-agent datasets,108,False,False,0.75,0.75,0.9074074074074074,True,True,True,12,3,95,81,81,98
Final500,enriched difficult loop-heavy set,Final500_T000458,914f81ed0208ecc51d093519c51f9eca50997436a21e21f3e0b0c7cb98df539c,SWE-agent datasets,43,False,False,1.0,0.46511627906976744,0.5348837209302325,True,True,True,21,1,22,43,20,23
Final500,enriched difficult loop-heavy set,Final500_T000459,6c72979bad7b16beac89db6da667e3f3974941322e0aa3f59b9f306cb9948dad,SWE-agent datasets,56,False,False,0.9285714285714286,0.6071428571428571,0.0,True,True,False,49,4,0,52,34,0
Final500,enriched difficult loop-heavy set,Final500_T000460,6fe04c16de077a4085e9cb670cc4113b1b0a4a942ee9887b8c561a80bc03cd70,SWE-agent datasets,44,False,False,0.9772727272727273,0.7272727272727273,0.0,True,True,False,43,7,0,43,32,0
Final500,enriched difficult loop-heavy set,Final500_T000461,dd339b09843f34a2d1580f20c51e2ad08836ff6054f9643238fdc94a07055959,SWE-agent datasets,83,False,False,0.6144578313253012,0.3253012048192771,0.4457831325301205,True,True,True,43,5,31,51,27,37
Final500,enriched difficult loop-heavy set,Final500_T000462,7e7f2d9cfd260781ba35d2aebbc7b3a3f016641337919ceaecccba96818a2ab2,SWE-agent datasets,187,True,True,0.0427807486631016,0.0,0.9518716577540107,True,False,True,8,0,177,8,0,178
Final500,enriched difficult loop-heavy set,Final500_T000463,b037d421fda1b14e41473d3debc662fc3c19e83f4e23e3516a651b086c466e3b,SWE-agent datasets,87,False,False,0.40229885057471265,0.10344827586206896,0.8505747126436781,True,True,True,21,2,63,35,9,74
Final500,enriched difficult loop-heavy set,Final500_T000464,cef74c31487351ba4c1082564fa7d88b674e41c380d23858388e474248b4959c,SWE-agent datasets,100,False,False,0.23,0.23,0.76,True,True,True,23,6,75,23,23,76
Final500,enriched difficult loop-heavy set,Final500_T000465,d1ec1fd5879e03276bee3a7e9d151c1d0cc6f467fde88b1348c393b6bc6776e5,SWE-agent datasets,31,False,False,1.0,1.0,0.0,True,True,False,31,10,0,31,31,0
Final500,enriched difficult loop-heavy set,Final500_T000466,4db85670a31b5814431c240f30e5136597bdeb7d0a9ebc4beaf42342c0d90591,SWE-agent datasets,113,False,True,0.25663716814159293,0.1504424778761062,0.7787610619469026,True,True,True,25,4,86,29,17,88
Final500,enriched difficult loop-heavy set,Final500_T000467,5e15881922f64d10e65953dd1f08cfade2f4327556387083040f2119a4683f9e,SWE-agent datasets,60,False,False,1.0,0.16666666666666666,0.8,True,True,True,19,1,41,60,10,48
Final500,enriched difficult loop-heavy set,Final500_T000468,df73bbaa9df270ad2ddc223a8e92a76bec38cf66f97ff8562b4bfaaa0d5c25f2,SWE-agent datasets,48,False,False,0.9791666666666666,0.9791666666666666,0.0,True,True,False,46,8,0,47,47,0
Final500,enriched difficult loop-heavy set,Final500_T000469,51a214d60af07e2f7ac9d82843d7ef17fa358b3a4366fb22d48ce79e8d9979d9,SWE-agent datasets,37,False,False,0.6486486486486487,0.6216216216216216,0.5135135135135135,True,True,True,23,2,13,24,23,19
Final500,enriched difficult loop-heavy set,Final500_T000470,b8fe13f3f276507c6fdfb42922022edca738039758cf5d1d3a39668a4a186d64,SWE-agent datasets,194,True,True,0.03608247422680412,0.03608247422680412,0.9484536082474226,True,True,True,7,1,184,7,7,184
Final500,enriched difficult loop-heavy set,Final500_T000471,a75c207b297614f50133b7e2435a19f6ed874a137f4a10a3d04d028deb132a66,SWE-agent datasets,129,False,True,0.6589147286821705,0.1937984496124031,0.6511627906976745,True,True,True,61,3,63,85,25,84
Final500,enriched difficult loop-heavy set,Final500_T000472,0e63c23d2cb3bfdeb4e544b13cf98cdbbeedad5e7e8cade189eb70cf1abc6c80,SWE-agent datasets,89,False,False,0.19101123595505617,0.19101123595505617,0.8089887640449438,True,True,True,17,1,71,17,17,72
Final500,enriched difficult loop-heavy set,Final500_T000473,b1c510f117c1f817d3174e8dea8f46472ed306957c84614b9f2b9d776164ba15,SWE-agent datasets,81,False,False,0.3950617283950617,0.3950617283950617,0.8148148148148148,True,True,True,18,3,63,32,32,66
Final500,enriched difficult loop-heavy set,Final500_T000474,92736ae374f57161a9dfe4449a265104ef515be6858b879511746617029faf58,SWE-agent datasets,162,False,True,1.0,1.0,0.9382716049382716,True,True,True,11,4,150,162,162,152
Final500,enriched difficult loop-heavy set,Final500_T000475,8a197271a677303604ddfd3fbff74efc65f18d8e4af77b2a89c97426a688fb27,SWE-agent datasets,125,False,True,0.192,0.096,0.808,True,True,True,24,3,101,24,12,101
Final500,enriched difficult loop-heavy set,Final500_T000476,2332c3cb7ef034d79a3e9842a38a5ae516a7c6d5078ab70afe99c2d4a949b178,SWE-agent datasets,35,False,False,1.0,0.42857142857142855,0.42857142857142855,True,True,True,29,2,6,35,15,15
Final500,enriched difficult loop-heavy set,Final500_T000477,9d5403ccec70edf6394f9730c6ca1d312f7c86973e15bb824f0bc8a63ab0ad7e,SWE-agent datasets,51,False,False,0.9215686274509803,0.7843137254901961,0.058823529411764705,True,True,True,43,14,2,47,40,3
Final500,enriched difficult loop-heavy set,Final500_T000478,8035158b22485434efcdc23fe654615f06e846c72c7dfa4d159def9aaab00028,SWE-agent datasets,35,False,False,0.9142857142857143,0.2,0.22857142857142856,True,True,True,27,3,5,32,7,8
Final500,enriched difficult loop-heavy set,Final500_T000479,ee90ab875f3c301f184b2a34ae801b0fa88f65a4d3171044c2d1f2b3c6b19a6e,SWE-agent datasets,97,False,False,1.0,0.20618556701030927,0.7628865979381443,True,True,True,24,4,73,97,20,74
Final500,enriched difficult loop-heavy set,Final500_T000480,58de07eba57ecfcdff90d687ffd2d19f1e29041b3e34c3b46357410ef4d4afcc,SWE-agent datasets,44,False,False,0.9772727272727273,0.8636363636363636,0.0,True,True,False,40,10,0,43,38,0
Final500,enriched difficult loop-heavy set,Final500_T000481,c37205e382ea6120fb7a21936575588c3807423e6e67701ac16c81c9e5108d6e,SWE-agent datasets,98,False,False,0.5102040816326531,0.3877551020408163,0.8163265306122449,True,True,True,26,5,72,50,38,80
Final500,enriched difficult loop-heavy set,Final500_T000482,0f75274f2c7f57953e27124d96ae42550a8b346eaf81b0cbe0d0f238ecaa1434,SWE-agent datasets,79,False,False,0.620253164556962,0.620253164556962,0.7088607594936709,True,True,True,23,6,55,49,49,56
Final500,enriched difficult loop-heavy set,Final500_T000483,a84430a1e9e30538efd29874a44bc95e8a9e4cef20c71339f9745de3e2889beb,SWE-agent datasets,176,True,True,0.13636363636363635,0.11363636363636363,0.9204545454545454,True,True,True,19,9,156,24,20,162
Final500,enriched difficult loop-heavy set,Final500_T000484,f7ba41292f515e424f746e57f915d6d499ec39a21a06cb49fc86345d5d5f9b51,SWE-agent datasets,135,False,True,0.21481481481481482,0.037037037037037035,0.7851851851851852,True,True,True,29,1,104,29,5,106
Final500,enriched difficult loop-heavy set,Final500_T000485,f824646d82a7918026abdc93fffbdef5cda4dd9f7ce50cc804e22f0e9b982a7f,SWE-agent datasets,31,False,False,1.0,0.7419354838709677,0.0,True,True,False,28,2,0,31,23,0
Final500,enriched difficult loop-heavy set,Final500_T000486,d5ae9d1f273dbdef77812e32c8303ba68de0c2dc9cacbb93576790e94bea1868,SWE-agent datasets,35,False,False,0.8571428571428571,0.8,0.17142857142857143,True,True,True,28,10,4,30,28,6
Final500,enriched difficult loop-heavy set,Final500_T000487,d5e97f78342cbb5f1493c83abc4ae955c1f8dbb5921b9597ea4d347897bf68af,SWE-agent datasets,76,False,False,0.9868421052631579,0.9210526315789473,0.9342105263157895,True,True,True,9,4,65,75,70,71
Final500,enriched difficult loop-heavy set,Final500_T000488,6d14a7c3750ef43c4f401a44f61872875b54448ca82bf0b9943d43cf397e6807,SWE-agent datasets,55,False,False,0.8,0.2545454545454545,0.32727272727272727,True,True,True,39,2,15,44,14,18
Final500,enriched difficult loop-heavy set,Final500_T000489,becde9ecb76aa0b10319714d2ec52083c680632c0ed3fcf2bd14c30216c88969,SWE-agent datasets,58,False,False,1.0,0.8275862068965517,0.3103448275862069,True,True,True,52,17,4,58,48,18
Final500,enriched difficult loop-heavy set,Final500_T000490,73b2e4ca515dc27cec84e0a3e7b50ee942a6074d47c4b9df75d3f00536dd4138,SWE-agent datasets,76,False,False,0.17105263157894737,0.11842105263157894,0.8026315789473685,True,True,True,12,3,61,13,9,61
Final500,enriched difficult loop-heavy set,Final500_T000491,2fcaa80ddc23aaaa54a511ce4df6d8b67e64bcc05bc820c3a5da14e11236eb08,SWE-agent datasets,31,False,False,1.0,1.0,0.0,True,True,False,31,7,0,31,31,0
Final500,enriched difficult loop-heavy set,Final500_T000492,3c534410ce3193bcde61247cff83f91240307f4064c3414c9198bb655126416d,SWE-agent datasets,63,False,False,0.6190476190476191,0.5555555555555556,0.47619047619047616,True,True,True,34,12,27,39,35,30
Final500,enriched difficult loop-heavy set,Final500_T000493,322b1c95dc154411b765d946f1c35357da8637c8cc7a93ddd22b1c79a490d80e,SWE-agent datasets,117,False,True,0.4017094017094017,0.37606837606837606,0.6923076923076923,True,True,True,45,17,69,47,44,81
Final500,enriched difficult loop-heavy set,Final500_T000494,0c968fe48ab5a2402a02d834fad3afb4589f0f1ab0f20585b84faa42e81bf5e6,SWE-agent datasets,53,False,False,0.9622641509433962,0.7547169811320755,0.0,True,True,False,51,5,0,51,40,0
Final500,enriched difficult loop-heavy set,Final500_T000495,05cee47dd14e26aa56c9e63b6e27e98058bc0717bae9be65ef6e8977d6b21483,SWE-agent datasets,42,False,False,1.0,1.0,0.0,True,True,False,41,14,0,42,42,0
Final500,enriched difficult loop-heavy set,Final500_T000496,beb498144752374dd5019892a7a91569283a76f136b8291cd97186e0f83acf19,SWE-agent datasets,31,False,False,0.9032258064516129,0.9032258064516129,0.0,True,True,False,27,7,0,28,28,0
Final500,enriched difficult loop-heavy set,Final500_T000497,269ba1a07f7335c1db31590c842f941ca9fdda74f6891a05a5fcca0fd88a454d,SWE-agent datasets,31,False,False,1.0,0.0,0.0,True,False,False,31,0,0,31,0,0
Final500,enriched difficult loop-heavy set,Final500_T000498,5ae1f23536f5742722be1e24b07451a29b2a4aa81ce0b874034dc531c0fca507,SWE-agent datasets,39,False,False,1.0,0.5128205128205128,0.0,True,True,False,38,2,0,39,20,0
Final500,enriched difficult loop-heavy set,Final500_T000499,d05d2fa5e99ab79f1ec8db4b6501072d7b83d3ef1e5c18bb5634b89696b5772e,SWE-agent datasets,76,False,False,0.9342105263157895,0.9342105263157895,0.18421052631578946,True,True,True,63,7,7,71,71,14
Final500,enriched difficult loop-heavy set,Final500_T000500,d3c4dec03fec0e311a7bba1cff6d39a3eaeda44be3738146a58c17418f0998f1,SWE-agent datasets,143,False,True,0.3706293706293706,0.055944055944055944,0.916083916083916,True,True,True,30,2,112,53,8,131
StressFresh100,clean stress challenge,StressFresh100_T000001,e14facb83fe13c44d0c879170b6e1ec2612f29b99fae60f62a68f6205ea24f4c,SWE-agent datasets,96,False,True,0.15625,0.0,0.8333333333333334,True,False,True,15,0,80,15,0,80
StressFresh100,clean stress challenge,StressFresh100_T000002,f7c08093c9c75b605c329940f8e83cbbb7b29836226b1d96904fc564da3aee71,SWE-agent datasets,71,False,True,0.22535211267605634,0.056338028169014086,0.7464788732394366,True,True,True,16,2,53,16,4,53
StressFresh100,clean stress challenge,StressFresh100_T000003,88278ba9269cd4d5efbd26712106d393eb881c56870d8606eae1705d3c3ec68d,SWE-agent datasets,15,False,False,0.13333333333333333,0.0,0.13333333333333333,True,False,True,2,0,2,2,0,2
StressFresh100,clean stress challenge,StressFresh100_T000004,35aab597f1e4b9f8d61871debaa6e4cc52c0a1965afd6bea6fcabf45c582c343,SWE-agent datasets,33,False,False,0.8787878787878788,0.18181818181818182,0.0,True,True,False,29,1,0,29,6,0
StressFresh100,clean stress challenge,StressFresh100_T000005,f2c90e9810fed1bc40c2b8dcafd192a64d5366e8d60e71e5d83e9069a92d0cf6,SWE-agent datasets,35,False,False,0.3142857142857143,0.0,0.6571428571428571,True,False,True,11,0,23,11,0,23
StressFresh100,clean stress challenge,StressFresh100_T000006,b4fe28667a7430dd92d6e1dad1558460d71bb4ba32ae926a2205bc13b453052d,SWE-agent datasets,66,False,True,0.0,0.0,0.8939393939393939,False,False,True,0,0,59,0,0,59
StressFresh100,clean stress challenge,StressFresh100_T000007,2fce9d75fcb9b86990782deceb8a306ba975a0fba46f17d273b47d90d4dff22b,SWE-agent datasets,21,False,False,0.42857142857142855,0.2857142857142857,0.0,True,True,False,9,2,0,9,6,0
StressFresh100,clean stress challenge,StressFresh100_T000008,f0846470e69894a0e179900f5781259681ada0392ee6deeb9855d2f740f3567f,SWE-agent datasets,23,False,False,0.8695652173913043,0.0,0.043478260869565216,True,False,True,20,0,1,20,0,1
StressFresh100,clean stress challenge,StressFresh100_T000009,9459f9739998ea80967bcdb519ff724a5427574a88c4696897806fb8514f49ad,SWE-agent datasets,52,False,False,0.6538461538461539,0.3076923076923077,0.3269230769230769,True,True,True,34,4,17,34,16,17
StressFresh100,clean stress challenge,StressFresh100_T000010,c0a598c8d375463a24e1d480f1d824f86b46efdf06eda517a779fbc23aa5ead2,SWE-agent datasets,27,False,False,0.18518518518518517,0.0,0.7407407407407407,True,False,True,5,0,20,5,0,20
StressFresh100,clean stress challenge,StressFresh100_T000011,7f50eabf245f789c54707ceb57e18394640d5332f24c3b151051748aa7ff356e,SWE-agent datasets,24,False,False,0.0,0.0,0.75,False,False,True,0,0,18,0,0,18
StressFresh100,clean stress challenge,StressFresh100_T000012,22b7b5f1e20d0d5111267224aa5d5ec7799b8b33faf40b7a47e347e934414010,SWE-agent datasets,13,False,False,0.23076923076923078,0.0,0.46153846153846156,True,False,True,3,0,6,3,0,6
StressFresh100,clean stress challenge,StressFresh100_T000013,224fa0cbadaac13958575d095b834d3cff5b3f937c2e7e665899d8952b62865c,SWE-agent datasets,10,False,False,0.3,0.0,0.3,True,False,True,3,0,3,3,0,3
StressFresh100,clean stress challenge,StressFresh100_T000014,05e05d4c2947556b170eb381864b1daef5d19e68c6d418056e481d7beff69d63,SWE-agent datasets,12,False,False,0.16666666666666666,0.16666666666666666,0.4166666666666667,True,True,True,2,1,5,2,2,5
StressFresh100,clean stress challenge,StressFresh100_T000015,ca3a05973fa8a45097cfc56aa901342d1cf11b3523c4430c2cd1bf768536373a,SWE-agent datasets,24,False,False,0.0,0.0,0.875,False,False,True,0,0,21,0,0,21
StressFresh100,clean stress challenge,StressFresh100_T000016,57c05fee43398a84d9d86e6ecb80ce4c5714fdc282e5c54279e527038d4b7013,SWE-agent datasets,32,False,False,0.34375,0.0,0.65625,True,False,True,11,0,21,11,0,21
StressFresh100,clean stress challenge,StressFresh100_T000017,db7a465d0ba6b04f62c89985b3af6a3c3ef03c24d5fd240011fedf88c8b1e450,SWE-agent datasets,12,False,False,0.5833333333333334,0.0,0.16666666666666666,True,False,True,7,0,2,7,0,2
StressFresh100,clean stress challenge,StressFresh100_T000018,f573d713da2357bfd72e5493299a11eea0ac3867ffe4ca7759c0b81b25076ec9,SWE-agent datasets,13,False,False,0.15384615384615385,0.0,0.3076923076923077,True,False,True,2,0,4,2,0,4
StressFresh100,clean stress challenge,StressFresh100_T000019,45692b306dfd8b9db79b0d88c36b4aebce30159f1bd7846932b91884aabfacd1,SWE-agent datasets,23,False,False,0.34782608695652173,0.0,0.30434782608695654,True,False,True,8,0,7,8,0,7
StressFresh100,clean stress challenge,StressFresh100_T000020,c88628ac07d356bee07bdaaacf483119bfa4a26673742164909e08c445686e41,SWE-agent datasets,38,False,False,0.42105263157894735,0.0,0.5263157894736842,True,False,True,16,0,20,16,0,20
StressFresh100,clean stress challenge,StressFresh100_T000021,d05b61faf40dbab31306d3f00ee318cfbefd750f384da0aa64234d33b29c2e2d,SWE-agent datasets,10,False,False,0.6,0.1,0.4,True,True,True,6,1,4,6,1,4
StressFresh100,clean stress challenge,StressFresh100_T000022,965ae8d15d6ba29ca5f8de0f09c3d625969bf5e3c806adac70810c843d02b099,SWE-agent datasets,13,False,False,0.38461538461538464,0.15384615384615385,0.46153846153846156,True,True,True,5,1,6,5,2,6
StressFresh100,clean stress challenge,StressFresh100_T000023,da052f865425aec706895c510d19e289d4c07d4be7f858c84911da379ff234cb,SWE-agent datasets,71,False,True,0.056338028169014086,0.0,0.9154929577464789,True,False,True,4,0,65,4,0,65
StressFresh100,clean stress challenge,StressFresh100_T000024,22fdee8fbbece0ed14943d83dafacb0ea9aa5a4a5abe8d7c10f11e9041c19dd8,SWE-agent datasets,33,False,False,0.0,0.0,0.6060606060606061,False,False,True,0,0,20,0,0,20
StressFresh100,clean stress challenge,StressFresh100_T000025,f0dd84287aec5a4d1fe5cfc138243b9d2fb35e8d23915dc34c7e1438dddd00ff,SWE-agent datasets,13,False,False,0.15384615384615385,0.07692307692307693,0.0,True,True,False,2,1,0,2,1,0
StressFresh100,clean stress challenge,StressFresh100_T000026,5461a9d3d032dad54f3a326269ddc3eaa21da083d49e31832bcfaa33c4696cd2,SWE-agent datasets,17,False,False,0.0,0.0,0.4117647058823529,False,False,True,0,0,7,0,0,7
StressFresh100,clean stress challenge,StressFresh100_T000027,db4d5176c39a75b66a7b11b16f06661fc766a57caab6e63a3503b04b55b04d4e,SWE-agent datasets,17,False,False,0.17647058823529413,0.0,0.7058823529411765,True,False,True,3,0,12,3,0,12
StressFresh100,clean stress challenge,StressFresh100_T000028,4462e9176dffdc62e6da4db7c1a0054f7768a71b4e63b8bcd875cb330ac20934,SWE-agent datasets,14,False,False,0.14285714285714285,0.0,0.21428571428571427,True,False,True,2,0,3,2,0,3
StressFresh100,clean stress challenge,StressFresh100_T000029,738f5e3f179f393570a147220416d82db1eee0e83061691ab69e309813ab8551,SWE-agent datasets,26,False,False,0.7307692307692307,0.6538461538461539,0.038461538461538464,True,True,True,19,7,1,19,17,1
StressFresh100,clean stress challenge,StressFresh100_T000030,1d58fd0d991c54f30c3a04bc2160884f3e620897d319a88d7f2dc1602ee440de,SWE-agent datasets,13,False,False,0.23076923076923078,0.23076923076923078,0.0,True,True,False,3,1,0,3,3,0
StressFresh100,clean stress challenge,StressFresh100_T000031,79ebac843584e2139b357b1c18861e8c80543c8a2fdcacb1f881dabccf5fa456,SWE-agent datasets,147,False,True,0.047619047619047616,0.0,0.9183673469387755,True,False,True,7,0,135,7,0,135
StressFresh100,clean stress challenge,StressFresh100_T000032,460e3e9a09e8c9b49a365b34ba3e73cdb086c92be3d1986f60b354c9ae24fa23,SWE-agent datasets,56,False,True,0.30357142857142855,0.03571428571428571,0.6964285714285714,True,True,True,17,2,39,17,2,39
StressFresh100,clean stress challenge,StressFresh100_T000033,6b4efe67d208b4b7ffd4bc30b465d5e19bfc5546bbbe1699c8d0142f5f1f323b,SWE-agent datasets,29,False,False,0.5172413793103449,0.0,0.3103448275862069,True,False,True,15,0,9,15,0,9
StressFresh100,clean stress challenge,StressFresh100_T000034,2816e442729eace9b26e6cb622788d035b3ddd3db1c44f7fb6938a8f0a4de49f,SWE-agent datasets,28,False,False,0.07142857142857142,0.0,0.5714285714285714,True,False,True,2,0,16,2,0,16
StressFresh100,clean stress challenge,StressFresh100_T000035,782cea9926b68436640bd7bbba6c9706ab8b7c42d2e6a834fbbc43472c93b24c,SWE-agent datasets,43,False,False,0.7674418604651163,0.627906976744186,0.16279069767441862,True,True,True,33,27,7,33,27,7
StressFresh100,clean stress challenge,StressFresh100_T000036,e086fa3b46d6313d2a74e106314f91563e7b768573dbbafef9b1b3d89cd4f1c4,SWE-agent datasets,33,False,False,0.5757575757575758,0.0,0.3333333333333333,True,False,True,19,0,11,19,0,11
StressFresh100,clean stress challenge,StressFresh100_T000037,e241a09b5a4207598c25f1556401366c19c6d0df8f84c6252821f87704dfb7e0,SWE-agent datasets,24,False,False,0.20833333333333334,0.0,0.75,True,False,True,5,0,18,5,0,18
StressFresh100,clean stress challenge,StressFresh100_T000038,4b33782f7903b4f025f9bb94357d4130408f35a263046f9807dd16c75399e6f9,SWE-agent datasets,32,False,False,0.625,0.0,0.21875,True,False,True,20,0,7,20,0,7
StressFresh100,clean stress challenge,StressFresh100_T000039,42792b5b64d448831cbd97c2aa6e280852f0a2b73a4191e58c1accb081cd0dd8,SWE-agent datasets,59,False,True,0.23728813559322035,0.03389830508474576,0.7457627118644068,True,True,True,14,2,44,14,2,44
StressFresh100,clean stress challenge,StressFresh100_T000040,b9b39ee78421746192d5c3ad305019e6362e88b206fecbb97449697c7f6dce9b,SWE-agent datasets,28,False,False,0.5714285714285714,0.0,0.39285714285714285,True,False,True,16,0,11,16,0,11
StressFresh100,clean stress challenge,StressFresh100_T000041,308e40c2ba0681c4b845810e1c3666af70e6d7477a0aeb301224c0ce662a2130,SWE-agent datasets,9,False,False,0.7777777777777778,0.0,0.0,True,False,False,7,0,0,7,0,0
StressFresh100,clean stress challenge,StressFresh100_T000042,df1aa3feaeae5be2709487a3647894a23b8f584e33e2f3f169871aa16c245349,SWE-agent datasets,16,False,False,0.875,0.875,0.0,True,True,False,14,4,0,14,14,0
StressFresh100,clean stress challenge,StressFresh100_T000043,1bc8dcf37ba330bacf119cac13a4c4d9d26be11694e48a5ff3c61023f1a2587c,SWE-agent datasets,16,False,False,0.875,0.875,0.0,True,True,False,14,3,0,14,14,0
StressFresh100,clean stress challenge,StressFresh100_T000044,4f15f236016036637e59e48a191562348969b8ba693a009fcf5b5eff24e309f6,SWE-agent datasets,17,False,False,0.17647058823529413,0.0,0.35294117647058826,True,False,True,3,0,6,3,0,6
StressFresh100,clean stress challenge,StressFresh100_T000045,c4159cb4a0ed72bb14872d1dc1af71fb5cfd840d084fb059258d94a5797f6f4c,SWE-agent datasets,67,False,True,0.44776119402985076,0.08955223880597014,0.5522388059701493,True,True,True,30,6,37,30,6,37
StressFresh100,clean stress challenge,StressFresh100_T000046,d5b971143817982ada57bb3f1ff87081a4fbca0140d4db7c5e5b71ba037bb430,SWE-agent datasets,22,False,False,0.0,0.0,0.13636363636363635,False,False,True,0,0,3,0,0,3
StressFresh100,clean stress challenge,StressFresh100_T000047,a14e25682473ca3c4d93f1d1fa2b759d75b225ad7aa50c914dfce5615526e9ff,SWE-agent datasets,42,False,False,0.5714285714285714,0.0,0.0,True,False,False,24,0,0,24,0,0
StressFresh100,clean stress challenge,StressFresh100_T000048,ebd14b8050bc9e6b40fb81e0469c408cf2a2d12f0d184b3c57b8aa810ed35fdc,SWE-agent datasets,26,False,False,0.5,0.0,0.23076923076923078,True,False,True,13,0,6,13,0,6
StressFresh100,clean stress challenge,StressFresh100_T000049,0b5376472f19c212bcc964205655b1d45ac3e98c44171d4923a40d5af0a6f839,SWE-agent datasets,19,False,False,0.5789473684210527,0.3684210526315789,0.21052631578947367,True,True,True,11,6,4,11,7,4
StressFresh100,clean stress challenge,StressFresh100_T000050,e5a05016a8d27bc4021330c7adbb02e4699c7fc6e69221f250aecec8313deee2,SWE-agent datasets,19,False,False,0.0,0.0,0.15789473684210525,False,False,True,0,0,3,0,0,3
StressFresh100,clean stress challenge,StressFresh100_T000051,e5dae32698d66044f26f06853ff1e72e5356ef4496d20b0f20971793cf01f8b1,SWE-agent datasets,57,False,True,0.5964912280701754,0.0,0.38596491228070173,True,False,True,34,0,22,34,0,22
StressFresh100,clean stress challenge,StressFresh100_T000052,b163f6ff9ed53f700af9c93ff584f23959edd84c73b9a60e11003c46f6e1962e,SWE-agent datasets,20,False,False,0.8,0.7,0.0,True,True,False,16,12,0,16,14,0
StressFresh100,clean stress challenge,StressFresh100_T000053,b8b7e9a7fc29571a3dde9f56aa5aa1d7682f7b4567f0beeaad685c054cc198af,SWE-agent datasets,16,False,False,0.9375,0.9375,0.0,True,True,False,15,4,0,15,15,0
StressFresh100,clean stress challenge,StressFresh100_T000054,ae7453e1b1d07891d27548e55c4fcc4bbb62c04db8bcd6251c02e356126618a3,SWE-agent datasets,37,False,False,0.8378378378378378,0.8378378378378378,0.16216216216216217,True,True,True,31,9,6,31,31,6
StressFresh100,clean stress challenge,StressFresh100_T000055,30ed7d8fcfcfcfa46cccac00dafbe65bfa5779a804c469b897ee0e176cc79a4a,SWE-agent datasets,8,False,False,0.25,0.25,0.125,True,True,True,2,1,1,2,2,1
StressFresh100,clean stress challenge,StressFresh100_T000056,f67fcd4e7fabf284abb8b5815ee8fe9df1f421c40f3e215242e2e8fef4b5bd31,SWE-agent datasets,14,False,False,0.14285714285714285,0.14285714285714285,0.0,True,True,False,2,2,0,2,2,0
StressFresh100,clean stress challenge,StressFresh100_T000057,12a0ffb24717381aeab48ebff843dd13cbc4014f1efcac4cea8742d7a2fa5b12,SWE-agent datasets,17,False,False,0.8823529411764706,0.0,0.11764705882352941,True,False,True,15,0,2,15,0,2
StressFresh100,clean stress challenge,StressFresh100_T000058,0372a2e9d5e5876dd3973d4f1fab5c144817ef5de2178ad564d71808d9db3cf0,SWE-agent datasets,29,False,False,0.7241379310344828,0.20689655172413793,0.20689655172413793,True,True,True,21,3,6,21,6,6
StressFresh100,clean stress challenge,StressFresh100_T000059,c67af9453f75488e77590b10dd970e31c6c6d613e1961f6b7b0fac78f4b9acbf,SWE-agent datasets,49,False,False,0.4897959183673469,0.30612244897959184,0.5102040816326531,True,True,True,24,4,25,24,15,25
StressFresh100,clean stress challenge,StressFresh100_T000060,264c713dd5947776605140d61e9c0e7c179c4e1052241744bc37fb9270f4a68b,SWE-agent datasets,12,False,False,0.6666666666666666,0.0,0.25,True,False,True,8,0,3,8,0,3
StressFresh100,clean stress challenge,StressFresh100_T000061,a51df90ff1b5b22bca822f09dc7d4f8c0cc66d65a88712320cea24152dbf7fa4,SWE-agent datasets,9,False,False,0.7777777777777778,0.7777777777777778,0.1111111111111111,True,True,True,7,2,1,7,7,1
StressFresh100,clean stress challenge,StressFresh100_T000062,cbbb21178a1ec7fca9a216ae1dfa624580c8ba307b9641ed9b20d5c701bff2e9,SWE-agent datasets,25,False,False,0.56,0.12,0.24,True,True,True,14,3,6,14,3,6
StressFresh100,clean stress challenge,StressFresh100_T000063,1a6dd195ce2e1cd1f4f42e0337316870ca590bfb5a2e0984b1cdf9b06212629a,SWE-agent datasets,26,False,False,0.7307692307692307,0.6923076923076923,0.038461538461538464,True,True,True,19,4,1,19,18,1
StressFresh100,clean stress challenge,StressFresh100_T000064,8b401b1ec2674e697a1bd749782a9ee0395addf8afd8e034aa8cc89a3f52dc93,SWE-agent datasets,52,False,False,0.5961538461538461,0.36538461538461536,0.38461538461538464,True,True,True,31,6,20,31,19,20
StressFresh100,clean stress challenge,StressFresh100_T000065,685ce9749f3a6067ed5c8e35d95e9a74e5bfd4a91d04052947de4ed3330f6ea1,SWE-agent datasets,34,False,False,0.3235294117647059,0.0,0.5,True,False,True,11,0,17,11,0,17
StressFresh100,clean stress challenge,StressFresh100_T000066,d7db561b57bcbed983ba76597fef873887d8a5d442300589b27b01ccd666f651,SWE-agent datasets,25,False,False,0.32,0.24,0.12,True,True,True,8,6,3,8,6,3
StressFresh100,clean stress challenge,StressFresh100_T000067,c2ab6e6c34b6bfd60c4a71b116d36faf273d8971c32cd56b71c093a54ea7e6e5,SWE-agent datasets,32,False,False,0.34375,0.0,0.65625,True,False,True,11,0,21,11,0,21
StressFresh100,clean stress challenge,StressFresh100_T000068,b956608f3d0d05fc81448c3b0f5b278ea7ac5652d9b5b18d101f261760375a2a,SWE-agent datasets,16,False,False,0.125,0.0,0.375,True,False,True,2,0,6,2,0,6
StressFresh100,clean stress challenge,StressFresh100_T000069,8b9153342eb62fb3be7a52cf457d9f9d710e1abd14b4022c512369fe3d20fc20,SWE-agent datasets,28,False,False,0.10714285714285714,0.0,0.4642857142857143,True,False,True,3,0,13,3,0,13
StressFresh100,clean stress challenge,StressFresh100_T000070,0801420380503dc40bf905941ade0755543b9567bb6e73a825f2a59c1bed130e,SWE-agent datasets,19,False,False,0.42105263157894735,0.2631578947368421,0.05263157894736842,True,True,True,8,5,1,8,5,1
StressFresh100,clean stress challenge,StressFresh100_T000071,d44c444735f35d7c02e48d92b4f814cbe08ceb4f8f3622e80b4e75b2c87b90f8,SWE-agent datasets,24,False,False,0.375,0.375,0.20833333333333334,True,True,True,9,2,5,9,9,5
StressFresh100,clean stress challenge,StressFresh100_T000072,86208502cd27fb57fd7c3faf799e1e06b46716db23f3eefe3edbef006a0bc8d4,SWE-agent datasets,27,False,False,0.6666666666666666,0.0,0.037037037037037035,True,False,True,18,0,1,18,0,1
StressFresh100,clean stress challenge,StressFresh100_T000073,a581188633e7ba7f81ed9ddaa513a6c95bb10a10404d0b1b0c9b8f5527932876,SWE-agent datasets,27,False,False,0.7407407407407407,0.5555555555555556,0.18518518518518517,True,True,True,20,5,5,20,15,5
StressFresh100,clean stress challenge,StressFresh100_T000074,7ecf5739e2ab27d5568ab8a05dff10a03c9b53a45d111ed083f2b3db091a6652,SWE-agent datasets,38,False,False,0.7631578947368421,0.6578947368421053,0.15789473684210525,True,True,True,29,3,6,29,25,6
StressFresh100,clean stress challenge,StressFresh100_T000075,95d5e2593020189b0bacec1c9f8364d73105690a0ed2b3f09dd1f22e61d26e38,SWE-agent datasets,35,False,False,0.7428571428571429,0.0,0.22857142857142856,True,False,True,26,0,8,26,0,8
StressFresh100,clean stress challenge,StressFresh100_T000076,f3c71e4434d9ac9501c1425073d9af47556d8ac69a03c3a7fe68e8a53e75f27c,SWE-agent datasets,13,False,False,0.07692307692307693,0.0,0.3076923076923077,True,False,True,1,0,4,1,0,4
StressFresh100,clean stress challenge,StressFresh100_T000077,339d47e033eeba09502789bd4b7178e26bd3b9b37680a8c978d7faf1d351e18e,SWE-agent datasets,33,False,False,0.5151515151515151,0.0,0.21212121212121213,True,False,True,17,0,7,17,0,7
StressFresh100,clean stress challenge,StressFresh100_T000078,1ba915e0f36013c8153afe5ca72194b87cf76366ebc8242166731981e79d332a,SWE-agent datasets,46,False,False,0.043478260869565216,0.021739130434782608,0.8478260869565217,True,True,True,2,1,39,2,1,39
StressFresh100,clean stress challenge,StressFresh100_T000079,06beaab9ee8987fd5aff5760c4c852bfe9cd3101a852008ef6cf9332ae563c85,SWE-agent datasets,40,False,False,0.675,0.325,0.3,True,True,True,27,2,12,27,13,12
StressFresh100,clean stress challenge,StressFresh100_T000080,b4a27d721510aa8297c706d7d319f67f4d0e05a891e3555ae79e071753f31b8f,SWE-agent datasets,53,False,False,0.11320754716981132,0.0,0.8113207547169812,True,False,True,6,0,43,6,0,43
StressFresh100,clean stress challenge,StressFresh100_T000081,7e3cc74f4183ea09f99b4185f044759a8899efe41c183e715f9f5a108a7244dd,SWE-agent datasets,14,False,False,0.6428571428571429,0.0,0.2857142857142857,True,False,True,9,0,4,9,0,4
StressFresh100,clean stress challenge,StressFresh100_T000082,8c3fee340337ede33f74b2146d0be2add222c6acf368a1cae0c0ef342bb8c52f,SWE-agent datasets,20,False,False,0.5,0.2,0.45,True,True,True,10,2,9,10,4,9
StressFresh100,clean stress challenge,StressFresh100_T000083,c09491af46a81ddd4ef50d3617e341a97f2b1a1aba7cb13701b661c1670525aa,SWE-agent datasets,55,False,False,0.4909090909090909,0.0,0.509090909090909,True,False,True,27,0,28,27,0,28
StressFresh100,clean stress challenge,StressFresh100_T000084,ba8c17fd5a27869c52b1a6e82ad122da508664aea8973c5ae119110f21e92a5b,SWE-agent datasets,146,False,True,0.19863013698630136,0.1780821917808219,0.8013698630136986,True,True,True,29,22,117,29,26,117
StressFresh100,clean stress challenge,StressFresh100_T000085,3d2387f3ae4c099d25a71d74f943d4d600aea25b2b08d97c860b3199868084c0,SWE-agent datasets,44,False,False,0.4772727272727273,0.0,0.5,True,False,True,21,0,22,21,0,22
StressFresh100,clean stress challenge,StressFresh100_T000086,cb9a93728f2098725c202157b37f7d5b9b68b59c62119fb485c724851a9b2a3c,SWE-agent datasets,17,False,False,0.8823529411764706,0.8823529411764706,0.0,True,True,False,15,2,0,15,15,0
StressFresh100,clean stress challenge,StressFresh100_T000087,87057159ae314ec8f1d5ea1db38d4083bb63e01e9e91cc30021df2513af605fd,SWE-agent datasets,26,False,False,0.9230769230769231,0.9230769230769231,0.0,True,True,False,24,6,0,24,24,0
StressFresh100,clean stress challenge,StressFresh100_T000088,6a70e0339e115a382e34572a5c8ff0e8b928a6091e49c52d560db6026890db64,SWE-agent datasets,35,False,False,0.7142857142857143,0.0,0.2571428571428571,True,False,True,25,0,9,25,0,9
StressFresh100,clean stress challenge,StressFresh100_T000089,964d1a32a26f5c44221d72c588da7ce72b40e030d71f81225753eb2045728430,SWE-agent datasets,17,False,False,0.23529411764705882,0.17647058823529413,0.0,True,True,False,4,2,0,4,3,0
StressFresh100,clean stress challenge,StressFresh100_T000090,bb1703344f57d4c3eb85bb93f002b3f4883604f3400583aa0eb76677f5c514b3,SWE-agent datasets,9,False,False,0.1111111111111111,0.1111111111111111,0.2222222222222222,True,True,True,1,1,2,1,1,2
StressFresh100,clean stress challenge,StressFresh100_T000091,c93951da4aaea2bb14e9c8a36272641625f62f4dce73bde3aecc99bee2f3d6d5,SWE-agent datasets,28,False,False,0.8571428571428571,0.8214285714285714,0.0,True,True,False,24,6,0,24,23,0
StressFresh100,clean stress challenge,StressFresh100_T000092,be28d70d5d79bdc37e7f08d6866db88c207275528ff9f1e278e9756531806310,SWE-agent datasets,48,False,False,0.375,0.0,0.6041666666666666,True,False,True,18,0,29,18,0,29
StressFresh100,clean stress challenge,StressFresh100_T000093,f0e5b6b0b99f412c0e7de3d668905621b87ce1d955b462fa8f9ba3fe2b042e2e,SWE-agent datasets,22,False,False,0.22727272727272727,0.22727272727272727,0.0,True,True,False,5,1,0,5,5,0
StressFresh100,clean stress challenge,StressFresh100_T000094,f680cf154c272dc43846cc0723e1d21e5d85c4118c2a166d0dec4720fb916041,SWE-agent datasets,48,False,False,0.5,0.25,0.5,True,True,True,24,6,24,24,12,24
StressFresh100,clean stress challenge,StressFresh100_T000095,95b270711780a838f0e8295d602a75ba4e31394e80ec26afc68c2bbd96822c4b,SWE-agent datasets,35,False,False,0.2571428571428571,0.0,0.17142857142857143,True,False,True,9,0,6,9,0,6
StressFresh100,clean stress challenge,StressFresh100_T000096,c346ec7a0c581ed72c76d7c73adfced4c84eb677d485d3e986acf72bb899ec4a,SWE-agent datasets,16,False,False,0.0,0.0,0.125,False,False,True,0,0,2,0,0,2
StressFresh100,clean stress challenge,StressFresh100_T000097,4b15c9a57abbb8c639881b5651f18c0ea7f96842722cb3c7d7df74119c6bfe4f,SWE-agent datasets,40,False,False,0.375,0.0,0.575,True,False,True,15,0,23,15,0,23
StressFresh100,clean stress challenge,StressFresh100_T000098,f00396024dd9f1297f13af5e8d66b8d47cda7ccd7dd69e222c7dd4a80e47b50e,SWE-agent datasets,17,False,False,0.9411764705882353,0.7647058823529411,0.0,True,True,False,16,3,0,16,13,0
StressFresh100,clean stress challenge,StressFresh100_T000099,b939be1f2ccf0f20da146f785b381e10c6aa4a32fb8b05481cecd7ab821c52d8,SWE-agent datasets,14,False,False,0.42857142857142855,0.42857142857142855,0.0,True,True,False,6,4,0,6,6,0
StressFresh100,clean stress challenge,StressFresh100_T000100,0b3c3f42a8245bff6d87cfe02658d3694d622073913e459b4e4cbb854d42c31c,SWE-agent datasets,21,False,False,0.6666666666666666,0.0,0.23809523809523808,True,False,True,14,0,5,14,0,5
OpenHandsExternal330,external long-horizon generalization set,OpenHandsExternal330_T000001,389807d451efe9f9980f942864e4d7e27bde4abf2872e2e848e77b16f06c84be,OpenHands external,197,True,False,0.7106598984771574,0.0,0.0,True,False,False,0,0,0,140,0,0
OpenHandsExternal330,external long-horizon generalization set,OpenHandsExternal330_T000002,19bcd6429303edcff4680a0a0c11cfd82ddf27b64a18bb9885d112e49fdf877a,OpenHands external,125,False,False,0.544,0.0,0.0,True,False,False,0,0,0,68,0,0
OpenHandsExternal330,external long-horizon generalization set,OpenHandsExternal330_T000003,953eac379f6b79077eaa57a98a38269ef8ecfd8eeed2c9d26502d8ac65135a13,OpenHands external,131,False,False,0.5801526717557252,0.0,0.0,True,False,False,0,0,0,76,0,0
OpenHandsExternal330,external long-horizon generalization set,OpenHandsExternal330_T000004,8990328cf1cdd531fb35c5babd23a64cc585a986c113589b32717b34f9bea0c2,OpenHands external,115,False,False,0.6173913043478261,0.0,0.0,True,False,False,0,0,0,71,0,0
OpenHandsExternal330,external long-horizon generalization set,OpenHandsExternal330_T000005,c5d902af4965b153b517778dec1bfe7ce698c741daab4d8167dbb2b81724dd48,OpenHands external,125,False,False,0.72,0.0,0.0,True,False,False,0,0,0,90,0,0
OpenHandsExternal330,external long-horizon generalization set,OpenHandsExternal330_T000006,a4ea095da02c1c872f177669d779d1226e5bb53ff8886bb09a0300515f368897,OpenHands external,201,True,True,0.7562189054726368,0.0,0.0,True,False,False,0,0,0,152,0,0
OpenHandsExternal330,external long-horizon generalization set,OpenHandsExternal330_T000007,e3879e19430bb0fe35da30c9b569f042af7b0d9ea87fd75a120b44f3a6757f42,OpenHands external,135,False,False,0.5185185185185185,0.0,0.0,True,False,False,0,0,0,70,0,0
OpenHandsExternal330,external long-horizon generalization set,OpenHandsExternal330_T000008,1c210bdeae1897e3d4a1e89d0cb3236d64b4799d46f38f1d22089a6f211c44d7,OpenHands external,113,False,False,0.5663716814159292,0.0,0.0,True,False,False,0,0,0,64,0,0
OpenHandsExternal330,external long-horizon generalization set,OpenHandsExternal330_T000009,261a4bc7b7f54f404188776bec363be213a80a4385a919efbb9965fb2bbe613e,OpenHands external,143,False,False,0.5034965034965035,0.0,0.0,True,False,False,0,0,0,72,0,0
OpenHandsExternal330,external long-horizon generalization set,OpenHandsExternal330_T000010,7b1bce8e91e5f7a5c263446978427604d92510c5f601ceb6988ebc86f1b461c6,OpenHands external,155,False,False,0.5483870967741935,0.0,0.0,True,False,False,0,0,0,85,0,0
OpenHandsExternal330,external long-horizon generalization set,OpenHandsExternal330_T000011,18a79ac59cf06d1b2f5a6487c4c53ec2269019b333837adaa70a268ef7039108,OpenHands external,117,False,False,0.6410256410256411,0.0,0.0,True,False,False,0,0,0,75,0,0
OpenHandsExternal330,external long-horizon generalization set,OpenHandsExternal330_T000012,262589764d209d8ebaeed7d808d91301f3b0eca3f1684162306b95337bcf9fa9,OpenHands external,167,False,False,0.7125748502994012,0.0,0.0,True,False,False,0,0,0,119,0,0
OpenHandsExternal330,external long-horizon generalization set,OpenHandsExternal330_T000013,9ec07ed3fd90c4e2df50943bc0de894c0aa8484fa756187478e3f5821aae289b,OpenHands external,141,False,False,0.574468085106383,0.0,0.0,True,False,False,0,0,0,81,0,0
OpenHandsExternal330,external long-horizon generalization set,OpenHandsExternal330_T000014,b778acdb11d549deae823df57d72e0d9ee9035ef11f6680fc10a968484c024e7,OpenHands external,201,True,True,0.9154228855721394,0.0,0.0,True,False,False,0,0,0,184,0,0
OpenHandsExternal330,external long-horizon generalization set,OpenHandsExternal330_T000015,5272248cfb66a3f7432b3076b11c199154cfe3418b12f49ecaf78f75819756e8,OpenHands external,181,True,False,0.5359116022099447,0.0,0.0,True,False,False,0,0,0,97,0,0
OpenHandsExternal330,external long-horizon generalization set,OpenHandsExternal330_T000016,6ec2259198f5d8656a8a33326954855e5d5984d968d98d5fbbcb285fa70ae2d1,OpenHands external,95,False,False,0.5473684210526316,0.0,0.0,True,False,False,0,0,0,52,0,0
OpenHandsExternal330,external long-horizon generalization set,OpenHandsExternal330_T000017,c08671443df87b41d3a2d42a6261bd3ea0e6de734694ea9ed997c131b1508812,OpenHands external,139,False,False,0.5899280575539568,0.0,0.0,True,False,False,0,0,0,82,0,0
OpenHandsExternal330,external long-horizon generalization set,OpenHandsExternal330_T000018,a393829d9bbde5ea9f0fef600c50c98c2f7facf72e1450ef5df7562356403a2a,OpenHands external,113,False,False,0.6371681415929203,0.0,0.0,True,False,False,0,0,0,72,0,0
OpenHandsExternal330,external long-horizon generalization set,OpenHandsExternal330_T000019,e55a0dd6c896971bbe49cdfc7911d6ef1ae2e0f3d97d4d066f4e243d06397d78,OpenHands external,79,False,False,0.5063291139240507,0.0,0.0,True,False,False,0,0,0,40,0,0
OpenHandsExternal330,external long-horizon generalization set,OpenHandsExternal330_T000020,0b59781184b2b82aec9e14a2a36b56235f15d47a667ed7f77d394f5b0bf60b0d,OpenHands external,109,False,False,0.6788990825688074,0.0,0.0,True,False,False,0,0,0,74,0,0
OpenHandsExternal330,external long-horizon generalization set,OpenHandsExternal330_T000021,557b8a8af2aa7651f449a0a7acb5d8daa3c4848a633bce61270c965f9dddecd3,OpenHands external,201,True,True,0.6766169154228856,0.0,0.0,True,False,False,0,0,0,136,0,0
OpenHandsExternal330,external long-horizon generalization set,OpenHandsExternal330_T000022,d460470c1ddee89e539631ecadf93892122eded39b5b7a85df5454ecf5baed0a,OpenHands external,113,False,False,0.6194690265486725,0.0,0.0,True,False,False,0,0,0,70,0,0
OpenHandsExternal330,external long-horizon generalization set,OpenHandsExternal330_T000023,1eaed882d3397d96bf705217ab2bf70c0e183975e34f622d4562d86964d3cc39,OpenHands external,91,False,False,0.5934065934065934,0.0,0.0,True,False,False,0,0,0,54,0,0
OpenHandsExternal330,external long-horizon generalization set,OpenHandsExternal330_T000024,86aa2b7a5e337d2c2ee2107573376af1a8facdd221802b35378538255abca75f,OpenHands external,141,False,False,0.6808510638297872,0.0,0.0,True,False,False,0,0,0,96,0,0
OpenHandsExternal330,external long-horizon generalization set,OpenHandsExternal330_T000025,c46a7822d52a3fad1495c27d4b76ec22cd5de0efed7ed7ad7f93e9d2e215c455,OpenHands external,101,False,False,0.5148514851485149,0.0,0.0,True,False,False,0,0,0,52,0,0
OpenHandsExternal330,external long-horizon generalization set,OpenHandsExternal330_T000026,c2927b036ff7aeab4285a3cc09458cdc613a3b307a766dac10d28704f922a1ae,OpenHands external,201,True,True,0.7661691542288557,0.17412935323383086,0.0,True,True,False,0,35,0,154,35,0
OpenHandsExternal330,external long-horizon generalization set,OpenHandsExternal330_T000027,8e23b832c266f500f64360898ad7fdabafd8782f62ee722d6ece76ca5d1e35e5,OpenHands external,125,False,False,0.592,0.0,0.0,True,False,False,0,0,0,74,0,0
OpenHandsExternal330,external long-horizon generalization set,OpenHandsExternal330_T000028,ee2f2914081f2a953474bb7ef2c0713fdad5cb3ccd1b2c5d18bc716282143499,OpenHands external,87,False,False,0.6206896551724138,0.0,0.0,True,False,False,0,0,0,54,0,0
OpenHandsExternal330,external long-horizon generalization set,OpenHandsExternal330_T000029,97142c385a17ccbdb8c63a6788aa977377931a7b23b42eb324e227c15d0013f6,OpenHands external,91,False,False,0.5054945054945055,0.0,0.0,True,False,False,0,0,0,46,0,0
OpenHandsExternal330,external long-horizon generalization set,OpenHandsExternal330_T000030,7fd22c86a0f79785993deaf455d2b7e86cfa209f183004cc9a69d01d44e3ad0e,OpenHands external,187,True,False,0.5561497326203209,0.0,0.0,True,False,False,0,0,0,104,0,0
OpenHandsExternal330,external long-horizon generalization set,OpenHandsExternal330_T000031,656be312b1195ffef2a24f70bb557b7ed1842dd7dee42c8fe2554cdc5775eb2f,OpenHands external,105,False,False,0.6476190476190476,0.0,0.0,True,False,False,0,0,0,68,0,0
OpenHandsExternal330,external long-horizon generalization set,OpenHandsExternal330_T000032,7916a33bc7ba29fde0bf4481cb15d05f52f6aff2fda7811615c0a9ffc517352b,OpenHands external,73,False,False,0.4657534246575342,0.0,0.0,True,False,False,0,0,0,34,0,0
OpenHandsExternal330,external long-horizon generalization set,OpenHandsExternal330_T000033,ddcd4c53ab375ca22670137e28a0bc6a42cb1a4c4255959e72be4b60aa2c285d,OpenHands external,111,False,False,0.6306306306306306,0.0,0.0,True,False,False,0,0,0,70,0,0
OpenHandsExternal330,external long-horizon generalization set,OpenHandsExternal330_T000034,34c48205de6fe4f861e8b7263375932e56668076b3aa1a8c0a710779ead99b7c,OpenHands external,85,False,False,0.49411764705882355,0.0,0.0,True,False,False,0,0,0,42,0,0
OpenHandsExternal330,external long-horizon generalization set,OpenHandsExternal330_T000035,a66c19074b6bfafbc51495f8a7048ed6cf544ac1d707df6b25cfc0abd372ce54,OpenHands external,77,False,False,0.5454545454545454,0.0,0.0,True,False,False,0,0,0,42,0,0
OpenHandsExternal330,external long-horizon generalization set,OpenHandsExternal330_T000036,c23518f750f535d026f8423b87dc995f5d107a6ced53a3a21dbbbcd8bd69ff99,OpenHands external,185,True,False,0.6054054054054054,0.0,0.0,True,False,False,0,0,0,112,0,0
OpenHandsExternal330,external long-horizon generalization set,OpenHandsExternal330_T000037,7cffc1d267cda67b3e9b50bbb59976b00ebfd138e09bcd007298ea49453a768e,OpenHands external,193,True,False,0.7253886010362695,0.0,0.0,True,False,False,0,0,0,140,0,0
OpenHandsExternal330,external long-horizon generalization set,OpenHandsExternal330_T000038,07b10a2bd79c77bd3ac8764e8c335799f90d58e29eff2d2552d52c178ce13e8b,OpenHands external,181,True,False,0.585635359116022,0.0,0.0,True,False,False,0,0,0,106,0,0
OpenHandsExternal330,external long-horizon generalization set,OpenHandsExternal330_T000039,1568d78f84ecf252ff9e0c320e9d58eb52c8222fd59d8ec557546d20cdd8c88c,OpenHands external,117,False,False,0.6324786324786325,0.0,0.0,True,False,False,0,0,0,74,0,0
OpenHandsExternal330,external long-horizon generalization set,OpenHandsExternal330_T000040,7a0654d0457384a19893e456f7842b1428aea76f309d896fb277cfac0e71203d,OpenHands external,103,False,False,0.44660194174757284,0.0,0.0,True,False,False,0,0,0,46,0,0
OpenHandsExternal330,external long-horizon generalization set,OpenHandsExternal330_T000041,c6d41f9907c51b120961e695cfdfa8006ba91dbab5ad59a06ebee73124613705,OpenHands external,95,False,False,0.5263157894736842,0.0,0.0,True,False,False,0,0,0,50,0,0
OpenHandsExternal330,external long-horizon generalization set,OpenHandsExternal330_T000042,22825361f9e081fbf6d2b274932db5880b43a6f0f0f5cad7c2da5ee3f3cb9ba8,OpenHands external,91,False,False,0.5714285714285714,0.0,0.0,True,False,False,0,0,0,52,0,0
OpenHandsExternal330,external long-horizon generalization set,OpenHandsExternal330_T000043,a9eacdd31c343728e5ed23ab061c991f0f2d04ff7aea0ed18f9f6ef69e8f50c2,OpenHands external,201,True,True,0.3880597014925373,0.0,0.0,True,False,False,0,0,0,78,0,0
OpenHandsExternal330,external long-horizon generalization set,OpenHandsExternal330_T000044,eed01690546a808cf55d3fa8b675e48195a4afcc557340a80059b7f39c65c5a7,OpenHands external,89,False,False,0.449438202247191,0.0,0.0,True,False,False,0,0,0,40,0,0
OpenHandsExternal330,external long-horizon generalization set,OpenHandsExternal330_T000045,c40a1e5c396355b5f94d598b00d95a2b20fdf12e3d00606030782ade9d61cc8a,OpenHands external,201,True,True,0.47761194029850745,0.0,0.0,True,False,False,0,0,0,96,0,0
OpenHandsExternal330,external long-horizon generalization set,OpenHandsExternal330_T000046,80ce52d728906db2358a21f289b44e12bafcbe4d9b712d2210f6b47da456352a,OpenHands external,115,False,False,0.5391304347826087,0.0,0.0,True,False,False,0,0,0,62,0,0
OpenHandsExternal330,external long-horizon generalization set,OpenHandsExternal330_T000047,70219c5b8b0f6db5007534511787744d6f90a40a82d94b32cc68a1514576db0d,OpenHands external,155,False,False,0.5032258064516129,0.0,0.0,True,False,False,0,0,0,78,0,0
OpenHandsExternal330,external long-horizon generalization set,OpenHandsExternal330_T000048,b6a8ddec8492f15dc8333b6c1e60fc53832d7c9d3533a65055529bc410136022,OpenHands external,153,False,False,0.5359477124183006,0.0,0.0,True,False,False,0,0,0,82,0,0
OpenHandsExternal330,external long-horizon generalization set,OpenHandsExternal330_T000049,8f973cfa79ffb51f2865b28487f953a807d18d680f6772fd947f6429191e8270,OpenHands external,173,False,False,0.5780346820809249,0.0,0.0,True,False,False,0,0,0,100,0,0
OpenHandsExternal330,external long-horizon generalization set,OpenHandsExternal330_T000050,439f326d9209a25eb7a4b5ba4c0e286a13be416a04be27c92f5ada244f48a3af,OpenHands external,129,False,False,0.5116279069767442,0.0,0.0,True,False,False,0,0,0,66,0,0
OpenHandsExternal330,external long-horizon generalization set,OpenHandsExternal330_T000051,6f140f88aba5d4c7c2b37ae405fe83fad1a8f8d61f97dee57a97c38b4492bd35,OpenHands external,117,False,False,0.5641025641025641,0.0,0.0,True,False,False,0,0,0,66,0,0
OpenHandsExternal330,external long-horizon generalization set,OpenHandsExternal330_T000052,967593d200e3f0dbacacd00fbabc16436e0dc4e47492d854618e78bfa1405046,OpenHands external,197,True,False,0.5076142131979695,0.0,0.0,True,False,False,0,0,0,100,0,0
OpenHandsExternal330,external long-horizon generalization set,OpenHandsExternal330_T000053,68953cdbfa0e0daffc57ba86cc200d0857c0f3fa9f84c1293c751938e934e7ce,OpenHands external,201,True,True,0.3880597014925373,0.0,0.0,True,False,False,0,0,0,78,0,0
OpenHandsExternal330,external long-horizon generalization set,OpenHandsExternal330_T000054,c2ec0613029361be12292c57efbfe76d1b61f8016c19e1ee0c2e7d154b7e5e7e,OpenHands external,105,False,False,0.5714285714285714,0.0,0.0,True,False,False,0,0,0,60,0,0
OpenHandsExternal330,external long-horizon generalization set,OpenHandsExternal330_T000055,600cc28179e526c53a929d79d2689f7dd153951f48d8ca0cd769930689eb7f3f,OpenHands external,83,False,False,0.5060240963855421,0.0,0.0,True,False,False,0,0,0,42,0,0
OpenHandsExternal330,external long-horizon generalization set,OpenHandsExternal330_T000056,e4bbc1e28c6066c4ce652237aa0e44858b7dc8e0b9af3399f9b4b1d98b3ed04e,OpenHands external,81,False,False,0.4444444444444444,0.0,0.0,True,False,False,0,0,0,36,0,0
OpenHandsExternal330,external long-horizon generalization set,OpenHandsExternal330_T000057,0ac4d21e90492b19e1b5550609d8b3a6577562fc3d39cbe4805c9c2c43471107,OpenHands external,87,False,False,0.0,0.0,0.14942528735632185,False,False,True,0,0,0,0,0,13
OpenHandsExternal330,external long-horizon generalization set,OpenHandsExternal330_T000058,f96ddfbefbc9bf1c5ea1e0f74ff1e90f1a99306a1387a87f76f6e11f94de4805,OpenHands external,97,False,False,0.4742268041237113,0.0,0.0,True,False,False,0,0,0,46,0,0
OpenHandsExternal330,external long-horizon generalization set,OpenHandsExternal330_T000059,cddbc2e25031256e047334ff11c082da2cec2b2ce21306d0269c1c5f4a6b7b11,OpenHands external,99,False,False,0.5252525252525253,0.0,0.0,True,False,False,0,0,0,52,0,0
OpenHandsExternal330,external long-horizon generalization set,OpenHandsExternal330_T000060,50839fe98b09213aee1837c541cb7fb3774ad9be6faf5c575db15f765a8677a0,OpenHands external,87,False,False,0.45977011494252873,0.0,0.0,True,False,False,0,0,0,40,0,0
OpenHandsExternal330,external long-horizon generalization set,OpenHandsExternal330_T000061,8d5fa15209ff8e5e0a06e6a847c54c89101edd3ed5a27159483bd13548116f64,OpenHands external,147,False,False,0.6530612244897959,0.0,0.0,True,False,False,0,0,0,96,0,0
OpenHandsExternal330,external long-horizon generalization set,OpenHandsExternal330_T000062,3ccc26dae11aa12d26a9f5a3515f4da95aba7f46fcb456b3a121b909ed616b0d,OpenHands external,127,False,False,0.6771653543307087,0.0,0.0,True,False,False,0,0,0,86,0,0
OpenHandsExternal330,external long-horizon generalization set,OpenHandsExternal330_T000063,c383d2f4f75920a556323f7180499b7359a4ca64db1510089e0f4c58c4d0dc52,OpenHands external,169,False,False,0.7692307692307693,0.0,0.0,True,False,False,0,0,0,130,0,0
OpenHandsExternal330,external long-horizon generalization set,OpenHandsExternal330_T000064,d0c21f1ee0cd2c093e009e18f3e1fb987fb123a38276325207b9d172722f6af1,OpenHands external,193,True,False,0.694300518134715,0.0,0.0,True,False,False,0,0,0,134,0,0
OpenHandsExternal330,external long-horizon generalization set,OpenHandsExternal330_T000065,0199f6a297143108814b5a769b22c8e2ff5244c5a4015d732d4405fd8fe76b7d,OpenHands external,149,False,False,0.6308724832214765,0.0,0.0,True,False,False,0,0,0,94,0,0
OpenHandsExternal330,external long-horizon generalization set,OpenHandsExternal330_T000066,b4a1bc584acc7ee37fcb57faca6a3de1ce54ba933b10c99c3ee8cf0be8f93b11,OpenHands external,161,False,False,0.422360248447205,0.0,0.0,True,False,False,0,0,0,68,0,0
OpenHandsExternal330,external long-horizon generalization set,OpenHandsExternal330_T000067,b821a24f60967ea736ecd74f9de170f367bf1e9a16deca1ab001d5ed23782060,OpenHands external,173,False,False,0.5664739884393064,0.0,0.0,True,False,False,0,0,0,98,0,0
OpenHandsExternal330,external long-horizon generalization set,OpenHandsExternal330_T000068,e77901f5f05345110575f6ef361fed2da99fb0314c1cabe9ef41c8f851410d50,OpenHands external,141,False,False,0.41134751773049644,0.0,0.0,True,False,False,0,0,0,58,0,0
OpenHandsExternal330,external long-horizon generalization set,OpenHandsExternal330_T000069,70ec3b600eafc6bddd06f18ebe914dab1e6c89dc1c7d1867e61e6756f7b3a0c9,OpenHands external,75,False,False,0.5066666666666667,0.0,0.0,True,False,False,0,0,0,38,0,0
OpenHandsExternal330,external long-horizon generalization set,OpenHandsExternal330_T000070,619bcec8c9bd7ad1675724db18db5d01dc4c30f4ce91d6108ff7a8f0f51fce81,OpenHands external,151,False,False,0.609271523178808,0.0,0.0,True,False,False,0,0,0,92,0,0
OpenHandsExternal330,external long-horizon generalization set,OpenHandsExternal330_T000071,673384e6b10c36b579cb7a8cc74a82269ad698bda5a50096838e72ec37ec6b74,OpenHands external,105,False,False,0.47619047619047616,0.0,0.0,True,False,False,0,0,0,50,0,0
OpenHandsExternal330,external long-horizon generalization set,OpenHandsExternal330_T000072,97e1d1f16222fe9a4ed5147762b84b226f5032eee84f1f8a88fe4f498443f98c,OpenHands external,83,False,False,0.4939759036144578,0.0,0.0,True,False,False,0,0,0,41,0,0
OpenHandsExternal330,external long-horizon generalization set,OpenHandsExternal330_T000073,d3ea46fd528f8abaec29003c45affff0b45a447904eef9e18223d3dafcb22f74,OpenHands external,201,True,True,0.9353233830845771,0.1890547263681592,0.0,True,True,False,0,38,0,188,38,0
OpenHandsExternal330,external long-horizon generalization set,OpenHandsExternal330_T000074,1f38d9a47937c30300fd1117d0e287219ec0969b429b48115cba6f7aa06813af,OpenHands external,101,False,False,0.27722772277227725,0.0,0.0,True,False,False,0,0,0,28,0,0
OpenHandsExternal330,external long-horizon generalization set,OpenHandsExternal330_T000075,6aaa6f4c579c57fc3a46a331a3a3ad106e023eb63617aa2adcf8ade183848711,OpenHands external,121,False,False,0.5785123966942148,0.0,0.0,True,False,False,0,0,0,70,0,0
OpenHandsExternal330,external long-horizon generalization set,OpenHandsExternal330_T000076,029eccdc633c83c8dc462170a1f63e1dd84ea62a47a34161c0e9571a5af2c5de,OpenHands external,201,True,True,0.7263681592039801,0.0,0.0,True,False,False,0,0,0,146,0,0
OpenHandsExternal330,external long-horizon generalization set,OpenHandsExternal330_T000077,c4999b494298c5385af4bea96d403bf68e8860e038fbbd30a153595e0569d0bb,OpenHands external,133,False,False,0.5488721804511278,0.0,0.0,True,False,False,0,0,0,73,0,0
OpenHandsExternal330,external long-horizon generalization set,OpenHandsExternal330_T000078,13a652ed9217042b06c6aa071a6680022282217abf9a638446fea444ea5d7e99,OpenHands external,105,False,False,0.5904761904761905,0.0,0.0,True,False,False,0,0,0,62,0,0
OpenHandsExternal330,external long-horizon generalization set,OpenHandsExternal330_T000079,2818b53c87149f1fd93915996ee313c979bcfa84ce98e7516f2702f6c9d6874c,OpenHands external,103,False,False,0.5533980582524272,0.0,0.0,True,False,False,0,0,0,57,0,0
OpenHandsExternal330,external long-horizon generalization set,OpenHandsExternal330_T000080,a691a704a3786583cc4a9ecab7c6849634fb3e2328bf7b2d7fc10aafa9246f00,OpenHands external,119,False,False,0.5378151260504201,0.0,0.0,True,False,False,0,0,0,64,0,0
OpenHandsExternal330,external long-horizon generalization set,OpenHandsExternal330_T000081,be4984edd9927d886e0240e8ab6ed5bbdf9ad22b1160df66253277d271c16117,OpenHands external,137,False,False,0.656934306569343,0.0,0.0,True,False,False,0,0,0,90,0,0
OpenHandsExternal330,external long-horizon generalization set,OpenHandsExternal330_T000082,a1a7b26b0c15f6d514bf66a4d2982897500b16bb945b03e7949b528be68d385a,OpenHands external,109,False,False,0.4954128440366973,0.0,0.0,True,False,False,0,0,0,54,0,0
OpenHandsExternal330,external long-horizon generalization set,OpenHandsExternal330_T000083,6271cb0bd4f27a861f7930cc66d2f97d97c763e77cd8f517fd7911fd3c749845,OpenHands external,155,False,False,0.6709677419354839,0.0,0.0,True,False,False,0,0,0,104,0,0
OpenHandsExternal330,external long-horizon generalization set,OpenHandsExternal330_T000084,e6f7010525143fea76c86fa4809a3a940f84f76197d5fd7d6db30415d9f4d9c6,OpenHands external,159,False,False,0.6918238993710691,0.0,0.0,True,False,False,0,0,0,110,0,0
OpenHandsExternal330,external long-horizon generalization set,OpenHandsExternal330_T000085,41d5203fe65b92d382c5ac48c9ad1b245ae5390e3d4a9eb5187c521a76a81736,OpenHands external,157,False,False,0.5477707006369427,0.0,0.0,True,False,False,0,0,0,86,0,0
OpenHandsExternal330,external long-horizon generalization set,OpenHandsExternal330_T000086,e230f143a733f4ca0ee8f04e6ed744e0c8a32718a2e2268dd104baf21b6f7ac4,OpenHands external,201,True,True,0.8656716417910447,0.2537313432835821,0.0,True,True,False,0,51,0,174,51,0
OpenHandsExternal330,external long-horizon generalization set,OpenHandsExternal330_T000087,7a392378278c6b772e2dc203c8c2dba0cb5bfc834ba879a5d327a16188a564ff,OpenHands external,167,False,False,0.6586826347305389,0.0,0.0,True,False,False,0,0,0,110,0,0
OpenHandsExternal330,external long-horizon generalization set,OpenHandsExternal330_T000088,3ab30876383dcf741c6106efdd2b4ae1ef8c756397cc2e1ad55ff3aee9f52b6f,OpenHands external,179,True,False,0.994413407821229,0.0,0.0,True,False,False,0,0,0,178,0,0
OpenHandsExternal330,external long-horizon generalization set,OpenHandsExternal330_T000089,aefab75bef234fd1bbfe428abab0c07a1598b30ecd473788e62ba68500f12dca,OpenHands external,147,False,False,0.6666666666666666,0.0,0.0,True,False,False,0,0,0,98,0,0
OpenHandsExternal330,external long-horizon generalization set,OpenHandsExternal330_T000090,ccd67103f9185342b4dd8199f419149347b237c84bd08c5af98cf0653efebf1c,OpenHands external,105,False,False,0.49523809523809526,0.0,0.0,True,False,False,0,0,0,52,0,0
OpenHandsExternal330,external long-horizon generalization set,OpenHandsExternal330_T000091,cefb67b6254ae42d8d4c0e718069613eeb7d86846a5377f6f2518f9c1282bacf,OpenHands external,113,False,False,0.3893805309734513,0.0,0.0,True,False,False,0,0,0,44,0,0
OpenHandsExternal330,external long-horizon generalization set,OpenHandsExternal330_T000092,208260e6cdd84f1a446fa47daa2ab220a7b3d8a30ba6c5473c2c61c44bcd1490,OpenHands external,185,True,False,0.5405405405405406,0.0,0.0,True,False,False,0,0,0,100,0,0
OpenHandsExternal330,external long-horizon generalization set,OpenHandsExternal330_T000093,c37bd2c6edfd05a69d2211f20b88bea6878e667b2e8e2d5a5dfecdf1c7a96f71,OpenHands external,89,False,False,0.48314606741573035,0.0,0.0,True,False,False,0,0,0,43,0,0
OpenHandsExternal330,external long-horizon generalization set,OpenHandsExternal330_T000094,f42c327854048aaec838b2bbca7526bf2636cc24cd4351145a289efe878140d2,OpenHands external,109,False,False,0.6422018348623854,0.0,0.0,True,False,False,0,0,0,70,0,0
OpenHandsExternal330,external long-horizon generalization set,OpenHandsExternal330_T000095,e45ac85b18fd93319fa6d37554e164b22eeee3c4e20407400e45c757f7c91e5c,OpenHands external,201,True,True,0.6716417910447762,0.0,0.0,True,False,False,0,0,0,135,0,0
OpenHandsExternal330,external long-horizon generalization set,OpenHandsExternal330_T000096,9ff240dfaa8ca78bc33f89e2765da08f4a07958f0b811605d17b9f73dc257255,OpenHands external,119,False,False,0.6218487394957983,0.0,0.0,True,False,False,0,0,0,74,0,0
OpenHandsExternal330,external long-horizon generalization set,OpenHandsExternal330_T000097,4cb9aef7eba30ff796b01bad62d42446476627c85abc3e795f683d01a190636f,OpenHands external,91,False,False,0.5054945054945055,0.0,0.0,True,False,False,0,0,0,46,0,0
OpenHandsExternal330,external long-horizon generalization set,OpenHandsExternal330_T000098,8d27a73ce42e821dcbd7668c1bf5e66caaaa5f2cd8fa44456c944d12474705fd,OpenHands external,69,False,False,0.5507246376811594,0.0,0.0,True,False,False,0,0,0,38,0,0
OpenHandsExternal330,external long-horizon generalization set,OpenHandsExternal330_T000099,44454d4ed3416b115bca837bb33056951db017f2eb154adb3aa59237360b70d9,OpenHands external,131,False,False,0.549618320610687,0.0,0.0,True,False,False,0,0,0,72,0,0
OpenHandsExternal330,external long-horizon generalization set,OpenHandsExternal330_T000100,8648e5bd449e4d5d8b687c2ab4dc263a4fcba617f3d46b2e1bd1ca418897fb69,OpenHands external,149,False,False,0.6845637583892618,0.0,0.0,True,False,False,0,0,0,102,0,0
OpenHandsExternal330,external long-horizon generalization set,OpenHandsExternal330_T000101,20193727eb52074cbb3ec5428d3b1f6ca0b2ee01148cfcab90a334e007549fc1,OpenHands external,177,True,False,0.4124293785310734,0.0,0.0,True,False,False,0,0,0,73,0,0
OpenHandsExternal330,external long-horizon generalization set,OpenHandsExternal330_T000102,7b6671c33c923fab74f6c246cdf785129261a2b4f998ba02d9b1c455fe9e6dcd,OpenHands external,103,False,False,0.44660194174757284,0.0,0.0,True,False,False,0,0,0,46,0,0
OpenHandsExternal330,external long-horizon generalization set,OpenHandsExternal330_T000103,717121ca8d832bfe62c7a120a35912b7a7fa20bf0e2ffaf17220fcaae7ad811d,OpenHands external,153,False,False,0.5098039215686274,0.0,0.0,True,False,False,0,0,0,78,0,0
OpenHandsExternal330,external long-horizon generalization set,OpenHandsExternal330_T000104,43c3cdffd29f3f721f36e06264f7319c433305835597fbc85cf596e8ec820ad9,OpenHands external,201,True,True,0.6169154228855721,0.0,0.0,True,False,False,0,0,0,124,0,0
OpenHandsExternal330,external long-horizon generalization set,OpenHandsExternal330_T000105,b05313837f8a609b41a364d015403ee574029cb9b918bf6f8c4b389189009b42,OpenHands external,85,False,False,0.38823529411764707,0.0,0.0,True,False,False,0,0,0,33,0,0
OpenHandsExternal330,external long-horizon generalization set,OpenHandsExternal330_T000106,2d105df18c3a6014fc5c90c32215886032929669448a0dafc24793d9f254cf21,OpenHands external,87,False,False,0.4827586206896552,0.0,0.0,True,False,False,0,0,0,42,0,0
OpenHandsExternal330,external long-horizon generalization set,OpenHandsExternal330_T000107,5c1108d0bb9e36d17a2f2f4756a317ac9f5f055788a60472c22bfbe10070b130,OpenHands external,137,False,False,0.23357664233576642,0.11678832116788321,0.16058394160583941,True,True,True,0,16,0,32,16,22
OpenHandsExternal330,external long-horizon generalization set,OpenHandsExternal330_T000108,c5adabadeaa4d9b2914dfd06263d529d2c2d22eac604f767166aa5e035b4fcaf,OpenHands external,105,False,False,0.38095238095238093,0.0,0.0,True,False,False,0,0,0,40,0,0
OpenHandsExternal330,external long-horizon generalization set,OpenHandsExternal330_T000109,53f6ab5659fac925288e06d59618cf9546f1112e69328baee05712b092f70c35,OpenHands external,121,False,False,0.36363636363636365,0.0,0.0,True,False,False,0,0,0,44,0,0
OpenHandsExternal330,external long-horizon generalization set,OpenHandsExternal330_T000110,eb802e7a3b5f37fa42de7d7da1c8ff033311f410614c4f0b12d1c6e32aacac60,OpenHands external,103,False,False,0.5048543689320388,0.0,0.0,True,False,False,0,0,0,52,0,0
OpenHandsExternal330,external long-horizon generalization set,OpenHandsExternal330_T000111,b0f9cfe2c95e5e123eebbf72137a1bc3eebb6186a4a8ef855c6da6da503c174a,OpenHands external,177,True,False,0.6101694915254238,0.0,0.0,True,False,False,0,0,0,108,0,0
OpenHandsExternal330,external long-horizon generalization set,OpenHandsExternal330_T000112,16c60f99ed8a6f37d59152816d289fc50e7a5b50c2c4cde75211a5512390b8f0,OpenHands external,103,False,False,0.5048543689320388,0.0,0.0,True,False,False,0,0,0,52,0,0
OpenHandsExternal330,external long-horizon generalization set,OpenHandsExternal330_T000113,e453b8d14a9a5637ded6255b2442834c81769c76491af2261d47b9f8f5a8317c,OpenHands external,107,False,False,0.4205607476635514,0.0,0.0,True,False,False,0,0,0,45,0,0
OpenHandsExternal330,external long-horizon generalization set,OpenHandsExternal330_T000114,fc88cc94b52e25ca95153ed5a97d2099fbe73d4ab517161fff4bca45675e8894,OpenHands external,115,False,False,0.28695652173913044,0.0,0.0,True,False,False,0,0,0,33,0,0
OpenHandsExternal330,external long-horizon generalization set,OpenHandsExternal330_T000115,caae0ec7e482905a0f9858f8f2366deab9e4ac8bae9c7c34611a36474acb5acd,OpenHands external,103,False,False,0.3883495145631068,0.0,0.0,True,False,False,0,0,0,40,0,0
OpenHandsExternal330,external long-horizon generalization set,OpenHandsExternal330_T000116,6a312b63528cbb67b1983b438b5abfa0f286cd55a8815681f8ee4767e58126cb,OpenHands external,89,False,False,0.5955056179775281,0.0,0.0,True,False,False,0,0,0,53,0,0
OpenHandsExternal330,external long-horizon generalization set,OpenHandsExternal330_T000117,b7b9d981aeec227ba664a7bcca5944fa8f37e08d3db1c584a5617203908991f1,OpenHands external,113,False,False,0.4247787610619469,0.0,0.0,True,False,False,0,0,0,48,0,0
OpenHandsExternal330,external long-horizon generalization set,OpenHandsExternal330_T000118,90b94fa7624df4cc7bdd42d2b17d93d4574d7db8b789786e26327c08a2bdb6a2,OpenHands external,143,False,False,0.6223776223776224,0.0,0.0,True,False,False,0,0,0,89,0,0
OpenHandsExternal330,external long-horizon generalization set,OpenHandsExternal330_T000119,86464f89e449fadd30a9e507b77bc0e3ae76c91de543592adcd99f7be15d60f2,OpenHands external,99,False,False,0.5757575757575758,0.0,0.0,True,False,False,0,0,0,57,0,0
OpenHandsExternal330,external long-horizon generalization set,OpenHandsExternal330_T000120,235aed3d347731450e21f85a8e03d5e38c996c28be6b3c8e77916cfdcc7bf03e,OpenHands external,201,True,True,0.8557213930348259,0.19900497512437812,0.0,True,True,False,0,40,0,172,40,0
OpenHandsExternal330,external long-horizon generalization set,OpenHandsExternal330_T000121,421773da16dd61c40f653df659b80ff120123707b91ed893fb4207ff8057095e,OpenHands external,145,False,False,0.6758620689655173,0.0,0.0,True,False,False,0,0,0,98,0,0
OpenHandsExternal330,external long-horizon generalization set,OpenHandsExternal330_T000122,e61fbd2cbd685939cd2fa66fedb09eeb554dbd59fca6f1633fd2a59e896fbaea,OpenHands external,109,False,False,0.42201834862385323,0.0,0.0,True,False,False,0,0,0,46,0,0
OpenHandsExternal330,external long-horizon generalization set,OpenHandsExternal330_T000123,9c710a0687bb7375288453b5ffa814c8de34e4ad8d4b1bca0a726421f311e84b,OpenHands external,201,True,True,0.8955223880597015,0.0,0.0,True,False,False,0,0,0,180,0,0
OpenHandsExternal330,external long-horizon generalization set,OpenHandsExternal330_T000124,8bbb67288c02d4b149c5bd513afbcff2b308dc9e33d504f29fcd3f2b8a6f5dc5,OpenHands external,139,False,False,0.4892086330935252,0.0,0.0,True,False,False,0,0,0,68,0,0
OpenHandsExternal330,external long-horizon generalization set,OpenHandsExternal330_T000125,508a01c279c2555f1dfa16410a2e8a6a33fdd5af9c087a092a5232e4597a730b,OpenHands external,133,False,False,0.43609022556390975,0.0,0.0,True,False,False,0,0,0,58,0,0
OpenHandsExternal330,external long-horizon generalization set,OpenHandsExternal330_T000126,5f2a06ea78fbd6ed5d18e5062c64a112fe35991dd3db20a98612cdc6256b4d5e,OpenHands external,201,True,True,0.6467661691542289,0.20398009950248755,0.0,True,True,False,0,41,0,130,41,0
OpenHandsExternal330,external long-horizon generalization set,OpenHandsExternal330_T000127,ddf62731112139383bba00a84c2b36cabe47ebc918269e5ba99a282b40877a22,OpenHands external,201,True,True,0.3283582089552239,0.0,0.0,True,False,False,0,0,0,66,0,0
OpenHandsExternal330,external long-horizon generalization set,OpenHandsExternal330_T000128,9bcb78762824d144fc1f8f8ebd1f5617750a7be10c2f7d621ebdcb0a9f8b93cc,OpenHands external,201,True,True,0.6567164179104478,0.05970149253731343,0.0,True,True,False,0,12,0,132,12,0
OpenHandsExternal330,external long-horizon generalization set,OpenHandsExternal330_T000129,3d422a6ba01ad75337ad7ac878d586c4ac325c213f92e009afa4f6b46df42135,OpenHands external,201,True,True,0.6169154228855721,0.0,0.0,True,False,False,0,0,0,124,0,0
OpenHandsExternal330,external long-horizon generalization set,OpenHandsExternal330_T000130,883c851d24c7279783fc2a1ea190e98a6556be5cc82735d27db7690c3962e23c,OpenHands external,93,False,False,0.5376344086021505,0.0,0.0,True,False,False,0,0,0,50,0,0
OpenHandsExternal330,external long-horizon generalization set,OpenHandsExternal330_T000131,153f88d1d8f32e585c8c444c244e0ce9ffb949853f3efeed53a004fcc62310f1,OpenHands external,113,False,False,0.5309734513274337,0.0,0.0,True,False,False,0,0,0,60,0,0
OpenHandsExternal330,external long-horizon generalization set,OpenHandsExternal330_T000132,435baf91255590b93318fa35fc371cd86f8c7ffbe57a27f7a8b1954b74b33fe5,OpenHands external,187,True,False,0.7700534759358288,0.0,0.0,True,False,False,0,0,0,144,0,0
OpenHandsExternal330,external long-horizon generalization set,OpenHandsExternal330_T000133,ff9ef520c5451c9f3d7a4d6a09d71e5926fee77637d77516512b26b9ee69e406,OpenHands external,141,False,False,0.45390070921985815,0.0,0.0,True,False,False,0,0,0,64,0,0
OpenHandsExternal330,external long-horizon generalization set,OpenHandsExternal330_T000134,2ada317bad27bde1c77e4ba0b6d6293328ba55d80d979b8c58a6f7d2a592a397,OpenHands external,127,False,False,0.4251968503937008,0.0,0.0,True,False,False,0,0,0,54,0,0
OpenHandsExternal330,external long-horizon generalization set,OpenHandsExternal330_T000135,d19d85b23a2a04329df37f621e444b5f983853a9f5f532493b04d9d33f647bd7,OpenHands external,141,False,False,0.425531914893617,0.0,0.0,True,False,False,0,0,0,60,0,0
OpenHandsExternal330,external long-horizon generalization set,OpenHandsExternal330_T000136,6bc4162fa5588d620499a05d95668177be05cfe71dddb49b7f2318c1fd5d85f1,OpenHands external,137,False,False,0.45985401459854014,0.0,0.0,True,False,False,0,0,0,63,0,0
OpenHandsExternal330,external long-horizon generalization set,OpenHandsExternal330_T000137,e8727577a62f51a76d7a7be389b555a911b6e9a8abcfc01241cf52ba45ad0f53,OpenHands external,119,False,False,0.5210084033613446,0.0,0.0,True,False,False,0,0,0,62,0,0
OpenHandsExternal330,external long-horizon generalization set,OpenHandsExternal330_T000138,b6dc250b35ca7dd33601fc6cb4a16b7d045b7dc4a77112f0b485d62ada763c3b,OpenHands external,123,False,False,0.5203252032520326,0.0,0.0,True,False,False,0,0,0,64,0,0
OpenHandsExternal330,external long-horizon generalization set,OpenHandsExternal330_T000139,964b5aede3d1b13523f8d01df7237e8a9403493d6f5e58172ddc0fb2af1bd715,OpenHands external,157,False,False,0.5923566878980892,0.0,0.0,True,False,False,0,0,0,93,0,0
OpenHandsExternal330,external long-horizon generalization set,OpenHandsExternal330_T000140,9d69d2e1007039a16e4d4e22e0259d330a901d86939ca4585a13a3246a250b93,OpenHands external,87,False,False,0.6436781609195402,0.0,0.0,True,False,False,0,0,0,56,0,0
OpenHandsExternal330,external long-horizon generalization set,OpenHandsExternal330_T000141,3dde51fa47ae7848f48f893e73df38c543476684c388eeab005d4ae439dd1e79,OpenHands external,201,True,True,0.6965174129353234,0.0,0.0,True,False,False,0,0,0,140,0,0
OpenHandsExternal330,external long-horizon generalization set,OpenHandsExternal330_T000142,f70690095ac88604df245d6855d811b8e4b2d3c795e7c3cf0ec3b8bd6c2b8834,OpenHands external,167,False,False,0.40718562874251496,0.0,0.0,True,False,False,0,0,0,68,0,0
OpenHandsExternal330,external long-horizon generalization set,OpenHandsExternal330_T000143,62d38fb1ca473e1c18a320b523c14d6f3990c3ebc3ab28b74b9faa34f0735640,OpenHands external,123,False,False,0.44715447154471544,0.0,0.0,True,False,False,0,0,0,55,0,0
OpenHandsExternal330,external long-horizon generalization set,OpenHandsExternal330_T000144,4e21a28f8c9c0ddc1514bd36ee26e028f8dbd80163a5dc6bbb88dd0937a4ecfe,OpenHands external,163,False,False,0.5030674846625767,0.0,0.0,True,False,False,0,0,0,82,0,0
OpenHandsExternal330,external long-horizon generalization set,OpenHandsExternal330_T000145,c9e82b348ac45abccf3d3e448f8916ba34f5c1d6683c86dde1fdfbb9cb7292af,OpenHands external,200,True,False,0.745,0.0,0.0,True,False,False,0,0,0,149,0,0
OpenHandsExternal330,external long-horizon generalization set,OpenHandsExternal330_T000146,c2b7ac43c2e2a45489cb2a64738ac825e76b199eb9a57c0e5bae874b39723418,OpenHands external,125,False,False,0.736,0.0,0.0,True,False,False,0,0,0,92,0,0
OpenHandsExternal330,external long-horizon generalization set,OpenHandsExternal330_T000147,854b612cfbcc0a4d28bb7cfcc208f1914097c5cfbf2ed92708f2034f224ee67f,OpenHands external,201,True,True,0.681592039800995,0.06467661691542288,0.0,True,True,False,0,13,0,137,13,0
OpenHandsExternal330,external long-horizon generalization set,OpenHandsExternal330_T000148,482a921df0ade858f9cd68e9d91887d7eaac2ac7a75ac25ef7ddcb57277e582e,OpenHands external,133,False,False,0.5714285714285714,0.0,0.0,True,False,False,0,0,0,76,0,0
OpenHandsExternal330,external long-horizon generalization set,OpenHandsExternal330_T000149,5393a2e73bd830092b549b1628def7e83377f5e448f92dfd961d120274d74efc,OpenHands external,155,False,False,0.6580645161290323,0.0,0.0,True,False,False,0,0,0,102,0,0
OpenHandsExternal330,external long-horizon generalization set,OpenHandsExternal330_T000150,430981aca880552b02b731362757b61e5e65fe13088f96cfc1713facc7aa1170,OpenHands external,201,True,True,0.6567164179104478,0.0,0.0,True,False,False,0,0,0,132,0,0
OpenHandsExternal330,external long-horizon generalization set,OpenHandsExternal330_T000151,2e3173fbcedfd4c8f64f9b5db3039346997235c9e608c5f7829e419c4baf4165,OpenHands external,159,False,False,0.5660377358490566,0.0,0.0,True,False,False,0,0,0,90,0,0
OpenHandsExternal330,external long-horizon generalization set,OpenHandsExternal330_T000152,a58864edbe6b847f0618850888a1e51306a6bb8b18872f29fa7b771d653b7cd3,OpenHands external,125,False,False,0.496,0.0,0.0,True,False,False,0,0,0,62,0,0
OpenHandsExternal330,external long-horizon generalization set,OpenHandsExternal330_T000153,444aad9254efd2b41657cf5f925155ec50e82a19b4e59a3533e14e21c92b78bc,OpenHands external,141,False,False,0.624113475177305,0.0,0.0,True,False,False,0,0,0,88,0,0
OpenHandsExternal330,external long-horizon generalization set,OpenHandsExternal330_T000154,7cb69811be598728be4ce1d9ef5734be64f6969ec621ad22e1436902fe6614e5,OpenHands external,147,False,False,0.6530612244897959,0.0,0.0,True,False,False,0,0,0,96,0,0
OpenHandsExternal330,external long-horizon generalization set,OpenHandsExternal330_T000155,5ae6f654e9ff7146c1cdae8c985ae5d4143ed59c5be37e7f471d00d5e7df98f1,OpenHands external,147,False,False,0.6530612244897959,0.0,0.0,True,False,False,0,0,0,96,0,0
OpenHandsExternal330,external long-horizon generalization set,OpenHandsExternal330_T000156,03dec0d32bfd42375daf6e4dbc81a7ff9a9c521c7b3f385be36ae15b125b3f9d,OpenHands external,109,False,False,0.6055045871559633,0.0,0.0,True,False,False,0,0,0,66,0,0
OpenHandsExternal330,external long-horizon generalization set,OpenHandsExternal330_T000157,f10587304ac7f50ffa367da046910a7f9da658d98e7d89c8f657cbf8ee3a0fe9,OpenHands external,161,False,False,0.5962732919254659,0.0,0.0,True,False,False,0,0,0,96,0,0
OpenHandsExternal330,external long-horizon generalization set,OpenHandsExternal330_T000158,41f0abbd12dd1c5ad7e05d3f2cf8dcee950139232218c8ca5277530082234286,OpenHands external,157,False,False,0.4840764331210191,0.0,0.0,True,False,False,0,0,0,76,0,0
OpenHandsExternal330,external long-horizon generalization set,OpenHandsExternal330_T000159,525678d5b17e85fd069d022602b8270a4512fb6711366a6ec8a059eb465e7958,OpenHands external,201,True,True,0.5970149253731343,0.0,0.0,True,False,False,0,0,0,120,0,0
OpenHandsExternal330,external long-horizon generalization set,OpenHandsExternal330_T000160,3f947c223b3e112ceddb3f6bb264f056ad2e58c018583a9c15ca75519644ae7b,OpenHands external,153,False,False,0.48366013071895425,0.0,0.0,True,False,False,0,0,0,74,0,0
OpenHandsExternal330,external long-horizon generalization set,OpenHandsExternal330_T000161,9552f8fffcca32b52d8b07bc3e917d47ee8672803036fbdad45702c95a561ca6,OpenHands external,113,False,False,0.7256637168141593,0.0,0.0,True,False,False,0,0,0,82,0,0
OpenHandsExternal330,external long-horizon generalization set,OpenHandsExternal330_T000162,c142a79463540391f10cea7349e10ff188c4f322ae577023d5bcf7115b69d614,OpenHands external,151,False,False,0.5298013245033113,0.0,0.0,True,False,False,0,0,0,80,0,0
OpenHandsExternal330,external long-horizon generalization set,OpenHandsExternal330_T000163,159b0e10f02484904e41e44cfd27f8e077a28056f0888192d177f82efea8d62f,OpenHands external,175,True,False,0.6285714285714286,0.0,0.0,True,False,False,0,0,0,110,0,0
OpenHandsExternal330,external long-horizon generalization set,OpenHandsExternal330_T000164,0f2d66ba1f6b6206d5d6d2579154bdec2d184a5f9a6a81d3c72546f0d4e36eef,OpenHands external,127,False,False,0.5354330708661418,0.0,0.0,True,False,False,0,0,0,68,0,0
OpenHandsExternal330,external long-horizon generalization set,OpenHandsExternal330_T000165,b0c31fa6023f3772ef69ff22e70c77d987ce9b9428007366531294046fa2d95d,OpenHands external,185,True,False,0.6378378378378379,0.0,0.0,True,False,False,0,0,0,118,0,0
OpenHandsExternal330,external long-horizon generalization set,OpenHandsExternal330_T000166,201469a4307c0babb71a084861a4e49895de2c32723da95b3c5a8a2c21864ccc,OpenHands external,143,False,False,0.5174825174825175,0.0,0.0,True,False,False,0,0,0,74,0,0
OpenHandsExternal330,external long-horizon generalization set,OpenHandsExternal330_T000167,33963d4f8de38ff4bd88b6294f381d7b8864f00022b1a966f06fa6340e478df4,OpenHands external,201,True,True,0.5572139303482587,0.0,0.0,True,False,False,0,0,0,112,0,0
OpenHandsExternal330,external long-horizon generalization set,OpenHandsExternal330_T000168,bbce46f8c24572ddfca7ff831ac2e33e7445aba134d11331d01ef26fa0da0011,OpenHands external,137,False,False,0.7007299270072993,0.0,0.0,True,False,False,0,0,0,96,0,0
OpenHandsExternal330,external long-horizon generalization set,OpenHandsExternal330_T000169,3e7bbfab8c260cf12a1fc1f061507f33efae213ac982867b6ee7d685fcd31de4,OpenHands external,139,False,False,0.6474820143884892,0.0,0.0,True,False,False,0,0,0,90,0,0
OpenHandsExternal330,external long-horizon generalization set,OpenHandsExternal330_T000170,3f5d994c150136d218a608ddcfb67fa812ceba117f86e61fd53d5aef5aa0a827,OpenHands external,175,True,False,0.6514285714285715,0.0,0.0,True,False,False,0,0,0,114,0,0
OpenHandsExternal330,external long-horizon generalization set,OpenHandsExternal330_T000171,449c20d00482bdb14a78913d042da23be76047b09089167836ffa6a6aac37951,OpenHands external,137,False,False,0.5985401459854015,0.0,0.0,True,False,False,0,0,0,82,0,0
OpenHandsExternal330,external long-horizon generalization set,OpenHandsExternal330_T000172,513e3617320b6487b3533b1e1603b7a6ad221e4557e15d97fde4269598d4bf68,OpenHands external,185,True,False,0.5621621621621622,0.0,0.0,True,False,False,0,0,0,104,0,0
OpenHandsExternal330,external long-horizon generalization set,OpenHandsExternal330_T000173,cc57b36b97b8406614c049b01184af97b97a7bbb173fd99bd9febddc7e3f83d3,OpenHands external,127,False,False,0.6062992125984252,0.0,0.0,True,False,False,0,0,0,77,0,0
OpenHandsExternal330,external long-horizon generalization set,OpenHandsExternal330_T000174,17b6dc237449e55d001b834bad644136636892a8d8a5206551d8b5dbda995777,OpenHands external,117,False,False,0.5299145299145299,0.0,0.0,True,False,False,0,0,0,62,0,0
OpenHandsExternal330,external long-horizon generalization set,OpenHandsExternal330_T000175,f76eb1c49adf7514ae151c4f8f493f37566193f167c3d9c918be649bd2cb35bd,OpenHands external,201,True,True,0.6965174129353234,0.0,0.0,True,False,False,0,0,0,140,0,0
OpenHandsExternal330,external long-horizon generalization set,OpenHandsExternal330_T000176,cf484b4ac17644527fa6b7fdea67d93e4c7385b2cbf935d4f199598705db6ce6,OpenHands external,201,True,True,0.6965174129353234,0.0,0.0,True,False,False,0,0,0,140,0,0
OpenHandsExternal330,external long-horizon generalization set,OpenHandsExternal330_T000177,82bc0bf7960aa339dd8ed51d070ebbf5fac3829f00e6d1fe1e517c7f65d83f13,OpenHands external,105,False,False,0.47619047619047616,0.0,0.0,True,False,False,0,0,0,50,0,0
OpenHandsExternal330,external long-horizon generalization set,OpenHandsExternal330_T000178,2685977977b9e5d03424e5c9234bece73940424e55e77cfb77bf84b42c0a714d,OpenHands external,143,False,False,0.5874125874125874,0.0,0.0,True,False,False,0,0,0,84,0,0
OpenHandsExternal330,external long-horizon generalization set,OpenHandsExternal330_T000179,0072568226daece8deeb3fa97c44ec815aa96a3e97bfd0b6566390250332cc68,OpenHands external,145,False,False,0.6896551724137931,0.0,0.0,True,False,False,0,0,0,100,0,0
OpenHandsExternal330,external long-horizon generalization set,OpenHandsExternal330_T000180,b683dcf1a419bf43a648cad7eee55003daca7c0b0143d162f95237c107016ce0,OpenHands external,143,False,False,0.5874125874125874,0.0,0.0,True,False,False,0,0,0,84,0,0
OpenHandsExternal330,external long-horizon generalization set,OpenHandsExternal330_T000181,a1ce7ab01cd71f9414e7b0ff963653833d181ab2cb76f55a4c4ad3318f46dda2,OpenHands external,89,False,False,0.5617977528089888,0.0,0.0,True,False,False,0,0,0,50,0,0
OpenHandsExternal330,external long-horizon generalization set,OpenHandsExternal330_T000182,ff6cb2798ea8e0aa03602310e49b620ec9bd1eb3a66b845965cb8d386cc51cda,OpenHands external,153,False,False,0.5882352941176471,0.0,0.0,True,False,False,0,0,0,90,0,0
OpenHandsExternal330,external long-horizon generalization set,OpenHandsExternal330_T000183,e4c11dd7e1ab16b5cae1eceabf6193b69591847e010bb33036bb5259afb1c2a2,OpenHands external,125,False,False,0.512,0.0,0.0,True,False,False,0,0,0,64,0,0
OpenHandsExternal330,external long-horizon generalization set,OpenHandsExternal330_T000184,046e8c91bb9fd8f4e6e76b53dd1d5bef2b6865194bdc4a78f04825f945ffca6a,OpenHands external,93,False,False,0.45161290322580644,0.0,0.0,True,False,False,0,0,0,42,0,0
OpenHandsExternal330,external long-horizon generalization set,OpenHandsExternal330_T000185,f1c241ad697808b83a673d6f33b23a1518cff7950f9d392c4648ed9a3ab897b3,OpenHands external,121,False,False,0.6115702479338843,0.0,0.0,True,False,False,0,0,0,74,0,0
OpenHandsExternal330,external long-horizon generalization set,OpenHandsExternal330_T000186,b9305e36b05631d7b738948be158dd9bf7ba55ee0d0934667a5154e286b113fb,OpenHands external,139,False,False,0.4748201438848921,0.0,0.0,True,False,False,0,0,0,66,0,0
OpenHandsExternal330,external long-horizon generalization set,OpenHandsExternal330_T000187,f1ad92a70ae78a3acf5ed46239d1b3435d73f6a7bc5f81bab71a69be67f2e6ec,OpenHands external,201,True,True,0.736318407960199,0.0,0.0,True,False,False,0,0,0,148,0,0
OpenHandsExternal330,external long-horizon generalization set,OpenHandsExternal330_T000188,85e95012546aa5d87bdb0d139816cc56069c274e4075314475077f4ce3c88e3a,OpenHands external,167,False,False,0.6467065868263473,0.0,0.0,True,False,False,0,0,0,108,0,0
OpenHandsExternal330,external long-horizon generalization set,OpenHandsExternal330_T000189,177cf7f6d57ff5e9065876484ad48b297ecf638858e92b62b44ab569c6b34cdb,OpenHands external,139,False,False,0.5611510791366906,0.0,0.0,True,False,False,0,0,0,78,0,0
OpenHandsExternal330,external long-horizon generalization set,OpenHandsExternal330_T000190,3276c7aa1ef869b0330ef335e0cb2520cc69951d3aaf2ebb6170c806ff5b1e62,OpenHands external,187,True,False,0.6524064171122995,0.0,0.0,True,False,False,0,0,0,122,0,0
OpenHandsExternal330,external long-horizon generalization set,OpenHandsExternal330_T000191,9a01b3c32010e735254764ebcdba5212bb136a16ffd09a8398ed01a175600681,OpenHands external,107,False,False,0.5420560747663551,0.0,0.0,True,False,False,0,0,0,58,0,0
OpenHandsExternal330,external long-horizon generalization set,OpenHandsExternal330_T000192,b82e40034e9719637d9a9c8709964c111a72f744e6248e12bfc43c814e9c9ce6,OpenHands external,189,True,False,0.582010582010582,0.0,0.0,True,False,False,0,0,0,110,0,0
OpenHandsExternal330,external long-horizon generalization set,OpenHandsExternal330_T000193,c9c6400580968501b598494d181befda5792d2703e1b7bdc4650559516af95d6,OpenHands external,171,False,False,0.4327485380116959,0.0,0.0,True,False,False,0,0,0,74,0,0
OpenHandsExternal330,external long-horizon generalization set,OpenHandsExternal330_T000194,9c7f6b1f4a9d568c1819bc199035e648792416ddd5d14c2e52e7510804f39277,OpenHands external,153,False,False,0.5751633986928104,0.0,0.0,True,False,False,0,0,0,88,0,0
OpenHandsExternal330,external long-horizon generalization set,OpenHandsExternal330_T000195,0559e99d4d68fd0001f1ac381ec06d3909f7bf3e7bef5f7265b7f253091dd47b,OpenHands external,201,True,True,0.6169154228855721,0.3383084577114428,0.0,True,True,False,0,68,0,124,68,0
OpenHandsExternal330,external long-horizon generalization set,OpenHandsExternal330_T000196,4fb32cef8bad7aa53dd34cefddd59d41655320235901a4878323479e5c0adad3,OpenHands external,113,False,False,0.5663716814159292,0.0,0.0,True,False,False,0,0,0,64,0,0
OpenHandsExternal330,external long-horizon generalization set,OpenHandsExternal330_T000197,4ac846a06f82d14bd85c4849679f4ed48472aa4b625c42621130d27f0b906037,OpenHands external,159,False,False,0.4528301886792453,0.0,0.0,True,False,False,0,0,0,72,0,0
OpenHandsExternal330,external long-horizon generalization set,OpenHandsExternal330_T000198,0396e7e0fc34ec0dd4b120619a1434aa9bda457a7b80cc75cb84d14bd89ab9ee,OpenHands external,103,False,False,0.5048543689320388,0.0,0.0,True,False,False,0,0,0,52,0,0
OpenHandsExternal330,external long-horizon generalization set,OpenHandsExternal330_T000199,69594421126f42a9a9c2f8da691c6bf66fb5c746933ca4e08f6430307855682a,OpenHands external,131,False,False,0.44274809160305345,0.0,0.0,True,False,False,0,0,0,58,0,0
OpenHandsExternal330,external long-horizon generalization set,OpenHandsExternal330_T000200,3ed791ce105b8f3fb60313a925af1ee8f2504b3e721f95dd61fa62f3c16938c9,OpenHands external,105,False,False,0.6095238095238096,0.0,0.0,True,False,False,0,0,0,64,0,0
OpenHandsExternal330,external long-horizon generalization set,OpenHandsExternal330_T000201,6ebfaebd84ec2c30cc70bedc2036e149517fe003f098c265da947b0e8feb72b2,OpenHands external,201,True,True,0.9054726368159204,0.0,0.0,True,False,False,0,0,0,182,0,0
OpenHandsExternal330,external long-horizon generalization set,OpenHandsExternal330_T000202,90a2c65d0ff4218dea36e944d2c90873f6bce977a5c71446a93d033ba5c4478a,OpenHands external,183,True,False,0.5901639344262295,0.0,0.0,True,False,False,0,0,0,108,0,0
OpenHandsExternal330,external long-horizon generalization set,OpenHandsExternal330_T000203,46261036aba061d034d8946a651edb61acab9a4e7a60aedecca663021b0101b6,OpenHands external,127,False,False,0.4566929133858268,0.0,0.0,True,False,False,0,0,0,58,0,0
OpenHandsExternal330,external long-horizon generalization set,OpenHandsExternal330_T000204,f683a105819c54f23d3d449f538c406b03f19f76cd62994c4dfc4c4a7c0d59ef,OpenHands external,201,True,True,0.527363184079602,0.0,0.0,True,False,False,0,0,0,106,0,0
OpenHandsExternal330,external long-horizon generalization set,OpenHandsExternal330_T000205,1569f008b26e65c4cbb5a31c66b76d30505752e5d7233cca48b3cd11f461baee,OpenHands external,201,True,True,0.6268656716417911,0.0,0.0,True,False,False,0,0,0,126,0,0
OpenHandsExternal330,external long-horizon generalization set,OpenHandsExternal330_T000206,c3af5d19e380be2839fc909b499f80befb8d6d040877c5adc44264a2f3be83be,OpenHands external,143,False,False,0.6573426573426573,0.0,0.0,True,False,False,0,0,0,94,0,0
OpenHandsExternal330,external long-horizon generalization set,OpenHandsExternal330_T000207,51c7134fac45e9108f173eda7a1188ac5c12c8162e03bc6906546b0635246333,OpenHands external,117,False,False,0.358974358974359,0.0,0.0,True,False,False,0,0,0,42,0,0
OpenHandsExternal330,external long-horizon generalization set,OpenHandsExternal330_T000208,c42a67d7aaeb0fc313d286d6d1e23ace325f3eaa6a27181ef114a85294e661b3,OpenHands external,201,True,True,0.7064676616915423,0.0,0.0,True,False,False,0,0,0,142,0,0
OpenHandsExternal330,external long-horizon generalization set,OpenHandsExternal330_T000209,7a68eeecdcb9cd1807e0d9a4857e21adb12cd71bcb02a1f86d766288b84eebd2,OpenHands external,163,False,False,0.7361963190184049,0.0,0.0,True,False,False,0,0,0,120,0,0
OpenHandsExternal330,external long-horizon generalization set,OpenHandsExternal330_T000210,7b82a9338f830af7549cd0c0da44bff5a3999800d58cbc4639cc22d96696f881,OpenHands external,173,False,False,0.6936416184971098,0.0,0.0,True,False,False,0,0,0,120,0,0
OpenHandsExternal330,external long-horizon generalization set,OpenHandsExternal330_T000211,83f82d06e65ffc72b961f00f33c68ed8033d426df131b48f84fcf31ee31b8a28,OpenHands external,177,True,False,0.519774011299435,0.0,0.0,True,False,False,0,0,0,92,0,0
OpenHandsExternal330,external long-horizon generalization set,OpenHandsExternal330_T000212,41e19f6e44ac797962cebfbe2b77d2eeb7e5ffa5a3c11022727395ad3419e015,OpenHands external,155,False,False,0.6064516129032258,0.0,0.0,True,False,False,0,0,0,94,0,0
OpenHandsExternal330,external long-horizon generalization set,OpenHandsExternal330_T000213,7df3fcadd301808a50dfa508f790209e9073878011576710058d5e829ee60768,OpenHands external,103,False,False,0.5436893203883495,0.0,0.0,True,False,False,0,0,0,56,0,0
OpenHandsExternal330,external long-horizon generalization set,OpenHandsExternal330_T000214,499b526e2136d5eb4b90a6e280a27fe0ab53d9079f721dcabbf0db553ea3b321,OpenHands external,155,False,False,0.567741935483871,0.0,0.0,True,False,False,0,0,0,88,0,0
OpenHandsExternal330,external long-horizon generalization set,OpenHandsExternal330_T000215,0e9b12bdd0fcce6fcf3b22c3c09c431c1e70e72daa8007258ebe7cfdb8ca5091,OpenHands external,151,False,False,0.7152317880794702,0.0,0.0,True,False,False,0,0,0,108,0,0
OpenHandsExternal330,external long-horizon generalization set,OpenHandsExternal330_T000216,43e8a94c13da18eed683bdbde4018e5dea8693a517b2e0cf46bd6ed63c824534,OpenHands external,123,False,False,0.45528455284552843,0.0,0.0,True,False,False,0,0,0,56,0,0
OpenHandsExternal330,external long-horizon generalization set,OpenHandsExternal330_T000217,ac43a1187caf6aa260e7e2a5ebc42a0f22f00800fd5ab2b7a291ad493c735b98,OpenHands external,201,True,True,0.6467661691542289,0.0,0.0,True,False,False,0,0,0,130,0,0
OpenHandsExternal330,external long-horizon generalization set,OpenHandsExternal330_T000218,9550ab265fe3f618ca63252bd25f0ac7b768adc56b078e4cf80600b60f6c71df,OpenHands external,141,False,False,0.5531914893617021,0.0,0.0,True,False,False,0,0,0,78,0,0
OpenHandsExternal330,external long-horizon generalization set,OpenHandsExternal330_T000219,f41c933527d9234b0a645a144d0e10673e2889ffa891f37d9f4e77e7b2b1019b,OpenHands external,133,False,False,0.5714285714285714,0.0,0.0,True,False,False,0,0,0,76,0,0
OpenHandsExternal330,external long-horizon generalization set,OpenHandsExternal330_T000220,3628c6bc80367f26fa2eef8fb9371ec6b6c5ed7eff4bc296cf2694f38e932dd4,OpenHands external,139,False,False,0.34532374100719426,0.0,0.0,True,False,False,0,0,0,48,0,0
OpenHandsExternal330,external long-horizon generalization set,OpenHandsExternal330_T000221,1767aed1827e928be4ef570506a02958da53563ef7955b54049ea32c0eb48def,OpenHands external,169,False,False,0.5207100591715976,0.0,0.0,True,False,False,0,0,0,88,0,0
OpenHandsExternal330,external long-horizon generalization set,OpenHandsExternal330_T000222,0503b8c8c32997f319343c1fc0067ac0ab644ada98aa46d24737f3cc76431032,OpenHands external,201,True,True,0.7661691542288557,0.0,0.0,True,False,False,0,0,0,154,0,0
OpenHandsExternal330,external long-horizon generalization set,OpenHandsExternal330_T000223,a24f3b32a9d74701a4106b7e4779101158e75067d6e5c72041c650f3c7459570,OpenHands external,201,True,True,0.6268656716417911,0.15920398009950248,0.0,True,True,False,0,32,0,126,32,0
OpenHandsExternal330,external long-horizon generalization set,OpenHandsExternal330_T000224,aa37091e8d4d0c00628bd6cab16c712ad20170e9f29c0acb0a594e4e8869fd3e,OpenHands external,177,True,False,0.6101694915254238,0.0,0.0,True,False,False,0,0,0,108,0,0
OpenHandsExternal330,external long-horizon generalization set,OpenHandsExternal330_T000225,8a36f88a1a5b9313ab4e03cac990b0d42405fc40d149ec8dcb67b1f4f5360c72,OpenHands external,165,False,False,0.5575757575757576,0.0,0.0,True,False,False,0,0,0,92,0,0
OpenHandsExternal330,external long-horizon generalization set,OpenHandsExternal330_T000226,7d680267560ce25c28cb1fb1ad5f6e2d60433aef657f2346f8e056746ca2d5eb,OpenHands external,147,False,False,0.5714285714285714,0.3197278911564626,0.0,True,True,False,0,47,0,84,47,0
OpenHandsExternal330,external long-horizon generalization set,OpenHandsExternal330_T000227,03b73df85c53c09f38443cc1bccc754474d63746cea5093afdbb4bf6c740b975,OpenHands external,137,False,False,0.6131386861313869,0.0,0.0,True,False,False,0,0,0,84,0,0
OpenHandsExternal330,external long-horizon generalization set,OpenHandsExternal330_T000228,5d30005812ca1cf3f556af1691a1b9bd1959c6ceb708e1d2fc4d9c8a700539ab,OpenHands external,177,True,False,0.8361581920903954,0.0,0.0,True,False,False,0,0,0,148,0,0
OpenHandsExternal330,external long-horizon generalization set,OpenHandsExternal330_T000229,2f26b4c07d7e1b78c750d451e9c83ad2327be667f1203c3134d85206c1b1949c,OpenHands external,119,False,False,0.6890756302521008,0.0,0.0,True,False,False,0,0,0,82,0,0
OpenHandsExternal330,external long-horizon generalization set,OpenHandsExternal330_T000230,d720da2b3993a1e59968f81575268fb80f9bd1acfa91f08a729c15d379ba9a39,OpenHands external,135,False,False,0.5777777777777777,0.0,0.0,True,False,False,0,0,0,78,0,0
OpenHandsExternal330,external long-horizon generalization set,OpenHandsExternal330_T000231,03eb6dc56398b5a17d04c0544562d4bdae6ae5e9dfb5a750414290c1aeef4216,OpenHands external,187,True,False,0.5989304812834224,0.0,0.0,True,False,False,0,0,0,112,0,0
OpenHandsExternal330,external long-horizon generalization set,OpenHandsExternal330_T000232,09dd32272e754efccdab119caa1e4a14a10436b1ebdadb078780ec5a690656e9,OpenHands external,147,False,False,0.5306122448979592,0.0,0.0,True,False,False,0,0,0,78,0,0
OpenHandsExternal330,external long-horizon generalization set,OpenHandsExternal330_T000233,391ccceb37795d1e303377e5a75cbbe2ecad8d4b3ed2440bd7c8bc430a00a3d1,OpenHands external,127,False,False,0.4251968503937008,0.0,0.0,True,False,False,0,0,0,54,0,0
OpenHandsExternal330,external long-horizon generalization set,OpenHandsExternal330_T000234,a84d03636d8c2853c9ebe9bb4c2d4e55b92a62530a925d7bf9b9afd31e640a1d,OpenHands external,201,True,True,0.8258706467661692,0.0,0.0,True,False,False,0,0,0,166,0,0
OpenHandsExternal330,external long-horizon generalization set,OpenHandsExternal330_T000235,c6f89739c3f00612b65d51566d4e3af507c5c18ed7c52dbc6f6061f654610936,OpenHands external,119,False,False,0.6050420168067226,0.0,0.0,True,False,False,0,0,0,72,0,0
OpenHandsExternal330,external long-horizon generalization set,OpenHandsExternal330_T000236,517a47eb342e140763cea475054d05edfbdbdd9c6832b04324529a3856775d91,OpenHands external,173,False,False,0.7167630057803468,0.0,0.0,True,False,False,0,0,0,124,0,0
OpenHandsExternal330,external long-horizon generalization set,OpenHandsExternal330_T000237,2a6583646cbda10a701ca82bf3201bd13f4b6502cb8298a6fb0785b9453d89c9,OpenHands external,153,False,False,0.6143790849673203,0.0,0.0,True,False,False,0,0,0,94,0,0
OpenHandsExternal330,external long-horizon generalization set,OpenHandsExternal330_T000238,689d4fcf3c6ee11e9c10d02868c29d0d007d5e53b69899543ec621b1322d0796,OpenHands external,201,True,True,0.6865671641791045,0.0,0.0,True,False,False,0,0,0,138,0,0
OpenHandsExternal330,external long-horizon generalization set,OpenHandsExternal330_T000239,67254126d8951ae5c87974721e36a29f33217426e4641e235fc6ca4d48ad72f8,OpenHands external,155,False,False,0.5548387096774193,0.0,0.0,True,False,False,0,0,0,86,0,0
OpenHandsExternal330,external long-horizon generalization set,OpenHandsExternal330_T000240,9a43dab374415b52f9d78757899ab38abdd3da1a50b89c096b6c98059044b087,OpenHands external,125,False,False,0.464,0.0,0.0,True,False,False,0,0,0,58,0,0
OpenHandsExternal330,external long-horizon generalization set,OpenHandsExternal330_T000241,3376eb3096938cf31e087deb25d606d71932abaa5be29305275a1c4abfce1a9c,OpenHands external,175,True,False,0.8457142857142858,0.0,0.0,True,False,False,0,0,0,148,0,0
OpenHandsExternal330,external long-horizon generalization set,OpenHandsExternal330_T000242,93eec91c2529a607346d0f090e1d3f76b250bab477c4f7b9dab2ae64901a693c,OpenHands external,201,True,True,0.746268656716418,0.08955223880597014,0.0,True,True,False,0,18,0,150,18,0
OpenHandsExternal330,external long-horizon generalization set,OpenHandsExternal330_T000243,f38ce06ec6d7175c7e28e50af3353ac69bc2bf3e6cbd005954e70cb2d3a1c10c,OpenHands external,121,False,False,0.628099173553719,0.0,0.0,True,False,False,0,0,0,76,0,0
OpenHandsExternal330,external long-horizon generalization set,OpenHandsExternal330_T000244,a03b78fadcdf3e9d9f91339a89441a449537680e7320f896fbd403be76086953,OpenHands external,185,True,False,0.8324324324324325,0.0,0.0,True,False,False,0,0,0,154,0,0
OpenHandsExternal330,external long-horizon generalization set,OpenHandsExternal330_T000245,6230ad04305830c2360308496a665343b22351b0aaf9920e56c09f83b97e2f06,OpenHands external,129,False,False,0.46511627906976744,0.0,0.0,True,False,False,0,0,0,60,0,0
OpenHandsExternal330,external long-horizon generalization set,OpenHandsExternal330_T000246,03726d058fc0c488d821e759c6c99069090225fe0c6d0d0fe78bae552de4d0e1,OpenHands external,199,True,False,0.6231155778894473,0.0,0.0,True,False,False,0,0,0,124,0,0
OpenHandsExternal330,external long-horizon generalization set,OpenHandsExternal330_T000247,3521327f7d5171fb4528694f88d93fb19622a062d4516428de8cbe9b7420a416,OpenHands external,147,False,False,0.5306122448979592,0.0,0.0,True,False,False,0,0,0,78,0,0
OpenHandsExternal330,external long-horizon generalization set,OpenHandsExternal330_T000248,f953baac0c9862cc79636e43cf30b4bf16a2d8ed85fefb885a419864677654d8,OpenHands external,201,True,True,0.6567164179104478,0.0,0.0,True,False,False,0,0,0,132,0,0
OpenHandsExternal330,external long-horizon generalization set,OpenHandsExternal330_T000249,f94651d87d643a4bb06ed8fc2703398ec66c5e427aca6fdd073e4d447397c50b,OpenHands external,151,False,False,0.7019867549668874,0.0,0.0,True,False,False,0,0,0,106,0,0
OpenHandsExternal330,external long-horizon generalization set,OpenHandsExternal330_T000250,a70b5c27767298567db3f5f5f800be844514add16195f23bdb7bc8947c7cf923,OpenHands external,155,False,False,0.5548387096774193,0.0,0.0,True,False,False,0,0,0,86,0,0
OpenHandsExternal330,external long-horizon generalization set,OpenHandsExternal330_T000251,e370855e7d23545d3cacef3b58ff64b741c233290f02bb7f42777e70dadb2c2b,OpenHands external,201,True,True,0.4925373134328358,0.0,0.0,True,False,False,0,0,0,99,0,0
OpenHandsExternal330,external long-horizon generalization set,OpenHandsExternal330_T000252,5411a50af034b7153f7913720ba44bf63ac21843359cc4385b16b975cb659bf2,OpenHands external,201,True,True,0.6666666666666666,0.0,0.0,True,False,False,0,0,0,134,0,0
OpenHandsExternal330,external long-horizon generalization set,OpenHandsExternal330_T000253,8b615281ef60c43d4ebfb92daec143aed0304c343e67549bd1d985400f21216c,OpenHands external,165,False,False,0.5454545454545454,0.0,0.0,True,False,False,0,0,0,90,0,0
OpenHandsExternal330,external long-horizon generalization set,OpenHandsExternal330_T000254,e8768a7d7edeaa4749d7a351648eb3005dcfceca811cddb224e3edc5a5ad26d3,OpenHands external,201,True,True,0.6218905472636815,0.0,0.0,True,False,False,0,0,0,125,0,0
OpenHandsExternal330,external long-horizon generalization set,OpenHandsExternal330_T000255,0fc9bc1f8dc579fea8141cee91bc0a089d26d0fcd8dced9d4a437228ddf58c74,OpenHands external,129,False,False,0.26356589147286824,0.0,0.0,True,False,False,0,0,0,34,0,0
OpenHandsExternal330,external long-horizon generalization set,OpenHandsExternal330_T000256,3369fa54607fa599544ce4ecc3282d514beab1247ea5d243a141e7168e0b1441,OpenHands external,135,False,False,0.4,0.0,0.0,True,False,False,0,0,0,54,0,0
OpenHandsExternal330,external long-horizon generalization set,OpenHandsExternal330_T000257,a039116b23080cae256c00e32cfe74d45bbc4212266b9f43157416a9ece054d1,OpenHands external,133,False,False,0.40601503759398494,0.0,0.0,True,False,False,0,0,0,54,0,0
OpenHandsExternal330,external long-horizon generalization set,OpenHandsExternal330_T000258,b43ddff9ac6854cf676f8c5d29afaccd13a242cca373f8d2be009db3ef509754,OpenHands external,201,True,True,0.6069651741293532,0.0,0.0,True,False,False,0,0,0,122,0,0
OpenHandsExternal330,external long-horizon generalization set,OpenHandsExternal330_T000259,637e8b989a9c35f564cf35d67261fbd275024a0e5c5964b6760040d9b9e34205,OpenHands external,193,True,False,0.7564766839378239,0.0,0.0,True,False,False,0,0,0,146,0,0
OpenHandsExternal330,external long-horizon generalization set,OpenHandsExternal330_T000260,a0e292f7bfffafff044996318f884c2fa7987e9fd4ff4cdc6a3265c09ac369a5,OpenHands external,201,True,True,0.5223880597014925,0.0,0.0,True,False,False,0,0,0,105,0,0
OpenHandsExternal330,external long-horizon generalization set,OpenHandsExternal330_T000261,d2535efa51bf206fdabadecd4543f361e9c7760164c14943f1d6aeebe306d198,OpenHands external,169,False,False,0.3076923076923077,0.0,0.0,True,False,False,0,0,0,52,0,0
OpenHandsExternal330,external long-horizon generalization set,OpenHandsExternal330_T000262,b39e23e72687aeffcaf26ab5f7599632b97125fdc3979847d19920a58a5e00a7,OpenHands external,201,True,True,0.6567164179104478,0.0,0.0,True,False,False,0,0,0,132,0,0
OpenHandsExternal330,external long-horizon generalization set,OpenHandsExternal330_T000263,db2801c41eeee68dafc84923a07aeae4f542338b1cce27e8a8e28bda3f371616,OpenHands external,115,False,False,0.46956521739130436,0.0,0.0,True,False,False,0,0,0,54,0,0
OpenHandsExternal330,external long-horizon generalization set,OpenHandsExternal330_T000264,8a2101c5979c328766e840f8993ab1559e8d2d92e407d600d8aa2764dbf37c27,OpenHands external,169,False,False,0.46153846153846156,0.0,0.0,True,False,False,0,0,0,78,0,0
OpenHandsExternal330,external long-horizon generalization set,OpenHandsExternal330_T000265,a382437005345338ff107d8cb40042436f2e9743ca7c7b67cd0827d59ed420f6,OpenHands external,113,False,False,0.5663716814159292,0.0,0.0,True,False,False,0,0,0,64,0,0
OpenHandsExternal330,external long-horizon generalization set,OpenHandsExternal330_T000266,68c67011b0dddcde06d30d84edfdf91488feb7b776ab6e5288e8fe5a0aaa19b0,OpenHands external,99,False,False,0.5555555555555556,0.0,0.0,True,False,False,0,0,0,55,0,0
OpenHandsExternal330,external long-horizon generalization set,OpenHandsExternal330_T000267,93533e6175a00f0c409b9aed76640ac0ac108cf7c7976632775eecf8cc005f80,OpenHands external,111,False,False,0.5225225225225225,0.0,0.0,True,False,False,0,0,0,58,0,0
OpenHandsExternal330,external long-horizon generalization set,OpenHandsExternal330_T000268,34fde4960452b6f426dedea9a5c60f6a2203486fa23598825eb48f59e0c14f37,OpenHands external,175,True,False,0.5142857142857142,0.0,0.0,True,False,False,0,0,0,90,0,0
OpenHandsExternal330,external long-horizon generalization set,OpenHandsExternal330_T000269,aea0f47f653771e906203256cb58f873bddf18caa237f36f71039ffbc88c183b,OpenHands external,73,False,False,0.410958904109589,0.0,0.0,True,False,False,0,0,0,30,0,0
OpenHandsExternal330,external long-horizon generalization set,OpenHandsExternal330_T000270,7effb8b50cda6967d81c04f734c83e2fdba3db1c0f78ca10295a8e1ed3186a6f,OpenHands external,115,False,False,0.48695652173913045,0.0,0.0,True,False,False,0,0,0,56,0,0
OpenHandsExternal330,external long-horizon generalization set,OpenHandsExternal330_T000271,addc130a1bd26fdc763d7dc7b93b7db981ff59e8e68a7a5c22e09d16d898cc20,OpenHands external,201,True,True,0.7164179104477612,0.18407960199004975,0.0,True,True,False,0,37,0,144,37,0
OpenHandsExternal330,external long-horizon generalization set,OpenHandsExternal330_T000272,b3c6c688c35e7e3f28d2e5d3a7794a2b93486dc2910d784be46377e6672163d2,OpenHands external,201,True,True,0.6766169154228856,0.20398009950248755,0.0,True,True,False,0,41,0,136,41,0
OpenHandsExternal330,external long-horizon generalization set,OpenHandsExternal330_T000273,354f40775b5585690e534191e897d98a96ad2305c49cf9887e959d20744f350d,OpenHands external,201,True,True,0.6915422885572139,0.0,0.0,True,False,False,0,0,0,139,0,0
OpenHandsExternal330,external long-horizon generalization set,OpenHandsExternal330_T000274,72f6aaac24a7a7cb1ac5c40c0232aad8849487428988ae9a8b87ac236004c765,OpenHands external,201,True,True,0.7512437810945274,0.0,0.0,True,False,False,0,0,0,151,0,0
OpenHandsExternal330,external long-horizon generalization set,OpenHandsExternal330_T000275,7ceb51905b22c8a17808330654c0e613ebe994d5aeba7717a0ff1f73b5e960d3,OpenHands external,201,True,True,0.7313432835820896,0.0,0.0,True,False,False,0,0,0,147,0,0
OpenHandsExternal330,external long-horizon generalization set,OpenHandsExternal330_T000276,135307db0d442cf0d400a4548fcaa9cd9fec10f657e154ad5bfac2c1f969ee92,OpenHands external,201,True,True,0.7263681592039801,0.0,0.0,True,False,False,0,0,0,146,0,0
OpenHandsExternal330,external long-horizon generalization set,OpenHandsExternal330_T000277,7f0b9f97ec1facbbc385f2462200f2ee9ba0588f4e13776bfcd52ec6c830bf64,OpenHands external,201,True,True,0.7761194029850746,0.0,0.0,True,False,False,0,0,0,156,0,0
OpenHandsExternal330,external long-horizon generalization set,OpenHandsExternal330_T000278,74ca8d8dd788d226833c75c4c057b47aa309f3e59487140f8611e2ac0f4471a4,OpenHands external,197,True,False,0.766497461928934,0.0,0.0,True,False,False,0,0,0,151,0,0
OpenHandsExternal330,external long-horizon generalization set,OpenHandsExternal330_T000279,4a79cb9a73d130bca190dbddc3f7eede074b0251b546fa34e1bc8f35c42f4588,OpenHands external,197,True,False,0.6903553299492385,0.1319796954314721,0.0,True,True,False,0,26,0,136,26,0
OpenHandsExternal330,external long-horizon generalization set,OpenHandsExternal330_T000280,1354d66e79a70639e9c6eadb3aaad1ca275d399dd59150ea090f7bf071d4a085,OpenHands external,201,True,True,0.7263681592039801,0.0,0.0,True,False,False,0,0,0,146,0,0
OpenHandsExternal330,external long-horizon generalization set,OpenHandsExternal330_T000281,68146e5d3a54946a0a9f62abc388fba6fb2ce01b31cb8e586e6606454a81f5b6,OpenHands external,193,True,False,0.7305699481865285,0.16062176165803108,0.0,True,True,False,0,31,0,141,31,0
OpenHandsExternal330,external long-horizon generalization set,OpenHandsExternal330_T000282,fd16bab5f3added53dfd73789c2f3b548a4ebb1cf8ef28196a62c4803e79c8eb,OpenHands external,201,True,True,0.7263681592039801,0.12935323383084577,0.0,True,True,False,0,26,0,146,26,0
OpenHandsExternal330,external long-horizon generalization set,OpenHandsExternal330_T000283,37662d649c8077e66305987fbd9d0e37538c357c5b78228c472f339314b04b1f,OpenHands external,201,True,True,0.7761194029850746,0.0,0.0,True,False,False,0,0,0,156,0,0
OpenHandsExternal330,external long-horizon generalization set,OpenHandsExternal330_T000284,acf33e405bfb3a67bdbeefd22db479696e7b3bb43878a1e27ee234913068068a,OpenHands external,201,True,True,0.7263681592039801,0.0,0.0,True,False,False,0,0,0,146,0,0
OpenHandsExternal330,external long-horizon generalization set,OpenHandsExternal330_T000285,546f068c1b6d96262cd30cd1aabb3c2703da269af536c2a6d96071520e694289,OpenHands external,201,True,True,0.7761194029850746,0.20398009950248755,0.0,True,True,False,0,41,0,156,41,0
OpenHandsExternal330,external long-horizon generalization set,OpenHandsExternal330_T000286,91d071046b0f0ad190ce1dc77993f11483bb3b30df9a2a4a02839fc2edc52f5a,OpenHands external,201,True,True,0.7263681592039801,0.12935323383084577,0.0,True,True,False,0,26,0,146,26,0
OpenHandsExternal330,external long-horizon generalization set,OpenHandsExternal330_T000287,71a651506e983c2c89d6ffaad9e5e1dc9b7389d30d233d5a8b5d1891771ab27b,OpenHands external,201,True,True,0.7263681592039801,0.13930348258706468,0.0,True,True,False,0,28,0,146,28,0
OpenHandsExternal330,external long-horizon generalization set,OpenHandsExternal330_T000288,0d17c964527cbd4050d8ab8a7a04ea40879e0c3b8707aa6da65761914afd1cd4,OpenHands external,201,True,True,0.7761194029850746,0.15422885572139303,0.0,True,True,False,0,31,0,156,31,0
OpenHandsExternal330,external long-horizon generalization set,OpenHandsExternal330_T000289,2b33e95e581031676be0214578d004ae7ba0ed673f421e09696981bcc4bcdebf,OpenHands external,201,True,True,0.7761194029850746,0.15422885572139303,0.0,True,True,False,0,31,0,156,31,0
OpenHandsExternal330,external long-horizon generalization set,OpenHandsExternal330_T000290,fd168984b09a83b739b52bc5c18c99bcc72c15235434fee4b99c9e489e7927c4,OpenHands external,201,True,True,0.7512437810945274,0.0,0.0,True,False,False,0,0,0,151,0,0
OpenHandsExternal330,external long-horizon generalization set,OpenHandsExternal330_T000291,e335daa9ca45a4fb6dccb19fc9cdcd2eb23110e6143185a5fb4874f732336df8,OpenHands external,193,True,False,0.7305699481865285,0.13471502590673576,0.0,True,True,False,0,26,0,141,26,0
OpenHandsExternal330,external long-horizon generalization set,OpenHandsExternal330_T000292,f6d66861704fc4fd9603e1527dba4bfb45325bdd670e5dc6f4989cefaff988bf,OpenHands external,201,True,True,0.7512437810945274,0.1691542288557214,0.0,True,True,False,0,34,0,151,34,0
OpenHandsExternal330,external long-horizon generalization set,OpenHandsExternal330_T000293,428fa361ce12ba57d6288026be0eb197820e87b10644da5c534d5dd7c1a21b0f,OpenHands external,201,True,True,0.7263681592039801,0.0,0.0,True,False,False,0,0,0,146,0,0
OpenHandsExternal330,external long-horizon generalization set,OpenHandsExternal330_T000294,24ac5373c94b8d03e7dec59c9a473caf94a4bda6a0bb31d58251dae5f9e54ffc,OpenHands external,201,True,True,0.7263681592039801,0.12935323383084577,0.0,True,True,False,0,26,0,146,26,0
OpenHandsExternal330,external long-horizon generalization set,OpenHandsExternal330_T000295,69b136d34b6178c2d7dd7b29245967c6fda897b26d93e07fd67e9598714fd3a6,OpenHands external,201,True,True,0.9552238805970149,0.10945273631840796,0.03980099502487562,True,True,True,0,22,0,192,22,8
OpenHandsExternal330,external long-horizon generalization set,OpenHandsExternal330_T000296,5d6cdeeb46ea5f4d0bc44d60a63949d7cb585fa7083f6abfd84c6551ab59f06e,OpenHands external,201,True,True,0.7512437810945274,0.0,0.0,True,False,False,0,0,0,151,0,0
OpenHandsExternal330,external long-horizon generalization set,OpenHandsExternal330_T000297,4fe313d7970875f5f7da361cab99254acbb62c81b49b1fb74cc47aee8c027f06,OpenHands external,201,True,True,0.7761194029850746,0.1791044776119403,0.0,True,True,False,0,36,0,156,36,0
OpenHandsExternal330,external long-horizon generalization set,OpenHandsExternal330_T000298,f990258013a094961845c9bc310d923820a6a061e15121f398c5148d99072f88,OpenHands external,185,True,False,0.7351351351351352,0.0,0.0,True,False,False,0,0,0,136,0,0
OpenHandsExternal330,external long-horizon generalization set,OpenHandsExternal330_T000299,d90b54870fb26beb4b5dccec60c51cbebd669217354b904c77ddce7314766c1d,OpenHands external,183,True,False,0.7431693989071039,0.16939890710382513,0.0,True,True,False,0,31,0,136,31,0
OpenHandsExternal330,external long-horizon generalization set,OpenHandsExternal330_T000300,3d6af66fecaae8176c26c3d87a637fb81564fe2c4e4d124452ea5bb79dda486b,OpenHands external,201,True,True,0.7512437810945274,0.15422885572139303,0.0,True,True,False,0,31,0,151,31,0
OpenHandsExternal330,external long-horizon generalization set,OpenHandsExternal330_T000301,0727e99913e0a99435234c19459a1c62f7218fe0c24033c3609c5a9e46dc27e7,OpenHands external,201,True,True,0.7263681592039801,0.0,0.0,True,False,False,0,0,0,146,0,0
OpenHandsExternal330,external long-horizon generalization set,OpenHandsExternal330_T000302,2084218d0fe0d187bf2a1015340a3c03320134675bdcb326df5123874a93f750,OpenHands external,201,True,True,0.7512437810945274,0.0,0.0,True,False,False,0,0,0,151,0,0
OpenHandsExternal330,external long-horizon generalization set,OpenHandsExternal330_T000303,d9229ecb862d0f70aba05b9074a5919d3e3264518f132b02752e477391f8e44a,OpenHands external,201,True,True,0.7512437810945274,0.0,0.0,True,False,False,0,0,0,151,0,0
OpenHandsExternal330,external long-horizon generalization set,OpenHandsExternal330_T000304,41a356df39628f558be4eb82145445f989b24caad1e19c313a60f16990b080c0,OpenHands external,201,True,True,0.7761194029850746,0.20398009950248755,0.0,True,True,False,0,41,0,156,41,0
OpenHandsExternal330,external long-horizon generalization set,OpenHandsExternal330_T000305,db80ee20a663447dde2b264dd24f742b74baddf56c21fdf4f29f253bd37647d7,OpenHands external,185,True,False,0.7891891891891892,0.22162162162162163,0.0,True,True,False,0,41,0,146,41,0
OpenHandsExternal330,external long-horizon generalization set,OpenHandsExternal330_T000306,98327c4bd3d806b6c04ff33c4f1474bc9c47f169d1471f1a9175a83e2bd8fcff,OpenHands external,201,True,True,0.7761194029850746,0.20398009950248755,0.0,True,True,False,0,41,0,156,41,0
OpenHandsExternal330,external long-horizon generalization set,OpenHandsExternal330_T000307,e1a1c4202289e333facec62f3c1a54a5ddc4d58072153a8b7f2306d184976eea,OpenHands external,201,True,True,0.7761194029850746,0.1791044776119403,0.0,True,True,False,0,36,0,156,36,0
OpenHandsExternal330,external long-horizon generalization set,OpenHandsExternal330_T000308,ab1fed65c02137be897b26a11b0e8b6f1be1f69fa0a355410ca0c2aadfb67bfe,OpenHands external,201,True,True,0.7761194029850746,0.15422885572139303,0.0,True,True,False,0,31,0,156,31,0
OpenHandsExternal330,external long-horizon generalization set,OpenHandsExternal330_T000309,3b6eee506c6359d0c8a36af4abe79d17c2db4789cb406afed1f93e43cbfc1786,OpenHands external,201,True,True,0.8208955223880597,0.08955223880597014,0.0,True,True,False,0,18,0,165,18,0
OpenHandsExternal330,external long-horizon generalization set,OpenHandsExternal330_T000310,b895397c4945ed93a62d9b87f7ae18a1a93b401dae4d6cb3f1d03f75e073d4b6,OpenHands external,201,True,True,0.7512437810945274,0.15422885572139303,0.0,True,True,False,0,31,0,151,31,0
OpenHandsExternal330,external long-horizon generalization set,OpenHandsExternal330_T000311,bef7694f76475e77c184f80288dc919876e45d476b33f13a7283d5446afa1cc5,OpenHands external,200,True,False,0.78,0.155,0.0,True,True,False,0,31,0,156,31,0
OpenHandsExternal330,external long-horizon generalization set,OpenHandsExternal330_T000312,60b8830226681ccd4f74f3910d5ce40148d0830b1f52ba0b1c6e146b03703d38,OpenHands external,201,True,True,0.7761194029850746,0.15422885572139303,0.0,True,True,False,0,31,0,156,31,0
OpenHandsExternal330,external long-horizon generalization set,OpenHandsExternal330_T000313,26b60de4b041119620c6bceb87b7adc96a00af861775ed01e1031f473149ee56,OpenHands external,201,True,True,0.7512437810945274,0.0,0.0,True,False,False,0,0,0,151,0,0
OpenHandsExternal330,external long-horizon generalization set,OpenHandsExternal330_T000314,76eef2b8390032739c0677d621120941ddfbf622ba57c968f201de45af8362c7,OpenHands external,197,True,False,0.766497461928934,0.15736040609137056,0.0,True,True,False,0,31,0,151,31,0
OpenHandsExternal330,external long-horizon generalization set,OpenHandsExternal330_T000315,d289032eed95dc8af319b08a009b279dc3dc43dcaca725b7eed4ed33ca001b1e,OpenHands external,189,True,False,0.7724867724867724,0.0,0.0,True,False,False,0,0,0,146,0,0
OpenHandsExternal330,external long-horizon generalization set,OpenHandsExternal330_T000316,175d152438aba329c0b8d772a08c83a7cf6314615475751d102bed28037c3aa7,OpenHands external,189,True,False,0.7724867724867724,0.0,0.0,True,False,False,0,0,0,146,0,0
OpenHandsExternal330,external long-horizon generalization set,OpenHandsExternal330_T000317,5ca7bc3a2f5e44832665ed49be7ef9e2c980df7a9a557ec2b2c32bcc8710c958,OpenHands external,183,True,False,0.7704918032786885,0.16939890710382513,0.0,True,True,False,0,31,0,141,31,0
OpenHandsExternal330,external long-horizon generalization set,OpenHandsExternal330_T000318,8678afe306712fddea64e821a553853229e078fe991be5f0d5b2b418722dabe4,OpenHands external,201,True,True,0.8208955223880597,0.05970149253731343,0.0,True,True,False,0,12,0,165,12,0
OpenHandsExternal330,external long-horizon generalization set,OpenHandsExternal330_T000319,df208dcd50c226ecb2dbc9f06e71a1e68438246c62bae790abe48efbde304d80,OpenHands external,201,True,True,0.7761194029850746,0.20398009950248755,0.0,True,True,False,0,41,0,156,41,0
OpenHandsExternal330,external long-horizon generalization set,OpenHandsExternal330_T000320,9ca197efdffa3227125746fd4c60afdee00b39ab718d40e2ae7c10c8cdf8c137,OpenHands external,195,True,False,0.7743589743589744,0.0,0.0,True,False,False,0,0,0,151,0,0
OpenHandsExternal330,external long-horizon generalization set,OpenHandsExternal330_T000321,0343fc2ff074cf3880eef270ecabb4b49d2e14f1906e7fd7551ca37ce4b031d7,OpenHands external,193,True,False,0.9015544041450777,0.21243523316062177,0.09844559585492228,True,True,True,0,41,0,174,41,19
OpenHandsExternal330,external long-horizon generalization set,OpenHandsExternal330_T000322,92ffbefe7a9563be5be46808867169bea0a4f72e6227970eef2693184567e3bb,OpenHands external,201,True,True,0.2736318407960199,0.0,0.0,True,False,False,0,0,0,55,0,0
OpenHandsExternal330,external long-horizon generalization set,OpenHandsExternal330_T000323,6418cd62a5ec06d4913fd6f1b893068a10aa1e1338ce3aa27ec1ee95a56a9ee3,OpenHands external,201,True,True,0.8208955223880597,0.22885572139303484,0.0,True,True,False,0,46,0,165,46,0
OpenHandsExternal330,external long-horizon generalization set,OpenHandsExternal330_T000324,b770c14f3cd9a27fb6f417d61760c08cd981706231c56326bb9f35f8e212c85f,OpenHands external,185,True,False,0.8108108108108109,0.22162162162162163,0.0,True,True,False,0,41,0,150,41,0
OpenHandsExternal330,external long-horizon generalization set,OpenHandsExternal330_T000325,961033666b7e9cc00b5aac0e27887e891fb287230145e4b35340c9f8f233da9e,OpenHands external,201,True,True,0.8208955223880597,0.20398009950248755,0.0,True,True,False,0,41,0,165,41,0
OpenHandsExternal330,external long-horizon generalization set,OpenHandsExternal330_T000326,2863f9000f4ba01f6a6b16e1a610c2a954f26333b16ef2ef9dac92e0de197ee1,OpenHands external,191,True,False,0.8167539267015707,0.21465968586387435,0.0,True,True,False,0,41,0,156,41,0
OpenHandsExternal330,external long-horizon generalization set,OpenHandsExternal330_T000327,fa3d1deae8779ab25df220da9f9004f84639322ab967fa6ba9df44f656276865,OpenHands external,189,True,False,0.8148148148148148,0.13756613756613756,0.0,True,True,False,0,26,0,154,26,0
OpenHandsExternal330,external long-horizon generalization set,OpenHandsExternal330_T000328,78e3d93a923b8ba254649ffd7b0ef4ff823869e53b9187c3b8ff7fe531fcc086,OpenHands external,181,True,False,0.8784530386740331,0.0,0.0,True,False,False,0,0,0,159,0,0
OpenHandsExternal330,external long-horizon generalization set,OpenHandsExternal330_T000329,1fed56891459233e5b4de63473b512cdf49dd6d371086d8c346d498754b8d54c,OpenHands external,197,True,False,0.8223350253807107,0.1065989847715736,0.0,True,True,False,0,21,0,162,21,0
OpenHandsExternal330,external long-horizon generalization set,OpenHandsExternal330_T000330,e4f1a135215d5f68ef79b6ddce06e785e15b92fe4bb04209dbe31935ae015c3c,OpenHands external,201,True,True,0.845771144278607,0.15422885572139303,0.0,True,True,False,0,31,0,170,31,0
