dataset,public_trajectory_id,original_trajectory_sha256,public_span_id,start_step_index,end_step_index,span_label,hard_negative,productive_iteration_flag,unproductive_cycle_flag,uncertain_flag,unresolved_flag,confidence,step_count
Final500,Final500_T000001,2374de75b5eb951b8d8af6161dd3edba6058ff367f86ea1aaa2645e120253089,S0000001,64,104,unproductive_cycle,False,False,True,False,False,,5.0
Final500,Final500_T000001,2374de75b5eb951b8d8af6161dd3edba6058ff367f86ea1aaa2645e120253089,S0000002,0,9,productive_iteration,False,True,False,False,False,,10.0
Final500,Final500_T000001,2374de75b5eb951b8d8af6161dd3edba6058ff367f86ea1aaa2645e120253089,S0000003,11,15,productive_iteration,False,True,False,False,False,,4.0
Final500,Final500_T000001,2374de75b5eb951b8d8af6161dd3edba6058ff367f86ea1aaa2645e120253089,S0000004,67,71,unproductive_cycle,False,False,True,False,False,,5.0
Final500,Final500_T000001,2374de75b5eb951b8d8af6161dd3edba6058ff367f86ea1aaa2645e120253089,S0000005,99,103,productive_iteration,False,True,False,False,False,,4.0
Final500,Final500_T000001,2374de75b5eb951b8d8af6161dd3edba6058ff367f86ea1aaa2645e120253089,S0000006,99,103,unproductive_cycle,False,False,True,False,False,,1.0
Final500,Final500_T000001,2374de75b5eb951b8d8af6161dd3edba6058ff367f86ea1aaa2645e120253089,S0000007,105,107,unproductive_cycle,False,False,True,False,False,,3.0
Final500,Final500_T000001,2374de75b5eb951b8d8af6161dd3edba6058ff367f86ea1aaa2645e120253089,S0000008,16,63,unproductive_cycle,False,False,True,False,False,,48.0
Final500,Final500_T000001,2374de75b5eb951b8d8af6161dd3edba6058ff367f86ea1aaa2645e120253089,S0000009,72,82,unproductive_cycle,False,False,True,False,False,,11.0
Final500,Final500_T000001,2374de75b5eb951b8d8af6161dd3edba6058ff367f86ea1aaa2645e120253089,S0000010,84,98,unproductive_cycle,False,False,True,False,False,,15.0
Final500,Final500_T000001,2374de75b5eb951b8d8af6161dd3edba6058ff367f86ea1aaa2645e120253089,S0000011,108,151,unproductive_cycle,False,False,True,False,False,,44.0
Final500,Final500_T000002,4789bee07da8162f0959129a476e1d3fa9bea3adba2214d9228465e815f5cb06,S0000012,14,18,productive_iteration,False,True,False,False,False,,5.0
Final500,Final500_T000002,4789bee07da8162f0959129a476e1d3fa9bea3adba2214d9228465e815f5cb06,S0000013,1,3,productive_iteration,False,True,False,False,False,,1.0
Final500,Final500_T000002,4789bee07da8162f0959129a476e1d3fa9bea3adba2214d9228465e815f5cb06,S0000014,1,3,unproductive_cycle,False,False,True,False,False,,2.0
Final500,Final500_T000002,4789bee07da8162f0959129a476e1d3fa9bea3adba2214d9228465e815f5cb06,S0000015,5,13,unproductive_cycle,False,False,True,False,False,,9.0
Final500,Final500_T000002,4789bee07da8162f0959129a476e1d3fa9bea3adba2214d9228465e815f5cb06,S0000016,19,31,unproductive_cycle,False,False,True,False,False,,13.0
Final500,Final500_T000003,e0e986c57be6ab3a44fac4d47dd030f9ec66f18184598885379a452e841aa1f8,S0000017,22,22,productive_iteration,False,True,False,False,False,,1.0
Final500,Final500_T000003,e0e986c57be6ab3a44fac4d47dd030f9ec66f18184598885379a452e841aa1f8,S0000018,0,12,productive_iteration,True,True,False,False,False,,11.0
Final500,Final500_T000003,e0e986c57be6ab3a44fac4d47dd030f9ec66f18184598885379a452e841aa1f8,S0000019,16,21,productive_iteration,False,True,False,False,False,,6.0
Final500,Final500_T000003,e0e986c57be6ab3a44fac4d47dd030f9ec66f18184598885379a452e841aa1f8,S0000020,23,34,productive_iteration,False,True,False,False,False,,12.0
Final500,Final500_T000003,e0e986c57be6ab3a44fac4d47dd030f9ec66f18184598885379a452e841aa1f8,S0000021,13,15,productive_iteration,False,True,False,False,False,,3.0
Final500,Final500_T000004,b61df845e9460f21480f1a51bf03e0348ca881f2cb39c7e5e020b79499319a2e,S0000022,6,17,productive_iteration,True,True,False,False,False,,4.0
Final500,Final500_T000004,b61df845e9460f21480f1a51bf03e0348ca881f2cb39c7e5e020b79499319a2e,S0000023,27,27,unproductive_cycle,False,False,True,False,False,,1.0
Final500,Final500_T000004,b61df845e9460f21480f1a51bf03e0348ca881f2cb39c7e5e020b79499319a2e,S0000024,0,5,productive_iteration,False,True,False,False,False,,6.0
Final500,Final500_T000004,b61df845e9460f21480f1a51bf03e0348ca881f2cb39c7e5e020b79499319a2e,S0000025,8,9,productive_iteration,False,True,False,False,False,,2.0
Final500,Final500_T000004,b61df845e9460f21480f1a51bf03e0348ca881f2cb39c7e5e020b79499319a2e,S0000026,13,14,productive_iteration,False,True,False,False,False,,2.0
Final500,Final500_T000004,b61df845e9460f21480f1a51bf03e0348ca881f2cb39c7e5e020b79499319a2e,S0000027,19,23,productive_iteration,False,True,False,False,False,,5.0
Final500,Final500_T000004,b61df845e9460f21480f1a51bf03e0348ca881f2cb39c7e5e020b79499319a2e,S0000028,31,33,productive_iteration,False,True,False,False,False,,3.0
Final500,Final500_T000004,b61df845e9460f21480f1a51bf03e0348ca881f2cb39c7e5e020b79499319a2e,S0000029,10,12,unproductive_cycle,False,False,True,False,False,,3.0
Final500,Final500_T000004,b61df845e9460f21480f1a51bf03e0348ca881f2cb39c7e5e020b79499319a2e,S0000030,24,26,unproductive_cycle,False,False,True,False,False,,3.0
Final500,Final500_T000004,b61df845e9460f21480f1a51bf03e0348ca881f2cb39c7e5e020b79499319a2e,S0000031,28,30,unproductive_cycle,False,False,True,False,False,,3.0
Final500,Final500_T000005,ba39cd25cb59c1fffad5d58ba0a9bd85ec6a8f095e70a8c27d8d62b3c4166915,S0000032,4,22,productive_iteration,True,True,False,False,False,,3.0
Final500,Final500_T000005,ba39cd25cb59c1fffad5d58ba0a9bd85ec6a8f095e70a8c27d8d62b3c4166915,S0000033,0,3,productive_iteration,False,True,False,False,False,,4.0
Final500,Final500_T000005,ba39cd25cb59c1fffad5d58ba0a9bd85ec6a8f095e70a8c27d8d62b3c4166915,S0000034,5,13,productive_iteration,False,True,False,False,False,,9.0
Final500,Final500_T000005,ba39cd25cb59c1fffad5d58ba0a9bd85ec6a8f095e70a8c27d8d62b3c4166915,S0000035,15,20,productive_iteration,False,True,False,False,False,,6.0
Final500,Final500_T000005,ba39cd25cb59c1fffad5d58ba0a9bd85ec6a8f095e70a8c27d8d62b3c4166915,S0000036,23,37,productive_iteration,False,True,False,False,False,,13.0
Final500,Final500_T000006,a85753a20cb3f3e5772c89ca3c1b2818e11401865009564c9216e2c64c2f2554,S0000037,28,34,unproductive_cycle,False,False,True,False,False,,6.0
Final500,Final500_T000006,a85753a20cb3f3e5772c89ca3c1b2818e11401865009564c9216e2c64c2f2554,S0000038,14,16,productive_iteration,False,True,False,False,False,,3.0
Final500,Final500_T000006,a85753a20cb3f3e5772c89ca3c1b2818e11401865009564c9216e2c64c2f2554,S0000039,25,27,productive_iteration,False,True,False,False,False,,3.0
Final500,Final500_T000006,a85753a20cb3f3e5772c89ca3c1b2818e11401865009564c9216e2c64c2f2554,S0000040,35,38,productive_iteration,True,True,False,False,False,,1.0
Final500,Final500_T000006,a85753a20cb3f3e5772c89ca3c1b2818e11401865009564c9216e2c64c2f2554,S0000041,22,24,unproductive_cycle,False,False,True,False,False,,2.0
Final500,Final500_T000007,a1c0174aadda9349918339be43d99c613d02d08bdf2b2925e402e6fb4ac470c4,S0000042,16,22,productive_iteration,False,True,False,False,False,,2.0
Final500,Final500_T000007,a1c0174aadda9349918339be43d99c613d02d08bdf2b2925e402e6fb4ac470c4,S0000043,15,38,unproductive_cycle,False,False,True,False,False,,7.0
Final500,Final500_T000007,a1c0174aadda9349918339be43d99c613d02d08bdf2b2925e402e6fb4ac470c4,S0000044,0,14,productive_iteration,False,True,False,False,False,,13.0
Final500,Final500_T000007,a1c0174aadda9349918339be43d99c613d02d08bdf2b2925e402e6fb4ac470c4,S0000045,20,21,productive_iteration,False,True,False,False,False,,2.0
Final500,Final500_T000007,a1c0174aadda9349918339be43d99c613d02d08bdf2b2925e402e6fb4ac470c4,S0000046,34,36,unproductive_cycle,False,False,True,False,False,,3.0
Final500,Final500_T000007,a1c0174aadda9349918339be43d99c613d02d08bdf2b2925e402e6fb4ac470c4,S0000047,43,47,productive_iteration,False,True,False,False,False,,5.0
Final500,Final500_T000007,a1c0174aadda9349918339be43d99c613d02d08bdf2b2925e402e6fb4ac470c4,S0000048,49,55,productive_iteration,False,True,False,False,False,,7.0
Final500,Final500_T000007,a1c0174aadda9349918339be43d99c613d02d08bdf2b2925e402e6fb4ac470c4,S0000049,59,69,productive_iteration,True,True,False,False,False,,11.0
Final500,Final500_T000007,a1c0174aadda9349918339be43d99c613d02d08bdf2b2925e402e6fb4ac470c4,S0000050,24,33,unproductive_cycle,False,False,True,False,False,,10.0
Final500,Final500_T000007,a1c0174aadda9349918339be43d99c613d02d08bdf2b2925e402e6fb4ac470c4,S0000051,39,42,unproductive_cycle,False,False,True,False,False,,4.0
Final500,Final500_T000007,a1c0174aadda9349918339be43d99c613d02d08bdf2b2925e402e6fb4ac470c4,S0000052,56,58,productive_iteration,False,True,False,False,False,,3.0
Final500,Final500_T000008,16003fe68392d7f9e4a57a643adde53173bc86057598fde0cd64788c0c9de314,S0000053,0,23,productive_iteration,True,True,False,False,False,,24.0
Final500,Final500_T000008,16003fe68392d7f9e4a57a643adde53173bc86057598fde0cd64788c0c9de314,S0000054,24,32,unproductive_cycle,False,False,True,False,False,,9.0
Final500,Final500_T000009,a7e3f1898ea047186087005bde541b47d8e0b4742037d457c1f0a250a85fae1a,S0000055,12,17,productive_iteration,True,True,False,False,False,,2.0
Final500,Final500_T000009,a7e3f1898ea047186087005bde541b47d8e0b4742037d457c1f0a250a85fae1a,S0000056,5,19,unproductive_cycle,False,False,True,False,False,,4.0
Final500,Final500_T000009,a7e3f1898ea047186087005bde541b47d8e0b4742037d457c1f0a250a85fae1a,S0000057,0,4,productive_iteration,False,True,False,False,False,,5.0
Final500,Final500_T000009,a7e3f1898ea047186087005bde541b47d8e0b4742037d457c1f0a250a85fae1a,S0000058,7,11,productive_iteration,False,True,False,False,False,,5.0
Final500,Final500_T000009,a7e3f1898ea047186087005bde541b47d8e0b4742037d457c1f0a250a85fae1a,S0000059,13,16,productive_iteration,False,True,False,False,False,,4.0
Final500,Final500_T000009,a7e3f1898ea047186087005bde541b47d8e0b4742037d457c1f0a250a85fae1a,S0000060,20,34,productive_iteration,True,True,False,False,False,,15.0
Final500,Final500_T000010,6e5d1954a51bd089ec080f96aef5cbbe6c50b7b246382027c8965c8c0645becd,S0000061,15,15,productive_iteration,True,True,False,False,False,,1.0
Final500,Final500_T000010,6e5d1954a51bd089ec080f96aef5cbbe6c50b7b246382027c8965c8c0645becd,S0000062,0,11,productive_iteration,True,True,False,False,False,,12.0
Final500,Final500_T000010,6e5d1954a51bd089ec080f96aef5cbbe6c50b7b246382027c8965c8c0645becd,S0000063,13,14,productive_iteration,False,True,False,False,False,,2.0
Final500,Final500_T000010,6e5d1954a51bd089ec080f96aef5cbbe6c50b7b246382027c8965c8c0645becd,S0000064,16,19,productive_iteration,False,True,False,False,False,,4.0
Final500,Final500_T000010,6e5d1954a51bd089ec080f96aef5cbbe6c50b7b246382027c8965c8c0645becd,S0000065,21,28,productive_iteration,True,True,False,False,False,,8.0
Final500,Final500_T000010,6e5d1954a51bd089ec080f96aef5cbbe6c50b7b246382027c8965c8c0645becd,S0000066,32,36,productive_iteration,True,True,False,False,False,,5.0
Final500,Final500_T000010,6e5d1954a51bd089ec080f96aef5cbbe6c50b7b246382027c8965c8c0645becd,S0000067,29,31,unproductive_cycle,False,False,True,False,False,,3.0
Final500,Final500_T000011,25043c1fbb518b61a0ed899c727cd6c3a385b7bbdc80d829c568e4c77805d4ff,S0000068,13,112,unproductive_cycle,False,False,True,False,False,,3.0
Final500,Final500_T000011,25043c1fbb518b61a0ed899c727cd6c3a385b7bbdc80d829c568e4c77805d4ff,S0000069,0,12,productive_iteration,False,True,False,False,False,,10.0
Final500,Final500_T000011,25043c1fbb518b61a0ed899c727cd6c3a385b7bbdc80d829c568e4c77805d4ff,S0000070,0,12,unproductive_cycle,False,False,True,False,False,,2.0
Final500,Final500_T000011,25043c1fbb518b61a0ed899c727cd6c3a385b7bbdc80d829c568e4c77805d4ff,S0000071,15,111,unproductive_cycle,False,False,True,False,False,,97.0
Final500,Final500_T000012,4c3e43ac3deea7ac7a765ffdf64a71fb01444143cefc7e117c573d2eb07631fb,S0000072,0,31,productive_iteration,True,True,False,False,False,,32.0
Final500,Final500_T000013,62c2dbed6d6eac8767e517a826f4dbaa1efc9a2720a9b51b18a7741006bec803,S0000073,43,44,unproductive_cycle,False,False,True,False,False,,2.0
Final500,Final500_T000013,62c2dbed6d6eac8767e517a826f4dbaa1efc9a2720a9b51b18a7741006bec803,S0000074,0,13,productive_iteration,True,True,False,False,False,,13.0
Final500,Final500_T000013,62c2dbed6d6eac8767e517a826f4dbaa1efc9a2720a9b51b18a7741006bec803,S0000075,15,42,productive_iteration,True,True,False,False,False,,28.0
Final500,Final500_T000014,1fdad99562ab1490d753af6078d46483ad5c9bff62f49353bd7154e2dd08363d,S0000076,31,36,productive_iteration,False,True,False,False,False,,3.0
Final500,Final500_T000014,1fdad99562ab1490d753af6078d46483ad5c9bff62f49353bd7154e2dd08363d,S0000077,6,35,unproductive_cycle,False,False,True,False,False,,4.0
Final500,Final500_T000014,1fdad99562ab1490d753af6078d46483ad5c9bff62f49353bd7154e2dd08363d,S0000078,0,4,productive_iteration,False,True,False,False,False,,5.0
Final500,Final500_T000014,1fdad99562ab1490d753af6078d46483ad5c9bff62f49353bd7154e2dd08363d,S0000079,7,30,productive_iteration,True,True,False,False,False,,23.0
Final500,Final500_T000015,04e1567bc42097ea3402a5851ceb85eea13eb1ef0851ab3728d0f14e08c8457e,S0000080,10,10,productive_iteration,False,True,False,False,False,,1.0
Final500,Final500_T000015,04e1567bc42097ea3402a5851ceb85eea13eb1ef0851ab3728d0f14e08c8457e,S0000081,13,13,unproductive_cycle,False,False,True,False,False,,1.0
Final500,Final500_T000015,04e1567bc42097ea3402a5851ceb85eea13eb1ef0851ab3728d0f14e08c8457e,S0000082,0,6,productive_iteration,False,True,False,False,False,,4.0
Final500,Final500_T000015,04e1567bc42097ea3402a5851ceb85eea13eb1ef0851ab3728d0f14e08c8457e,S0000083,11,12,productive_iteration,False,True,False,False,False,,2.0
Final500,Final500_T000015,04e1567bc42097ea3402a5851ceb85eea13eb1ef0851ab3728d0f14e08c8457e,S0000084,14,17,productive_iteration,True,True,False,False,False,,4.0
Final500,Final500_T000016,81d7bda5883899a7372c6946cc03262dd0587540655051a01da5ac643cbc4f50,S0000085,28,28,productive_iteration,False,True,False,False,False,,1.0
Final500,Final500_T000016,81d7bda5883899a7372c6946cc03262dd0587540655051a01da5ac643cbc4f50,S0000086,7,44,unproductive_cycle,False,False,True,False,False,,6.0
Final500,Final500_T000016,81d7bda5883899a7372c6946cc03262dd0587540655051a01da5ac643cbc4f50,S0000087,0,6,productive_iteration,False,True,False,False,False,,6.0
Final500,Final500_T000016,81d7bda5883899a7372c6946cc03262dd0587540655051a01da5ac643cbc4f50,S0000088,9,21,productive_iteration,True,True,False,False,False,,11.0
Final500,Final500_T000016,81d7bda5883899a7372c6946cc03262dd0587540655051a01da5ac643cbc4f50,S0000089,9,21,unproductive_cycle,False,False,True,False,False,,2.0
Final500,Final500_T000016,81d7bda5883899a7372c6946cc03262dd0587540655051a01da5ac643cbc4f50,S0000090,24,26,productive_iteration,False,True,False,False,False,,1.0
Final500,Final500_T000016,81d7bda5883899a7372c6946cc03262dd0587540655051a01da5ac643cbc4f50,S0000091,24,26,unproductive_cycle,False,False,True,False,False,,2.0
Final500,Final500_T000016,81d7bda5883899a7372c6946cc03262dd0587540655051a01da5ac643cbc4f50,S0000092,36,38,unproductive_cycle,False,False,True,False,False,,3.0
Final500,Final500_T000016,81d7bda5883899a7372c6946cc03262dd0587540655051a01da5ac643cbc4f50,S0000093,42,43,unproductive_cycle,False,False,True,False,False,,2.0
Final500,Final500_T000016,81d7bda5883899a7372c6946cc03262dd0587540655051a01da5ac643cbc4f50,S0000094,45,47,unproductive_cycle,False,False,True,False,False,,3.0
Final500,Final500_T000016,81d7bda5883899a7372c6946cc03262dd0587540655051a01da5ac643cbc4f50,S0000095,29,35,unproductive_cycle,False,False,True,False,False,,7.0
Final500,Final500_T000016,81d7bda5883899a7372c6946cc03262dd0587540655051a01da5ac643cbc4f50,S0000096,39,41,unproductive_cycle,False,False,True,False,False,,3.0
Final500,Final500_T000017,f372ff1356445459a818f6312b33053b58c2957e74990545b0cca0982536e067,S0000097,18,18,unproductive_cycle,False,False,True,False,False,,1.0
Final500,Final500_T000017,f372ff1356445459a818f6312b33053b58c2957e74990545b0cca0982536e067,S0000098,0,3,productive_iteration,True,True,False,False,False,,4.0
Final500,Final500_T000017,f372ff1356445459a818f6312b33053b58c2957e74990545b0cca0982536e067,S0000099,7,17,productive_iteration,True,True,False,False,False,,10.0
Final500,Final500_T000017,f372ff1356445459a818f6312b33053b58c2957e74990545b0cca0982536e067,S0000100,19,29,productive_iteration,True,True,False,False,False,,9.0
Final500,Final500_T000017,f372ff1356445459a818f6312b33053b58c2957e74990545b0cca0982536e067,S0000101,19,29,unproductive_cycle,False,False,True,False,False,,1.0
Final500,Final500_T000017,f372ff1356445459a818f6312b33053b58c2957e74990545b0cca0982536e067,S0000102,31,35,productive_iteration,False,True,False,False,False,,5.0
Final500,Final500_T000017,f372ff1356445459a818f6312b33053b58c2957e74990545b0cca0982536e067,S0000103,4,6,productive_iteration,True,True,False,False,False,,1.0
Final500,Final500_T000017,f372ff1356445459a818f6312b33053b58c2957e74990545b0cca0982536e067,S0000104,4,6,unproductive_cycle,False,False,True,False,False,,2.0
Final500,Final500_T000018,128ef5b7e38a45e3c178431f3b519b211ac345463916833ad9cf5f366f39d00b,S0000105,16,16,productive_iteration,False,True,False,False,False,,1.0
Final500,Final500_T000018,128ef5b7e38a45e3c178431f3b519b211ac345463916833ad9cf5f366f39d00b,S0000106,4,17,unproductive_cycle,False,False,True,False,False,,3.0
Final500,Final500_T000018,128ef5b7e38a45e3c178431f3b519b211ac345463916833ad9cf5f366f39d00b,S0000107,0,3,productive_iteration,False,True,False,False,False,,3.0
Final500,Final500_T000018,128ef5b7e38a45e3c178431f3b519b211ac345463916833ad9cf5f366f39d00b,S0000108,5,9,productive_iteration,True,True,False,False,False,,5.0
Final500,Final500_T000018,128ef5b7e38a45e3c178431f3b519b211ac345463916833ad9cf5f366f39d00b,S0000109,12,15,productive_iteration,True,True,False,False,False,,4.0
Final500,Final500_T000018,128ef5b7e38a45e3c178431f3b519b211ac345463916833ad9cf5f366f39d00b,S0000110,18,21,productive_iteration,True,True,False,False,False,,4.0
Final500,Final500_T000019,558698f6d516ff5ff53792fe56e087ecb3eac1ab1dd2be61c45ef1390a26fbd0,S0000111,39,39,productive_iteration,True,True,False,False,False,,1.0
Final500,Final500_T000019,558698f6d516ff5ff53792fe56e087ecb3eac1ab1dd2be61c45ef1390a26fbd0,S0000112,1,38,unproductive_cycle,False,False,True,False,False,,5.0
Final500,Final500_T000019,558698f6d516ff5ff53792fe56e087ecb3eac1ab1dd2be61c45ef1390a26fbd0,S0000113,4,6,productive_iteration,True,True,False,False,False,,3.0
Final500,Final500_T000019,558698f6d516ff5ff53792fe56e087ecb3eac1ab1dd2be61c45ef1390a26fbd0,S0000114,9,18,productive_iteration,True,True,False,False,False,,9.0
Final500,Final500_T000019,558698f6d516ff5ff53792fe56e087ecb3eac1ab1dd2be61c45ef1390a26fbd0,S0000115,20,34,productive_iteration,True,True,False,False,False,,14.0
Final500,Final500_T000019,558698f6d516ff5ff53792fe56e087ecb3eac1ab1dd2be61c45ef1390a26fbd0,S0000116,20,34,unproductive_cycle,False,False,True,False,False,,1.0
Final500,Final500_T000019,558698f6d516ff5ff53792fe56e087ecb3eac1ab1dd2be61c45ef1390a26fbd0,S0000117,36,37,productive_iteration,False,True,False,False,False,,2.0
Final500,Final500_T000020,84e5d9f30b3627f62a823e0388c8f36764e78e4e2343d4f6d91b302e3964ead2,S0000118,13,77,unproductive_cycle,False,False,True,False,False,,2.0
Final500,Final500_T000020,84e5d9f30b3627f62a823e0388c8f36764e78e4e2343d4f6d91b302e3964ead2,S0000119,0,12,productive_iteration,False,True,False,False,False,,13.0
Final500,Final500_T000020,84e5d9f30b3627f62a823e0388c8f36764e78e4e2343d4f6d91b302e3964ead2,S0000120,14,15,productive_iteration,True,True,False,False,False,,2.0
Final500,Final500_T000020,84e5d9f30b3627f62a823e0388c8f36764e78e4e2343d4f6d91b302e3964ead2,S0000121,16,76,unproductive_cycle,False,False,True,False,False,,61.0
Final500,Final500_T000021,061ad754be967911f1dd65b4d01c7dbdb6e5e656e7f391b53beeab2a97c27a7e,S0000122,0,30,productive_iteration,True,True,False,False,False,,29.0
Final500,Final500_T000022,1e94b1108d66f9616a0dfe60d26d3b42c8a1255fd97583842a7825a2e0907324,S0000123,17,28,productive_iteration,True,True,False,False,False,,3.0
Final500,Final500_T000022,1e94b1108d66f9616a0dfe60d26d3b42c8a1255fd97583842a7825a2e0907324,S0000124,0,16,productive_iteration,True,True,False,False,False,,17.0
Final500,Final500_T000022,1e94b1108d66f9616a0dfe60d26d3b42c8a1255fd97583842a7825a2e0907324,S0000125,19,22,productive_iteration,False,True,False,False,False,,4.0
Final500,Final500_T000022,1e94b1108d66f9616a0dfe60d26d3b42c8a1255fd97583842a7825a2e0907324,S0000126,24,27,productive_iteration,False,True,False,False,False,,4.0
Final500,Final500_T000022,1e94b1108d66f9616a0dfe60d26d3b42c8a1255fd97583842a7825a2e0907324,S0000127,29,32,productive_iteration,False,True,False,False,False,,4.0
Final500,Final500_T000023,76fe364cc35e70a38859ed33f338db142c546e7984ba480e1e14a4202705b3f9,S0000128,10,13,unproductive_cycle,False,False,True,False,False,,2.0
Final500,Final500_T000023,76fe364cc35e70a38859ed33f338db142c546e7984ba480e1e14a4202705b3f9,S0000129,0,2,productive_iteration,False,True,False,False,False,,3.0
Final500,Final500_T000023,76fe364cc35e70a38859ed33f338db142c546e7984ba480e1e14a4202705b3f9,S0000130,4,9,productive_iteration,False,True,False,False,False,,6.0
Final500,Final500_T000023,76fe364cc35e70a38859ed33f338db142c546e7984ba480e1e14a4202705b3f9,S0000131,11,12,unproductive_cycle,False,False,True,False,False,,2.0
Final500,Final500_T000023,76fe364cc35e70a38859ed33f338db142c546e7984ba480e1e14a4202705b3f9,S0000132,14,31,productive_iteration,True,True,False,False,False,,15.0
Final500,Final500_T000024,e90c6003b081598cbef5adae08adc95552ec94118ce521409f9776f9b27eeb35,S0000133,20,20,productive_iteration,False,True,False,False,False,,1.0
Final500,Final500_T000024,e90c6003b081598cbef5adae08adc95552ec94118ce521409f9776f9b27eeb35,S0000134,41,41,unproductive_cycle,False,False,True,False,False,,1.0
Final500,Final500_T000024,e90c6003b081598cbef5adae08adc95552ec94118ce521409f9776f9b27eeb35,S0000135,0,15,productive_iteration,True,True,False,False,False,,15.0
Final500,Final500_T000024,e90c6003b081598cbef5adae08adc95552ec94118ce521409f9776f9b27eeb35,S0000136,17,19,productive_iteration,False,True,False,False,False,,3.0
Final500,Final500_T000024,e90c6003b081598cbef5adae08adc95552ec94118ce521409f9776f9b27eeb35,S0000137,21,22,productive_iteration,False,True,False,False,False,,2.0
Final500,Final500_T000024,e90c6003b081598cbef5adae08adc95552ec94118ce521409f9776f9b27eeb35,S0000138,24,40,productive_iteration,True,True,False,False,False,,14.0
Final500,Final500_T000024,e90c6003b081598cbef5adae08adc95552ec94118ce521409f9776f9b27eeb35,S0000139,24,40,unproductive_cycle,False,False,True,False,False,,1.0
Final500,Final500_T000024,e90c6003b081598cbef5adae08adc95552ec94118ce521409f9776f9b27eeb35,S0000140,42,49,productive_iteration,True,True,False,False,False,,6.0
Final500,Final500_T000025,d0fe77f69b1a8168377e6e74d8e97f234076b2ad81125063ee2e57b9edc24752,S0000141,9,9,productive_iteration,True,True,False,False,False,,1.0
Final500,Final500_T000025,d0fe77f69b1a8168377e6e74d8e97f234076b2ad81125063ee2e57b9edc24752,S0000142,48,113,unproductive_cycle,False,False,True,False,False,,3.0
Final500,Final500_T000025,d0fe77f69b1a8168377e6e74d8e97f234076b2ad81125063ee2e57b9edc24752,S0000143,0,8,productive_iteration,True,True,False,False,False,,9.0
Final500,Final500_T000025,d0fe77f69b1a8168377e6e74d8e97f234076b2ad81125063ee2e57b9edc24752,S0000144,10,21,productive_iteration,True,True,False,False,False,,12.0
Final500,Final500_T000025,d0fe77f69b1a8168377e6e74d8e97f234076b2ad81125063ee2e57b9edc24752,S0000145,23,32,productive_iteration,True,True,False,False,False,,9.0
Final500,Final500_T000025,d0fe77f69b1a8168377e6e74d8e97f234076b2ad81125063ee2e57b9edc24752,S0000146,33,47,unproductive_cycle,False,False,True,False,False,,15.0
Final500,Final500_T000025,d0fe77f69b1a8168377e6e74d8e97f234076b2ad81125063ee2e57b9edc24752,S0000147,49,55,unproductive_cycle,False,False,True,False,False,,7.0
Final500,Final500_T000025,d0fe77f69b1a8168377e6e74d8e97f234076b2ad81125063ee2e57b9edc24752,S0000148,57,111,unproductive_cycle,False,False,True,False,False,,55.0
Final500,Final500_T000026,d46fb86d52fc4c020583472b99ecb2d0349271803345e6396814889fc43f0396,S0000149,14,16,unproductive_cycle,False,False,True,False,False,,3.0
Final500,Final500_T000026,d46fb86d52fc4c020583472b99ecb2d0349271803345e6396814889fc43f0396,S0000150,0,2,productive_iteration,False,True,False,False,False,,3.0
Final500,Final500_T000026,d46fb86d52fc4c020583472b99ecb2d0349271803345e6396814889fc43f0396,S0000151,4,13,productive_iteration,False,True,False,False,False,,10.0
Final500,Final500_T000026,d46fb86d52fc4c020583472b99ecb2d0349271803345e6396814889fc43f0396,S0000152,17,30,productive_iteration,True,True,False,False,False,,13.0
Final500,Final500_T000026,d46fb86d52fc4c020583472b99ecb2d0349271803345e6396814889fc43f0396,S0000153,40,47,productive_iteration,False,True,False,False,False,,8.0
Final500,Final500_T000026,d46fb86d52fc4c020583472b99ecb2d0349271803345e6396814889fc43f0396,S0000154,31,39,unproductive_cycle,False,False,True,False,False,,5.0
Final500,Final500_T000027,0719fc6c835da488a5d2cca366ca6cdd034315d8995d523fa3104c203acddbfb,S0000155,6,10,productive_iteration,True,True,False,False,False,,5.0
Final500,Final500_T000028,528df2a064b86d4338ba08b58df8bae9a198e3cfe78f4e37b62414bfca0ef736,S0000156,0,15,productive_iteration,True,True,False,False,False,,11.0
Final500,Final500_T000029,3a98bc7d4fc391db1a26f7f7ebb705966e68fd841d569b042f6027b7dacff188,S0000157,14,23,productive_iteration,True,True,False,False,False,,5.0
Final500,Final500_T000029,3a98bc7d4fc391db1a26f7f7ebb705966e68fd841d569b042f6027b7dacff188,S0000158,15,22,unproductive_cycle,False,False,True,False,False,,2.0
Final500,Final500_T000029,3a98bc7d4fc391db1a26f7f7ebb705966e68fd841d569b042f6027b7dacff188,S0000159,0,13,productive_iteration,True,True,False,False,False,,14.0
Final500,Final500_T000029,3a98bc7d4fc391db1a26f7f7ebb705966e68fd841d569b042f6027b7dacff188,S0000160,17,19,unproductive_cycle,False,False,True,False,False,,3.0
Final500,Final500_T000029,3a98bc7d4fc391db1a26f7f7ebb705966e68fd841d569b042f6027b7dacff188,S0000161,24,43,productive_iteration,True,True,False,False,False,,1.0
Final500,Final500_T000029,3a98bc7d4fc391db1a26f7f7ebb705966e68fd841d569b042f6027b7dacff188,S0000162,24,43,unproductive_cycle,False,False,True,False,False,,19.0
Final500,Final500_T000030,efa1ad6934efb2dfa32096c54a5f4a192cb2298455c241b43b04e1bd31315e20,S0000163,7,8,productive_iteration,True,True,False,False,False,,2.0
Final500,Final500_T000030,efa1ad6934efb2dfa32096c54a5f4a192cb2298455c241b43b04e1bd31315e20,S0000164,4,4,unproductive_cycle,False,False,True,False,False,,1.0
Final500,Final500_T000030,efa1ad6934efb2dfa32096c54a5f4a192cb2298455c241b43b04e1bd31315e20,S0000165,0,2,productive_iteration,False,True,False,False,False,,2.0
Final500,Final500_T000030,efa1ad6934efb2dfa32096c54a5f4a192cb2298455c241b43b04e1bd31315e20,S0000166,5,6,productive_iteration,False,True,False,False,False,,2.0
Final500,Final500_T000030,efa1ad6934efb2dfa32096c54a5f4a192cb2298455c241b43b04e1bd31315e20,S0000167,9,16,productive_iteration,False,True,False,False,False,,5.0
Final500,Final500_T000031,a3ba0b2d3c2d0a00c0d462ed4cf4e9181e4bd7b8553d45e0d3ef235e9cf56aa1,S0000168,18,36,productive_iteration,True,True,False,False,False,,4.0
Final500,Final500_T000031,a3ba0b2d3c2d0a00c0d462ed4cf4e9181e4bd7b8553d45e0d3ef235e9cf56aa1,S0000169,0,17,productive_iteration,False,True,False,False,False,,18.0
Final500,Final500_T000031,a3ba0b2d3c2d0a00c0d462ed4cf4e9181e4bd7b8553d45e0d3ef235e9cf56aa1,S0000170,19,23,productive_iteration,True,True,False,False,False,,5.0
Final500,Final500_T000031,a3ba0b2d3c2d0a00c0d462ed4cf4e9181e4bd7b8553d45e0d3ef235e9cf56aa1,S0000171,25,34,productive_iteration,True,True,False,False,False,,8.0
Final500,Final500_T000032,3c0ff74d2e6376121509871855f98a309fb90876eb5c5c1a9ee79bf9cda8426a,S0000172,6,8,productive_iteration,True,True,False,False,False,,3.0
Final500,Final500_T000032,3c0ff74d2e6376121509871855f98a309fb90876eb5c5c1a9ee79bf9cda8426a,S0000173,2,5,productive_iteration,False,True,False,False,False,,4.0
Final500,Final500_T000032,3c0ff74d2e6376121509871855f98a309fb90876eb5c5c1a9ee79bf9cda8426a,S0000174,9,16,productive_iteration,False,True,False,False,False,,8.0
Final500,Final500_T000033,1d57313ff2bbd0374817db7a2dc3bc69055636ff26fbcf78a3c97c576b6ee1f8,S0000175,5,6,productive_iteration,True,True,False,False,False,,2.0
Final500,Final500_T000033,1d57313ff2bbd0374817db7a2dc3bc69055636ff26fbcf78a3c97c576b6ee1f8,S0000176,0,4,productive_iteration,False,True,False,False,False,,5.0
Final500,Final500_T000033,1d57313ff2bbd0374817db7a2dc3bc69055636ff26fbcf78a3c97c576b6ee1f8,S0000177,7,16,productive_iteration,False,True,False,False,False,,10.0
Final500,Final500_T000034,d055b3ba2af12f3a66564a7146db06959ca386a1ebcc28026c1ca78ad725ac60,S0000178,18,31,productive_iteration,True,True,False,False,False,,2.0
Final500,Final500_T000034,d055b3ba2af12f3a66564a7146db06959ca386a1ebcc28026c1ca78ad725ac60,S0000179,0,16,productive_iteration,True,True,False,False,False,,16.0
Final500,Final500_T000034,d055b3ba2af12f3a66564a7146db06959ca386a1ebcc28026c1ca78ad725ac60,S0000180,20,22,productive_iteration,True,True,False,False,False,,3.0
Final500,Final500_T000034,d055b3ba2af12f3a66564a7146db06959ca386a1ebcc28026c1ca78ad725ac60,S0000181,28,30,productive_iteration,True,True,False,False,False,,3.0
Final500,Final500_T000034,d055b3ba2af12f3a66564a7146db06959ca386a1ebcc28026c1ca78ad725ac60,S0000182,25,27,productive_iteration,True,True,False,False,False,,3.0
Final500,Final500_T000035,51876f52915d614e29965f280d26b821b564b1a574293986e92121caa17314b8,S0000183,12,35,productive_iteration,True,True,False,False,False,,5.0
Final500,Final500_T000035,51876f52915d614e29965f280d26b821b564b1a574293986e92121caa17314b8,S0000184,15,31,unproductive_cycle,False,False,True,False,False,,11.0
Final500,Final500_T000035,51876f52915d614e29965f280d26b821b564b1a574293986e92121caa17314b8,S0000185,0,11,productive_iteration,True,True,False,False,False,,12.0
Final500,Final500_T000035,51876f52915d614e29965f280d26b821b564b1a574293986e92121caa17314b8,S0000186,13,14,unproductive_cycle,False,False,True,False,False,,2.0
Final500,Final500_T000035,51876f52915d614e29965f280d26b821b564b1a574293986e92121caa17314b8,S0000187,16,17,unproductive_cycle,False,False,True,False,False,,2.0
Final500,Final500_T000035,51876f52915d614e29965f280d26b821b564b1a574293986e92121caa17314b8,S0000188,19,20,unproductive_cycle,False,False,True,False,False,,2.0
Final500,Final500_T000035,51876f52915d614e29965f280d26b821b564b1a574293986e92121caa17314b8,S0000189,22,23,unproductive_cycle,False,False,True,False,False,,2.0
Final500,Final500_T000035,51876f52915d614e29965f280d26b821b564b1a574293986e92121caa17314b8,S0000190,36,42,productive_iteration,False,True,False,False,False,,6.0
Final500,Final500_T000036,c46f2d5f4826d99e75b0ab96c9e89a2cfe962758522a7238f32f238a6a12911a,S0000191,52,75,unproductive_cycle,False,False,True,False,False,,11.0
Final500,Final500_T000036,c46f2d5f4826d99e75b0ab96c9e89a2cfe962758522a7238f32f238a6a12911a,S0000192,0,18,productive_iteration,True,True,False,False,False,,19.0
Final500,Final500_T000036,c46f2d5f4826d99e75b0ab96c9e89a2cfe962758522a7238f32f238a6a12911a,S0000193,49,51,unproductive_cycle,False,False,True,False,False,,3.0
Final500,Final500_T000036,c46f2d5f4826d99e75b0ab96c9e89a2cfe962758522a7238f32f238a6a12911a,S0000194,19,48,productive_iteration,True,True,False,False,False,,1.0
Final500,Final500_T000036,c46f2d5f4826d99e75b0ab96c9e89a2cfe962758522a7238f32f238a6a12911a,S0000195,19,48,unproductive_cycle,False,False,True,False,False,,29.0
Final500,Final500_T000036,c46f2d5f4826d99e75b0ab96c9e89a2cfe962758522a7238f32f238a6a12911a,S0000196,56,65,unproductive_cycle,False,False,True,False,False,,10.0
Final500,Final500_T000036,c46f2d5f4826d99e75b0ab96c9e89a2cfe962758522a7238f32f238a6a12911a,S0000197,67,69,unproductive_cycle,False,False,True,False,False,,3.0
Final500,Final500_T000037,ff44158416bd5c946aa866f45c1fbed3c28f175c0bd9a9a24f3e206df703fcd7,S0000198,20,22,productive_iteration,True,True,False,False,False,,3.0
Final500,Final500_T000037,ff44158416bd5c946aa866f45c1fbed3c28f175c0bd9a9a24f3e206df703fcd7,S0000199,0,16,productive_iteration,True,True,False,False,False,,17.0
Final500,Final500_T000037,ff44158416bd5c946aa866f45c1fbed3c28f175c0bd9a9a24f3e206df703fcd7,S0000200,18,19,productive_iteration,False,True,False,False,False,,2.0
Final500,Final500_T000037,ff44158416bd5c946aa866f45c1fbed3c28f175c0bd9a9a24f3e206df703fcd7,S0000201,23,30,productive_iteration,True,True,False,False,False,,7.0
Final500,Final500_T000038,ef05d255dcf165268cda18ea2c00a25e40f174d84821d9ce7996ea9fed278d59,S0000202,4,36,productive_iteration,True,True,False,False,False,,2.0
Final500,Final500_T000038,ef05d255dcf165268cda18ea2c00a25e40f174d84821d9ce7996ea9fed278d59,S0000203,19,19,unproductive_cycle,False,False,True,False,False,,1.0
Final500,Final500_T000038,ef05d255dcf165268cda18ea2c00a25e40f174d84821d9ce7996ea9fed278d59,S0000204,0,3,productive_iteration,False,True,False,False,False,,4.0
Final500,Final500_T000038,ef05d255dcf165268cda18ea2c00a25e40f174d84821d9ce7996ea9fed278d59,S0000205,5,8,productive_iteration,False,True,False,False,False,,3.0
Final500,Final500_T000038,ef05d255dcf165268cda18ea2c00a25e40f174d84821d9ce7996ea9fed278d59,S0000206,12,14,productive_iteration,False,True,False,False,False,,3.0
Final500,Final500_T000038,ef05d255dcf165268cda18ea2c00a25e40f174d84821d9ce7996ea9fed278d59,S0000207,20,35,productive_iteration,True,True,False,False,False,,16.0
Final500,Final500_T000038,ef05d255dcf165268cda18ea2c00a25e40f174d84821d9ce7996ea9fed278d59,S0000208,37,40,productive_iteration,True,True,False,False,False,,3.0
Final500,Final500_T000038,ef05d255dcf165268cda18ea2c00a25e40f174d84821d9ce7996ea9fed278d59,S0000209,9,11,productive_iteration,False,True,False,False,False,,1.0
Final500,Final500_T000038,ef05d255dcf165268cda18ea2c00a25e40f174d84821d9ce7996ea9fed278d59,S0000210,9,11,unproductive_cycle,False,False,True,False,False,,1.0
Final500,Final500_T000038,ef05d255dcf165268cda18ea2c00a25e40f174d84821d9ce7996ea9fed278d59,S0000211,15,17,unproductive_cycle,False,False,True,False,False,,3.0
Final500,Final500_T000039,e3e406358c769eb1fe3c7efb042714dbf08b84d50f8be7c428fbb879b413bd49,S0000212,0,10,productive_iteration,True,True,False,False,False,,10.0
Final500,Final500_T000039,e3e406358c769eb1fe3c7efb042714dbf08b84d50f8be7c428fbb879b413bd49,S0000213,19,32,productive_iteration,True,True,False,False,False,,13.0
Final500,Final500_T000039,e3e406358c769eb1fe3c7efb042714dbf08b84d50f8be7c428fbb879b413bd49,S0000214,19,32,unproductive_cycle,False,False,True,False,False,,1.0
Final500,Final500_T000039,e3e406358c769eb1fe3c7efb042714dbf08b84d50f8be7c428fbb879b413bd49,S0000215,11,18,productive_iteration,True,True,False,False,False,,2.0
Final500,Final500_T000039,e3e406358c769eb1fe3c7efb042714dbf08b84d50f8be7c428fbb879b413bd49,S0000216,11,18,unproductive_cycle,False,False,True,False,False,,6.0
Final500,Final500_T000040,9694f05babf9c5db13cc25296f29dc0a2a6f8ba8ad625530ea19ee3c68b7b5fb,S0000217,0,7,productive_iteration,False,True,False,False,False,,6.0
Final500,Final500_T000040,9694f05babf9c5db13cc25296f29dc0a2a6f8ba8ad625530ea19ee3c68b7b5fb,S0000218,0,7,unproductive_cycle,False,False,True,False,False,,2.0
Final500,Final500_T000040,9694f05babf9c5db13cc25296f29dc0a2a6f8ba8ad625530ea19ee3c68b7b5fb,S0000219,12,14,productive_iteration,False,True,False,False,False,,2.0
Final500,Final500_T000040,9694f05babf9c5db13cc25296f29dc0a2a6f8ba8ad625530ea19ee3c68b7b5fb,S0000220,12,14,unproductive_cycle,False,False,True,False,False,,1.0
Final500,Final500_T000040,9694f05babf9c5db13cc25296f29dc0a2a6f8ba8ad625530ea19ee3c68b7b5fb,S0000221,17,26,productive_iteration,False,True,False,False,False,,10.0
Final500,Final500_T000040,9694f05babf9c5db13cc25296f29dc0a2a6f8ba8ad625530ea19ee3c68b7b5fb,S0000222,28,36,productive_iteration,True,True,False,False,False,,9.0
Final500,Final500_T000040,9694f05babf9c5db13cc25296f29dc0a2a6f8ba8ad625530ea19ee3c68b7b5fb,S0000223,8,11,unproductive_cycle,False,False,True,False,False,,4.0
Final500,Final500_T000041,36bb5373a407ef73b3854daadf9190e37037d713f72549ffe55c464a2174541d,S0000224,4,9,productive_iteration,True,True,False,False,False,,2.0
Final500,Final500_T000041,36bb5373a407ef73b3854daadf9190e37037d713f72549ffe55c464a2174541d,S0000225,5,20,unproductive_cycle,False,False,True,False,False,,2.0
Final500,Final500_T000041,36bb5373a407ef73b3854daadf9190e37037d713f72549ffe55c464a2174541d,S0000226,0,2,productive_iteration,True,True,False,False,False,,3.0
Final500,Final500_T000041,36bb5373a407ef73b3854daadf9190e37037d713f72549ffe55c464a2174541d,S0000227,6,8,productive_iteration,True,True,False,False,False,,3.0
Final500,Final500_T000041,36bb5373a407ef73b3854daadf9190e37037d713f72549ffe55c464a2174541d,S0000228,10,19,productive_iteration,False,True,False,False,False,,9.0
Final500,Final500_T000041,36bb5373a407ef73b3854daadf9190e37037d713f72549ffe55c464a2174541d,S0000229,21,31,productive_iteration,False,True,False,False,False,,10.0
Final500,Final500_T000042,4e73969d87db5859148e59b9a06502883dbda3825f1dee310c6ff202c8d4a515,S0000230,3,15,productive_iteration,True,True,False,False,False,,5.0
Final500,Final500_T000042,4e73969d87db5859148e59b9a06502883dbda3825f1dee310c6ff202c8d4a515,S0000231,0,2,productive_iteration,False,True,False,False,False,,3.0
Final500,Final500_T000042,4e73969d87db5859148e59b9a06502883dbda3825f1dee310c6ff202c8d4a515,S0000232,4,5,productive_iteration,False,True,False,False,False,,2.0
Final500,Final500_T000042,4e73969d87db5859148e59b9a06502883dbda3825f1dee310c6ff202c8d4a515,S0000233,7,8,productive_iteration,False,True,False,False,False,,2.0
Final500,Final500_T000042,4e73969d87db5859148e59b9a06502883dbda3825f1dee310c6ff202c8d4a515,S0000234,11,14,productive_iteration,False,True,False,False,False,,4.0
Final500,Final500_T000042,4e73969d87db5859148e59b9a06502883dbda3825f1dee310c6ff202c8d4a515,S0000235,16,18,productive_iteration,False,True,False,False,False,,3.0
Final500,Final500_T000043,dd4ad01682ceaaacb202a2b0990a757944ced97e92fc2818b113ae5f8d80c91c,S0000236,2,12,productive_iteration,True,True,False,False,False,,2.0
Final500,Final500_T000043,dd4ad01682ceaaacb202a2b0990a757944ced97e92fc2818b113ae5f8d80c91c,S0000237,21,21,unproductive_cycle,False,False,True,False,False,,1.0
Final500,Final500_T000043,dd4ad01682ceaaacb202a2b0990a757944ced97e92fc2818b113ae5f8d80c91c,S0000238,0,1,productive_iteration,False,True,False,False,False,,2.0
Final500,Final500_T000043,dd4ad01682ceaaacb202a2b0990a757944ced97e92fc2818b113ae5f8d80c91c,S0000239,3,11,productive_iteration,False,True,False,False,False,,9.0
Final500,Final500_T000043,dd4ad01682ceaaacb202a2b0990a757944ced97e92fc2818b113ae5f8d80c91c,S0000240,13,17,productive_iteration,True,True,False,False,False,,5.0
Final500,Final500_T000043,dd4ad01682ceaaacb202a2b0990a757944ced97e92fc2818b113ae5f8d80c91c,S0000241,18,20,productive_iteration,True,True,False,False,False,,1.0
Final500,Final500_T000043,dd4ad01682ceaaacb202a2b0990a757944ced97e92fc2818b113ae5f8d80c91c,S0000242,18,20,unproductive_cycle,False,False,True,False,False,,2.0
Final500,Final500_T000043,dd4ad01682ceaaacb202a2b0990a757944ced97e92fc2818b113ae5f8d80c91c,S0000243,22,79,unproductive_cycle,False,False,True,False,False,,58.0
Final500,Final500_T000044,d02760c9fa67cd8d18f448e1938e43b5fc530e0a3d4263144ea7ec8888e312df,S0000244,0,2,productive_iteration,False,True,False,False,False,,3.0
Final500,Final500_T000044,d02760c9fa67cd8d18f448e1938e43b5fc530e0a3d4263144ea7ec8888e312df,S0000245,3,16,unproductive_cycle,False,False,True,False,False,,11.0
Final500,Final500_T000044,d02760c9fa67cd8d18f448e1938e43b5fc530e0a3d4263144ea7ec8888e312df,S0000246,11,13,productive_iteration,False,True,False,False,False,,3.0
Final500,Final500_T000044,d02760c9fa67cd8d18f448e1938e43b5fc530e0a3d4263144ea7ec8888e312df,S0000247,17,24,productive_iteration,False,True,False,False,False,,8.0
Final500,Final500_T000045,8eade6adbfbd89e85cd018c84f114ee6dd007237bd1718062a650c7ed1f5cba3,S0000248,8,22,productive_iteration,True,True,False,False,False,,7.0
Final500,Final500_T000045,8eade6adbfbd89e85cd018c84f114ee6dd007237bd1718062a650c7ed1f5cba3,S0000249,34,55,unproductive_cycle,False,False,True,False,False,,8.0
Final500,Final500_T000045,8eade6adbfbd89e85cd018c84f114ee6dd007237bd1718062a650c7ed1f5cba3,S0000250,0,7,productive_iteration,True,True,False,False,False,,8.0
Final500,Final500_T000045,8eade6adbfbd89e85cd018c84f114ee6dd007237bd1718062a650c7ed1f5cba3,S0000251,10,11,productive_iteration,False,True,False,False,False,,2.0
Final500,Final500_T000045,8eade6adbfbd89e85cd018c84f114ee6dd007237bd1718062a650c7ed1f5cba3,S0000252,14,15,productive_iteration,True,True,False,False,False,,2.0
Final500,Final500_T000045,8eade6adbfbd89e85cd018c84f114ee6dd007237bd1718062a650c7ed1f5cba3,S0000253,17,18,productive_iteration,True,True,False,False,False,,2.0
Final500,Final500_T000045,8eade6adbfbd89e85cd018c84f114ee6dd007237bd1718062a650c7ed1f5cba3,S0000254,20,21,productive_iteration,True,True,False,False,False,,2.0
Final500,Final500_T000045,8eade6adbfbd89e85cd018c84f114ee6dd007237bd1718062a650c7ed1f5cba3,S0000255,23,33,productive_iteration,True,True,False,False,False,,10.0
Final500,Final500_T000045,8eade6adbfbd89e85cd018c84f114ee6dd007237bd1718062a650c7ed1f5cba3,S0000256,23,33,unproductive_cycle,False,False,True,False,False,,1.0
Final500,Final500_T000045,8eade6adbfbd89e85cd018c84f114ee6dd007237bd1718062a650c7ed1f5cba3,S0000257,35,36,productive_iteration,True,True,False,False,False,,2.0
Final500,Final500_T000045,8eade6adbfbd89e85cd018c84f114ee6dd007237bd1718062a650c7ed1f5cba3,S0000258,41,42,productive_iteration,True,True,False,False,False,,2.0
Final500,Final500_T000045,8eade6adbfbd89e85cd018c84f114ee6dd007237bd1718062a650c7ed1f5cba3,S0000259,72,74,unproductive_cycle,False,False,True,False,False,,3.0
Final500,Final500_T000045,8eade6adbfbd89e85cd018c84f114ee6dd007237bd1718062a650c7ed1f5cba3,S0000260,45,54,unproductive_cycle,False,False,True,False,False,,10.0
Final500,Final500_T000045,8eade6adbfbd89e85cd018c84f114ee6dd007237bd1718062a650c7ed1f5cba3,S0000261,56,71,unproductive_cycle,False,False,True,False,False,,16.0
Final500,Final500_T000045,8eade6adbfbd89e85cd018c84f114ee6dd007237bd1718062a650c7ed1f5cba3,S0000262,75,77,unproductive_cycle,False,False,True,False,False,,3.0
Final500,Final500_T000046,f05d493df5fda29cd1eeec4f119bcd74e151d031d89f93307b427d38c9086294,S0000263,30,30,unproductive_cycle,False,False,True,False,False,,1.0
Final500,Final500_T000046,f05d493df5fda29cd1eeec4f119bcd74e151d031d89f93307b427d38c9086294,S0000264,0,2,productive_iteration,False,True,False,False,False,,3.0
Final500,Final500_T000046,f05d493df5fda29cd1eeec4f119bcd74e151d031d89f93307b427d38c9086294,S0000265,5,10,productive_iteration,True,True,False,False,False,,6.0
Final500,Final500_T000046,f05d493df5fda29cd1eeec4f119bcd74e151d031d89f93307b427d38c9086294,S0000266,11,29,productive_iteration,True,True,False,False,False,,1.0
Final500,Final500_T000046,f05d493df5fda29cd1eeec4f119bcd74e151d031d89f93307b427d38c9086294,S0000267,11,29,unproductive_cycle,False,False,True,False,False,,18.0
Final500,Final500_T000047,58f78e164da6db5294146aca2b544dc94b5beef4f528027ef86cc8ccfff6e2ef,S0000268,0,11,productive_iteration,False,True,False,False,False,,12.0
Final500,Final500_T000047,58f78e164da6db5294146aca2b544dc94b5beef4f528027ef86cc8ccfff6e2ef,S0000269,12,35,productive_iteration,True,True,False,False,False,,4.0
Final500,Final500_T000047,58f78e164da6db5294146aca2b544dc94b5beef4f528027ef86cc8ccfff6e2ef,S0000270,12,35,unproductive_cycle,False,False,True,False,False,,20.0
Final500,Final500_T000048,c5c2a941a8d75bd98c8ddc0fbbe84aaae6e89ea7a45a12b4ed7e517a6086517a,S0000271,11,36,productive_iteration,True,True,False,False,False,,5.0
Final500,Final500_T000048,c5c2a941a8d75bd98c8ddc0fbbe84aaae6e89ea7a45a12b4ed7e517a6086517a,S0000272,45,46,unproductive_cycle,False,False,True,False,False,,2.0
Final500,Final500_T000048,c5c2a941a8d75bd98c8ddc0fbbe84aaae6e89ea7a45a12b4ed7e517a6086517a,S0000273,0,10,productive_iteration,True,True,False,False,False,,11.0
Final500,Final500_T000048,c5c2a941a8d75bd98c8ddc0fbbe84aaae6e89ea7a45a12b4ed7e517a6086517a,S0000274,12,17,productive_iteration,True,True,False,False,False,,6.0
Final500,Final500_T000048,c5c2a941a8d75bd98c8ddc0fbbe84aaae6e89ea7a45a12b4ed7e517a6086517a,S0000275,19,27,productive_iteration,False,True,False,False,False,,8.0
Final500,Final500_T000048,c5c2a941a8d75bd98c8ddc0fbbe84aaae6e89ea7a45a12b4ed7e517a6086517a,S0000276,29,30,productive_iteration,False,True,False,False,False,,2.0
Final500,Final500_T000048,c5c2a941a8d75bd98c8ddc0fbbe84aaae6e89ea7a45a12b4ed7e517a6086517a,S0000277,32,34,productive_iteration,True,True,False,False,False,,3.0
Final500,Final500_T000048,c5c2a941a8d75bd98c8ddc0fbbe84aaae6e89ea7a45a12b4ed7e517a6086517a,S0000278,37,44,productive_iteration,True,True,False,False,False,,2.0
Final500,Final500_T000048,c5c2a941a8d75bd98c8ddc0fbbe84aaae6e89ea7a45a12b4ed7e517a6086517a,S0000279,37,44,unproductive_cycle,False,False,True,False,False,,6.0
Final500,Final500_T000049,d61c9b8139d38540fe2d52a9b650704f5d90cb163396ebca57813043778f6d7d,S0000280,0,0,productive_iteration,False,True,False,False,False,,1.0
Final500,Final500_T000049,d61c9b8139d38540fe2d52a9b650704f5d90cb163396ebca57813043778f6d7d,S0000281,17,21,unproductive_cycle,False,False,True,False,False,,4.0
Final500,Final500_T000049,d61c9b8139d38540fe2d52a9b650704f5d90cb163396ebca57813043778f6d7d,S0000282,1,16,productive_iteration,True,True,False,False,False,,16.0
Final500,Final500_T000049,d61c9b8139d38540fe2d52a9b650704f5d90cb163396ebca57813043778f6d7d,S0000283,22,26,productive_iteration,False,True,False,False,False,,4.0
Final500,Final500_T000049,d61c9b8139d38540fe2d52a9b650704f5d90cb163396ebca57813043778f6d7d,S0000284,22,26,unproductive_cycle,False,False,True,False,False,,1.0
Final500,Final500_T000049,d61c9b8139d38540fe2d52a9b650704f5d90cb163396ebca57813043778f6d7d,S0000285,30,33,productive_iteration,False,True,False,False,False,,3.0
Final500,Final500_T000049,d61c9b8139d38540fe2d52a9b650704f5d90cb163396ebca57813043778f6d7d,S0000286,30,33,unproductive_cycle,False,False,True,False,False,,1.0
Final500,Final500_T000049,d61c9b8139d38540fe2d52a9b650704f5d90cb163396ebca57813043778f6d7d,S0000287,27,29,unproductive_cycle,False,False,True,False,False,,3.0
Final500,Final500_T000050,244c68d42d3391af0695dd0aaf2cc035c08fc79d367f45e1f9e36b5fab55f818,S0000288,19,48,productive_iteration,True,True,False,False,False,,3.0
Final500,Final500_T000050,244c68d42d3391af0695dd0aaf2cc035c08fc79d367f45e1f9e36b5fab55f818,S0000289,0,18,productive_iteration,True,True,False,False,False,,19.0
Final500,Final500_T000050,244c68d42d3391af0695dd0aaf2cc035c08fc79d367f45e1f9e36b5fab55f818,S0000290,20,25,productive_iteration,True,True,False,False,False,,6.0
Final500,Final500_T000050,244c68d42d3391af0695dd0aaf2cc035c08fc79d367f45e1f9e36b5fab55f818,S0000291,27,35,productive_iteration,True,True,False,False,False,,7.0
Final500,Final500_T000050,244c68d42d3391af0695dd0aaf2cc035c08fc79d367f45e1f9e36b5fab55f818,S0000292,27,35,unproductive_cycle,False,False,True,False,False,,2.0
Final500,Final500_T000050,244c68d42d3391af0695dd0aaf2cc035c08fc79d367f45e1f9e36b5fab55f818,S0000293,36,47,unproductive_cycle,False,False,True,False,False,,12.0
Final500,Final500_T000051,3a119a6012a2542b18e4fb058bb76bf8472fcba8a60c9b90e3fa4cfb893919f9,S0000294,11,33,productive_iteration,True,True,False,False,False,,2.0
Final500,Final500_T000051,3a119a6012a2542b18e4fb058bb76bf8472fcba8a60c9b90e3fa4cfb893919f9,S0000295,34,42,unproductive_cycle,False,False,True,False,False,,2.0
Final500,Final500_T000051,3a119a6012a2542b18e4fb058bb76bf8472fcba8a60c9b90e3fa4cfb893919f9,S0000296,1,10,productive_iteration,True,True,False,False,False,,10.0
Final500,Final500_T000051,3a119a6012a2542b18e4fb058bb76bf8472fcba8a60c9b90e3fa4cfb893919f9,S0000297,12,27,productive_iteration,True,True,False,False,False,,16.0
Final500,Final500_T000051,3a119a6012a2542b18e4fb058bb76bf8472fcba8a60c9b90e3fa4cfb893919f9,S0000298,29,32,productive_iteration,True,True,False,False,False,,4.0
Final500,Final500_T000051,3a119a6012a2542b18e4fb058bb76bf8472fcba8a60c9b90e3fa4cfb893919f9,S0000299,35,41,productive_iteration,False,True,False,False,False,,3.0
Final500,Final500_T000051,3a119a6012a2542b18e4fb058bb76bf8472fcba8a60c9b90e3fa4cfb893919f9,S0000300,35,41,unproductive_cycle,False,False,True,False,False,,4.0
Final500,Final500_T000051,3a119a6012a2542b18e4fb058bb76bf8472fcba8a60c9b90e3fa4cfb893919f9,S0000301,43,44,productive_iteration,False,True,False,False,False,,2.0
Final500,Final500_T000051,3a119a6012a2542b18e4fb058bb76bf8472fcba8a60c9b90e3fa4cfb893919f9,S0000302,47,52,productive_iteration,False,True,False,False,False,,6.0
Final500,Final500_T000052,6d0a2ffc4394c0e1d290954878ea0545e78b57864b5ec46edbaa450bf650cb2a,S0000303,0,12,productive_iteration,True,True,False,False,False,,11.0
Final500,Final500_T000052,6d0a2ffc4394c0e1d290954878ea0545e78b57864b5ec46edbaa450bf650cb2a,S0000304,40,90,unproductive_cycle,False,False,True,False,False,,15.0
Final500,Final500_T000052,6d0a2ffc4394c0e1d290954878ea0545e78b57864b5ec46edbaa450bf650cb2a,S0000305,10,11,productive_iteration,True,True,False,False,False,,1.0
Final500,Final500_T000052,6d0a2ffc4394c0e1d290954878ea0545e78b57864b5ec46edbaa450bf650cb2a,S0000306,13,15,productive_iteration,True,True,False,False,False,,1.0
Final500,Final500_T000052,6d0a2ffc4394c0e1d290954878ea0545e78b57864b5ec46edbaa450bf650cb2a,S0000307,16,39,productive_iteration,True,True,False,False,False,,20.0
Final500,Final500_T000052,6d0a2ffc4394c0e1d290954878ea0545e78b57864b5ec46edbaa450bf650cb2a,S0000308,16,39,unproductive_cycle,False,False,True,False,False,,4.0
Final500,Final500_T000052,6d0a2ffc4394c0e1d290954878ea0545e78b57864b5ec46edbaa450bf650cb2a,S0000309,48,56,unproductive_cycle,False,False,True,False,False,,9.0
Final500,Final500_T000052,6d0a2ffc4394c0e1d290954878ea0545e78b57864b5ec46edbaa450bf650cb2a,S0000310,60,66,unproductive_cycle,False,False,True,False,False,,7.0
Final500,Final500_T000052,6d0a2ffc4394c0e1d290954878ea0545e78b57864b5ec46edbaa450bf650cb2a,S0000311,68,87,unproductive_cycle,False,False,True,False,False,,20.0
Final500,Final500_T000053,f3dc919883f8f8bde7e691a79114aef8f9e938c75a36e19c943abab4f36515b3,S0000312,0,18,productive_iteration,True,True,False,False,False,,19.0
Final500,Final500_T000053,f3dc919883f8f8bde7e691a79114aef8f9e938c75a36e19c943abab4f36515b3,S0000313,20,21,unproductive_cycle,False,False,True,False,False,,2.0
Final500,Final500_T000053,f3dc919883f8f8bde7e691a79114aef8f9e938c75a36e19c943abab4f36515b3,S0000314,22,129,unproductive_cycle,False,False,True,False,False,,108.0
Final500,Final500_T000054,e27592c8dc84f7e18d9198147854f838672c0f85b69691bc9cefa03175c17cd7,S0000315,0,21,productive_iteration,True,True,False,False,False,,22.0
Final500,Final500_T000054,e27592c8dc84f7e18d9198147854f838672c0f85b69691bc9cefa03175c17cd7,S0000316,24,25,productive_iteration,True,True,False,False,False,,2.0
Final500,Final500_T000054,e27592c8dc84f7e18d9198147854f838672c0f85b69691bc9cefa03175c17cd7,S0000317,26,111,unproductive_cycle,False,False,True,False,False,,86.0
Final500,Final500_T000055,c9587367b4720e3336dfd6693d90f96cdf5ba6960e1821559f5e53c36b5afaa5,S0000318,4,4,productive_iteration,False,True,False,False,False,,1.0
Final500,Final500_T000055,c9587367b4720e3336dfd6693d90f96cdf5ba6960e1821559f5e53c36b5afaa5,S0000319,0,3,productive_iteration,False,True,False,False,False,,4.0
Final500,Final500_T000055,c9587367b4720e3336dfd6693d90f96cdf5ba6960e1821559f5e53c36b5afaa5,S0000320,6,10,productive_iteration,False,True,False,False,False,,5.0
Final500,Final500_T000056,0d9549a48b4d1f4bd7a24c347525649d56f62e7ea892d6dc098de4cfe6a1775d,S0000321,17,24,productive_iteration,True,True,False,False,False,,5.0
Final500,Final500_T000056,0d9549a48b4d1f4bd7a24c347525649d56f62e7ea892d6dc098de4cfe6a1775d,S0000322,0,10,productive_iteration,True,True,False,False,False,,11.0
Final500,Final500_T000056,0d9549a48b4d1f4bd7a24c347525649d56f62e7ea892d6dc098de4cfe6a1775d,S0000323,14,16,productive_iteration,False,True,False,False,False,,3.0
Final500,Final500_T000056,0d9549a48b4d1f4bd7a24c347525649d56f62e7ea892d6dc098de4cfe6a1775d,S0000324,21,22,productive_iteration,False,True,False,False,False,,2.0
Final500,Final500_T000056,0d9549a48b4d1f4bd7a24c347525649d56f62e7ea892d6dc098de4cfe6a1775d,S0000325,11,13,productive_iteration,True,True,False,False,False,,2.0
Final500,Final500_T000056,0d9549a48b4d1f4bd7a24c347525649d56f62e7ea892d6dc098de4cfe6a1775d,S0000326,11,13,unproductive_cycle,False,False,True,False,False,,1.0
Final500,Final500_T000056,0d9549a48b4d1f4bd7a24c347525649d56f62e7ea892d6dc098de4cfe6a1775d,S0000327,25,89,productive_iteration,True,True,False,False,False,,11.0
Final500,Final500_T000056,0d9549a48b4d1f4bd7a24c347525649d56f62e7ea892d6dc098de4cfe6a1775d,S0000328,25,89,unproductive_cycle,False,False,True,False,False,,54.0
Final500,Final500_T000057,ab044e006663cf95e1295972f45397ea56a72d2aada8770f438f650540a4ab0c,S0000329,0,19,productive_iteration,True,True,False,False,False,,17.0
Final500,Final500_T000057,ab044e006663cf95e1295972f45397ea56a72d2aada8770f438f650540a4ab0c,S0000330,0,19,unproductive_cycle,False,False,True,False,False,,3.0
Final500,Final500_T000057,ab044e006663cf95e1295972f45397ea56a72d2aada8770f438f650540a4ab0c,S0000331,24,26,unproductive_cycle,False,False,True,False,False,,3.0
Final500,Final500_T000057,ab044e006663cf95e1295972f45397ea56a72d2aada8770f438f650540a4ab0c,S0000332,32,35,unproductive_cycle,False,False,True,False,False,,4.0
Final500,Final500_T000057,ab044e006663cf95e1295972f45397ea56a72d2aada8770f438f650540a4ab0c,S0000333,39,41,unproductive_cycle,False,False,True,False,False,,3.0
Final500,Final500_T000057,ab044e006663cf95e1295972f45397ea56a72d2aada8770f438f650540a4ab0c,S0000334,49,51,unproductive_cycle,False,False,True,False,False,,3.0
Final500,Final500_T000057,ab044e006663cf95e1295972f45397ea56a72d2aada8770f438f650540a4ab0c,S0000335,56,59,unproductive_cycle,False,False,True,False,False,,4.0
Final500,Final500_T000057,ab044e006663cf95e1295972f45397ea56a72d2aada8770f438f650540a4ab0c,S0000336,64,66,unproductive_cycle,False,False,True,False,False,,3.0
Final500,Final500_T000057,ab044e006663cf95e1295972f45397ea56a72d2aada8770f438f650540a4ab0c,S0000337,80,83,productive_iteration,False,True,False,False,False,,4.0
Final500,Final500_T000057,ab044e006663cf95e1295972f45397ea56a72d2aada8770f438f650540a4ab0c,S0000338,20,23,unproductive_cycle,False,False,True,False,False,,4.0
Final500,Final500_T000057,ab044e006663cf95e1295972f45397ea56a72d2aada8770f438f650540a4ab0c,S0000339,27,31,unproductive_cycle,False,False,True,False,False,,5.0
Final500,Final500_T000057,ab044e006663cf95e1295972f45397ea56a72d2aada8770f438f650540a4ab0c,S0000340,36,38,unproductive_cycle,False,False,True,False,False,,3.0
Final500,Final500_T000057,ab044e006663cf95e1295972f45397ea56a72d2aada8770f438f650540a4ab0c,S0000341,42,48,unproductive_cycle,False,False,True,False,False,,7.0
Final500,Final500_T000057,ab044e006663cf95e1295972f45397ea56a72d2aada8770f438f650540a4ab0c,S0000342,52,55,unproductive_cycle,False,False,True,False,False,,4.0
Final500,Final500_T000057,ab044e006663cf95e1295972f45397ea56a72d2aada8770f438f650540a4ab0c,S0000343,60,63,unproductive_cycle,False,False,True,False,False,,4.0
Final500,Final500_T000057,ab044e006663cf95e1295972f45397ea56a72d2aada8770f438f650540a4ab0c,S0000344,67,79,unproductive_cycle,False,False,True,False,False,,13.0
Final500,Final500_T000058,2a30584ee5d06071757013e1f42bf36ee1ab4656567b5decd91606402673b664,S0000345,0,16,productive_iteration,True,True,False,False,False,,16.0
Final500,Final500_T000059,665e68c826c3a17fbc4860accc4f2fbf51e013387a6d5bedb240bf93606cdfe0,S0000346,22,33,productive_iteration,True,True,False,False,False,,8.0
Final500,Final500_T000059,665e68c826c3a17fbc4860accc4f2fbf51e013387a6d5bedb240bf93606cdfe0,S0000347,56,72,unproductive_cycle,False,False,True,False,False,,2.0
Final500,Final500_T000059,665e68c826c3a17fbc4860accc4f2fbf51e013387a6d5bedb240bf93606cdfe0,S0000348,0,21,productive_iteration,False,True,False,False,False,,22.0
Final500,Final500_T000059,665e68c826c3a17fbc4860accc4f2fbf51e013387a6d5bedb240bf93606cdfe0,S0000349,24,25,productive_iteration,True,True,False,False,False,,2.0
Final500,Final500_T000059,665e68c826c3a17fbc4860accc4f2fbf51e013387a6d5bedb240bf93606cdfe0,S0000350,29,30,productive_iteration,True,True,False,False,False,,2.0
Final500,Final500_T000059,665e68c826c3a17fbc4860accc4f2fbf51e013387a6d5bedb240bf93606cdfe0,S0000351,37,39,unproductive_cycle,False,False,True,False,False,,3.0
Final500,Final500_T000059,665e68c826c3a17fbc4860accc4f2fbf51e013387a6d5bedb240bf93606cdfe0,S0000352,34,36,productive_iteration,True,True,False,False,False,,1.0
Final500,Final500_T000059,665e68c826c3a17fbc4860accc4f2fbf51e013387a6d5bedb240bf93606cdfe0,S0000353,34,36,unproductive_cycle,False,False,True,False,False,,2.0
Final500,Final500_T000059,665e68c826c3a17fbc4860accc4f2fbf51e013387a6d5bedb240bf93606cdfe0,S0000354,40,55,unproductive_cycle,False,False,True,False,False,,16.0
Final500,Final500_T000059,665e68c826c3a17fbc4860accc4f2fbf51e013387a6d5bedb240bf93606cdfe0,S0000355,57,71,unproductive_cycle,False,False,True,False,False,,15.0
Final500,Final500_T000059,665e68c826c3a17fbc4860accc4f2fbf51e013387a6d5bedb240bf93606cdfe0,S0000356,73,77,unproductive_cycle,False,False,True,False,False,,5.0
Final500,Final500_T000060,a8c9aab0a5e5c9597a9b6abb34b5c41dbc417b7be344600f08f02e26860b00bd,S0000357,15,15,productive_iteration,True,True,False,False,False,,1.0
Final500,Final500_T000060,a8c9aab0a5e5c9597a9b6abb34b5c41dbc417b7be344600f08f02e26860b00bd,S0000358,112,114,unproductive_cycle,False,False,True,False,False,,3.0
Final500,Final500_T000060,a8c9aab0a5e5c9597a9b6abb34b5c41dbc417b7be344600f08f02e26860b00bd,S0000359,0,13,productive_iteration,False,True,False,False,False,,14.0
Final500,Final500_T000060,a8c9aab0a5e5c9597a9b6abb34b5c41dbc417b7be344600f08f02e26860b00bd,S0000360,19,20,productive_iteration,True,True,False,False,False,,2.0
Final500,Final500_T000060,a8c9aab0a5e5c9597a9b6abb34b5c41dbc417b7be344600f08f02e26860b00bd,S0000361,16,18,productive_iteration,True,True,False,False,False,,3.0
Final500,Final500_T000060,a8c9aab0a5e5c9597a9b6abb34b5c41dbc417b7be344600f08f02e26860b00bd,S0000362,21,111,productive_iteration,True,True,False,False,False,,2.0
Final500,Final500_T000060,a8c9aab0a5e5c9597a9b6abb34b5c41dbc417b7be344600f08f02e26860b00bd,S0000363,21,111,unproductive_cycle,False,False,True,False,False,,89.0
Final500,Final500_T000061,4f6f3f58f41c8b7582f3c08f93747d1022f3da3714cfee0c666b11df867382e2,S0000364,5,24,productive_iteration,True,True,False,False,False,,9.0
Final500,Final500_T000061,4f6f3f58f41c8b7582f3c08f93747d1022f3da3714cfee0c666b11df867382e2,S0000365,0,4,productive_iteration,False,True,False,False,False,,5.0
Final500,Final500_T000061,4f6f3f58f41c8b7582f3c08f93747d1022f3da3714cfee0c666b11df867382e2,S0000366,8,13,productive_iteration,False,True,False,False,False,,6.0
Final500,Final500_T000061,4f6f3f58f41c8b7582f3c08f93747d1022f3da3714cfee0c666b11df867382e2,S0000367,14,16,unproductive_cycle,False,False,True,False,False,,2.0
Final500,Final500_T000062,2e34ffb6ef565109dec55af654cfdac3725f0ce7a9c1334f1b1c6ce217e7970b,S0000368,6,15,productive_iteration,True,True,False,False,False,,6.0
Final500,Final500_T000062,2e34ffb6ef565109dec55af654cfdac3725f0ce7a9c1334f1b1c6ce217e7970b,S0000369,0,5,productive_iteration,False,True,False,False,False,,6.0
Final500,Final500_T000062,2e34ffb6ef565109dec55af654cfdac3725f0ce7a9c1334f1b1c6ce217e7970b,S0000370,7,10,productive_iteration,True,True,False,False,False,,4.0
Final500,Final500_T000062,2e34ffb6ef565109dec55af654cfdac3725f0ce7a9c1334f1b1c6ce217e7970b,S0000371,16,20,productive_iteration,False,True,False,False,False,,5.0
Final500,Final500_T000063,fb02ad9a2a51bad71c4fb9e04fd068200ff8aa02c6da80f2b202943388dccb97,S0000372,93,93,productive_iteration,True,True,False,False,False,,1.0
Final500,Final500_T000063,fb02ad9a2a51bad71c4fb9e04fd068200ff8aa02c6da80f2b202943388dccb97,S0000373,88,88,unproductive_cycle,False,False,True,False,False,,1.0
Final500,Final500_T000063,fb02ad9a2a51bad71c4fb9e04fd068200ff8aa02c6da80f2b202943388dccb97,S0000374,0,14,productive_iteration,True,True,False,False,False,,15.0
Final500,Final500_T000063,fb02ad9a2a51bad71c4fb9e04fd068200ff8aa02c6da80f2b202943388dccb97,S0000375,24,26,unproductive_cycle,False,False,True,False,False,,3.0
Final500,Final500_T000063,fb02ad9a2a51bad71c4fb9e04fd068200ff8aa02c6da80f2b202943388dccb97,S0000376,32,33,unproductive_cycle,False,False,True,False,False,,2.0
Final500,Final500_T000063,fb02ad9a2a51bad71c4fb9e04fd068200ff8aa02c6da80f2b202943388dccb97,S0000377,56,58,unproductive_cycle,False,False,True,False,False,,3.0
Final500,Final500_T000063,fb02ad9a2a51bad71c4fb9e04fd068200ff8aa02c6da80f2b202943388dccb97,S0000378,64,66,unproductive_cycle,False,False,True,False,False,,3.0
Final500,Final500_T000063,fb02ad9a2a51bad71c4fb9e04fd068200ff8aa02c6da80f2b202943388dccb97,S0000379,15,23,productive_iteration,True,True,False,False,False,,2.0
Final500,Final500_T000063,fb02ad9a2a51bad71c4fb9e04fd068200ff8aa02c6da80f2b202943388dccb97,S0000380,15,23,unproductive_cycle,False,False,True,False,False,,7.0
Final500,Final500_T000063,fb02ad9a2a51bad71c4fb9e04fd068200ff8aa02c6da80f2b202943388dccb97,S0000381,27,31,unproductive_cycle,False,False,True,False,False,,5.0
Final500,Final500_T000063,fb02ad9a2a51bad71c4fb9e04fd068200ff8aa02c6da80f2b202943388dccb97,S0000382,34,55,unproductive_cycle,False,False,True,False,False,,22.0
Final500,Final500_T000063,fb02ad9a2a51bad71c4fb9e04fd068200ff8aa02c6da80f2b202943388dccb97,S0000383,59,63,unproductive_cycle,False,False,True,False,False,,5.0
Final500,Final500_T000063,fb02ad9a2a51bad71c4fb9e04fd068200ff8aa02c6da80f2b202943388dccb97,S0000384,67,87,unproductive_cycle,False,False,True,False,False,,21.0
Final500,Final500_T000063,fb02ad9a2a51bad71c4fb9e04fd068200ff8aa02c6da80f2b202943388dccb97,S0000385,89,92,unproductive_cycle,False,False,True,False,False,,4.0
Final500,Final500_T000064,5da0d521a20a6fea86152443783efd4d6cd03ee45a24201dce73581003e11afd,S0000386,6,6,productive_iteration,False,True,False,False,False,,1.0
Final500,Final500_T000064,5da0d521a20a6fea86152443783efd4d6cd03ee45a24201dce73581003e11afd,S0000387,0,5,productive_iteration,False,True,False,False,False,,4.0
Final500,Final500_T000064,5da0d521a20a6fea86152443783efd4d6cd03ee45a24201dce73581003e11afd,S0000388,7,13,productive_iteration,True,True,False,False,False,,3.0
Final500,Final500_T000065,e87ff3585676d13bf63e2f166c5fad7c56b522f95cbcccf9d59d3c9d2e7dea1d,S0000389,4,6,productive_iteration,True,True,False,False,False,,3.0
Final500,Final500_T000065,e87ff3585676d13bf63e2f166c5fad7c56b522f95cbcccf9d59d3c9d2e7dea1d,S0000390,0,3,productive_iteration,False,True,False,False,False,,4.0
Final500,Final500_T000065,e87ff3585676d13bf63e2f166c5fad7c56b522f95cbcccf9d59d3c9d2e7dea1d,S0000391,8,12,productive_iteration,True,True,False,False,False,,4.0
Final500,Final500_T000066,007edf6da264a3cc03a27067df80f98c79ffb9e727fe8bf91e09192f69fc05ea,S0000392,9,11,productive_iteration,True,True,False,False,False,,3.0
Final500,Final500_T000066,007edf6da264a3cc03a27067df80f98c79ffb9e727fe8bf91e09192f69fc05ea,S0000393,0,8,productive_iteration,False,True,False,False,False,,9.0
Final500,Final500_T000066,007edf6da264a3cc03a27067df80f98c79ffb9e727fe8bf91e09192f69fc05ea,S0000394,12,21,productive_iteration,False,True,False,False,False,,9.0
Final500,Final500_T000067,e564d35b79420e0e97febf78915b08389ae0a2e298ffa90c0fb1c09bd975619d,S0000395,33,33,unproductive_cycle,False,False,True,False,False,,1.0
Final500,Final500_T000067,e564d35b79420e0e97febf78915b08389ae0a2e298ffa90c0fb1c09bd975619d,S0000396,0,15,productive_iteration,True,True,False,False,False,,16.0
Final500,Final500_T000067,e564d35b79420e0e97febf78915b08389ae0a2e298ffa90c0fb1c09bd975619d,S0000397,24,26,unproductive_cycle,False,False,True,False,False,,3.0
Final500,Final500_T000067,e564d35b79420e0e97febf78915b08389ae0a2e298ffa90c0fb1c09bd975619d,S0000398,48,50,unproductive_cycle,False,False,True,False,False,,3.0
Final500,Final500_T000067,e564d35b79420e0e97febf78915b08389ae0a2e298ffa90c0fb1c09bd975619d,S0000399,16,23,productive_iteration,True,True,False,False,False,,3.0
Final500,Final500_T000067,e564d35b79420e0e97febf78915b08389ae0a2e298ffa90c0fb1c09bd975619d,S0000400,16,23,unproductive_cycle,False,False,True,False,False,,5.0
Final500,Final500_T000067,e564d35b79420e0e97febf78915b08389ae0a2e298ffa90c0fb1c09bd975619d,S0000401,27,32,unproductive_cycle,False,False,True,False,False,,6.0
Final500,Final500_T000067,e564d35b79420e0e97febf78915b08389ae0a2e298ffa90c0fb1c09bd975619d,S0000402,34,47,unproductive_cycle,False,False,True,False,False,,14.0
Final500,Final500_T000067,e564d35b79420e0e97febf78915b08389ae0a2e298ffa90c0fb1c09bd975619d,S0000403,51,91,unproductive_cycle,False,False,True,False,False,,41.0
Final500,Final500_T000068,880fed32a0c76efd958693a3e6c87d8fc9b62b2cb0896b328b1aa6a25cd9e5ea,S0000404,18,61,productive_iteration,False,True,False,False,False,,4.0
Final500,Final500_T000068,880fed32a0c76efd958693a3e6c87d8fc9b62b2cb0896b328b1aa6a25cd9e5ea,S0000405,17,80,unproductive_cycle,False,False,True,False,False,,7.0
Final500,Final500_T000068,880fed32a0c76efd958693a3e6c87d8fc9b62b2cb0896b328b1aa6a25cd9e5ea,S0000406,1,13,productive_iteration,True,True,False,False,False,,13.0
Final500,Final500_T000068,880fed32a0c76efd958693a3e6c87d8fc9b62b2cb0896b328b1aa6a25cd9e5ea,S0000407,15,16,productive_iteration,True,True,False,False,False,,2.0
Final500,Final500_T000068,880fed32a0c76efd958693a3e6c87d8fc9b62b2cb0896b328b1aa6a25cd9e5ea,S0000408,19,20,productive_iteration,False,True,False,False,False,,1.0
Final500,Final500_T000068,880fed32a0c76efd958693a3e6c87d8fc9b62b2cb0896b328b1aa6a25cd9e5ea,S0000409,25,26,productive_iteration,False,True,False,False,False,,1.0
Final500,Final500_T000068,880fed32a0c76efd958693a3e6c87d8fc9b62b2cb0896b328b1aa6a25cd9e5ea,S0000410,25,26,unproductive_cycle,False,False,True,False,False,,1.0
Final500,Final500_T000068,880fed32a0c76efd958693a3e6c87d8fc9b62b2cb0896b328b1aa6a25cd9e5ea,S0000411,32,37,productive_iteration,True,True,False,False,False,,6.0
Final500,Final500_T000068,880fed32a0c76efd958693a3e6c87d8fc9b62b2cb0896b328b1aa6a25cd9e5ea,S0000412,39,52,productive_iteration,True,True,False,False,False,,11.0
Final500,Final500_T000068,880fed32a0c76efd958693a3e6c87d8fc9b62b2cb0896b328b1aa6a25cd9e5ea,S0000413,39,52,unproductive_cycle,False,False,True,False,False,,3.0
Final500,Final500_T000068,880fed32a0c76efd958693a3e6c87d8fc9b62b2cb0896b328b1aa6a25cd9e5ea,S0000414,56,59,productive_iteration,False,True,False,False,False,,2.0
Final500,Final500_T000068,880fed32a0c76efd958693a3e6c87d8fc9b62b2cb0896b328b1aa6a25cd9e5ea,S0000415,56,59,unproductive_cycle,False,False,True,False,False,,2.0
Final500,Final500_T000068,880fed32a0c76efd958693a3e6c87d8fc9b62b2cb0896b328b1aa6a25cd9e5ea,S0000416,62,66,unproductive_cycle,False,False,True,False,False,,5.0
Final500,Final500_T000068,880fed32a0c76efd958693a3e6c87d8fc9b62b2cb0896b328b1aa6a25cd9e5ea,S0000417,72,73,productive_iteration,False,True,False,False,False,,2.0
Final500,Final500_T000068,880fed32a0c76efd958693a3e6c87d8fc9b62b2cb0896b328b1aa6a25cd9e5ea,S0000418,75,76,productive_iteration,False,True,False,False,False,,2.0
Final500,Final500_T000068,880fed32a0c76efd958693a3e6c87d8fc9b62b2cb0896b328b1aa6a25cd9e5ea,S0000419,21,24,productive_iteration,False,True,False,False,False,,1.0
Final500,Final500_T000068,880fed32a0c76efd958693a3e6c87d8fc9b62b2cb0896b328b1aa6a25cd9e5ea,S0000420,21,24,unproductive_cycle,False,False,True,False,False,,2.0
Final500,Final500_T000068,880fed32a0c76efd958693a3e6c87d8fc9b62b2cb0896b328b1aa6a25cd9e5ea,S0000421,53,55,productive_iteration,False,True,False,False,False,,1.0
Final500,Final500_T000068,880fed32a0c76efd958693a3e6c87d8fc9b62b2cb0896b328b1aa6a25cd9e5ea,S0000422,53,55,unproductive_cycle,False,False,True,False,False,,2.0
Final500,Final500_T000068,880fed32a0c76efd958693a3e6c87d8fc9b62b2cb0896b328b1aa6a25cd9e5ea,S0000423,67,71,unproductive_cycle,False,False,True,False,False,,5.0
Final500,Final500_T000068,880fed32a0c76efd958693a3e6c87d8fc9b62b2cb0896b328b1aa6a25cd9e5ea,S0000424,77,79,unproductive_cycle,False,False,True,False,False,,3.0
Final500,Final500_T000069,e3f0816ad114bfb3c7552e701db9b4a3e9449e230c311a35c81e160c8080e864,S0000425,23,23,productive_iteration,False,True,False,False,False,,1.0
Final500,Final500_T000069,e3f0816ad114bfb3c7552e701db9b4a3e9449e230c311a35c81e160c8080e864,S0000426,12,15,productive_iteration,False,True,False,False,False,,3.0
Final500,Final500_T000069,e3f0816ad114bfb3c7552e701db9b4a3e9449e230c311a35c81e160c8080e864,S0000427,0,11,productive_iteration,True,True,False,False,False,,12.0
Final500,Final500_T000069,e3f0816ad114bfb3c7552e701db9b4a3e9449e230c311a35c81e160c8080e864,S0000428,16,22,productive_iteration,True,True,False,False,False,,3.0
Final500,Final500_T000069,e3f0816ad114bfb3c7552e701db9b4a3e9449e230c311a35c81e160c8080e864,S0000429,16,22,unproductive_cycle,False,False,True,False,False,,4.0
Final500,Final500_T000069,e3f0816ad114bfb3c7552e701db9b4a3e9449e230c311a35c81e160c8080e864,S0000430,24,89,productive_iteration,False,True,False,False,False,,18.0
Final500,Final500_T000069,e3f0816ad114bfb3c7552e701db9b4a3e9449e230c311a35c81e160c8080e864,S0000431,24,89,unproductive_cycle,False,False,True,False,False,,48.0
Final500,Final500_T000070,9366e76c8d124152d2023d68e01a8f5728afb67d56fd71b50aa5d3a5b21d2c0f,S0000432,0,8,productive_iteration,False,True,False,False,False,,9.0
Final500,Final500_T000070,9366e76c8d124152d2023d68e01a8f5728afb67d56fd71b50aa5d3a5b21d2c0f,S0000433,11,17,productive_iteration,True,True,False,False,False,,7.0
Final500,Final500_T000070,9366e76c8d124152d2023d68e01a8f5728afb67d56fd71b50aa5d3a5b21d2c0f,S0000434,32,34,unproductive_cycle,False,False,True,False,False,,3.0
Final500,Final500_T000070,9366e76c8d124152d2023d68e01a8f5728afb67d56fd71b50aa5d3a5b21d2c0f,S0000435,18,31,productive_iteration,True,True,False,False,False,,5.0
Final500,Final500_T000070,9366e76c8d124152d2023d68e01a8f5728afb67d56fd71b50aa5d3a5b21d2c0f,S0000436,18,31,unproductive_cycle,False,False,True,False,False,,9.0
Final500,Final500_T000070,9366e76c8d124152d2023d68e01a8f5728afb67d56fd71b50aa5d3a5b21d2c0f,S0000437,35,100,unproductive_cycle,False,False,True,False,False,,66.0
Final500,Final500_T000071,eebe8116151c809ed14ce91dab61044250440438197dd67987a13cb9b0d6ff51,S0000438,0,9,productive_iteration,False,True,False,False,False,,7.0
Final500,Final500_T000072,ac347591b3f7029639ccfb038703048d927b30977cd975153c60a0c33f5f923f,S0000439,23,23,productive_iteration,False,True,False,False,False,,1.0
Final500,Final500_T000072,ac347591b3f7029639ccfb038703048d927b30977cd975153c60a0c33f5f923f,S0000440,0,15,productive_iteration,True,True,False,False,False,,16.0
Final500,Final500_T000072,ac347591b3f7029639ccfb038703048d927b30977cd975153c60a0c33f5f923f,S0000441,20,21,productive_iteration,False,True,False,False,False,,2.0
Final500,Final500_T000072,ac347591b3f7029639ccfb038703048d927b30977cd975153c60a0c33f5f923f,S0000442,16,19,productive_iteration,True,True,False,False,False,,2.0
Final500,Final500_T000072,ac347591b3f7029639ccfb038703048d927b30977cd975153c60a0c33f5f923f,S0000443,16,19,unproductive_cycle,False,False,True,False,False,,2.0
Final500,Final500_T000072,ac347591b3f7029639ccfb038703048d927b30977cd975153c60a0c33f5f923f,S0000444,24,123,unproductive_cycle,False,False,True,False,False,,100.0
Final500,Final500_T000073,a173868f097570409de8a9a73a61d57ca69fec49372532334b0d6c009301139e,S0000445,4,4,productive_iteration,True,True,False,False,False,,1.0
Final500,Final500_T000073,a173868f097570409de8a9a73a61d57ca69fec49372532334b0d6c009301139e,S0000446,11,11,unproductive_cycle,False,False,True,False,False,,1.0
Final500,Final500_T000073,a173868f097570409de8a9a73a61d57ca69fec49372532334b0d6c009301139e,S0000447,0,3,productive_iteration,False,True,False,False,False,,4.0
Final500,Final500_T000073,a173868f097570409de8a9a73a61d57ca69fec49372532334b0d6c009301139e,S0000448,5,10,productive_iteration,True,True,False,False,False,,6.0
Final500,Final500_T000073,a173868f097570409de8a9a73a61d57ca69fec49372532334b0d6c009301139e,S0000449,12,15,productive_iteration,False,True,False,False,False,,2.0
Final500,Final500_T000073,a173868f097570409de8a9a73a61d57ca69fec49372532334b0d6c009301139e,S0000450,12,15,unproductive_cycle,False,False,True,False,False,,2.0
Final500,Final500_T000073,a173868f097570409de8a9a73a61d57ca69fec49372532334b0d6c009301139e,S0000451,16,76,unproductive_cycle,False,False,True,False,False,,61.0
Final500,Final500_T000074,da75c3e24b2b8bf8de8d1f09888993a9e311e9f685b1406710179a85c4a0de79,S0000452,2,8,productive_iteration,True,True,False,False,False,,4.0
Final500,Final500_T000074,da75c3e24b2b8bf8de8d1f09888993a9e311e9f685b1406710179a85c4a0de79,S0000453,0,1,productive_iteration,False,True,False,False,False,,2.0
Final500,Final500_T000074,da75c3e24b2b8bf8de8d1f09888993a9e311e9f685b1406710179a85c4a0de79,S0000454,3,5,productive_iteration,False,True,False,False,False,,3.0
Final500,Final500_T000074,da75c3e24b2b8bf8de8d1f09888993a9e311e9f685b1406710179a85c4a0de79,S0000455,9,16,productive_iteration,False,True,False,False,False,,8.0
Final500,Final500_T000075,bddb2c0046950471221aebb2203baf2ca3c01459fa1a31cd06d8b1b11eaebed1,S0000456,0,135,unproductive_cycle,False,False,True,False,False,,3.0
Final500,Final500_T000075,bddb2c0046950471221aebb2203baf2ca3c01459fa1a31cd06d8b1b11eaebed1,S0000457,90,91,unproductive_cycle,False,False,True,False,False,,2.0
Final500,Final500_T000075,bddb2c0046950471221aebb2203baf2ca3c01459fa1a31cd06d8b1b11eaebed1,S0000458,93,97,unproductive_cycle,False,False,True,False,False,,5.0
Final500,Final500_T000075,bddb2c0046950471221aebb2203baf2ca3c01459fa1a31cd06d8b1b11eaebed1,S0000459,1,89,unproductive_cycle,False,False,True,False,False,,89.0
Final500,Final500_T000075,bddb2c0046950471221aebb2203baf2ca3c01459fa1a31cd06d8b1b11eaebed1,S0000460,98,134,unproductive_cycle,False,False,True,False,False,,37.0
Final500,Final500_T000075,bddb2c0046950471221aebb2203baf2ca3c01459fa1a31cd06d8b1b11eaebed1,S0000461,136,161,unproductive_cycle,False,False,True,False,False,,26.0
Final500,Final500_T000076,d3e1a6e71607fd23228a7f53b41e6b8809d1025f4f940e6d9bcd1cdf6288809d,S0000462,6,6,productive_iteration,False,True,False,False,False,,1.0
Final500,Final500_T000076,d3e1a6e71607fd23228a7f53b41e6b8809d1025f4f940e6d9bcd1cdf6288809d,S0000463,13,71,unproductive_cycle,False,False,True,False,False,,9.0
Final500,Final500_T000076,d3e1a6e71607fd23228a7f53b41e6b8809d1025f4f940e6d9bcd1cdf6288809d,S0000464,2,5,productive_iteration,False,True,False,False,False,,4.0
Final500,Final500_T000076,d3e1a6e71607fd23228a7f53b41e6b8809d1025f4f940e6d9bcd1cdf6288809d,S0000465,8,11,productive_iteration,True,True,False,False,False,,4.0
Final500,Final500_T000076,d3e1a6e71607fd23228a7f53b41e6b8809d1025f4f940e6d9bcd1cdf6288809d,S0000466,14,16,productive_iteration,False,True,False,False,False,,3.0
Final500,Final500_T000076,d3e1a6e71607fd23228a7f53b41e6b8809d1025f4f940e6d9bcd1cdf6288809d,S0000467,18,22,productive_iteration,True,True,False,False,False,,5.0
Final500,Final500_T000076,d3e1a6e71607fd23228a7f53b41e6b8809d1025f4f940e6d9bcd1cdf6288809d,S0000468,36,38,productive_iteration,True,True,False,False,False,,3.0
Final500,Final500_T000076,d3e1a6e71607fd23228a7f53b41e6b8809d1025f4f940e6d9bcd1cdf6288809d,S0000469,42,49,productive_iteration,True,True,False,False,False,,4.0
Final500,Final500_T000076,d3e1a6e71607fd23228a7f53b41e6b8809d1025f4f940e6d9bcd1cdf6288809d,S0000470,42,49,unproductive_cycle,False,False,True,False,False,,3.0
Final500,Final500_T000076,d3e1a6e71607fd23228a7f53b41e6b8809d1025f4f940e6d9bcd1cdf6288809d,S0000471,51,52,productive_iteration,False,True,False,False,False,,2.0
Final500,Final500_T000076,d3e1a6e71607fd23228a7f53b41e6b8809d1025f4f940e6d9bcd1cdf6288809d,S0000472,58,59,productive_iteration,False,True,False,False,False,,2.0
Final500,Final500_T000076,d3e1a6e71607fd23228a7f53b41e6b8809d1025f4f940e6d9bcd1cdf6288809d,S0000473,65,67,productive_iteration,False,True,False,False,False,,3.0
Final500,Final500_T000076,d3e1a6e71607fd23228a7f53b41e6b8809d1025f4f940e6d9bcd1cdf6288809d,S0000474,72,74,productive_iteration,False,True,False,False,False,,2.0
Final500,Final500_T000076,d3e1a6e71607fd23228a7f53b41e6b8809d1025f4f940e6d9bcd1cdf6288809d,S0000475,72,74,unproductive_cycle,False,False,True,False,False,,1.0
Final500,Final500_T000076,d3e1a6e71607fd23228a7f53b41e6b8809d1025f4f940e6d9bcd1cdf6288809d,S0000476,25,29,productive_iteration,True,True,False,False,False,,2.0
Final500,Final500_T000076,d3e1a6e71607fd23228a7f53b41e6b8809d1025f4f940e6d9bcd1cdf6288809d,S0000477,25,29,unproductive_cycle,False,False,True,False,False,,2.0
Final500,Final500_T000076,d3e1a6e71607fd23228a7f53b41e6b8809d1025f4f940e6d9bcd1cdf6288809d,S0000478,31,33,unproductive_cycle,False,False,True,False,False,,3.0
Final500,Final500_T000076,d3e1a6e71607fd23228a7f53b41e6b8809d1025f4f940e6d9bcd1cdf6288809d,S0000479,39,41,unproductive_cycle,False,False,True,False,False,,3.0
Final500,Final500_T000076,d3e1a6e71607fd23228a7f53b41e6b8809d1025f4f940e6d9bcd1cdf6288809d,S0000480,53,55,unproductive_cycle,False,False,True,False,False,,3.0
Final500,Final500_T000076,d3e1a6e71607fd23228a7f53b41e6b8809d1025f4f940e6d9bcd1cdf6288809d,S0000481,60,62,unproductive_cycle,False,False,True,False,False,,3.0
Final500,Final500_T000076,d3e1a6e71607fd23228a7f53b41e6b8809d1025f4f940e6d9bcd1cdf6288809d,S0000482,75,78,unproductive_cycle,False,False,True,False,False,,4.0
Final500,Final500_T000077,7a4b5abc0ffdaa23b0d315f2618cf6d6fef83b0417ab305b4e5299a60a38ad50,S0000483,15,123,unproductive_cycle,False,False,True,False,False,,24.0
Final500,Final500_T000077,7a4b5abc0ffdaa23b0d315f2618cf6d6fef83b0417ab305b4e5299a60a38ad50,S0000484,0,8,productive_iteration,True,True,False,False,False,,9.0
Final500,Final500_T000077,7a4b5abc0ffdaa23b0d315f2618cf6d6fef83b0417ab305b4e5299a60a38ad50,S0000485,34,35,unproductive_cycle,False,False,True,False,False,,2.0
Final500,Final500_T000077,7a4b5abc0ffdaa23b0d315f2618cf6d6fef83b0417ab305b4e5299a60a38ad50,S0000486,39,40,unproductive_cycle,False,False,True,False,False,,2.0
Final500,Final500_T000077,7a4b5abc0ffdaa23b0d315f2618cf6d6fef83b0417ab305b4e5299a60a38ad50,S0000487,58,59,unproductive_cycle,False,False,True,False,False,,2.0
Final500,Final500_T000077,7a4b5abc0ffdaa23b0d315f2618cf6d6fef83b0417ab305b4e5299a60a38ad50,S0000488,66,71,unproductive_cycle,False,False,True,False,False,,6.0
Final500,Final500_T000077,7a4b5abc0ffdaa23b0d315f2618cf6d6fef83b0417ab305b4e5299a60a38ad50,S0000489,80,85,productive_iteration,False,True,False,False,False,,2.0
Final500,Final500_T000077,7a4b5abc0ffdaa23b0d315f2618cf6d6fef83b0417ab305b4e5299a60a38ad50,S0000490,80,85,unproductive_cycle,False,False,True,False,False,,4.0
Final500,Final500_T000077,7a4b5abc0ffdaa23b0d315f2618cf6d6fef83b0417ab305b4e5299a60a38ad50,S0000491,88,91,unproductive_cycle,False,False,True,False,False,,4.0
Final500,Final500_T000077,7a4b5abc0ffdaa23b0d315f2618cf6d6fef83b0417ab305b4e5299a60a38ad50,S0000492,93,96,unproductive_cycle,False,False,True,False,False,,4.0
Final500,Final500_T000077,7a4b5abc0ffdaa23b0d315f2618cf6d6fef83b0417ab305b4e5299a60a38ad50,S0000493,100,101,unproductive_cycle,False,False,True,False,False,,2.0
Final500,Final500_T000077,7a4b5abc0ffdaa23b0d315f2618cf6d6fef83b0417ab305b4e5299a60a38ad50,S0000494,9,14,productive_iteration,True,True,False,False,False,,3.0
Final500,Final500_T000077,7a4b5abc0ffdaa23b0d315f2618cf6d6fef83b0417ab305b4e5299a60a38ad50,S0000495,9,14,unproductive_cycle,False,False,True,False,False,,2.0
Final500,Final500_T000077,7a4b5abc0ffdaa23b0d315f2618cf6d6fef83b0417ab305b4e5299a60a38ad50,S0000496,16,19,unproductive_cycle,False,False,True,False,False,,4.0
Final500,Final500_T000077,7a4b5abc0ffdaa23b0d315f2618cf6d6fef83b0417ab305b4e5299a60a38ad50,S0000497,21,24,unproductive_cycle,False,False,True,False,False,,4.0
Final500,Final500_T000077,7a4b5abc0ffdaa23b0d315f2618cf6d6fef83b0417ab305b4e5299a60a38ad50,S0000498,26,29,unproductive_cycle,False,False,True,False,False,,4.0
Final500,Final500_T000077,7a4b5abc0ffdaa23b0d315f2618cf6d6fef83b0417ab305b4e5299a60a38ad50,S0000499,31,33,unproductive_cycle,False,False,True,False,False,,3.0
Final500,Final500_T000077,7a4b5abc0ffdaa23b0d315f2618cf6d6fef83b0417ab305b4e5299a60a38ad50,S0000500,36,38,unproductive_cycle,False,False,True,False,False,,3.0
Final500,Final500_T000077,7a4b5abc0ffdaa23b0d315f2618cf6d6fef83b0417ab305b4e5299a60a38ad50,S0000501,42,44,unproductive_cycle,False,False,True,False,False,,3.0
Final500,Final500_T000077,7a4b5abc0ffdaa23b0d315f2618cf6d6fef83b0417ab305b4e5299a60a38ad50,S0000502,48,55,unproductive_cycle,False,False,True,False,False,,8.0
Final500,Final500_T000077,7a4b5abc0ffdaa23b0d315f2618cf6d6fef83b0417ab305b4e5299a60a38ad50,S0000503,62,65,unproductive_cycle,False,False,True,False,False,,4.0
Final500,Final500_T000077,7a4b5abc0ffdaa23b0d315f2618cf6d6fef83b0417ab305b4e5299a60a38ad50,S0000504,73,75,unproductive_cycle,False,False,True,False,False,,3.0
Final500,Final500_T000077,7a4b5abc0ffdaa23b0d315f2618cf6d6fef83b0417ab305b4e5299a60a38ad50,S0000505,97,99,unproductive_cycle,False,False,True,False,False,,3.0
Final500,Final500_T000077,7a4b5abc0ffdaa23b0d315f2618cf6d6fef83b0417ab305b4e5299a60a38ad50,S0000506,102,105,unproductive_cycle,False,False,True,False,False,,4.0
Final500,Final500_T000077,7a4b5abc0ffdaa23b0d315f2618cf6d6fef83b0417ab305b4e5299a60a38ad50,S0000507,107,110,unproductive_cycle,False,False,True,False,False,,4.0
Final500,Final500_T000077,7a4b5abc0ffdaa23b0d315f2618cf6d6fef83b0417ab305b4e5299a60a38ad50,S0000508,112,117,unproductive_cycle,False,False,True,False,False,,6.0
Final500,Final500_T000077,7a4b5abc0ffdaa23b0d315f2618cf6d6fef83b0417ab305b4e5299a60a38ad50,S0000509,119,122,unproductive_cycle,False,False,True,False,False,,4.0
Final500,Final500_T000078,e38222b786ea9b79a6a04cb00bb2fe173b547cd5d8557344fdf0dced88595ec7,S0000510,11,12,productive_iteration,False,True,False,False,False,,2.0
Final500,Final500_T000078,e38222b786ea9b79a6a04cb00bb2fe173b547cd5d8557344fdf0dced88595ec7,S0000511,0,10,productive_iteration,True,True,False,False,False,,11.0
Final500,Final500_T000078,e38222b786ea9b79a6a04cb00bb2fe173b547cd5d8557344fdf0dced88595ec7,S0000512,13,14,productive_iteration,False,True,False,False,False,,2.0
Final500,Final500_T000078,e38222b786ea9b79a6a04cb00bb2fe173b547cd5d8557344fdf0dced88595ec7,S0000513,24,30,productive_iteration,True,True,False,False,False,,6.0
Final500,Final500_T000078,e38222b786ea9b79a6a04cb00bb2fe173b547cd5d8557344fdf0dced88595ec7,S0000514,24,30,unproductive_cycle,False,False,True,False,False,,1.0
Final500,Final500_T000078,e38222b786ea9b79a6a04cb00bb2fe173b547cd5d8557344fdf0dced88595ec7,S0000515,40,41,productive_iteration,False,True,False,False,False,,2.0
Final500,Final500_T000078,e38222b786ea9b79a6a04cb00bb2fe173b547cd5d8557344fdf0dced88595ec7,S0000516,15,23,productive_iteration,True,True,False,False,False,,9.0
Final500,Final500_T000078,e38222b786ea9b79a6a04cb00bb2fe173b547cd5d8557344fdf0dced88595ec7,S0000517,31,39,productive_iteration,True,True,False,False,False,,6.0
Final500,Final500_T000078,e38222b786ea9b79a6a04cb00bb2fe173b547cd5d8557344fdf0dced88595ec7,S0000518,31,39,unproductive_cycle,False,False,True,False,False,,3.0
Final500,Final500_T000078,e38222b786ea9b79a6a04cb00bb2fe173b547cd5d8557344fdf0dced88595ec7,S0000519,42,83,productive_iteration,True,True,False,False,False,,1.0
Final500,Final500_T000078,e38222b786ea9b79a6a04cb00bb2fe173b547cd5d8557344fdf0dced88595ec7,S0000520,42,83,unproductive_cycle,False,False,True,False,False,,41.0
Final500,Final500_T000079,a9b849ffe0bbd459657b7948bc453298ff63cde9bd195aa685f16293233fbb76,S0000521,9,25,productive_iteration,True,True,False,False,False,,13.0
Final500,Final500_T000079,a9b849ffe0bbd459657b7948bc453298ff63cde9bd195aa685f16293233fbb76,S0000522,26,123,unproductive_cycle,False,False,True,False,False,,88.0
Final500,Final500_T000079,a9b849ffe0bbd459657b7948bc453298ff63cde9bd195aa685f16293233fbb76,S0000523,0,6,productive_iteration,False,True,False,False,False,,5.0
Final500,Final500_T000079,a9b849ffe0bbd459657b7948bc453298ff63cde9bd195aa685f16293233fbb76,S0000524,10,13,productive_iteration,False,True,False,False,False,,1.0
Final500,Final500_T000079,a9b849ffe0bbd459657b7948bc453298ff63cde9bd195aa685f16293233fbb76,S0000525,88,90,productive_iteration,False,True,False,False,False,,1.0
Final500,Final500_T000079,a9b849ffe0bbd459657b7948bc453298ff63cde9bd195aa685f16293233fbb76,S0000526,88,90,unproductive_cycle,False,False,True,False,False,,2.0
Final500,Final500_T000079,a9b849ffe0bbd459657b7948bc453298ff63cde9bd195aa685f16293233fbb76,S0000527,55,57,unproductive_cycle,False,False,True,False,False,,3.0
Final500,Final500_T000079,a9b849ffe0bbd459657b7948bc453298ff63cde9bd195aa685f16293233fbb76,S0000528,95,97,unproductive_cycle,False,False,True,False,False,,3.0
Final500,Final500_T000080,0ceb0f8b5934e2e695bb0eaf70350724fc9e34e2f627ab9c27731f023bf3362a,S0000529,0,11,productive_iteration,True,True,False,False,False,,11.0
Final500,Final500_T000080,0ceb0f8b5934e2e695bb0eaf70350724fc9e34e2f627ab9c27731f023bf3362a,S0000530,13,15,productive_iteration,False,True,False,False,False,,3.0
Final500,Final500_T000080,0ceb0f8b5934e2e695bb0eaf70350724fc9e34e2f627ab9c27731f023bf3362a,S0000531,17,18,productive_iteration,False,True,False,False,False,,2.0
Final500,Final500_T000080,0ceb0f8b5934e2e695bb0eaf70350724fc9e34e2f627ab9c27731f023bf3362a,S0000532,20,22,productive_iteration,True,True,False,False,False,,3.0
Final500,Final500_T000080,0ceb0f8b5934e2e695bb0eaf70350724fc9e34e2f627ab9c27731f023bf3362a,S0000533,24,28,productive_iteration,False,True,False,False,False,,5.0
Final500,Final500_T000080,0ceb0f8b5934e2e695bb0eaf70350724fc9e34e2f627ab9c27731f023bf3362a,S0000534,32,36,productive_iteration,True,True,False,False,False,,3.0
Final500,Final500_T000080,0ceb0f8b5934e2e695bb0eaf70350724fc9e34e2f627ab9c27731f023bf3362a,S0000535,32,36,unproductive_cycle,False,False,True,False,False,,2.0
Final500,Final500_T000080,0ceb0f8b5934e2e695bb0eaf70350724fc9e34e2f627ab9c27731f023bf3362a,S0000536,29,31,unproductive_cycle,False,False,True,False,False,,3.0
Final500,Final500_T000081,07c5cc585d11db4ef2c82b00e377f276d8b016b4cf2fe5a592030de46f2adf02,S0000537,0,7,productive_iteration,False,True,False,False,False,,8.0
Final500,Final500_T000081,07c5cc585d11db4ef2c82b00e377f276d8b016b4cf2fe5a592030de46f2adf02,S0000538,8,117,unproductive_cycle,False,False,True,False,False,,110.0
Final500,Final500_T000082,bec2cfdfd70c812b37a8ac75d5229c996c03c22055efb14195bd8b3fc117a474,S0000539,0,11,productive_iteration,False,True,False,False,False,,10.0
Final500,Final500_T000082,bec2cfdfd70c812b37a8ac75d5229c996c03c22055efb14195bd8b3fc117a474,S0000540,12,116,unproductive_cycle,False,False,True,False,False,,105.0
Final500,Final500_T000083,75bf7e6aa34c0fe01646475e7a6c0493140284e6266450ea47f104f30ef0b402,S0000541,7,43,productive_iteration,True,True,False,False,False,,6.0
Final500,Final500_T000083,75bf7e6aa34c0fe01646475e7a6c0493140284e6266450ea47f104f30ef0b402,S0000542,57,95,unproductive_cycle,False,False,True,False,False,,8.0
Final500,Final500_T000083,75bf7e6aa34c0fe01646475e7a6c0493140284e6266450ea47f104f30ef0b402,S0000543,0,6,productive_iteration,False,True,False,False,False,,7.0
Final500,Final500_T000083,75bf7e6aa34c0fe01646475e7a6c0493140284e6266450ea47f104f30ef0b402,S0000544,8,9,productive_iteration,False,True,False,False,False,,2.0
Final500,Final500_T000083,75bf7e6aa34c0fe01646475e7a6c0493140284e6266450ea47f104f30ef0b402,S0000545,12,16,productive_iteration,False,True,False,False,False,,5.0
Final500,Final500_T000083,75bf7e6aa34c0fe01646475e7a6c0493140284e6266450ea47f104f30ef0b402,S0000546,18,21,productive_iteration,True,True,False,False,False,,4.0
Final500,Final500_T000083,75bf7e6aa34c0fe01646475e7a6c0493140284e6266450ea47f104f30ef0b402,S0000547,24,38,productive_iteration,True,True,False,False,False,,13.0
Final500,Final500_T000083,75bf7e6aa34c0fe01646475e7a6c0493140284e6266450ea47f104f30ef0b402,S0000548,66,71,unproductive_cycle,False,False,True,False,False,,6.0
Final500,Final500_T000083,75bf7e6aa34c0fe01646475e7a6c0493140284e6266450ea47f104f30ef0b402,S0000549,80,88,productive_iteration,False,True,False,False,False,,2.0
Final500,Final500_T000083,75bf7e6aa34c0fe01646475e7a6c0493140284e6266450ea47f104f30ef0b402,S0000550,80,88,unproductive_cycle,False,False,True,False,False,,7.0
Final500,Final500_T000083,75bf7e6aa34c0fe01646475e7a6c0493140284e6266450ea47f104f30ef0b402,S0000551,44,56,unproductive_cycle,False,False,True,False,False,,13.0
Final500,Final500_T000083,75bf7e6aa34c0fe01646475e7a6c0493140284e6266450ea47f104f30ef0b402,S0000552,58,65,unproductive_cycle,False,False,True,False,False,,8.0
Final500,Final500_T000083,75bf7e6aa34c0fe01646475e7a6c0493140284e6266450ea47f104f30ef0b402,S0000553,72,79,unproductive_cycle,False,False,True,False,False,,8.0
Final500,Final500_T000084,7ea56f8585d60605f76ef8b895ab02cd0489b6cd7612ba9d527dfc33ac41e908,S0000554,15,17,productive_iteration,True,True,False,False,False,,3.0
Final500,Final500_T000084,7ea56f8585d60605f76ef8b895ab02cd0489b6cd7612ba9d527dfc33ac41e908,S0000555,10,196,unproductive_cycle,False,False,True,False,False,,5.0
Final500,Final500_T000084,7ea56f8585d60605f76ef8b895ab02cd0489b6cd7612ba9d527dfc33ac41e908,S0000556,0,9,productive_iteration,False,True,False,False,False,,8.0
Final500,Final500_T000084,7ea56f8585d60605f76ef8b895ab02cd0489b6cd7612ba9d527dfc33ac41e908,S0000557,11,12,productive_iteration,False,True,False,False,False,,2.0
Final500,Final500_T000084,7ea56f8585d60605f76ef8b895ab02cd0489b6cd7612ba9d527dfc33ac41e908,S0000558,24,25,productive_iteration,True,True,False,False,False,,2.0
Final500,Final500_T000084,7ea56f8585d60605f76ef8b895ab02cd0489b6cd7612ba9d527dfc33ac41e908,S0000559,27,28,productive_iteration,True,True,False,False,False,,2.0
Final500,Final500_T000084,7ea56f8585d60605f76ef8b895ab02cd0489b6cd7612ba9d527dfc33ac41e908,S0000560,18,23,productive_iteration,True,True,False,False,False,,1.0
Final500,Final500_T000084,7ea56f8585d60605f76ef8b895ab02cd0489b6cd7612ba9d527dfc33ac41e908,S0000561,18,23,unproductive_cycle,False,False,True,False,False,,5.0
Final500,Final500_T000084,7ea56f8585d60605f76ef8b895ab02cd0489b6cd7612ba9d527dfc33ac41e908,S0000562,29,195,unproductive_cycle,False,False,True,False,False,,167.0
Final500,Final500_T000085,3ffd997e2ad65a679bef4a95acdbb8195d87aa9482d4af3da413480fcf587378,S0000563,0,7,productive_iteration,True,True,False,False,False,,8.0
Final500,Final500_T000085,3ffd997e2ad65a679bef4a95acdbb8195d87aa9482d4af3da413480fcf587378,S0000564,8,140,unproductive_cycle,False,False,True,False,False,,133.0
Final500,Final500_T000086,1b8119f1c2e4fb6241a796258191662cd7fa2dbe490dfad7f85b3224cf6cb3c2,S0000565,0,20,productive_iteration,False,True,False,False,False,,21.0
Final500,Final500_T000087,2e8acc58c0867969ade75d9e8b74f598cc055c422b4d0c0032facaa1ea18455d,S0000566,45,46,unproductive_cycle,False,False,True,False,False,,2.0
Final500,Final500_T000087,2e8acc58c0867969ade75d9e8b74f598cc055c422b4d0c0032facaa1ea18455d,S0000567,0,26,productive_iteration,True,True,False,False,False,,27.0
Final500,Final500_T000087,2e8acc58c0867969ade75d9e8b74f598cc055c422b4d0c0032facaa1ea18455d,S0000568,28,33,productive_iteration,True,True,False,False,False,,6.0
Final500,Final500_T000087,2e8acc58c0867969ade75d9e8b74f598cc055c422b4d0c0032facaa1ea18455d,S0000569,36,44,productive_iteration,True,True,False,False,False,,6.0
Final500,Final500_T000087,2e8acc58c0867969ade75d9e8b74f598cc055c422b4d0c0032facaa1ea18455d,S0000570,36,44,unproductive_cycle,False,False,True,False,False,,1.0
Final500,Final500_T000087,2e8acc58c0867969ade75d9e8b74f598cc055c422b4d0c0032facaa1ea18455d,S0000571,47,86,productive_iteration,True,True,False,False,False,,2.0
Final500,Final500_T000087,2e8acc58c0867969ade75d9e8b74f598cc055c422b4d0c0032facaa1ea18455d,S0000572,47,86,unproductive_cycle,False,False,True,False,False,,38.0
Final500,Final500_T000088,2232021d8fed4cba39be4c0c31529761c8268785de1648b7dfdaddf0b2f28943,S0000573,40,48,productive_iteration,True,True,False,False,False,,2.0
Final500,Final500_T000088,2232021d8fed4cba39be4c0c31529761c8268785de1648b7dfdaddf0b2f28943,S0000574,19,89,unproductive_cycle,False,False,True,False,False,,8.0
Final500,Final500_T000088,2232021d8fed4cba39be4c0c31529761c8268785de1648b7dfdaddf0b2f28943,S0000575,0,18,productive_iteration,True,True,False,False,False,,17.0
Final500,Final500_T000088,2232021d8fed4cba39be4c0c31529761c8268785de1648b7dfdaddf0b2f28943,S0000576,28,30,productive_iteration,False,True,False,False,False,,3.0
Final500,Final500_T000088,2232021d8fed4cba39be4c0c31529761c8268785de1648b7dfdaddf0b2f28943,S0000577,41,42,productive_iteration,True,True,False,False,False,,2.0
Final500,Final500_T000088,2232021d8fed4cba39be4c0c31529761c8268785de1648b7dfdaddf0b2f28943,S0000578,51,53,productive_iteration,False,True,False,False,False,,3.0
Final500,Final500_T000088,2232021d8fed4cba39be4c0c31529761c8268785de1648b7dfdaddf0b2f28943,S0000579,55,58,productive_iteration,False,True,False,False,False,,1.0
Final500,Final500_T000088,2232021d8fed4cba39be4c0c31529761c8268785de1648b7dfdaddf0b2f28943,S0000580,55,58,unproductive_cycle,False,False,True,False,False,,3.0
Final500,Final500_T000088,2232021d8fed4cba39be4c0c31529761c8268785de1648b7dfdaddf0b2f28943,S0000581,66,77,productive_iteration,False,True,False,False,False,,4.0
Final500,Final500_T000088,2232021d8fed4cba39be4c0c31529761c8268785de1648b7dfdaddf0b2f28943,S0000582,66,77,unproductive_cycle,False,False,True,False,False,,8.0
Final500,Final500_T000088,2232021d8fed4cba39be4c0c31529761c8268785de1648b7dfdaddf0b2f28943,S0000583,85,88,productive_iteration,False,True,False,False,False,,3.0
Final500,Final500_T000088,2232021d8fed4cba39be4c0c31529761c8268785de1648b7dfdaddf0b2f28943,S0000584,85,88,unproductive_cycle,False,False,True,False,False,,1.0
Final500,Final500_T000088,2232021d8fed4cba39be4c0c31529761c8268785de1648b7dfdaddf0b2f28943,S0000585,22,24,unproductive_cycle,False,False,True,False,False,,3.0
Final500,Final500_T000088,2232021d8fed4cba39be4c0c31529761c8268785de1648b7dfdaddf0b2f28943,S0000586,31,33,unproductive_cycle,False,False,True,False,False,,1.0
Final500,Final500_T000088,2232021d8fed4cba39be4c0c31529761c8268785de1648b7dfdaddf0b2f28943,S0000587,35,39,productive_iteration,True,True,False,False,False,,4.0
Final500,Final500_T000088,2232021d8fed4cba39be4c0c31529761c8268785de1648b7dfdaddf0b2f28943,S0000588,35,39,unproductive_cycle,False,False,True,False,False,,1.0
Final500,Final500_T000088,2232021d8fed4cba39be4c0c31529761c8268785de1648b7dfdaddf0b2f28943,S0000589,43,47,unproductive_cycle,False,False,True,False,False,,5.0
Final500,Final500_T000088,2232021d8fed4cba39be4c0c31529761c8268785de1648b7dfdaddf0b2f28943,S0000590,59,65,unproductive_cycle,False,False,True,False,False,,7.0
Final500,Final500_T000088,2232021d8fed4cba39be4c0c31529761c8268785de1648b7dfdaddf0b2f28943,S0000591,78,82,unproductive_cycle,False,False,True,False,False,,5.0
Final500,Final500_T000089,5178f5b3ba7a1597078330319d910a0cad97bc5f557ecec8ae9be9490aa81201,S0000592,0,7,productive_iteration,False,True,False,False,False,,8.0
Final500,Final500_T000089,5178f5b3ba7a1597078330319d910a0cad97bc5f557ecec8ae9be9490aa81201,S0000593,9,16,productive_iteration,False,True,False,False,False,,8.0
Final500,Final500_T000090,ffe7f1108c572c7f74d79a0ad3faeb0048a879e1110ff895a51f98930fa28658,S0000594,3,9,productive_iteration,False,True,False,False,False,,4.0
Final500,Final500_T000090,ffe7f1108c572c7f74d79a0ad3faeb0048a879e1110ff895a51f98930fa28658,S0000595,15,119,unproductive_cycle,False,False,True,False,False,,15.0
Final500,Final500_T000090,ffe7f1108c572c7f74d79a0ad3faeb0048a879e1110ff895a51f98930fa28658,S0000596,10,14,unproductive_cycle,False,False,True,False,False,,5.0
Final500,Final500_T000090,ffe7f1108c572c7f74d79a0ad3faeb0048a879e1110ff895a51f98930fa28658,S0000597,20,22,unproductive_cycle,False,False,True,False,False,,3.0
Final500,Final500_T000090,ffe7f1108c572c7f74d79a0ad3faeb0048a879e1110ff895a51f98930fa28658,S0000598,24,34,unproductive_cycle,False,False,True,False,False,,11.0
Final500,Final500_T000090,ffe7f1108c572c7f74d79a0ad3faeb0048a879e1110ff895a51f98930fa28658,S0000599,36,38,unproductive_cycle,False,False,True,False,False,,3.0
Final500,Final500_T000090,ffe7f1108c572c7f74d79a0ad3faeb0048a879e1110ff895a51f98930fa28658,S0000600,40,42,unproductive_cycle,False,False,True,False,False,,3.0
Final500,Final500_T000090,ffe7f1108c572c7f74d79a0ad3faeb0048a879e1110ff895a51f98930fa28658,S0000601,44,50,unproductive_cycle,False,False,True,False,False,,7.0
Final500,Final500_T000090,ffe7f1108c572c7f74d79a0ad3faeb0048a879e1110ff895a51f98930fa28658,S0000602,52,54,unproductive_cycle,False,False,True,False,False,,3.0
Final500,Final500_T000090,ffe7f1108c572c7f74d79a0ad3faeb0048a879e1110ff895a51f98930fa28658,S0000603,56,58,unproductive_cycle,False,False,True,False,False,,3.0
Final500,Final500_T000090,ffe7f1108c572c7f74d79a0ad3faeb0048a879e1110ff895a51f98930fa28658,S0000604,60,62,unproductive_cycle,False,False,True,False,False,,3.0
Final500,Final500_T000090,ffe7f1108c572c7f74d79a0ad3faeb0048a879e1110ff895a51f98930fa28658,S0000605,64,82,unproductive_cycle,False,False,True,False,False,,19.0
Final500,Final500_T000090,ffe7f1108c572c7f74d79a0ad3faeb0048a879e1110ff895a51f98930fa28658,S0000606,84,86,unproductive_cycle,False,False,True,False,False,,3.0
Final500,Final500_T000090,ffe7f1108c572c7f74d79a0ad3faeb0048a879e1110ff895a51f98930fa28658,S0000607,88,114,unproductive_cycle,False,False,True,False,False,,27.0
Final500,Final500_T000090,ffe7f1108c572c7f74d79a0ad3faeb0048a879e1110ff895a51f98930fa28658,S0000608,116,118,unproductive_cycle,False,False,True,False,False,,3.0
Final500,Final500_T000090,ffe7f1108c572c7f74d79a0ad3faeb0048a879e1110ff895a51f98930fa28658,S0000609,120,125,unproductive_cycle,False,False,True,False,False,,6.0
Final500,Final500_T000091,daf7de704c89210035b3ae3a44f63329c543024374323616d3fc64ff3433efa0,S0000610,4,26,productive_iteration,True,True,False,False,False,,8.0
Final500,Final500_T000091,daf7de704c89210035b3ae3a44f63329c543024374323616d3fc64ff3433efa0,S0000611,22,22,unproductive_cycle,False,False,True,False,False,,1.0
Final500,Final500_T000091,daf7de704c89210035b3ae3a44f63329c543024374323616d3fc64ff3433efa0,S0000612,0,3,productive_iteration,False,True,False,False,False,,2.0
Final500,Final500_T000091,daf7de704c89210035b3ae3a44f63329c543024374323616d3fc64ff3433efa0,S0000613,5,9,productive_iteration,False,True,False,False,False,,1.0
Final500,Final500_T000091,daf7de704c89210035b3ae3a44f63329c543024374323616d3fc64ff3433efa0,S0000614,18,20,productive_iteration,False,True,False,False,False,,2.0
Final500,Final500_T000091,daf7de704c89210035b3ae3a44f63329c543024374323616d3fc64ff3433efa0,S0000615,27,30,productive_iteration,False,True,False,False,False,,3.0
Final500,Final500_T000092,ab6f5cbb8ceb0b2d76fca76d523bd5ef285bf4bfc9f787502058fa093523173f,S0000616,10,29,productive_iteration,True,True,False,False,False,,3.0
Final500,Final500_T000092,ab6f5cbb8ceb0b2d76fca76d523bd5ef285bf4bfc9f787502058fa093523173f,S0000617,30,63,unproductive_cycle,False,False,True,False,False,,6.0
Final500,Final500_T000092,ab6f5cbb8ceb0b2d76fca76d523bd5ef285bf4bfc9f787502058fa093523173f,S0000618,0,9,productive_iteration,False,True,False,False,False,,10.0
Final500,Final500_T000092,ab6f5cbb8ceb0b2d76fca76d523bd5ef285bf4bfc9f787502058fa093523173f,S0000619,11,13,productive_iteration,True,True,False,False,False,,3.0
Final500,Final500_T000092,ab6f5cbb8ceb0b2d76fca76d523bd5ef285bf4bfc9f787502058fa093523173f,S0000620,21,22,productive_iteration,False,True,False,False,False,,2.0
Final500,Final500_T000092,ab6f5cbb8ceb0b2d76fca76d523bd5ef285bf4bfc9f787502058fa093523173f,S0000621,24,27,productive_iteration,True,True,False,False,False,,3.0
Final500,Final500_T000092,ab6f5cbb8ceb0b2d76fca76d523bd5ef285bf4bfc9f787502058fa093523173f,S0000622,24,27,unproductive_cycle,False,False,True,False,False,,1.0
Final500,Final500_T000092,ab6f5cbb8ceb0b2d76fca76d523bd5ef285bf4bfc9f787502058fa093523173f,S0000623,31,42,productive_iteration,True,True,False,False,False,,12.0
Final500,Final500_T000092,ab6f5cbb8ceb0b2d76fca76d523bd5ef285bf4bfc9f787502058fa093523173f,S0000624,44,53,productive_iteration,True,True,False,False,False,,9.0
Final500,Final500_T000092,ab6f5cbb8ceb0b2d76fca76d523bd5ef285bf4bfc9f787502058fa093523173f,S0000625,44,53,unproductive_cycle,False,False,True,False,False,,1.0
Final500,Final500_T000092,ab6f5cbb8ceb0b2d76fca76d523bd5ef285bf4bfc9f787502058fa093523173f,S0000626,55,56,productive_iteration,True,True,False,False,False,,2.0
Final500,Final500_T000092,ab6f5cbb8ceb0b2d76fca76d523bd5ef285bf4bfc9f787502058fa093523173f,S0000627,58,61,productive_iteration,False,True,False,False,False,,3.0
Final500,Final500_T000092,ab6f5cbb8ceb0b2d76fca76d523bd5ef285bf4bfc9f787502058fa093523173f,S0000628,58,61,unproductive_cycle,False,False,True,False,False,,1.0
Final500,Final500_T000092,ab6f5cbb8ceb0b2d76fca76d523bd5ef285bf4bfc9f787502058fa093523173f,S0000629,64,67,unproductive_cycle,False,False,True,False,False,,4.0
Final500,Final500_T000092,ab6f5cbb8ceb0b2d76fca76d523bd5ef285bf4bfc9f787502058fa093523173f,S0000630,72,74,productive_iteration,False,True,False,False,False,,3.0
Final500,Final500_T000092,ab6f5cbb8ceb0b2d76fca76d523bd5ef285bf4bfc9f787502058fa093523173f,S0000631,14,20,productive_iteration,True,True,False,False,False,,4.0
Final500,Final500_T000092,ab6f5cbb8ceb0b2d76fca76d523bd5ef285bf4bfc9f787502058fa093523173f,S0000632,14,20,unproductive_cycle,False,False,True,False,False,,3.0
Final500,Final500_T000092,ab6f5cbb8ceb0b2d76fca76d523bd5ef285bf4bfc9f787502058fa093523173f,S0000633,68,71,unproductive_cycle,False,False,True,False,False,,4.0
Final500,Final500_T000092,ab6f5cbb8ceb0b2d76fca76d523bd5ef285bf4bfc9f787502058fa093523173f,S0000634,75,77,unproductive_cycle,False,False,True,False,False,,3.0
Final500,Final500_T000093,5ed69fa1b7c5819dcf0c1e233634f7941c8d45919509787ca7223bfe4d05de25,S0000635,3,23,productive_iteration,True,True,False,False,False,,8.0
Final500,Final500_T000093,5ed69fa1b7c5819dcf0c1e233634f7941c8d45919509787ca7223bfe4d05de25,S0000636,33,113,unproductive_cycle,False,False,True,False,False,,20.0
Final500,Final500_T000093,5ed69fa1b7c5819dcf0c1e233634f7941c8d45919509787ca7223bfe4d05de25,S0000637,0,2,productive_iteration,False,True,False,False,False,,1.0
Final500,Final500_T000093,5ed69fa1b7c5819dcf0c1e233634f7941c8d45919509787ca7223bfe4d05de25,S0000638,5,13,productive_iteration,False,True,False,False,False,,7.0
Final500,Final500_T000093,5ed69fa1b7c5819dcf0c1e233634f7941c8d45919509787ca7223bfe4d05de25,S0000639,25,32,unproductive_cycle,False,False,True,False,False,,8.0
Final500,Final500_T000093,5ed69fa1b7c5819dcf0c1e233634f7941c8d45919509787ca7223bfe4d05de25,S0000640,34,36,unproductive_cycle,False,False,True,False,False,,3.0
Final500,Final500_T000093,5ed69fa1b7c5819dcf0c1e233634f7941c8d45919509787ca7223bfe4d05de25,S0000641,42,44,unproductive_cycle,False,False,True,False,False,,3.0
Final500,Final500_T000093,5ed69fa1b7c5819dcf0c1e233634f7941c8d45919509787ca7223bfe4d05de25,S0000642,50,64,unproductive_cycle,False,False,True,False,False,,15.0
Final500,Final500_T000093,5ed69fa1b7c5819dcf0c1e233634f7941c8d45919509787ca7223bfe4d05de25,S0000643,66,68,unproductive_cycle,False,False,True,False,False,,3.0
Final500,Final500_T000093,5ed69fa1b7c5819dcf0c1e233634f7941c8d45919509787ca7223bfe4d05de25,S0000644,70,88,unproductive_cycle,False,False,True,False,False,,19.0
Final500,Final500_T000093,5ed69fa1b7c5819dcf0c1e233634f7941c8d45919509787ca7223bfe4d05de25,S0000645,90,92,unproductive_cycle,False,False,True,False,False,,3.0
Final500,Final500_T000093,5ed69fa1b7c5819dcf0c1e233634f7941c8d45919509787ca7223bfe4d05de25,S0000646,94,96,unproductive_cycle,False,False,True,False,False,,3.0
Final500,Final500_T000093,5ed69fa1b7c5819dcf0c1e233634f7941c8d45919509787ca7223bfe4d05de25,S0000647,98,100,unproductive_cycle,False,False,True,False,False,,3.0
Final500,Final500_T000093,5ed69fa1b7c5819dcf0c1e233634f7941c8d45919509787ca7223bfe4d05de25,S0000648,102,110,unproductive_cycle,False,False,True,False,False,,9.0
Final500,Final500_T000094,c596eada831a2b4cdd428cb255139cf10b349a3ffcd5b509653eaf9f7a211154,S0000649,8,8,productive_iteration,False,True,False,False,False,,1.0
Final500,Final500_T000094,c596eada831a2b4cdd428cb255139cf10b349a3ffcd5b509653eaf9f7a211154,S0000650,0,7,productive_iteration,False,True,False,False,False,,8.0
Final500,Final500_T000094,c596eada831a2b4cdd428cb255139cf10b349a3ffcd5b509653eaf9f7a211154,S0000651,10,18,productive_iteration,False,True,False,False,False,,9.0
Final500,Final500_T000094,c596eada831a2b4cdd428cb255139cf10b349a3ffcd5b509653eaf9f7a211154,S0000652,19,151,unproductive_cycle,False,False,True,False,False,,133.0
Final500,Final500_T000095,3ce68f908e5e9d0822fbf10f41303def5bb525df6c95425096e81d5841128499,S0000653,0,7,productive_iteration,True,True,False,False,False,,8.0
Final500,Final500_T000095,3ce68f908e5e9d0822fbf10f41303def5bb525df6c95425096e81d5841128499,S0000654,16,29,productive_iteration,True,True,False,False,False,,14.0
Final500,Final500_T000095,3ce68f908e5e9d0822fbf10f41303def5bb525df6c95425096e81d5841128499,S0000655,8,15,unproductive_cycle,False,False,True,False,False,,8.0
Final500,Final500_T000095,3ce68f908e5e9d0822fbf10f41303def5bb525df6c95425096e81d5841128499,S0000656,30,85,unproductive_cycle,False,False,True,False,False,,56.0
Final500,Final500_T000096,6528540d388009ac568c8539ba146020aa1acafd7d891d62ce7793ae2e705339,S0000657,12,35,productive_iteration,True,True,False,False,False,,8.0
Final500,Final500_T000096,6528540d388009ac568c8539ba146020aa1acafd7d891d62ce7793ae2e705339,S0000658,18,19,unproductive_cycle,False,False,True,False,False,,2.0
Final500,Final500_T000096,6528540d388009ac568c8539ba146020aa1acafd7d891d62ce7793ae2e705339,S0000659,0,11,productive_iteration,False,True,False,False,False,,9.0
Final500,Final500_T000096,6528540d388009ac568c8539ba146020aa1acafd7d891d62ce7793ae2e705339,S0000660,36,40,productive_iteration,True,True,False,False,False,,2.0
Final500,Final500_T000097,94bc36cd33e269520493e720ed981fc3e933f06bbea62cdfbca0dc85b1b4268d,S0000661,5,11,productive_iteration,True,True,False,False,False,,4.0
Final500,Final500_T000097,94bc36cd33e269520493e720ed981fc3e933f06bbea62cdfbca0dc85b1b4268d,S0000662,12,33,productive_iteration,True,True,False,False,False,,5.0
Final500,Final500_T000097,94bc36cd33e269520493e720ed981fc3e933f06bbea62cdfbca0dc85b1b4268d,S0000663,12,33,unproductive_cycle,False,False,True,False,False,,17.0
Final500,Final500_T000098,7023ade4e9c5d9770fa7330c890c3d1515262e71268c382f894ac2cac0f0d5b0,S0000664,0,29,productive_iteration,True,True,False,False,False,,8.0
Final500,Final500_T000098,7023ade4e9c5d9770fa7330c890c3d1515262e71268c382f894ac2cac0f0d5b0,S0000665,30,31,unproductive_cycle,False,False,True,False,False,,2.0
Final500,Final500_T000098,7023ade4e9c5d9770fa7330c890c3d1515262e71268c382f894ac2cac0f0d5b0,S0000666,32,35,productive_iteration,True,True,False,False,False,,3.0
Final500,Final500_T000098,7023ade4e9c5d9770fa7330c890c3d1515262e71268c382f894ac2cac0f0d5b0,S0000667,12,15,unproductive_cycle,False,False,True,False,False,,4.0
Final500,Final500_T000098,7023ade4e9c5d9770fa7330c890c3d1515262e71268c382f894ac2cac0f0d5b0,S0000668,19,27,productive_iteration,True,True,False,False,False,,2.0
Final500,Final500_T000098,7023ade4e9c5d9770fa7330c890c3d1515262e71268c382f894ac2cac0f0d5b0,S0000669,19,27,unproductive_cycle,False,False,True,False,False,,7.0
Final500,Final500_T000099,8bce3e2e6fce9dacd6ea7abb335273e5045f88e127311025950c5d48829eb5ff,S0000670,0,12,productive_iteration,False,True,False,False,False,,6.0
Final500,Final500_T000100,7f9c16d91f6c4cc15ba19c7719f16e1b04898e09bec3ae6dc37d58e32fcb2a94,S0000671,0,13,productive_iteration,False,True,False,False,False,,14.0
Final500,Final500_T000101,8fd0258aea17f2ba0222c82365b3424a1808a6194aa8e1058356a1a96770ce90,S0000672,15,18,unproductive_cycle,False,False,True,False,False,,4.0
Final500,Final500_T000101,8fd0258aea17f2ba0222c82365b3424a1808a6194aa8e1058356a1a96770ce90,S0000673,0,14,productive_iteration,True,True,False,False,False,,15.0
Final500,Final500_T000102,76df889155a932a7f4ae02258aa531a8085e994549383419e3d3842a6a98fadd,S0000674,0,20,productive_iteration,False,True,False,False,False,,20.0
Final500,Final500_T000103,e2c85334056f5d69c750d12e90c4bca4aeccf3c41d34ef5b1cc01e62b1d7194a,S0000675,0,16,productive_iteration,True,True,False,False,False,,17.0
Final500,Final500_T000104,db58c39a5e1203cdf65b4c928bfa9d1c776d3c5d728575def4a97cf3fe56c476,S0000676,0,7,productive_iteration,False,True,False,False,False,,8.0
Final500,Final500_T000104,db58c39a5e1203cdf65b4c928bfa9d1c776d3c5d728575def4a97cf3fe56c476,S0000677,9,10,productive_iteration,False,True,False,False,False,,2.0
Final500,Final500_T000104,db58c39a5e1203cdf65b4c928bfa9d1c776d3c5d728575def4a97cf3fe56c476,S0000678,12,17,productive_iteration,False,True,False,False,False,,4.0
Final500,Final500_T000105,fb5e16c4dd5bd296f4812424adbb6cc6b8aceff106778c660b47acc7d1a228d6,S0000679,0,18,productive_iteration,True,True,False,False,False,,18.0
Final500,Final500_T000106,2a406cccdc81de4929c5459d1f5ac72ab11c83efa6dbce17e29abe6c77da5cfb,S0000680,0,14,productive_iteration,False,True,False,False,False,,15.0
Final500,Final500_T000107,105b431214d172aaae16aeb6c6fa1171019d5cbfaad638f8d358a1b3ec82d5bf,S0000681,3,7,productive_iteration,False,True,False,False,False,,3.0
Final500,Final500_T000107,105b431214d172aaae16aeb6c6fa1171019d5cbfaad638f8d358a1b3ec82d5bf,S0000682,8,8,unproductive_cycle,False,False,True,False,False,,1.0
Final500,Final500_T000107,105b431214d172aaae16aeb6c6fa1171019d5cbfaad638f8d358a1b3ec82d5bf,S0000683,0,2,productive_iteration,False,True,False,False,False,,3.0
Final500,Final500_T000107,105b431214d172aaae16aeb6c6fa1171019d5cbfaad638f8d358a1b3ec82d5bf,S0000684,4,5,productive_iteration,False,True,False,False,False,,2.0
Final500,Final500_T000107,105b431214d172aaae16aeb6c6fa1171019d5cbfaad638f8d358a1b3ec82d5bf,S0000685,9,10,productive_iteration,True,True,False,False,False,,2.0
Final500,Final500_T000108,204d34bbdce1aa4513fcd647bcabcacb39ea8e3c107ad7409e932d66e045476d,S0000686,8,15,productive_iteration,True,True,False,False,False,,2.0
Final500,Final500_T000108,204d34bbdce1aa4513fcd647bcabcacb39ea8e3c107ad7409e932d66e045476d,S0000687,5,7,productive_iteration,False,True,False,False,False,,3.0
Final500,Final500_T000108,204d34bbdce1aa4513fcd647bcabcacb39ea8e3c107ad7409e932d66e045476d,S0000688,17,171,unproductive_cycle,False,False,True,False,False,,125.0
Final500,Final500_T000109,f9c723e5524926d44c8b5d8b74fc5b134264d4ae8b2ffea54a71601f462a474a,S0000689,7,11,productive_iteration,False,True,False,False,False,,2.0
Final500,Final500_T000109,f9c723e5524926d44c8b5d8b74fc5b134264d4ae8b2ffea54a71601f462a474a,S0000690,23,29,productive_iteration,False,True,False,False,False,,6.0
Final500,Final500_T000109,f9c723e5524926d44c8b5d8b74fc5b134264d4ae8b2ffea54a71601f462a474a,S0000691,39,40,productive_iteration,False,True,False,False,False,,2.0
Final500,Final500_T000109,f9c723e5524926d44c8b5d8b74fc5b134264d4ae8b2ffea54a71601f462a474a,S0000692,1,6,unproductive_cycle,False,False,True,False,False,,6.0
Final500,Final500_T000110,748bd703cc4e94ba5953153e925c37d73cc0c15f33385dd694985e94ed2da54f,S0000693,11,34,productive_iteration,False,True,False,False,False,,7.0
Final500,Final500_T000110,748bd703cc4e94ba5953153e925c37d73cc0c15f33385dd694985e94ed2da54f,S0000694,24,24,unproductive_cycle,False,False,True,False,False,,1.0
Final500,Final500_T000110,748bd703cc4e94ba5953153e925c37d73cc0c15f33385dd694985e94ed2da54f,S0000695,3,10,productive_iteration,False,True,False,False,False,,2.0
Final500,Final500_T000110,748bd703cc4e94ba5953153e925c37d73cc0c15f33385dd694985e94ed2da54f,S0000696,14,15,productive_iteration,False,True,False,False,False,,2.0
Final500,Final500_T000110,748bd703cc4e94ba5953153e925c37d73cc0c15f33385dd694985e94ed2da54f,S0000697,17,18,productive_iteration,False,True,False,False,False,,1.0
Final500,Final500_T000110,748bd703cc4e94ba5953153e925c37d73cc0c15f33385dd694985e94ed2da54f,S0000698,20,23,productive_iteration,False,True,False,False,False,,3.0
Final500,Final500_T000110,748bd703cc4e94ba5953153e925c37d73cc0c15f33385dd694985e94ed2da54f,S0000699,25,32,unproductive_cycle,False,False,True,False,False,,8.0
Final500,Final500_T000110,748bd703cc4e94ba5953153e925c37d73cc0c15f33385dd694985e94ed2da54f,S0000700,35,46,unproductive_cycle,False,False,True,False,False,,12.0
Final500,Final500_T000111,7b82d7e91b4f91f85449d4bbab325a8760ba85858998761c24626c4d5439c824,S0000701,0,16,productive_iteration,False,True,False,False,False,,17.0
Final500,Final500_T000111,7b82d7e91b4f91f85449d4bbab325a8760ba85858998761c24626c4d5439c824,S0000702,17,19,unproductive_cycle,False,False,True,False,False,,3.0
Final500,Final500_T000112,71752d7f0e82219d6264016f73b65219b1e72a911e65caf133844d06bf4724b5,S0000703,9,9,productive_iteration,False,True,False,False,False,,1.0
Final500,Final500_T000112,71752d7f0e82219d6264016f73b65219b1e72a911e65caf133844d06bf4724b5,S0000704,0,8,productive_iteration,False,True,False,False,False,,9.0
Final500,Final500_T000112,71752d7f0e82219d6264016f73b65219b1e72a911e65caf133844d06bf4724b5,S0000705,10,15,productive_iteration,True,True,False,False,False,,6.0
Final500,Final500_T000113,7f72290ab787806bdae16d188d6457c111e8761ff949771a0210ab33d428043c,S0000706,0,12,productive_iteration,False,True,False,False,False,,13.0
Final500,Final500_T000114,74b954c7db0d4fa00145ca5acda35e73116047300070e7f3700482d7caa6d31c,S0000707,12,40,productive_iteration,True,True,False,False,False,,18.0
Final500,Final500_T000114,74b954c7db0d4fa00145ca5acda35e73116047300070e7f3700482d7caa6d31c,S0000708,15,41,unproductive_cycle,False,False,True,False,False,,7.0
Final500,Final500_T000114,74b954c7db0d4fa00145ca5acda35e73116047300070e7f3700482d7caa6d31c,S0000709,17,18,productive_iteration,True,True,False,False,False,,1.0
Final500,Final500_T000114,74b954c7db0d4fa00145ca5acda35e73116047300070e7f3700482d7caa6d31c,S0000710,42,43,productive_iteration,True,True,False,False,False,,2.0
Final500,Final500_T000114,74b954c7db0d4fa00145ca5acda35e73116047300070e7f3700482d7caa6d31c,S0000711,36,38,unproductive_cycle,False,False,True,False,False,,3.0
Final500,Final500_T000115,7b49fd4eae20b81abf38a10429bd3648837d01690ab593b0feb8064702f9017c,S0000712,17,17,unproductive_cycle,False,False,True,False,False,,1.0
Final500,Final500_T000115,7b49fd4eae20b81abf38a10429bd3648837d01690ab593b0feb8064702f9017c,S0000713,0,16,productive_iteration,False,True,False,False,False,,17.0
Final500,Final500_T000115,7b49fd4eae20b81abf38a10429bd3648837d01690ab593b0feb8064702f9017c,S0000714,18,28,productive_iteration,True,True,False,False,False,,5.0
Final500,Final500_T000115,7b49fd4eae20b81abf38a10429bd3648837d01690ab593b0feb8064702f9017c,S0000715,18,28,unproductive_cycle,False,False,True,False,False,,6.0
Final500,Final500_T000116,8823cc51e756ea17ec18cddf76dc670b9c66f20515eb179bf42d9c48881f8607,S0000716,5,6,productive_iteration,False,True,False,False,False,,2.0
Final500,Final500_T000116,8823cc51e756ea17ec18cddf76dc670b9c66f20515eb179bf42d9c48881f8607,S0000717,0,4,productive_iteration,False,True,False,False,False,,5.0
Final500,Final500_T000116,8823cc51e756ea17ec18cddf76dc670b9c66f20515eb179bf42d9c48881f8607,S0000718,7,13,productive_iteration,False,True,False,False,False,,7.0
Final500,Final500_T000117,eb0eb2618e6a7e06c66de019323b138c444f268f38992709420de4b8846f43b4,S0000719,9,10,productive_iteration,True,True,False,False,False,,2.0
Final500,Final500_T000117,eb0eb2618e6a7e06c66de019323b138c444f268f38992709420de4b8846f43b4,S0000720,0,8,productive_iteration,False,True,False,False,False,,9.0
Final500,Final500_T000117,eb0eb2618e6a7e06c66de019323b138c444f268f38992709420de4b8846f43b4,S0000721,11,13,productive_iteration,False,True,False,False,False,,3.0
Final500,Final500_T000118,276cd18e0364c82801f7a04e8aad085c6c45f825cd0e055ed453dceb9b876672,S0000722,0,12,productive_iteration,False,True,False,False,False,,11.0
Final500,Final500_T000118,276cd18e0364c82801f7a04e8aad085c6c45f825cd0e055ed453dceb9b876672,S0000723,0,12,unproductive_cycle,False,False,True,False,False,,1.0
Final500,Final500_T000119,6facd4e7365a0620557af65447309c8a445f057b15826d2c374f176218fd4f76,S0000724,1,9,productive_iteration,True,True,False,False,False,,6.0
Final500,Final500_T000119,6facd4e7365a0620557af65447309c8a445f057b15826d2c374f176218fd4f76,S0000725,1,9,unproductive_cycle,False,False,True,False,False,,1.0
Final500,Final500_T000120,b348c033346609e34c4319c07ecc802670a7a5103e3892e33b9a0ab513f9f3f3,S0000726,12,12,productive_iteration,True,True,False,False,False,,1.0
Final500,Final500_T000120,b348c033346609e34c4319c07ecc802670a7a5103e3892e33b9a0ab513f9f3f3,S0000727,13,13,unproductive_cycle,False,False,True,False,False,,1.0
Final500,Final500_T000120,b348c033346609e34c4319c07ecc802670a7a5103e3892e33b9a0ab513f9f3f3,S0000728,0,3,productive_iteration,False,True,False,False,False,,4.0
Final500,Final500_T000120,b348c033346609e34c4319c07ecc802670a7a5103e3892e33b9a0ab513f9f3f3,S0000729,5,11,productive_iteration,False,True,False,False,False,,7.0
Final500,Final500_T000120,b348c033346609e34c4319c07ecc802670a7a5103e3892e33b9a0ab513f9f3f3,S0000730,14,15,productive_iteration,False,True,False,False,False,,2.0
Final500,Final500_T000121,6eb35e6ebe164899a4a31fc95c2d935ed4b9e52b4fe0a541da5802b61a18149e,S0000731,0,15,productive_iteration,True,True,False,False,False,,15.0
Final500,Final500_T000122,59a3cdaaeaf6ce9c0d3d091a031c53b4521840bb702018e99798591a3200a4dd,S0000732,3,3,unproductive_cycle,False,False,True,False,False,,1.0
Final500,Final500_T000122,59a3cdaaeaf6ce9c0d3d091a031c53b4521840bb702018e99798591a3200a4dd,S0000733,0,2,productive_iteration,False,True,False,False,False,,2.0
Final500,Final500_T000122,59a3cdaaeaf6ce9c0d3d091a031c53b4521840bb702018e99798591a3200a4dd,S0000734,4,16,productive_iteration,False,True,False,False,False,,12.0
Final500,Final500_T000122,59a3cdaaeaf6ce9c0d3d091a031c53b4521840bb702018e99798591a3200a4dd,S0000735,4,16,unproductive_cycle,False,False,True,False,False,,1.0
Final500,Final500_T000123,902702229cfb75a989c70a927913df9630020150b44176e56664a3b5513892d7,S0000736,0,17,productive_iteration,True,True,False,False,False,,17.0
Final500,Final500_T000123,902702229cfb75a989c70a927913df9630020150b44176e56664a3b5513892d7,S0000737,0,17,unproductive_cycle,False,False,True,False,False,,1.0
Final500,Final500_T000124,41e41218df82893c9bcb38d5e67902060e96fe56c0e80a3c27929b656599af44,S0000738,6,66,productive_iteration,True,True,False,False,False,,13.0
Final500,Final500_T000124,41e41218df82893c9bcb38d5e67902060e96fe56c0e80a3c27929b656599af44,S0000739,48,81,unproductive_cycle,False,False,True,False,False,,7.0
Final500,Final500_T000124,41e41218df82893c9bcb38d5e67902060e96fe56c0e80a3c27929b656599af44,S0000740,0,5,productive_iteration,False,True,False,False,False,,2.0
Final500,Final500_T000124,41e41218df82893c9bcb38d5e67902060e96fe56c0e80a3c27929b656599af44,S0000741,7,13,productive_iteration,False,True,False,False,False,,3.0
Final500,Final500_T000124,41e41218df82893c9bcb38d5e67902060e96fe56c0e80a3c27929b656599af44,S0000742,32,47,productive_iteration,True,True,False,False,False,,11.0
Final500,Final500_T000124,41e41218df82893c9bcb38d5e67902060e96fe56c0e80a3c27929b656599af44,S0000743,16,24,unproductive_cycle,False,False,True,False,False,,9.0
Final500,Final500_T000124,41e41218df82893c9bcb38d5e67902060e96fe56c0e80a3c27929b656599af44,S0000744,26,31,unproductive_cycle,False,False,True,False,False,,6.0
Final500,Final500_T000124,41e41218df82893c9bcb38d5e67902060e96fe56c0e80a3c27929b656599af44,S0000745,51,55,productive_iteration,False,True,False,False,False,,1.0
Final500,Final500_T000124,41e41218df82893c9bcb38d5e67902060e96fe56c0e80a3c27929b656599af44,S0000746,51,55,unproductive_cycle,False,False,True,False,False,,4.0
Final500,Final500_T000124,41e41218df82893c9bcb38d5e67902060e96fe56c0e80a3c27929b656599af44,S0000747,67,73,productive_iteration,True,True,False,False,False,,1.0
Final500,Final500_T000124,41e41218df82893c9bcb38d5e67902060e96fe56c0e80a3c27929b656599af44,S0000748,67,73,unproductive_cycle,False,False,True,False,False,,6.0
Final500,Final500_T000124,41e41218df82893c9bcb38d5e67902060e96fe56c0e80a3c27929b656599af44,S0000749,75,79,unproductive_cycle,False,False,True,False,False,,5.0
Final500,Final500_T000124,41e41218df82893c9bcb38d5e67902060e96fe56c0e80a3c27929b656599af44,S0000750,82,86,unproductive_cycle,False,False,True,False,False,,5.0
Final500,Final500_T000125,f5b98566ca8b21e4af74e6e19c4ad26121fad7ac9cdfd9ffcba691f329e791e9,S0000751,0,5,productive_iteration,False,True,False,False,False,,6.0
Final500,Final500_T000125,f5b98566ca8b21e4af74e6e19c4ad26121fad7ac9cdfd9ffcba691f329e791e9,S0000752,7,23,productive_iteration,True,True,False,False,False,,15.0
Final500,Final500_T000126,b0d0c0c07cb956cee8bfd8a6727d3191c8f8a1b1cbb42eb69e8617a98b009b63,S0000753,19,20,unproductive_cycle,False,False,True,False,False,,2.0
Final500,Final500_T000126,b0d0c0c07cb956cee8bfd8a6727d3191c8f8a1b1cbb42eb69e8617a98b009b63,S0000754,0,10,productive_iteration,False,True,False,False,False,,10.0
Final500,Final500_T000126,b0d0c0c07cb956cee8bfd8a6727d3191c8f8a1b1cbb42eb69e8617a98b009b63,S0000755,12,18,productive_iteration,False,True,False,False,False,,5.0
Final500,Final500_T000126,b0d0c0c07cb956cee8bfd8a6727d3191c8f8a1b1cbb42eb69e8617a98b009b63,S0000756,12,18,unproductive_cycle,False,False,True,False,False,,2.0
Final500,Final500_T000127,9fd2314e7f54e367e8dacd7c3a06315aa715972982cdf7a2a89b1ddbf6dad946,S0000757,0,14,productive_iteration,False,True,False,False,False,,15.0
Final500,Final500_T000127,9fd2314e7f54e367e8dacd7c3a06315aa715972982cdf7a2a89b1ddbf6dad946,S0000758,16,19,productive_iteration,False,True,False,False,False,,4.0
Final500,Final500_T000127,9fd2314e7f54e367e8dacd7c3a06315aa715972982cdf7a2a89b1ddbf6dad946,S0000759,20,24,unproductive_cycle,False,False,True,False,False,,5.0
Final500,Final500_T000128,a9ef1b7a51258dac62ad5c87de7ea1809a0dabbdaf510c48b0881005134e5ddf,S0000760,0,20,productive_iteration,False,True,False,False,False,,20.0
Final500,Final500_T000129,12aede04230765c25b651b2738ebdd37a7b5def34157d6148574083d75292627,S0000761,14,15,productive_iteration,True,True,False,False,False,,2.0
Final500,Final500_T000129,12aede04230765c25b651b2738ebdd37a7b5def34157d6148574083d75292627,S0000762,0,13,productive_iteration,False,True,False,False,False,,14.0
Final500,Final500_T000129,12aede04230765c25b651b2738ebdd37a7b5def34157d6148574083d75292627,S0000763,16,26,productive_iteration,True,True,False,False,False,,11.0
Final500,Final500_T000130,3f16a4eeb7c4129bb87806b9ccff79545d009cacccaffb4d111f953f3fbcc882,S0000764,0,18,productive_iteration,True,True,False,False,False,,17.0
Final500,Final500_T000130,3f16a4eeb7c4129bb87806b9ccff79545d009cacccaffb4d111f953f3fbcc882,S0000765,0,18,unproductive_cycle,False,False,True,False,False,,1.0
Final500,Final500_T000131,bdf6bbaa5a1f3e8c222491cc54ea25537bf3561ac464e204bd149c2edae6f51a,S0000766,0,4,productive_iteration,False,True,False,False,False,,4.0
Final500,Final500_T000131,bdf6bbaa5a1f3e8c222491cc54ea25537bf3561ac464e204bd149c2edae6f51a,S0000767,6,13,productive_iteration,False,True,False,False,False,,7.0
Final500,Final500_T000131,bdf6bbaa5a1f3e8c222491cc54ea25537bf3561ac464e204bd149c2edae6f51a,S0000768,15,17,productive_iteration,False,True,False,False,False,,3.0
Final500,Final500_T000132,5b11132884f34fec6a703d24f08387103e51cadebaae32a2d91ffcf90e39fa2b,S0000769,0,1,productive_iteration,False,True,False,False,False,,2.0
Final500,Final500_T000132,5b11132884f34fec6a703d24f08387103e51cadebaae32a2d91ffcf90e39fa2b,S0000770,2,16,productive_iteration,True,True,False,False,False,,15.0
Final500,Final500_T000133,c4ad59054d3620d43e59b39389ce602235c3b2c5a68f632e850fc54012288f5c,S0000771,0,6,productive_iteration,False,True,False,False,False,,7.0
Final500,Final500_T000133,c4ad59054d3620d43e59b39389ce602235c3b2c5a68f632e850fc54012288f5c,S0000772,8,19,productive_iteration,True,True,False,False,False,,11.0
Final500,Final500_T000134,05cbc2dd49229e572de9a899bbb986a2285ce75ebf68f3279994c589a6fbc543,S0000773,0,13,productive_iteration,True,True,False,False,False,,14.0
Final500,Final500_T000135,2d1e1dc205af4c405cf745535c2b683aa1cdd920a497143e0ce8ec3e21508e9d,S0000774,0,0,productive_iteration,False,True,False,False,False,,1.0
Final500,Final500_T000135,2d1e1dc205af4c405cf745535c2b683aa1cdd920a497143e0ce8ec3e21508e9d,S0000775,2,7,productive_iteration,False,True,False,False,False,,6.0
Final500,Final500_T000135,2d1e1dc205af4c405cf745535c2b683aa1cdd920a497143e0ce8ec3e21508e9d,S0000776,11,15,productive_iteration,True,True,False,False,False,,3.0
Final500,Final500_T000135,2d1e1dc205af4c405cf745535c2b683aa1cdd920a497143e0ce8ec3e21508e9d,S0000777,11,15,unproductive_cycle,False,False,True,False,False,,2.0
Final500,Final500_T000135,2d1e1dc205af4c405cf745535c2b683aa1cdd920a497143e0ce8ec3e21508e9d,S0000778,8,10,unproductive_cycle,False,False,True,False,False,,3.0
Final500,Final500_T000136,89bc161e25a759f6905a9833677f733c35086aed46d8a0e23bf6eac1a49b7e6f,S0000779,0,35,productive_iteration,True,True,False,False,False,,12.0
Final500,Final500_T000136,89bc161e25a759f6905a9833677f733c35086aed46d8a0e23bf6eac1a49b7e6f,S0000780,25,33,unproductive_cycle,False,False,True,False,False,,4.0
Final500,Final500_T000136,89bc161e25a759f6905a9833677f733c35086aed46d8a0e23bf6eac1a49b7e6f,S0000781,4,10,productive_iteration,False,True,False,False,False,,3.0
Final500,Final500_T000136,89bc161e25a759f6905a9833677f733c35086aed46d8a0e23bf6eac1a49b7e6f,S0000782,14,15,productive_iteration,False,True,False,False,False,,2.0
Final500,Final500_T000136,89bc161e25a759f6905a9833677f733c35086aed46d8a0e23bf6eac1a49b7e6f,S0000783,18,21,productive_iteration,False,True,False,False,False,,2.0
Final500,Final500_T000136,89bc161e25a759f6905a9833677f733c35086aed46d8a0e23bf6eac1a49b7e6f,S0000784,36,39,productive_iteration,False,True,False,False,False,,4.0
Final500,Final500_T000136,89bc161e25a759f6905a9833677f733c35086aed46d8a0e23bf6eac1a49b7e6f,S0000785,40,42,unproductive_cycle,False,False,True,False,False,,3.0
Final500,Final500_T000136,89bc161e25a759f6905a9833677f733c35086aed46d8a0e23bf6eac1a49b7e6f,S0000786,44,52,unproductive_cycle,False,False,True,False,False,,9.0
Final500,Final500_T000137,a9cf6edb6483a4a5e98dd853c50759b8ec4a1f4550bc939f19b1418e7cec262b,S0000787,21,34,productive_iteration,True,True,False,False,False,,8.0
Final500,Final500_T000137,a9cf6edb6483a4a5e98dd853c50759b8ec4a1f4550bc939f19b1418e7cec262b,S0000788,10,28,unproductive_cycle,False,False,True,False,False,,5.0
Final500,Final500_T000137,a9cf6edb6483a4a5e98dd853c50759b8ec4a1f4550bc939f19b1418e7cec262b,S0000789,13,20,productive_iteration,False,True,False,False,False,,8.0
Final500,Final500_T000137,a9cf6edb6483a4a5e98dd853c50759b8ec4a1f4550bc939f19b1418e7cec262b,S0000790,22,23,productive_iteration,False,True,False,False,False,,1.0
Final500,Final500_T000137,a9cf6edb6483a4a5e98dd853c50759b8ec4a1f4550bc939f19b1418e7cec262b,S0000791,35,36,productive_iteration,False,True,False,False,False,,1.0
Final500,Final500_T000138,8668f8d501602f0b48c6217ae2d67a68c49b109f705abfd53c2aa972df755b49,S0000792,0,15,productive_iteration,False,True,False,False,False,,14.0
Final500,Final500_T000139,cbe119c677e6a04c993a68e9f3cdfb01d1f55a77610519e1b44cf5c7c8997ee8,S0000793,0,25,productive_iteration,False,True,False,False,False,,20.0
Final500,Final500_T000140,4602927085abd4bf5d837df8f6bd02ed37faa23d74bf1d0dc2c58577a6b31669,S0000794,17,17,productive_iteration,True,True,False,False,False,,1.0
Final500,Final500_T000140,4602927085abd4bf5d837df8f6bd02ed37faa23d74bf1d0dc2c58577a6b31669,S0000795,0,16,productive_iteration,False,True,False,False,False,,17.0
Final500,Final500_T000140,4602927085abd4bf5d837df8f6bd02ed37faa23d74bf1d0dc2c58577a6b31669,S0000796,18,23,productive_iteration,False,True,False,False,False,,5.0
Final500,Final500_T000141,5379ff4df617c3756d32ca391f57a6370a4fbd655f111baba122a65610f52c1f,S0000797,0,31,productive_iteration,True,True,False,False,False,,6.0
Final500,Final500_T000141,5379ff4df617c3756d32ca391f57a6370a4fbd655f111baba122a65610f52c1f,S0000798,19,29,productive_iteration,True,True,False,False,False,,2.0
Final500,Final500_T000141,5379ff4df617c3756d32ca391f57a6370a4fbd655f111baba122a65610f52c1f,S0000799,2,4,unproductive_cycle,False,False,True,False,False,,3.0
Final500,Final500_T000141,5379ff4df617c3756d32ca391f57a6370a4fbd655f111baba122a65610f52c1f,S0000800,8,18,productive_iteration,False,True,False,False,False,,5.0
Final500,Final500_T000142,afb430537b4fa14064e392cba51e531538a04d2dae4db0069338539651a0dd8d,S0000801,1,43,productive_iteration,False,True,False,False,False,,14.0
Final500,Final500_T000142,afb430537b4fa14064e392cba51e531538a04d2dae4db0069338539651a0dd8d,S0000802,30,47,unproductive_cycle,False,False,True,False,False,,2.0
Final500,Final500_T000142,afb430537b4fa14064e392cba51e531538a04d2dae4db0069338539651a0dd8d,S0000803,5,6,productive_iteration,False,True,False,False,False,,2.0
Final500,Final500_T000142,afb430537b4fa14064e392cba51e531538a04d2dae4db0069338539651a0dd8d,S0000804,10,11,productive_iteration,False,True,False,False,False,,2.0
Final500,Final500_T000142,afb430537b4fa14064e392cba51e531538a04d2dae4db0069338539651a0dd8d,S0000805,14,18,productive_iteration,False,True,False,False,False,,1.0
Final500,Final500_T000142,afb430537b4fa14064e392cba51e531538a04d2dae4db0069338539651a0dd8d,S0000806,23,24,productive_iteration,False,True,False,False,False,,2.0
Final500,Final500_T000142,afb430537b4fa14064e392cba51e531538a04d2dae4db0069338539651a0dd8d,S0000807,31,38,productive_iteration,False,True,False,False,False,,5.0
Final500,Final500_T000142,afb430537b4fa14064e392cba51e531538a04d2dae4db0069338539651a0dd8d,S0000808,44,46,unproductive_cycle,False,False,True,False,False,,3.0
Final500,Final500_T000143,295f7eff90f02b1915f15e902aeb9d4c0094f3824f74d3d5bffc110df48c4505,S0000809,11,12,productive_iteration,True,True,False,False,False,,2.0
Final500,Final500_T000143,295f7eff90f02b1915f15e902aeb9d4c0094f3824f74d3d5bffc110df48c4505,S0000810,21,31,unproductive_cycle,False,False,True,False,False,,9.0
Final500,Final500_T000143,295f7eff90f02b1915f15e902aeb9d4c0094f3824f74d3d5bffc110df48c4505,S0000811,35,45,productive_iteration,False,True,False,False,False,,7.0
Final500,Final500_T000143,295f7eff90f02b1915f15e902aeb9d4c0094f3824f74d3d5bffc110df48c4505,S0000812,35,45,unproductive_cycle,False,False,True,False,False,,1.0
Final500,Final500_T000143,295f7eff90f02b1915f15e902aeb9d4c0094f3824f74d3d5bffc110df48c4505,S0000813,8,10,unproductive_cycle,False,False,True,False,False,,2.0
Final500,Final500_T000144,825e3189c70d4cc67b391c82a78dc7be6fa24ae1da712f6912afe6a01cb332aa,S0000814,0,27,productive_iteration,True,True,False,False,False,,26.0
Final500,Final500_T000145,8aaff28e80a602655f52fa00b1c45d2c627aca216ea4d038d66a7db8e777fe6d,S0000815,0,28,productive_iteration,True,True,False,False,False,,29.0
Final500,Final500_T000146,2bff158169570405f2af4940dab5b233458d8ca56939bb982d8f1642da1fb8d2,S0000816,0,7,productive_iteration,False,True,False,False,False,,8.0
Final500,Final500_T000147,1922eec45b68d55f5ed936d21ad6dd922113782ca0360489d629c6fc5486e7d7,S0000817,14,28,productive_iteration,True,True,False,False,False,,5.0
Final500,Final500_T000147,1922eec45b68d55f5ed936d21ad6dd922113782ca0360489d629c6fc5486e7d7,S0000818,19,36,unproductive_cycle,False,False,True,False,False,,2.0
Final500,Final500_T000147,1922eec45b68d55f5ed936d21ad6dd922113782ca0360489d629c6fc5486e7d7,S0000819,29,35,unproductive_cycle,False,False,True,False,False,,7.0
Final500,Final500_T000147,1922eec45b68d55f5ed936d21ad6dd922113782ca0360489d629c6fc5486e7d7,S0000820,37,39,unproductive_cycle,False,False,True,False,False,,3.0
Final500,Final500_T000148,4b3d64f1136f6030ec054435a87639100710d678cef8cd9c102a31e0bd2ab268,S0000821,13,55,productive_iteration,True,True,False,False,False,,9.0
Final500,Final500_T000148,4b3d64f1136f6030ec054435a87639100710d678cef8cd9c102a31e0bd2ab268,S0000822,26,30,unproductive_cycle,False,False,True,False,False,,3.0
Final500,Final500_T000148,4b3d64f1136f6030ec054435a87639100710d678cef8cd9c102a31e0bd2ab268,S0000823,0,5,productive_iteration,False,True,False,False,False,,4.0
Final500,Final500_T000148,4b3d64f1136f6030ec054435a87639100710d678cef8cd9c102a31e0bd2ab268,S0000824,8,12,productive_iteration,False,True,False,False,False,,4.0
Final500,Final500_T000148,4b3d64f1136f6030ec054435a87639100710d678cef8cd9c102a31e0bd2ab268,S0000825,14,24,productive_iteration,False,True,False,False,False,,3.0
Final500,Final500_T000148,4b3d64f1136f6030ec054435a87639100710d678cef8cd9c102a31e0bd2ab268,S0000826,33,36,productive_iteration,False,True,False,False,False,,2.0
Final500,Final500_T000148,4b3d64f1136f6030ec054435a87639100710d678cef8cd9c102a31e0bd2ab268,S0000827,40,47,productive_iteration,False,True,False,False,False,,4.0
Final500,Final500_T000148,4b3d64f1136f6030ec054435a87639100710d678cef8cd9c102a31e0bd2ab268,S0000828,37,39,unproductive_cycle,False,False,True,False,False,,3.0
Final500,Final500_T000148,4b3d64f1136f6030ec054435a87639100710d678cef8cd9c102a31e0bd2ab268,S0000829,56,90,unproductive_cycle,False,False,True,False,False,,35.0
Final500,Final500_T000149,2438f92fbbee5f59281f6e1d285d81af4af29d1a6481700f6c70c11123b1874f,S0000830,0,11,productive_iteration,True,True,False,False,False,,12.0
Final500,Final500_T000150,dc88184be680d24e81ac8a62273bfef36539cc89d5bf21277e18df6e494fe63b,S0000831,0,13,productive_iteration,False,True,False,False,False,,14.0
Final500,Final500_T000151,0b7d783044ff231b4c672a0ffe97fde2a166c7e6ac529d9fa74706f19623d884,S0000832,8,94,unproductive_cycle,False,False,True,False,False,,9.0
Final500,Final500_T000151,0b7d783044ff231b4c672a0ffe97fde2a166c7e6ac529d9fa74706f19623d884,S0000833,0,5,productive_iteration,True,True,False,False,False,,3.0
Final500,Final500_T000151,0b7d783044ff231b4c672a0ffe97fde2a166c7e6ac529d9fa74706f19623d884,S0000834,91,92,productive_iteration,False,True,False,False,False,,1.0
Final500,Final500_T000151,0b7d783044ff231b4c672a0ffe97fde2a166c7e6ac529d9fa74706f19623d884,S0000835,91,92,unproductive_cycle,False,False,True,False,False,,1.0
Final500,Final500_T000151,0b7d783044ff231b4c672a0ffe97fde2a166c7e6ac529d9fa74706f19623d884,S0000836,14,89,unproductive_cycle,False,False,True,False,False,,76.0
Final500,Final500_T000152,01a788bc7324b19d7e47078588acef921530a9c90ad9b388b998bd20013ad1ec,S0000837,0,14,productive_iteration,False,True,False,False,False,,15.0
Final500,Final500_T000153,d333c5e9284e88e0a363115d0382709517f8092396e8c90d27fc77acacaac013,S0000838,0,25,productive_iteration,True,True,False,False,False,,24.0
Final500,Final500_T000154,e8d414391a63192fd1464d69d6c3a07ff4d1c1d3b8c5af6f0ed39d6fa23f9404,S0000839,0,7,productive_iteration,False,True,False,False,False,,8.0
Final500,Final500_T000155,6f038d60f93fffeb17fcf14a9684751fd703093ce275260dd1c458d24f966b1f,S0000840,0,17,productive_iteration,True,True,False,False,False,,17.0
Final500,Final500_T000156,c4eb50a797222d957b32d6169da151d2937d92141fef65531fe47b5ca2f2404e,S0000841,2,27,productive_iteration,True,True,False,False,False,,11.0
Final500,Final500_T000156,c4eb50a797222d957b32d6169da151d2937d92141fef65531fe47b5ca2f2404e,S0000842,28,76,unproductive_cycle,False,False,True,False,False,,2.0
Final500,Final500_T000156,c4eb50a797222d957b32d6169da151d2937d92141fef65531fe47b5ca2f2404e,S0000843,0,1,productive_iteration,False,True,False,False,False,,2.0
Final500,Final500_T000156,c4eb50a797222d957b32d6169da151d2937d92141fef65531fe47b5ca2f2404e,S0000844,17,18,productive_iteration,True,True,False,False,False,,2.0
Final500,Final500_T000156,c4eb50a797222d957b32d6169da151d2937d92141fef65531fe47b5ca2f2404e,S0000845,12,14,productive_iteration,False,True,False,False,False,,2.0
Final500,Final500_T000156,c4eb50a797222d957b32d6169da151d2937d92141fef65531fe47b5ca2f2404e,S0000846,19,24,unproductive_cycle,False,False,True,False,False,,6.0
Final500,Final500_T000156,c4eb50a797222d957b32d6169da151d2937d92141fef65531fe47b5ca2f2404e,S0000847,29,75,unproductive_cycle,False,False,True,False,False,,43.0
Final500,Final500_T000157,ac92d88cab5e5960a035d2d139022221504278e1c309ad976449231b63391b6d,S0000848,0,7,productive_iteration,False,True,False,False,False,,8.0
Final500,Final500_T000158,cfa18346d9618e3f239052a2505dbda78b36206ad61124698cd82248e358f91a,S0000849,0,15,productive_iteration,True,True,False,False,False,,16.0
Final500,Final500_T000159,2391acb8f3852bed4cd0cca2753f99656313c30addec09dd117d29a5dada33b0,S0000850,0,10,productive_iteration,False,True,False,False,False,,11.0
Final500,Final500_T000160,4d848a882aa35571ee8f61e739324852958cb64c27d2a035b48ab1b8177c2ec5,S0000851,0,9,productive_iteration,False,True,False,False,False,,10.0
Final500,Final500_T000161,ffa7842f8644838f47cd42916ce303ea8c208f2ad099bf70f25dc50b31174dea,S0000852,0,16,productive_iteration,True,True,False,False,False,,16.0
Final500,Final500_T000162,166725bf397ca11cb5320c28610f677e669a08afe214d9b13ab76be5cc7eb9ea,S0000853,0,11,productive_iteration,False,True,False,False,False,,12.0
Final500,Final500_T000163,4b2574fd3ca33f02a0c446bc0afeb6fe96206fc2d6ab19ea1fcbf87bf692dd95,S0000854,11,12,unproductive_cycle,False,False,True,False,False,,2.0
Final500,Final500_T000163,4b2574fd3ca33f02a0c446bc0afeb6fe96206fc2d6ab19ea1fcbf87bf692dd95,S0000855,0,7,productive_iteration,False,True,False,False,False,,8.0
Final500,Final500_T000163,4b2574fd3ca33f02a0c446bc0afeb6fe96206fc2d6ab19ea1fcbf87bf692dd95,S0000856,9,10,productive_iteration,False,True,False,False,False,,2.0
Final500,Final500_T000163,4b2574fd3ca33f02a0c446bc0afeb6fe96206fc2d6ab19ea1fcbf87bf692dd95,S0000857,13,16,productive_iteration,True,True,False,False,False,,4.0
Final500,Final500_T000164,4999ae87d05b211642d98b3eec3b9089d48305312cbeff01596fa651ba854757,S0000858,0,19,productive_iteration,True,True,False,False,False,,20.0
Final500,Final500_T000165,491cb29e29183d6d518b45eda024dded3264113ac3404ff4162cf90cd04bb428,S0000859,5,22,productive_iteration,True,True,False,False,False,,8.0
Final500,Final500_T000165,491cb29e29183d6d518b45eda024dded3264113ac3404ff4162cf90cd04bb428,S0000860,23,23,unproductive_cycle,False,False,True,False,False,,1.0
Final500,Final500_T000165,491cb29e29183d6d518b45eda024dded3264113ac3404ff4162cf90cd04bb428,S0000861,24,30,productive_iteration,True,True,False,False,False,,1.0
Final500,Final500_T000166,dacd7abbf9b2419401fc8348d4bf7f2e783a2f7f62e67e0e62eaaa5142ce8176,S0000862,10,10,unproductive_cycle,False,False,True,False,False,,1.0
Final500,Final500_T000166,dacd7abbf9b2419401fc8348d4bf7f2e783a2f7f62e67e0e62eaaa5142ce8176,S0000863,0,9,productive_iteration,False,True,False,False,False,,8.0
Final500,Final500_T000166,dacd7abbf9b2419401fc8348d4bf7f2e783a2f7f62e67e0e62eaaa5142ce8176,S0000864,0,9,unproductive_cycle,False,False,True,False,False,,2.0
Final500,Final500_T000166,dacd7abbf9b2419401fc8348d4bf7f2e783a2f7f62e67e0e62eaaa5142ce8176,S0000865,11,12,productive_iteration,False,True,False,False,False,,2.0
Final500,Final500_T000166,dacd7abbf9b2419401fc8348d4bf7f2e783a2f7f62e67e0e62eaaa5142ce8176,S0000866,18,19,productive_iteration,False,True,False,False,False,,2.0
Final500,Final500_T000166,dacd7abbf9b2419401fc8348d4bf7f2e783a2f7f62e67e0e62eaaa5142ce8176,S0000867,13,17,productive_iteration,True,True,False,False,False,,2.0
Final500,Final500_T000166,dacd7abbf9b2419401fc8348d4bf7f2e783a2f7f62e67e0e62eaaa5142ce8176,S0000868,13,17,unproductive_cycle,False,False,True,False,False,,3.0
Final500,Final500_T000167,0ae69050aa7f7d34c21491cc9a598ad33ca762615353fc964a12325109461f4b,S0000869,0,18,productive_iteration,False,True,False,False,False,,17.0
Final500,Final500_T000168,5b1a45586562734c162fc6bc4142f130f09785d3ef664f385daa0a2a424f2dad,S0000870,4,25,productive_iteration,True,True,False,False,False,,13.0
Final500,Final500_T000168,5b1a45586562734c162fc6bc4142f130f09785d3ef664f385daa0a2a424f2dad,S0000871,0,3,productive_iteration,False,True,False,False,False,,4.0
Final500,Final500_T000168,5b1a45586562734c162fc6bc4142f130f09785d3ef664f385daa0a2a424f2dad,S0000872,5,7,productive_iteration,False,True,False,False,False,,3.0
Final500,Final500_T000168,5b1a45586562734c162fc6bc4142f130f09785d3ef664f385daa0a2a424f2dad,S0000873,16,17,productive_iteration,True,True,False,False,False,,1.0
Final500,Final500_T000168,5b1a45586562734c162fc6bc4142f130f09785d3ef664f385daa0a2a424f2dad,S0000874,26,30,productive_iteration,True,True,False,False,False,,4.0
Final500,Final500_T000169,8091198935b2556d87ef211e8dad38f59673582d0854bb077c132cb33510c8c6,S0000875,0,15,productive_iteration,True,True,False,False,False,,16.0
Final500,Final500_T000169,8091198935b2556d87ef211e8dad38f59673582d0854bb077c132cb33510c8c6,S0000876,19,28,productive_iteration,False,True,False,False,False,,7.0
Final500,Final500_T000169,8091198935b2556d87ef211e8dad38f59673582d0854bb077c132cb33510c8c6,S0000877,16,18,unproductive_cycle,False,False,True,False,False,,3.0
Final500,Final500_T000170,29f0a6609cc09d1f8c79843534ce60f8a4bbbff46f2036c70733b389f06fc671,S0000878,0,13,productive_iteration,False,True,False,False,False,,14.0
Final500,Final500_T000171,7d7f2ec3070303ae0d8cb08e127875f42374f9a57b54278b0e4fdcf5e990f3bf,S0000879,8,8,unproductive_cycle,False,False,True,False,False,,1.0
Final500,Final500_T000171,7d7f2ec3070303ae0d8cb08e127875f42374f9a57b54278b0e4fdcf5e990f3bf,S0000880,0,7,productive_iteration,False,True,False,False,False,,8.0
Final500,Final500_T000171,7d7f2ec3070303ae0d8cb08e127875f42374f9a57b54278b0e4fdcf5e990f3bf,S0000881,9,19,productive_iteration,True,True,False,False,False,,11.0
Final500,Final500_T000172,e9ff158585ce86246b931314ea296c71b451c8591dc7b432ed645d044420bdcb,S0000882,6,6,unproductive_cycle,False,False,True,False,False,,1.0
Final500,Final500_T000172,e9ff158585ce86246b931314ea296c71b451c8591dc7b432ed645d044420bdcb,S0000883,0,5,productive_iteration,False,True,False,False,False,,6.0
Final500,Final500_T000172,e9ff158585ce86246b931314ea296c71b451c8591dc7b432ed645d044420bdcb,S0000884,7,11,productive_iteration,False,True,False,False,False,,4.0
Final500,Final500_T000172,e9ff158585ce86246b931314ea296c71b451c8591dc7b432ed645d044420bdcb,S0000885,7,11,unproductive_cycle,False,False,True,False,False,,1.0
Final500,Final500_T000173,af36f0d4df86ac6071400c3cab04ec29052f776a44a4aeffa165fa4b31d1e113,S0000886,0,16,productive_iteration,True,True,False,False,False,,17.0
Final500,Final500_T000173,af36f0d4df86ac6071400c3cab04ec29052f776a44a4aeffa165fa4b31d1e113,S0000887,20,29,productive_iteration,False,True,False,False,False,,9.0
Final500,Final500_T000173,af36f0d4df86ac6071400c3cab04ec29052f776a44a4aeffa165fa4b31d1e113,S0000888,20,29,unproductive_cycle,False,False,True,False,False,,1.0
Final500,Final500_T000174,7665b06024750ba799181cd5522408fda2cd3d8f3ef539f9329cc7d49f0df3bd,S0000889,0,9,productive_iteration,False,True,False,False,False,,10.0
Final500,Final500_T000174,7665b06024750ba799181cd5522408fda2cd3d8f3ef539f9329cc7d49f0df3bd,S0000890,13,17,productive_iteration,True,True,False,False,False,,5.0
Final500,Final500_T000174,7665b06024750ba799181cd5522408fda2cd3d8f3ef539f9329cc7d49f0df3bd,S0000891,10,12,unproductive_cycle,False,False,True,False,False,,3.0
Final500,Final500_T000175,2b815c7260afdbf75c7ec981901fff2a203f9e19623ce4a773316392ea228006,S0000892,0,13,productive_iteration,True,True,False,False,False,,14.0
Final500,Final500_T000175,2b815c7260afdbf75c7ec981901fff2a203f9e19623ce4a773316392ea228006,S0000893,15,16,productive_iteration,False,True,False,False,False,,2.0
Final500,Final500_T000175,2b815c7260afdbf75c7ec981901fff2a203f9e19623ce4a773316392ea228006,S0000894,17,22,unproductive_cycle,False,False,True,False,False,,6.0
Final500,Final500_T000176,1d0633bd889920cf8eaaacc5e5645dc198baeea33f15b07ae9d5b6742df508dd,S0000895,21,22,unproductive_cycle,False,False,True,False,False,,2.0
Final500,Final500_T000176,1d0633bd889920cf8eaaacc5e5645dc198baeea33f15b07ae9d5b6742df508dd,S0000896,0,20,productive_iteration,True,True,False,False,False,,20.0
Final500,Final500_T000176,1d0633bd889920cf8eaaacc5e5645dc198baeea33f15b07ae9d5b6742df508dd,S0000897,0,20,unproductive_cycle,False,False,True,False,False,,1.0
Final500,Final500_T000176,1d0633bd889920cf8eaaacc5e5645dc198baeea33f15b07ae9d5b6742df508dd,S0000898,23,26,productive_iteration,False,True,False,False,False,,3.0
Final500,Final500_T000177,6dadfff83f78497fe9569b28ada7bf90c63aaa1ea3bd99cfea734b35e1a95c9d,S0000899,0,22,productive_iteration,True,True,False,False,False,,23.0
Final500,Final500_T000178,6168473acfb91f4430f52c38672193932ad3805de739482995b05623fff0d5ae,S0000900,11,11,unproductive_cycle,False,False,True,False,False,,1.0
Final500,Final500_T000178,6168473acfb91f4430f52c38672193932ad3805de739482995b05623fff0d5ae,S0000901,0,10,productive_iteration,False,True,False,False,False,,10.0
Final500,Final500_T000179,06368c3c0a5ac9a527dfd1d7eb9cac8e34c0f658a46042962c6e013bfe9d696f,S0000902,0,11,productive_iteration,True,True,False,False,False,,9.0
Final500,Final500_T000179,06368c3c0a5ac9a527dfd1d7eb9cac8e34c0f658a46042962c6e013bfe9d696f,S0000903,6,8,productive_iteration,False,True,False,False,False,,3.0
Final500,Final500_T000180,ec57fe5427e217a78a1646b89dcb9c93c5d2c6bdbbd25d78bbdeec04c78d0231,S0000904,0,20,productive_iteration,True,True,False,False,False,,21.0
Final500,Final500_T000181,4c27a286b1f60215ba924bebd8643e1292eec67d7021093773ea72d9f90a95b6,S0000905,0,14,productive_iteration,True,True,False,False,False,,13.0
Final500,Final500_T000182,7ff52bfd0a0d40e7d71ce42edcca4daf7795718ee5ec0adf2a2acba02b59b616,S0000906,38,47,unproductive_cycle,False,False,True,False,False,,6.0
Final500,Final500_T000182,7ff52bfd0a0d40e7d71ce42edcca4daf7795718ee5ec0adf2a2acba02b59b616,S0000907,40,41,unproductive_cycle,False,False,True,False,False,,2.0
Final500,Final500_T000182,7ff52bfd0a0d40e7d71ce42edcca4daf7795718ee5ec0adf2a2acba02b59b616,S0000908,43,44,unproductive_cycle,False,False,True,False,False,,2.0
Final500,Final500_T000182,7ff52bfd0a0d40e7d71ce42edcca4daf7795718ee5ec0adf2a2acba02b59b616,S0000909,8,36,productive_iteration,True,True,False,False,False,,8.0
Final500,Final500_T000182,7ff52bfd0a0d40e7d71ce42edcca4daf7795718ee5ec0adf2a2acba02b59b616,S0000910,8,36,unproductive_cycle,False,False,True,False,False,,21.0
Final500,Final500_T000182,7ff52bfd0a0d40e7d71ce42edcca4daf7795718ee5ec0adf2a2acba02b59b616,S0000911,48,84,unproductive_cycle,False,False,True,False,False,,37.0
Final500,Final500_T000183,24decb3acd8538bf7841c34a533e805ef2de7068ed7921ae7d2e509e4d5b1608,S0000912,0,11,productive_iteration,False,True,False,False,False,,11.0
Final500,Final500_T000184,5ea320110fa291c3ec2dafb4af0173d6cfb8157504b3f3bbfbdf27b1b4f0771f,S0000913,0,13,productive_iteration,False,True,False,False,False,,14.0
Final500,Final500_T000185,adb57589524daa54f3003ed0fa2260098c928924e8e554be5595a3cc6baab205,S0000914,0,26,productive_iteration,True,True,False,False,False,,6.0
Final500,Final500_T000185,adb57589524daa54f3003ed0fa2260098c928924e8e554be5595a3cc6baab205,S0000915,11,25,unproductive_cycle,False,False,True,False,False,,4.0
Final500,Final500_T000185,adb57589524daa54f3003ed0fa2260098c928924e8e554be5595a3cc6baab205,S0000916,2,7,productive_iteration,False,True,False,False,False,,6.0
Final500,Final500_T000185,adb57589524daa54f3003ed0fa2260098c928924e8e554be5595a3cc6baab205,S0000917,12,18,productive_iteration,True,True,False,False,False,,6.0
Final500,Final500_T000185,adb57589524daa54f3003ed0fa2260098c928924e8e554be5595a3cc6baab205,S0000918,21,22,productive_iteration,True,True,False,False,False,,2.0
Final500,Final500_T000185,adb57589524daa54f3003ed0fa2260098c928924e8e554be5595a3cc6baab205,S0000919,31,37,productive_iteration,True,True,False,False,False,,5.0
Final500,Final500_T000185,adb57589524daa54f3003ed0fa2260098c928924e8e554be5595a3cc6baab205,S0000920,27,30,unproductive_cycle,False,False,True,False,False,,4.0
Final500,Final500_T000186,56ce556a2c7608d9159c50bd402be08d74765779ab07ae811ba0168ebb1d75d6,S0000921,0,8,productive_iteration,False,True,False,False,False,,9.0
Final500,Final500_T000187,edb4947baca44acd6cf8683840c2a8dce6df5ea517e4a216a99242829041f0bb,S0000922,0,11,productive_iteration,False,True,False,False,False,,9.0
Final500,Final500_T000188,8cd8a2fee6f8fdfc345102c1a879845c60e4e10c6cc39d31524b5ca0dd012d14,S0000923,0,10,productive_iteration,False,True,False,False,False,,11.0
Final500,Final500_T000188,8cd8a2fee6f8fdfc345102c1a879845c60e4e10c6cc39d31524b5ca0dd012d14,S0000924,12,13,productive_iteration,False,True,False,False,False,,2.0
Final500,Final500_T000188,8cd8a2fee6f8fdfc345102c1a879845c60e4e10c6cc39d31524b5ca0dd012d14,S0000925,14,17,unproductive_cycle,False,False,True,False,False,,4.0
Final500,Final500_T000189,0cd0adbf18db516f70bcceac01dd8d49dbb6f06fda6a0ab7ddfda856d796d67b,S0000926,6,15,productive_iteration,True,True,False,False,False,,9.0
Final500,Final500_T000189,0cd0adbf18db516f70bcceac01dd8d49dbb6f06fda6a0ab7ddfda856d796d67b,S0000927,24,43,unproductive_cycle,False,False,True,False,False,,8.0
Final500,Final500_T000189,0cd0adbf18db516f70bcceac01dd8d49dbb6f06fda6a0ab7ddfda856d796d67b,S0000928,16,23,productive_iteration,True,True,False,False,False,,1.0
Final500,Final500_T000189,0cd0adbf18db516f70bcceac01dd8d49dbb6f06fda6a0ab7ddfda856d796d67b,S0000929,16,23,unproductive_cycle,False,False,True,False,False,,7.0
Final500,Final500_T000189,0cd0adbf18db516f70bcceac01dd8d49dbb6f06fda6a0ab7ddfda856d796d67b,S0000930,31,41,unproductive_cycle,False,False,True,False,False,,11.0
Final500,Final500_T000189,0cd0adbf18db516f70bcceac01dd8d49dbb6f06fda6a0ab7ddfda856d796d67b,S0000931,44,158,unproductive_cycle,False,False,True,False,False,,99.0
Final500,Final500_T000190,5b6ade51a4a94902e084fcf782d3f31236e898a6e08f205dcff2466e68605254,S0000932,2,29,productive_iteration,True,True,False,False,False,,7.0
Final500,Final500_T000190,5b6ade51a4a94902e084fcf782d3f31236e898a6e08f205dcff2466e68605254,S0000933,21,27,unproductive_cycle,False,False,True,False,False,,5.0
Final500,Final500_T000190,5b6ade51a4a94902e084fcf782d3f31236e898a6e08f205dcff2466e68605254,S0000934,0,1,productive_iteration,False,True,False,False,False,,2.0
Final500,Final500_T000190,5b6ade51a4a94902e084fcf782d3f31236e898a6e08f205dcff2466e68605254,S0000935,7,10,productive_iteration,False,True,False,False,False,,4.0
Final500,Final500_T000190,5b6ade51a4a94902e084fcf782d3f31236e898a6e08f205dcff2466e68605254,S0000936,16,20,productive_iteration,False,True,False,False,False,,5.0
Final500,Final500_T000190,5b6ade51a4a94902e084fcf782d3f31236e898a6e08f205dcff2466e68605254,S0000937,30,35,productive_iteration,True,True,False,False,False,,2.0
Final500,Final500_T000190,5b6ade51a4a94902e084fcf782d3f31236e898a6e08f205dcff2466e68605254,S0000938,13,15,productive_iteration,True,True,False,False,False,,3.0
Final500,Final500_T000191,6fbdd47330d8de86baa76504e98b538aca940fffc50801966a2de1b3fe22b10b,S0000939,0,12,productive_iteration,True,True,False,False,False,,13.0
Final500,Final500_T000192,518bcdaeb8e47bfcf629e6bf39d811ff0170a2febcb0e1d8a8c5a4e1ddd7a8ec,S0000940,0,24,productive_iteration,True,True,False,False,False,,23.0
Final500,Final500_T000193,977dd520e2efd564907881e133c0210aace8455de425af62d62ee3d0cdf0a4c7,S0000941,9,29,productive_iteration,False,True,False,False,False,,7.0
Final500,Final500_T000193,977dd520e2efd564907881e133c0210aace8455de425af62d62ee3d0cdf0a4c7,S0000942,14,19,productive_iteration,True,True,False,False,False,,5.0
Final500,Final500_T000193,977dd520e2efd564907881e133c0210aace8455de425af62d62ee3d0cdf0a4c7,S0000943,22,23,productive_iteration,True,True,False,False,False,,2.0
Final500,Final500_T000193,977dd520e2efd564907881e133c0210aace8455de425af62d62ee3d0cdf0a4c7,S0000944,25,28,productive_iteration,True,True,False,False,False,,4.0
Final500,Final500_T000193,977dd520e2efd564907881e133c0210aace8455de425af62d62ee3d0cdf0a4c7,S0000945,30,34,productive_iteration,True,True,False,False,False,,5.0
Final500,Final500_T000194,b41528fa977ad15eead8f5d9942ebd2270d66a9faf4f4abb1b09b80c71bab681,S0000946,0,3,productive_iteration,False,True,False,False,False,,4.0
Final500,Final500_T000194,b41528fa977ad15eead8f5d9942ebd2270d66a9faf4f4abb1b09b80c71bab681,S0000947,5,8,productive_iteration,False,True,False,False,False,,4.0
Final500,Final500_T000195,f30e28917b38b464b40ce62a6c3d98d657b8df5c2a4448adc3d3e5b95634cf47,S0000948,17,17,unproductive_cycle,False,False,True,False,False,,1.0
Final500,Final500_T000195,f30e28917b38b464b40ce62a6c3d98d657b8df5c2a4448adc3d3e5b95634cf47,S0000949,0,4,productive_iteration,False,True,False,False,False,,3.0
Final500,Final500_T000195,f30e28917b38b464b40ce62a6c3d98d657b8df5c2a4448adc3d3e5b95634cf47,S0000950,0,4,unproductive_cycle,False,False,True,False,False,,1.0
Final500,Final500_T000195,f30e28917b38b464b40ce62a6c3d98d657b8df5c2a4448adc3d3e5b95634cf47,S0000951,6,16,productive_iteration,False,True,False,False,False,,9.0
Final500,Final500_T000195,f30e28917b38b464b40ce62a6c3d98d657b8df5c2a4448adc3d3e5b95634cf47,S0000952,6,16,unproductive_cycle,False,False,True,False,False,,2.0
Final500,Final500_T000195,f30e28917b38b464b40ce62a6c3d98d657b8df5c2a4448adc3d3e5b95634cf47,S0000953,18,29,productive_iteration,True,True,False,False,False,,10.0
Final500,Final500_T000195,f30e28917b38b464b40ce62a6c3d98d657b8df5c2a4448adc3d3e5b95634cf47,S0000954,18,29,unproductive_cycle,False,False,True,False,False,,2.0
Final500,Final500_T000196,bfbe70f42ec7f6108b9d155f849488b64172070c6d3b541f99472f23255da213,S0000955,0,24,productive_iteration,True,True,False,False,False,,25.0
Final500,Final500_T000197,9c7a462c740e98eab43d006ecda7d9393d6918e50c521e530242d00349dff0bd,S0000956,0,11,productive_iteration,True,True,False,False,False,,10.0
Final500,Final500_T000198,dc8795c6a11e106144bd0af15e2e8fb9a9cf367243559aacf905e32dcdc53a10,S0000957,0,7,productive_iteration,False,True,False,False,False,,8.0
Final500,Final500_T000198,dc8795c6a11e106144bd0af15e2e8fb9a9cf367243559aacf905e32dcdc53a10,S0000958,9,15,productive_iteration,False,True,False,False,False,,7.0
Final500,Final500_T000198,dc8795c6a11e106144bd0af15e2e8fb9a9cf367243559aacf905e32dcdc53a10,S0000959,21,24,productive_iteration,True,True,False,False,False,,4.0
Final500,Final500_T000198,dc8795c6a11e106144bd0af15e2e8fb9a9cf367243559aacf905e32dcdc53a10,S0000960,16,20,unproductive_cycle,False,False,True,False,False,,5.0
Final500,Final500_T000199,814ffdf37ecb78b091fa463e51c9724e1255af005af0e1e8535d83b505761cc7,S0000961,0,6,productive_iteration,False,True,False,False,False,,7.0
Final500,Final500_T000199,814ffdf37ecb78b091fa463e51c9724e1255af005af0e1e8535d83b505761cc7,S0000962,8,12,productive_iteration,False,True,False,False,False,,5.0
Final500,Final500_T000199,814ffdf37ecb78b091fa463e51c9724e1255af005af0e1e8535d83b505761cc7,S0000963,14,16,productive_iteration,False,True,False,False,False,,3.0
Final500,Final500_T000199,814ffdf37ecb78b091fa463e51c9724e1255af005af0e1e8535d83b505761cc7,S0000964,19,22,unproductive_cycle,False,False,True,False,False,,4.0
Final500,Final500_T000200,870ca1a56d8c9b888f594ee867ea151800a9a08f71f2d2a323080721510e730d,S0000965,18,23,productive_iteration,True,True,False,False,False,,3.0
Final500,Final500_T000200,870ca1a56d8c9b888f594ee867ea151800a9a08f71f2d2a323080721510e730d,S0000966,8,17,unproductive_cycle,False,False,True,False,False,,6.0
Final500,Final500_T000200,870ca1a56d8c9b888f594ee867ea151800a9a08f71f2d2a323080721510e730d,S0000967,19,21,productive_iteration,False,True,False,False,False,,3.0
Final500,Final500_T000200,870ca1a56d8c9b888f594ee867ea151800a9a08f71f2d2a323080721510e730d,S0000968,24,106,unproductive_cycle,False,False,True,False,False,,83.0
Final500,Final500_T000201,70b49b93a3960a589b07fedfdae93986af71812d783212a4918f73bf49c2fa70,S0000969,0,7,productive_iteration,False,True,False,False,False,,8.0
Final500,Final500_T000201,70b49b93a3960a589b07fedfdae93986af71812d783212a4918f73bf49c2fa70,S0000970,8,12,unproductive_cycle,False,False,True,False,False,,5.0
Final500,Final500_T000202,8675b1b6208612b5473fdf8b334964b96edc54bba43739153d427bf58ecc27cf,S0000971,0,11,productive_iteration,False,True,False,False,False,,11.0
Final500,Final500_T000203,b3cc8b28aefb3bcaf8f0b443f2e54a1cb2972d39a50fdfcefc3911575867e16e,S0000972,8,102,unproductive_cycle,False,False,True,False,False,,13.0
Final500,Final500_T000203,b3cc8b28aefb3bcaf8f0b443f2e54a1cb2972d39a50fdfcefc3911575867e16e,S0000973,0,7,productive_iteration,True,True,False,False,False,,8.0
Final500,Final500_T000203,b3cc8b28aefb3bcaf8f0b443f2e54a1cb2972d39a50fdfcefc3911575867e16e,S0000974,10,12,productive_iteration,False,True,False,False,False,,2.0
Final500,Final500_T000203,b3cc8b28aefb3bcaf8f0b443f2e54a1cb2972d39a50fdfcefc3911575867e16e,S0000975,10,12,unproductive_cycle,False,False,True,False,False,,1.0
Final500,Final500_T000203,b3cc8b28aefb3bcaf8f0b443f2e54a1cb2972d39a50fdfcefc3911575867e16e,S0000976,16,29,productive_iteration,False,True,False,False,False,,2.0
Final500,Final500_T000203,b3cc8b28aefb3bcaf8f0b443f2e54a1cb2972d39a50fdfcefc3911575867e16e,S0000977,16,29,unproductive_cycle,False,False,True,False,False,,12.0
Final500,Final500_T000203,b3cc8b28aefb3bcaf8f0b443f2e54a1cb2972d39a50fdfcefc3911575867e16e,S0000978,57,60,unproductive_cycle,False,False,True,False,False,,4.0
Final500,Final500_T000203,b3cc8b28aefb3bcaf8f0b443f2e54a1cb2972d39a50fdfcefc3911575867e16e,S0000979,88,91,unproductive_cycle,False,False,True,False,False,,4.0
Final500,Final500_T000203,b3cc8b28aefb3bcaf8f0b443f2e54a1cb2972d39a50fdfcefc3911575867e16e,S0000980,13,15,unproductive_cycle,False,False,True,False,False,,3.0
Final500,Final500_T000203,b3cc8b28aefb3bcaf8f0b443f2e54a1cb2972d39a50fdfcefc3911575867e16e,S0000981,33,38,unproductive_cycle,False,False,True,False,False,,6.0
Final500,Final500_T000203,b3cc8b28aefb3bcaf8f0b443f2e54a1cb2972d39a50fdfcefc3911575867e16e,S0000982,40,56,unproductive_cycle,False,False,True,False,False,,17.0
Final500,Final500_T000203,b3cc8b28aefb3bcaf8f0b443f2e54a1cb2972d39a50fdfcefc3911575867e16e,S0000983,61,87,unproductive_cycle,False,False,True,False,False,,27.0
Final500,Final500_T000203,b3cc8b28aefb3bcaf8f0b443f2e54a1cb2972d39a50fdfcefc3911575867e16e,S0000984,93,96,unproductive_cycle,False,False,True,False,False,,4.0
Final500,Final500_T000203,b3cc8b28aefb3bcaf8f0b443f2e54a1cb2972d39a50fdfcefc3911575867e16e,S0000985,103,111,unproductive_cycle,False,False,True,False,False,,9.0
Final500,Final500_T000204,5d2ec3c227707e1ba9b55ee9f1de1f2ec8eb5398146f6a4a2979c9ea0f789579,S0000986,6,13,productive_iteration,False,True,False,False,False,,2.0
Final500,Final500_T000204,5d2ec3c227707e1ba9b55ee9f1de1f2ec8eb5398146f6a4a2979c9ea0f789579,S0000987,0,5,productive_iteration,False,True,False,False,False,,6.0
Final500,Final500_T000204,5d2ec3c227707e1ba9b55ee9f1de1f2ec8eb5398146f6a4a2979c9ea0f789579,S0000988,7,10,productive_iteration,False,True,False,False,False,,4.0
Final500,Final500_T000204,5d2ec3c227707e1ba9b55ee9f1de1f2ec8eb5398146f6a4a2979c9ea0f789579,S0000989,16,19,productive_iteration,False,True,False,False,False,,4.0
Final500,Final500_T000205,1185439a8144ad227d537dc54434681428681718468ac2a8e16ef9b1f33d04e9,S0000990,0,9,productive_iteration,False,True,False,False,False,,9.0
Final500,Final500_T000205,1185439a8144ad227d537dc54434681428681718468ac2a8e16ef9b1f33d04e9,S0000991,12,24,productive_iteration,False,True,False,False,False,,12.0
Final500,Final500_T000206,638fe255115c7185c6dc010a08a92c45088c10b45d66f9d445b2363a4bef5018,S0000992,1,25,productive_iteration,True,True,False,False,False,,11.0
Final500,Final500_T000206,638fe255115c7185c6dc010a08a92c45088c10b45d66f9d445b2363a4bef5018,S0000993,10,15,productive_iteration,False,True,False,False,False,,6.0
Final500,Final500_T000206,638fe255115c7185c6dc010a08a92c45088c10b45d66f9d445b2363a4bef5018,S0000994,21,24,unproductive_cycle,False,False,True,False,False,,4.0
Final500,Final500_T000206,638fe255115c7185c6dc010a08a92c45088c10b45d66f9d445b2363a4bef5018,S0000995,26,79,productive_iteration,True,True,False,False,False,,1.0
Final500,Final500_T000206,638fe255115c7185c6dc010a08a92c45088c10b45d66f9d445b2363a4bef5018,S0000996,26,79,unproductive_cycle,False,False,True,False,False,,39.0
Final500,Final500_T000207,e699c33461de9fc213dc80ea67cf2de048a4065a9d9c943d5adcc603ea4ef6b3,S0000997,0,3,productive_iteration,False,True,False,False,False,,4.0
Final500,Final500_T000207,e699c33461de9fc213dc80ea67cf2de048a4065a9d9c943d5adcc603ea4ef6b3,S0000998,5,14,productive_iteration,True,True,False,False,False,,9.0
Final500,Final500_T000208,4be65b3bdf058b15b13921c32a5365fc55dba9ef6e4687eede80c2598ffd66a3,S0000999,0,14,productive_iteration,False,True,False,False,False,,14.0
Final500,Final500_T000209,9ba0e92c4dfe6869c16c9853b5d1d7c711e53eae7bf1b1e510f97f39b9f72ba0,S0001000,4,6,productive_iteration,False,True,False,False,False,,3.0
Final500,Final500_T000209,9ba0e92c4dfe6869c16c9853b5d1d7c711e53eae7bf1b1e510f97f39b9f72ba0,S0001001,0,3,productive_iteration,False,True,False,False,False,,4.0
Final500,Final500_T000209,9ba0e92c4dfe6869c16c9853b5d1d7c711e53eae7bf1b1e510f97f39b9f72ba0,S0001002,7,8,productive_iteration,False,True,False,False,False,,1.0
Final500,Final500_T000209,9ba0e92c4dfe6869c16c9853b5d1d7c711e53eae7bf1b1e510f97f39b9f72ba0,S0001003,16,197,unproductive_cycle,False,False,True,False,False,,174.0
Final500,Final500_T000210,07486f6a9bc2986546f11dddbb711e3034bfd220f6983588a4c873628451d658,S0001004,13,13,unproductive_cycle,False,False,True,False,False,,1.0
Final500,Final500_T000210,07486f6a9bc2986546f11dddbb711e3034bfd220f6983588a4c873628451d658,S0001005,4,12,productive_iteration,False,True,False,False,False,,7.0
Final500,Final500_T000210,07486f6a9bc2986546f11dddbb711e3034bfd220f6983588a4c873628451d658,S0001006,0,3,unproductive_cycle,False,False,True,False,False,,4.0
Final500,Final500_T000211,7f3b9722ca112642a1527033ddc0f30f800c5558abea252bdc08905192545749,S0001007,1,37,productive_iteration,True,True,False,False,False,,8.0
Final500,Final500_T000211,7f3b9722ca112642a1527033ddc0f30f800c5558abea252bdc08905192545749,S0001008,80,80,unproductive_cycle,False,False,True,False,False,,1.0
Final500,Final500_T000211,7f3b9722ca112642a1527033ddc0f30f800c5558abea252bdc08905192545749,S0001009,3,5,productive_iteration,False,True,False,False,False,,3.0
Final500,Final500_T000211,7f3b9722ca112642a1527033ddc0f30f800c5558abea252bdc08905192545749,S0001010,29,34,productive_iteration,True,True,False,False,False,,1.0
Final500,Final500_T000211,7f3b9722ca112642a1527033ddc0f30f800c5558abea252bdc08905192545749,S0001011,25,28,productive_iteration,True,True,False,False,False,,2.0
Final500,Final500_T000211,7f3b9722ca112642a1527033ddc0f30f800c5558abea252bdc08905192545749,S0001012,40,79,productive_iteration,True,True,False,False,False,,3.0
Final500,Final500_T000211,7f3b9722ca112642a1527033ddc0f30f800c5558abea252bdc08905192545749,S0001013,40,79,unproductive_cycle,False,False,True,False,False,,35.0
Final500,Final500_T000212,480669b63a6357f10bf7f3379130d165bbd674a2888720cc995e3fd7ed35d177,S0001014,14,14,unproductive_cycle,False,False,True,False,False,,1.0
Final500,Final500_T000212,480669b63a6357f10bf7f3379130d165bbd674a2888720cc995e3fd7ed35d177,S0001015,0,13,productive_iteration,False,True,False,False,False,,12.0
Final500,Final500_T000212,480669b63a6357f10bf7f3379130d165bbd674a2888720cc995e3fd7ed35d177,S0001016,15,17,productive_iteration,False,True,False,False,False,,3.0
Final500,Final500_T000213,77097fe3646f23956526fedfb65c410f4b1804be9006f5ec0cf4c3afba65d7a1,S0001017,7,7,unproductive_cycle,False,False,True,False,False,,1.0
Final500,Final500_T000213,77097fe3646f23956526fedfb65c410f4b1804be9006f5ec0cf4c3afba65d7a1,S0001018,0,6,productive_iteration,False,True,False,False,False,,7.0
Final500,Final500_T000213,77097fe3646f23956526fedfb65c410f4b1804be9006f5ec0cf4c3afba65d7a1,S0001019,8,18,productive_iteration,True,True,False,False,False,,10.0
Final500,Final500_T000213,77097fe3646f23956526fedfb65c410f4b1804be9006f5ec0cf4c3afba65d7a1,S0001020,8,18,unproductive_cycle,False,False,True,False,False,,1.0
Final500,Final500_T000214,26d96b74ffbbc61c08949e9765cd3a5ccc9e9f167fc9a4f193412a583aa2993b,S0001021,22,22,unproductive_cycle,False,False,True,False,False,,1.0
Final500,Final500_T000214,26d96b74ffbbc61c08949e9765cd3a5ccc9e9f167fc9a4f193412a583aa2993b,S0001022,0,21,productive_iteration,True,True,False,False,False,,21.0
Final500,Final500_T000214,26d96b74ffbbc61c08949e9765cd3a5ccc9e9f167fc9a4f193412a583aa2993b,S0001023,0,21,unproductive_cycle,False,False,True,False,False,,1.0
Final500,Final500_T000214,26d96b74ffbbc61c08949e9765cd3a5ccc9e9f167fc9a4f193412a583aa2993b,S0001024,23,25,productive_iteration,False,True,False,False,False,,1.0
Final500,Final500_T000215,d61b111a8b32bbdcef3891a382b5078ee65e33592f3ecf4b72ec8a6d23c7f305,S0001025,3,63,productive_iteration,True,True,False,False,False,,28.0
Final500,Final500_T000215,d61b111a8b32bbdcef3891a382b5078ee65e33592f3ecf4b72ec8a6d23c7f305,S0001026,88,91,productive_iteration,True,True,False,False,False,,4.0
Final500,Final500_T000215,d61b111a8b32bbdcef3891a382b5078ee65e33592f3ecf4b72ec8a6d23c7f305,S0001027,8,15,productive_iteration,False,True,False,False,False,,3.0
Final500,Final500_T000215,d61b111a8b32bbdcef3891a382b5078ee65e33592f3ecf4b72ec8a6d23c7f305,S0001028,19,23,productive_iteration,True,True,False,False,False,,5.0
Final500,Final500_T000215,d61b111a8b32bbdcef3891a382b5078ee65e33592f3ecf4b72ec8a6d23c7f305,S0001029,32,47,productive_iteration,True,True,False,False,False,,16.0
Final500,Final500_T000215,d61b111a8b32bbdcef3891a382b5078ee65e33592f3ecf4b72ec8a6d23c7f305,S0001030,64,87,productive_iteration,True,True,False,False,False,,16.0
Final500,Final500_T000216,fcf00d3a77b7bf7094fd398938948bffaba9ea35f64f99c8b27cf02edf1ce736,S0001031,9,27,productive_iteration,False,True,False,False,False,,6.0
Final500,Final500_T000216,fcf00d3a77b7bf7094fd398938948bffaba9ea35f64f99c8b27cf02edf1ce736,S0001032,28,89,unproductive_cycle,False,False,True,False,False,,21.0
Final500,Final500_T000216,fcf00d3a77b7bf7094fd398938948bffaba9ea35f64f99c8b27cf02edf1ce736,S0001033,20,23,productive_iteration,False,True,False,False,False,,4.0
Final500,Final500_T000216,fcf00d3a77b7bf7094fd398938948bffaba9ea35f64f99c8b27cf02edf1ce736,S0001034,35,39,unproductive_cycle,False,False,True,False,False,,5.0
Final500,Final500_T000216,fcf00d3a77b7bf7094fd398938948bffaba9ea35f64f99c8b27cf02edf1ce736,S0001035,52,57,unproductive_cycle,False,False,True,False,False,,2.0
Final500,Final500_T000216,fcf00d3a77b7bf7094fd398938948bffaba9ea35f64f99c8b27cf02edf1ce736,S0001036,59,64,unproductive_cycle,False,False,True,False,False,,6.0
Final500,Final500_T000216,fcf00d3a77b7bf7094fd398938948bffaba9ea35f64f99c8b27cf02edf1ce736,S0001037,66,68,unproductive_cycle,False,False,True,False,False,,3.0
Final500,Final500_T000216,fcf00d3a77b7bf7094fd398938948bffaba9ea35f64f99c8b27cf02edf1ce736,S0001038,84,88,unproductive_cycle,False,False,True,False,False,,5.0
Final500,Final500_T000217,9b0532f87fafad296ae937f475443cecb7b16757ff9fd16b20815b55d1079483,S0001039,23,35,productive_iteration,False,True,False,False,False,,7.0
Final500,Final500_T000217,9b0532f87fafad296ae937f475443cecb7b16757ff9fd16b20815b55d1079483,S0001040,10,11,unproductive_cycle,False,False,True,False,False,,2.0
Final500,Final500_T000217,9b0532f87fafad296ae937f475443cecb7b16757ff9fd16b20815b55d1079483,S0001041,12,19,productive_iteration,False,True,False,False,False,,5.0
Final500,Final500_T000217,9b0532f87fafad296ae937f475443cecb7b16757ff9fd16b20815b55d1079483,S0001042,33,34,productive_iteration,False,True,False,False,False,,2.0
Final500,Final500_T000217,9b0532f87fafad296ae937f475443cecb7b16757ff9fd16b20815b55d1079483,S0001043,30,32,productive_iteration,False,True,False,False,False,,1.0
Final500,Final500_T000218,d97d696848cb15ba469621ebfd9cde06adc1c04dfd3c65299edbda50d9bddf74,S0001044,4,4,unproductive_cycle,False,False,True,False,False,,1.0
Final500,Final500_T000218,d97d696848cb15ba469621ebfd9cde06adc1c04dfd3c65299edbda50d9bddf74,S0001045,0,3,productive_iteration,False,True,False,False,False,,4.0
Final500,Final500_T000218,d97d696848cb15ba469621ebfd9cde06adc1c04dfd3c65299edbda50d9bddf74,S0001046,5,17,productive_iteration,True,True,False,False,False,,12.0
Final500,Final500_T000219,8454f4b4a70f1a9ea7db43a1da683150597557427cd48af77c90be3a2058008e,S0001047,0,21,productive_iteration,False,True,False,False,False,,22.0
Final500,Final500_T000220,9f5a3f0aa84d148ee614e2eea68374c2799bbc0d93539ced9ad0dd052ddc65c5,S0001048,0,10,productive_iteration,False,True,False,False,False,,11.0
Final500,Final500_T000221,65449394a4e4f1e760e6b9fd527ee0f8df8cc0137f1b2033d4e4eda75b7e4f5f,S0001049,0,18,productive_iteration,True,True,False,False,False,,19.0
Final500,Final500_T000222,6047b70c98f21c1ea399736ccb2a19ecf69536356b3247efd8e9a9dca1c04eb9,S0001050,0,24,productive_iteration,True,True,False,False,False,,24.0
Final500,Final500_T000223,8e2117ad838feec01253f2130b5b317c4429e832b9ebb12b349fd586f576bc8f,S0001051,0,1,productive_iteration,False,True,False,False,False,,2.0
Final500,Final500_T000223,8e2117ad838feec01253f2130b5b317c4429e832b9ebb12b349fd586f576bc8f,S0001052,3,17,productive_iteration,False,True,False,False,False,,15.0
Final500,Final500_T000224,758227f685494826880e828cee8351e7293761a9d8ce3cc34bb11210ad9a16cc,S0001053,0,20,productive_iteration,False,True,False,False,False,,21.0
Final500,Final500_T000225,4e88fb3682c60871184002901612af2385e903c8081634ad068ab2a912ec2cdd,S0001054,18,19,productive_iteration,True,True,False,False,False,,2.0
Final500,Final500_T000225,4e88fb3682c60871184002901612af2385e903c8081634ad068ab2a912ec2cdd,S0001055,0,14,productive_iteration,True,True,False,False,False,,15.0
Final500,Final500_T000225,4e88fb3682c60871184002901612af2385e903c8081634ad068ab2a912ec2cdd,S0001056,16,17,productive_iteration,True,True,False,False,False,,2.0
Final500,Final500_T000225,4e88fb3682c60871184002901612af2385e903c8081634ad068ab2a912ec2cdd,S0001057,22,23,productive_iteration,False,True,False,False,False,,2.0
Final500,Final500_T000226,5e11ed6921d5feb169c5ba3d868034746975f286f005b969bae87688483e8aa5,S0001058,23,23,unproductive_cycle,False,False,True,False,False,,1.0
Final500,Final500_T000226,5e11ed6921d5feb169c5ba3d868034746975f286f005b969bae87688483e8aa5,S0001059,2,17,productive_iteration,False,True,False,False,False,,9.0
Final500,Final500_T000226,5e11ed6921d5feb169c5ba3d868034746975f286f005b969bae87688483e8aa5,S0001060,2,17,unproductive_cycle,False,False,True,False,False,,7.0
Final500,Final500_T000226,5e11ed6921d5feb169c5ba3d868034746975f286f005b969bae87688483e8aa5,S0001061,18,22,unproductive_cycle,False,False,True,False,False,,5.0
Final500,Final500_T000226,5e11ed6921d5feb169c5ba3d868034746975f286f005b969bae87688483e8aa5,S0001062,24,93,unproductive_cycle,False,False,True,False,False,,70.0
Final500,Final500_T000227,3699b79cca55ba52d3d0ee2fde0cca76034b6c5344577636e0e3f96c0beb1719,S0001063,0,11,productive_iteration,True,True,False,False,False,,12.0
Final500,Final500_T000227,3699b79cca55ba52d3d0ee2fde0cca76034b6c5344577636e0e3f96c0beb1719,S0001064,13,16,productive_iteration,True,True,False,False,False,,4.0
Final500,Final500_T000228,5f232a26be86cdf98beb7fc9acd297924f9a8745f33e7d946f04e4ec9069a207,S0001065,4,10,productive_iteration,False,True,False,False,False,,2.0
Final500,Final500_T000228,5f232a26be86cdf98beb7fc9acd297924f9a8745f33e7d946f04e4ec9069a207,S0001066,0,3,productive_iteration,False,True,False,False,False,,4.0
Final500,Final500_T000228,5f232a26be86cdf98beb7fc9acd297924f9a8745f33e7d946f04e4ec9069a207,S0001067,5,9,productive_iteration,False,True,False,False,False,,5.0
Final500,Final500_T000228,5f232a26be86cdf98beb7fc9acd297924f9a8745f33e7d946f04e4ec9069a207,S0001068,11,16,productive_iteration,True,True,False,False,False,,6.0
Final500,Final500_T000229,5ead77e2a56545c9ac4a3276f517180d29b35187bd877c47b268f526a46057aa,S0001069,0,10,productive_iteration,True,True,False,False,False,,11.0
Final500,Final500_T000230,dbcbb891bf6b509f2a147a39ca074c1e6f8302b79342a3d2d6434cf6f1ce825a,S0001070,0,10,productive_iteration,False,True,False,False,False,,11.0
Final500,Final500_T000231,70fb3484fc181a997ce104f74cbeadc63037c15eef977dc29554feb9046e5b43,S0001071,15,16,productive_iteration,True,True,False,False,False,,2.0
Final500,Final500_T000231,70fb3484fc181a997ce104f74cbeadc63037c15eef977dc29554feb9046e5b43,S0001072,0,14,productive_iteration,True,True,False,False,False,,14.0
Final500,Final500_T000232,ac520bce23c0062ec3064a56f494e9901a7a4d7cf5780cf626b9d02b7b0c8c25,S0001073,0,15,productive_iteration,False,True,False,False,False,,15.0
Final500,Final500_T000233,fea304bbe976afd7079b5725a7e3e8e7b9e7275a8277224d7d43b4a503bd7f08,S0001074,0,9,productive_iteration,False,True,False,False,False,,10.0
Final500,Final500_T000233,fea304bbe976afd7079b5725a7e3e8e7b9e7275a8277224d7d43b4a503bd7f08,S0001075,11,20,productive_iteration,True,True,False,False,False,,8.0
Final500,Final500_T000234,b6593e2dd0f02aabcf3e2cc733138ebcb7ea2ccd41d493480a0d65fae14aeede,S0001076,0,23,productive_iteration,False,True,False,False,False,,24.0
Final500,Final500_T000235,95fd6353738fcc1b75c7f3b939a52b2ede35d32dc4b8b99cea63d3b5ad2e0904,S0001077,7,21,productive_iteration,False,True,False,False,False,,5.0
Final500,Final500_T000235,95fd6353738fcc1b75c7f3b939a52b2ede35d32dc4b8b99cea63d3b5ad2e0904,S0001078,8,11,productive_iteration,True,True,False,False,False,,1.0
Final500,Final500_T000235,95fd6353738fcc1b75c7f3b939a52b2ede35d32dc4b8b99cea63d3b5ad2e0904,S0001079,23,28,unproductive_cycle,False,False,True,False,False,,5.0
Final500,Final500_T000236,0c6ba5bfd848acb54396132c93b391a508f5d357dcd2ce7750cecab695b59d78,S0001080,15,15,unproductive_cycle,False,False,True,False,False,,1.0
Final500,Final500_T000236,0c6ba5bfd848acb54396132c93b391a508f5d357dcd2ce7750cecab695b59d78,S0001081,0,14,productive_iteration,False,True,False,False,False,,13.0
Final500,Final500_T000236,0c6ba5bfd848acb54396132c93b391a508f5d357dcd2ce7750cecab695b59d78,S0001082,0,14,unproductive_cycle,False,False,True,False,False,,2.0
Final500,Final500_T000236,0c6ba5bfd848acb54396132c93b391a508f5d357dcd2ce7750cecab695b59d78,S0001083,16,21,productive_iteration,False,True,False,False,False,,6.0
Final500,Final500_T000237,ef9052a3ff8872bc0320bafe99a0e773d2ac728426d21018909aab1d30c28428,S0001084,0,14,productive_iteration,True,True,False,False,False,,15.0
Final500,Final500_T000238,517d3ab95063333c2ed3355af550dd8a4eda7962921ad93e0ad7c3d944d8a8e1,S0001085,0,4,productive_iteration,False,True,False,False,False,,5.0
Final500,Final500_T000238,517d3ab95063333c2ed3355af550dd8a4eda7962921ad93e0ad7c3d944d8a8e1,S0001086,6,25,productive_iteration,False,True,False,False,False,,18.0
Final500,Final500_T000238,517d3ab95063333c2ed3355af550dd8a4eda7962921ad93e0ad7c3d944d8a8e1,S0001087,6,25,unproductive_cycle,False,False,True,False,False,,1.0
Final500,Final500_T000239,d32662efcf1e607558f01387fc30d678bdb15bf1fa806acd93ee2122df244d2b,S0001088,0,11,productive_iteration,False,True,False,False,False,,12.0
Final500,Final500_T000240,8ce045f373ae371caf420afe00a9ce3fb444cf56ca5fd149808a6d26adb61fb1,S0001089,0,9,productive_iteration,True,True,False,False,False,,10.0
Final500,Final500_T000241,6ceedd7311f2f7798630d08dae152ac91029c6c99ab5c25f8ea6fd3aec23362e,S0001090,1,1,productive_iteration,False,True,False,False,False,,1.0
Final500,Final500_T000241,6ceedd7311f2f7798630d08dae152ac91029c6c99ab5c25f8ea6fd3aec23362e,S0001091,71,71,unproductive_cycle,False,False,True,False,False,,1.0
Final500,Final500_T000241,6ceedd7311f2f7798630d08dae152ac91029c6c99ab5c25f8ea6fd3aec23362e,S0001092,8,70,unproductive_cycle,False,False,True,False,False,,58.0
Final500,Final500_T000241,6ceedd7311f2f7798630d08dae152ac91029c6c99ab5c25f8ea6fd3aec23362e,S0001093,72,185,unproductive_cycle,False,False,True,False,False,,102.0
Final500,Final500_T000242,d6534c3a644e21b244fc6ea61b1f97c12960d070ece1adcd23c95d4c33f825c3,S0001094,0,12,productive_iteration,True,True,False,False,False,,13.0
Final500,Final500_T000243,8e9cf62559d786adfdf9bcf54fa1087734cead222adcc634ea04b4bf5461976e,S0001095,0,24,productive_iteration,False,True,False,False,False,,20.0
Final500,Final500_T000243,8e9cf62559d786adfdf9bcf54fa1087734cead222adcc634ea04b4bf5461976e,S0001096,0,24,unproductive_cycle,False,False,True,False,False,,5.0
Final500,Final500_T000244,ef4ae9f115cce30e4b0d69fcbe3a72a70be8941648e4266d46773229e24f3ebb,S0001097,0,18,productive_iteration,True,True,False,False,False,,19.0
Final500,Final500_T000245,78aca2d346f01166d7b08e25cadd43fef633728ad0ddc29b6ff1f10bf9a2aee0,S0001098,0,11,productive_iteration,False,True,False,False,False,,10.0
Final500,Final500_T000245,78aca2d346f01166d7b08e25cadd43fef633728ad0ddc29b6ff1f10bf9a2aee0,S0001099,0,11,unproductive_cycle,False,False,True,False,False,,1.0
Final500,Final500_T000246,9ec9863677ccf44a11af76deeae121ed05d567a89b0caa901491bf552ce27ac3,S0001100,14,14,productive_iteration,True,True,False,False,False,,1.0
Final500,Final500_T000246,9ec9863677ccf44a11af76deeae121ed05d567a89b0caa901491bf552ce27ac3,S0001101,0,6,productive_iteration,False,True,False,False,False,,7.0
Final500,Final500_T000246,9ec9863677ccf44a11af76deeae121ed05d567a89b0caa901491bf552ce27ac3,S0001102,8,13,productive_iteration,False,True,False,False,False,,6.0
Final500,Final500_T000246,9ec9863677ccf44a11af76deeae121ed05d567a89b0caa901491bf552ce27ac3,S0001103,15,18,productive_iteration,True,True,False,False,False,,4.0
Final500,Final500_T000247,46726e9677a2d2284379439bedfae97327d802430bee6b09e039eff7d8cda654,S0001104,0,20,productive_iteration,True,True,False,False,False,,18.0
Final500,Final500_T000247,46726e9677a2d2284379439bedfae97327d802430bee6b09e039eff7d8cda654,S0001105,0,20,unproductive_cycle,False,False,True,False,False,,1.0
Final500,Final500_T000248,a4ec8ba4c97302638c24badb9709c83780f08a74375030987916b43bf6d4f138,S0001106,12,30,productive_iteration,False,True,False,False,False,,7.0
Final500,Final500_T000248,a4ec8ba4c97302638c24badb9709c83780f08a74375030987916b43bf6d4f138,S0001107,9,20,unproductive_cycle,False,False,True,False,False,,5.0
Final500,Final500_T000248,a4ec8ba4c97302638c24badb9709c83780f08a74375030987916b43bf6d4f138,S0001108,21,23,unproductive_cycle,False,False,True,False,False,,2.0
Final500,Final500_T000248,a4ec8ba4c97302638c24badb9709c83780f08a74375030987916b43bf6d4f138,S0001109,25,29,unproductive_cycle,False,False,True,False,False,,5.0
Final500,Final500_T000249,5031b809d5ad225b994967f5ef5fd5751b9959d1ce3b16d4030607bcd97e9e5c,S0001110,12,25,productive_iteration,True,True,False,False,False,,9.0
Final500,Final500_T000249,5031b809d5ad225b994967f5ef5fd5751b9959d1ce3b16d4030607bcd97e9e5c,S0001111,0,4,productive_iteration,False,True,False,False,False,,5.0
Final500,Final500_T000249,5031b809d5ad225b994967f5ef5fd5751b9959d1ce3b16d4030607bcd97e9e5c,S0001112,6,11,productive_iteration,True,True,False,False,False,,6.0
Final500,Final500_T000249,5031b809d5ad225b994967f5ef5fd5751b9959d1ce3b16d4030607bcd97e9e5c,S0001113,26,33,productive_iteration,True,True,False,False,False,,1.0
Final500,Final500_T000250,24cf34dd11a5cfa2fd99783ed3d625771c5c5d022ae9a62940d1c279af055c2c,S0001114,0,26,productive_iteration,True,True,False,False,False,,9.0
Final500,Final500_T000250,24cf34dd11a5cfa2fd99783ed3d625771c5c5d022ae9a62940d1c279af055c2c,S0001115,14,19,productive_iteration,True,True,False,False,False,,2.0
Final500,Final500_T000250,24cf34dd11a5cfa2fd99783ed3d625771c5c5d022ae9a62940d1c279af055c2c,S0001116,14,19,unproductive_cycle,False,False,True,False,False,,4.0
Final500,Final500_T000251,2886e8b9e89effb2bb5b2f14cddd88e20ef4fcf1de092708d9fc2a3a0024bc31,S0001117,18,18,unproductive_cycle,False,False,True,False,False,,1.0
Final500,Final500_T000251,2886e8b9e89effb2bb5b2f14cddd88e20ef4fcf1de092708d9fc2a3a0024bc31,S0001118,0,17,productive_iteration,True,True,False,False,False,,18.0
Final500,Final500_T000251,2886e8b9e89effb2bb5b2f14cddd88e20ef4fcf1de092708d9fc2a3a0024bc31,S0001119,19,21,productive_iteration,True,True,False,False,False,,3.0
Final500,Final500_T000252,3f59899ea39e58facb8cb1281deeff3f203a6b307ccf450376b20440cfd44fdf,S0001120,9,9,unproductive_cycle,False,False,True,False,False,,1.0
Final500,Final500_T000252,3f59899ea39e58facb8cb1281deeff3f203a6b307ccf450376b20440cfd44fdf,S0001121,0,8,productive_iteration,False,True,False,False,False,,9.0
Final500,Final500_T000252,3f59899ea39e58facb8cb1281deeff3f203a6b307ccf450376b20440cfd44fdf,S0001122,10,19,productive_iteration,True,True,False,False,False,,10.0
Final500,Final500_T000253,30e7c5ecbf72b8e8966969bef58628b4d9c371b1d332576329b3324d394526f6,S0001123,8,8,unproductive_cycle,False,False,True,False,False,,1.0
Final500,Final500_T000253,30e7c5ecbf72b8e8966969bef58628b4d9c371b1d332576329b3324d394526f6,S0001124,0,7,productive_iteration,False,True,False,False,False,,6.0
Final500,Final500_T000253,30e7c5ecbf72b8e8966969bef58628b4d9c371b1d332576329b3324d394526f6,S0001125,9,23,productive_iteration,True,True,False,False,False,,15.0
Final500,Final500_T000254,6fc2bf0243c4d2026955369f1e88718aeb6bb4555649557a14002f64b8f254bb,S0001126,31,38,productive_iteration,True,True,False,False,False,,3.0
Final500,Final500_T000254,6fc2bf0243c4d2026955369f1e88718aeb6bb4555649557a14002f64b8f254bb,S0001127,21,104,unproductive_cycle,False,False,True,False,False,,8.0
Final500,Final500_T000254,6fc2bf0243c4d2026955369f1e88718aeb6bb4555649557a14002f64b8f254bb,S0001128,17,19,unproductive_cycle,False,False,True,False,False,,3.0
Final500,Final500_T000254,6fc2bf0243c4d2026955369f1e88718aeb6bb4555649557a14002f64b8f254bb,S0001129,39,103,unproductive_cycle,False,False,True,False,False,,63.0
Final500,Final500_T000255,89ccf18fb9bc63373a29ec624d9438e45e629fe70a76793bd5601dc7e189c285,S0001130,8,30,productive_iteration,True,True,False,False,False,,7.0
Final500,Final500_T000255,89ccf18fb9bc63373a29ec624d9438e45e629fe70a76793bd5601dc7e189c285,S0001131,11,36,unproductive_cycle,False,False,True,False,False,,11.0
Final500,Final500_T000255,89ccf18fb9bc63373a29ec624d9438e45e629fe70a76793bd5601dc7e189c285,S0001132,25,27,productive_iteration,False,True,False,False,False,,3.0
Final500,Final500_T000256,cc60edee6d05af8649cd3c08af915e82b5755ce951056e6f3387d200c5e2e804,S0001133,13,13,unproductive_cycle,False,False,True,False,False,,1.0
Final500,Final500_T000256,cc60edee6d05af8649cd3c08af915e82b5755ce951056e6f3387d200c5e2e804,S0001134,0,12,productive_iteration,True,True,False,False,False,,12.0
Final500,Final500_T000256,cc60edee6d05af8649cd3c08af915e82b5755ce951056e6f3387d200c5e2e804,S0001135,0,12,unproductive_cycle,False,False,True,False,False,,1.0
Final500,Final500_T000256,cc60edee6d05af8649cd3c08af915e82b5755ce951056e6f3387d200c5e2e804,S0001136,14,27,productive_iteration,True,True,False,False,False,,13.0
Final500,Final500_T000256,cc60edee6d05af8649cd3c08af915e82b5755ce951056e6f3387d200c5e2e804,S0001137,14,27,unproductive_cycle,False,False,True,False,False,,1.0
Final500,Final500_T000257,794efee157f2d7cae2a7dfe2fc4086fdadb50931c0d3bce68b9d91003bac5ca6,S0001138,0,17,productive_iteration,False,True,False,False,False,,3.0
Final500,Final500_T000257,794efee157f2d7cae2a7dfe2fc4086fdadb50931c0d3bce68b9d91003bac5ca6,S0001139,19,85,unproductive_cycle,False,False,True,False,False,,41.0
Final500,Final500_T000257,794efee157f2d7cae2a7dfe2fc4086fdadb50931c0d3bce68b9d91003bac5ca6,S0001140,6,16,productive_iteration,False,True,False,False,False,,1.0
Final500,Final500_T000257,794efee157f2d7cae2a7dfe2fc4086fdadb50931c0d3bce68b9d91003bac5ca6,S0001141,37,38,unproductive_cycle,False,False,True,False,False,,1.0
Final500,Final500_T000257,794efee157f2d7cae2a7dfe2fc4086fdadb50931c0d3bce68b9d91003bac5ca6,S0001142,48,49,unproductive_cycle,False,False,True,False,False,,2.0
Final500,Final500_T000257,794efee157f2d7cae2a7dfe2fc4086fdadb50931c0d3bce68b9d91003bac5ca6,S0001143,53,54,unproductive_cycle,False,False,True,False,False,,2.0
Final500,Final500_T000257,794efee157f2d7cae2a7dfe2fc4086fdadb50931c0d3bce68b9d91003bac5ca6,S0001144,75,76,unproductive_cycle,False,False,True,False,False,,2.0
Final500,Final500_T000258,aaa91ea21abb9d848815bf818a75f767b9dde9cb147bcdba6fc33dd78c34a785,S0001145,21,87,productive_iteration,True,True,False,False,False,,3.0
Final500,Final500_T000258,aaa91ea21abb9d848815bf818a75f767b9dde9cb147bcdba6fc33dd78c34a785,S0001146,17,85,unproductive_cycle,False,False,True,False,False,,26.0
Final500,Final500_T000258,aaa91ea21abb9d848815bf818a75f767b9dde9cb147bcdba6fc33dd78c34a785,S0001147,1,16,productive_iteration,True,True,False,False,False,,8.0
Final500,Final500_T000258,aaa91ea21abb9d848815bf818a75f767b9dde9cb147bcdba6fc33dd78c34a785,S0001148,69,70,unproductive_cycle,False,False,True,False,False,,1.0
Final500,Final500_T000258,aaa91ea21abb9d848815bf818a75f767b9dde9cb147bcdba6fc33dd78c34a785,S0001149,88,89,productive_iteration,False,True,False,False,False,,1.0
Final500,Final500_T000258,aaa91ea21abb9d848815bf818a75f767b9dde9cb147bcdba6fc33dd78c34a785,S0001150,22,33,productive_iteration,True,True,False,False,False,,3.0
Final500,Final500_T000258,aaa91ea21abb9d848815bf818a75f767b9dde9cb147bcdba6fc33dd78c34a785,S0001151,22,33,unproductive_cycle,False,False,True,False,False,,9.0
Final500,Final500_T000258,aaa91ea21abb9d848815bf818a75f767b9dde9cb147bcdba6fc33dd78c34a785,S0001152,41,43,unproductive_cycle,False,False,True,False,False,,3.0
Final500,Final500_T000258,aaa91ea21abb9d848815bf818a75f767b9dde9cb147bcdba6fc33dd78c34a785,S0001153,46,53,unproductive_cycle,False,False,True,False,False,,6.0
Final500,Final500_T000258,aaa91ea21abb9d848815bf818a75f767b9dde9cb147bcdba6fc33dd78c34a785,S0001154,55,57,unproductive_cycle,False,False,True,False,False,,3.0
Final500,Final500_T000258,aaa91ea21abb9d848815bf818a75f767b9dde9cb147bcdba6fc33dd78c34a785,S0001155,61,63,unproductive_cycle,False,False,True,False,False,,3.0
Final500,Final500_T000258,aaa91ea21abb9d848815bf818a75f767b9dde9cb147bcdba6fc33dd78c34a785,S0001156,66,68,unproductive_cycle,False,False,True,False,False,,3.0
Final500,Final500_T000258,aaa91ea21abb9d848815bf818a75f767b9dde9cb147bcdba6fc33dd78c34a785,S0001157,75,79,unproductive_cycle,False,False,True,False,False,,5.0
Final500,Final500_T000259,672564493ce77a06ffb357db8ac6451ad05e31d33ca22bc31546d3f6acc43c5b,S0001158,0,13,productive_iteration,True,True,False,False,False,,13.0
Final500,Final500_T000260,93857d2528cad7ef6b28546a1345e5239bc2bcc65f0b177dfaa2b27eecf6a0d8,S0001159,0,14,productive_iteration,True,True,False,False,False,,12.0
Final500,Final500_T000260,93857d2528cad7ef6b28546a1345e5239bc2bcc65f0b177dfaa2b27eecf6a0d8,S0001160,0,14,unproductive_cycle,False,False,True,False,False,,1.0
Final500,Final500_T000261,bb00ed1e39a514c3da40db00400d7fcce8c497073ae979b2062afef2ae1ac142,S0001161,8,10,productive_iteration,False,True,False,False,False,,2.0
Final500,Final500_T000261,bb00ed1e39a514c3da40db00400d7fcce8c497073ae979b2062afef2ae1ac142,S0001162,28,33,unproductive_cycle,False,False,True,False,False,,2.0
Final500,Final500_T000261,bb00ed1e39a514c3da40db00400d7fcce8c497073ae979b2062afef2ae1ac142,S0001163,11,27,productive_iteration,True,True,False,False,False,,13.0
Final500,Final500_T000261,bb00ed1e39a514c3da40db00400d7fcce8c497073ae979b2062afef2ae1ac142,S0001164,11,27,unproductive_cycle,False,False,True,False,False,,3.0
Final500,Final500_T000261,bb00ed1e39a514c3da40db00400d7fcce8c497073ae979b2062afef2ae1ac142,S0001165,29,32,productive_iteration,True,True,False,False,False,,4.0
Final500,Final500_T000261,bb00ed1e39a514c3da40db00400d7fcce8c497073ae979b2062afef2ae1ac142,S0001166,34,38,productive_iteration,True,True,False,False,False,,3.0
Final500,Final500_T000262,76df1536ad523e855200a1cbc9e4785c78d05e952533b392f1767aff7b33e782,S0001167,15,35,productive_iteration,True,True,False,False,False,,6.0
Final500,Final500_T000262,76df1536ad523e855200a1cbc9e4785c78d05e952533b392f1767aff7b33e782,S0001168,32,33,unproductive_cycle,False,False,True,False,False,,2.0
Final500,Final500_T000262,76df1536ad523e855200a1cbc9e4785c78d05e952533b392f1767aff7b33e782,S0001169,36,39,productive_iteration,False,True,False,False,False,,1.0
Final500,Final500_T000262,76df1536ad523e855200a1cbc9e4785c78d05e952533b392f1767aff7b33e782,S0001170,36,39,unproductive_cycle,False,False,True,False,False,,2.0
Final500,Final500_T000263,ef5a30b7c8021b94fd7cbac1daec56f9a64e59c088cd312267ec58eb031b401b,S0001171,0,10,productive_iteration,True,True,False,False,False,,10.0
Final500,Final500_T000264,1dac5b94e803eb5005b44c285375dbc9acc844aeea4ec6fdcad6690f859be88a,S0001172,8,8,productive_iteration,False,True,False,False,False,,1.0
Final500,Final500_T000264,1dac5b94e803eb5005b44c285375dbc9acc844aeea4ec6fdcad6690f859be88a,S0001173,0,7,productive_iteration,False,True,False,False,False,,7.0
Final500,Final500_T000264,1dac5b94e803eb5005b44c285375dbc9acc844aeea4ec6fdcad6690f859be88a,S0001174,9,24,productive_iteration,False,True,False,False,False,,15.0
Final500,Final500_T000265,a8d38677a2ce6d5b2ce59b950d8433153d1f5c2322f2820df0ba1f23976e4d4c,S0001175,0,13,productive_iteration,True,True,False,False,False,,14.0
Final500,Final500_T000266,ecedf1bffcf17194e6d4d9c80b33af0b82a366fa7d4fba0d0d2ac9e54702f006,S0001176,9,9,productive_iteration,True,True,False,False,False,,1.0
Final500,Final500_T000266,ecedf1bffcf17194e6d4d9c80b33af0b82a366fa7d4fba0d0d2ac9e54702f006,S0001177,0,8,productive_iteration,True,True,False,False,False,,8.0
Final500,Final500_T000266,ecedf1bffcf17194e6d4d9c80b33af0b82a366fa7d4fba0d0d2ac9e54702f006,S0001178,10,11,productive_iteration,False,True,False,False,False,,2.0
Final500,Final500_T000267,3b7c71f8354a34fb909c463518273d9d52f4f1682dc8f63a9786325f7a8bc86b,S0001179,7,35,productive_iteration,False,True,False,False,False,,5.0
Final500,Final500_T000267,3b7c71f8354a34fb909c463518273d9d52f4f1682dc8f63a9786325f7a8bc86b,S0001180,31,34,unproductive_cycle,False,False,True,False,False,,4.0
Final500,Final500_T000267,3b7c71f8354a34fb909c463518273d9d52f4f1682dc8f63a9786325f7a8bc86b,S0001181,0,2,productive_iteration,False,True,False,False,False,,3.0
Final500,Final500_T000267,3b7c71f8354a34fb909c463518273d9d52f4f1682dc8f63a9786325f7a8bc86b,S0001182,4,5,productive_iteration,False,True,False,False,False,,2.0
Final500,Final500_T000267,3b7c71f8354a34fb909c463518273d9d52f4f1682dc8f63a9786325f7a8bc86b,S0001183,12,29,productive_iteration,False,True,False,False,False,,6.0
Final500,Final500_T000268,b76d8a2dd4d0016e58d947d41bd914e962f8b32fd1c08dffec8f5545364f47fc,S0001184,0,14,productive_iteration,True,True,False,False,False,,14.0
Final500,Final500_T000269,53d3a65376f4b9c1db17c330e07c9d329c9d81ca850f593088ac857716a76cf1,S0001185,0,14,productive_iteration,True,True,False,False,False,,15.0
Final500,Final500_T000269,53d3a65376f4b9c1db17c330e07c9d329c9d81ca850f593088ac857716a76cf1,S0001186,16,22,productive_iteration,True,True,False,False,False,,7.0
Final500,Final500_T000269,53d3a65376f4b9c1db17c330e07c9d329c9d81ca850f593088ac857716a76cf1,S0001187,23,42,productive_iteration,False,True,False,False,False,,1.0
Final500,Final500_T000269,53d3a65376f4b9c1db17c330e07c9d329c9d81ca850f593088ac857716a76cf1,S0001188,23,42,unproductive_cycle,False,False,True,False,False,,19.0
Final500,Final500_T000270,5883cbf3204c913c348d84a450fc45abc5d8d6df5460fbf9a4807df87fa020b0,S0001189,0,14,productive_iteration,False,True,False,False,False,,15.0
Final500,Final500_T000271,8f326e0996a64a359e39b8c7ec9d7ed5563601ec6e7a34b6fa5bbf2ed1a5258f,S0001190,0,8,productive_iteration,False,True,False,False,False,,9.0
Final500,Final500_T000272,06ac6b42e35f3a7dc08a7664ae648ebdf240a9ed2b3fd9dde4dbb017a3628f91,S0001191,0,8,productive_iteration,True,True,False,False,False,,9.0
Final500,Final500_T000273,c5eb83a933d7ea587f8cf6adf4ed053698de484c30c7def6a84b19a7b3c7a2c8,S0001192,0,8,productive_iteration,False,True,False,False,False,,9.0
Final500,Final500_T000274,6471eb08fedf5bd3f3efad7044a764d4af4846b77c262fbc753feb0d7fb6067b,S0001193,5,43,productive_iteration,True,True,False,False,False,,15.0
Final500,Final500_T000274,6471eb08fedf5bd3f3efad7044a764d4af4846b77c262fbc753feb0d7fb6067b,S0001194,48,49,unproductive_cycle,False,False,True,False,False,,2.0
Final500,Final500_T000274,6471eb08fedf5bd3f3efad7044a764d4af4846b77c262fbc753feb0d7fb6067b,S0001195,38,40,productive_iteration,False,True,False,False,False,,3.0
Final500,Final500_T000274,6471eb08fedf5bd3f3efad7044a764d4af4846b77c262fbc753feb0d7fb6067b,S0001196,44,45,productive_iteration,False,True,False,False,False,,2.0
Final500,Final500_T000274,6471eb08fedf5bd3f3efad7044a764d4af4846b77c262fbc753feb0d7fb6067b,S0001197,17,20,productive_iteration,False,True,False,False,False,,2.0
Final500,Final500_T000274,6471eb08fedf5bd3f3efad7044a764d4af4846b77c262fbc753feb0d7fb6067b,S0001198,17,20,unproductive_cycle,False,False,True,False,False,,2.0
Final500,Final500_T000275,c85357c7baa8b1cdd5834109e51d84ce7a324b08e3332615eeae3a5eb8b70461,S0001199,0,7,productive_iteration,False,True,False,False,False,,7.0
Final500,Final500_T000275,c85357c7baa8b1cdd5834109e51d84ce7a324b08e3332615eeae3a5eb8b70461,S0001200,8,10,productive_iteration,False,True,False,False,False,,1.0
Final500,Final500_T000276,cda687d4a95b38482ce41270643c01ec662951d32c2260e73bdd0a3b0f86b0b5,S0001201,0,63,productive_iteration,True,True,False,False,False,,17.0
Final500,Final500_T000276,cda687d4a95b38482ce41270643c01ec662951d32c2260e73bdd0a3b0f86b0b5,S0001202,40,79,unproductive_cycle,False,False,True,False,False,,11.0
Final500,Final500_T000276,cda687d4a95b38482ce41270643c01ec662951d32c2260e73bdd0a3b0f86b0b5,S0001203,3,4,productive_iteration,False,True,False,False,False,,2.0
Final500,Final500_T000276,cda687d4a95b38482ce41270643c01ec662951d32c2260e73bdd0a3b0f86b0b5,S0001204,48,50,unproductive_cycle,False,False,True,False,False,,1.0
Final500,Final500_T000276,cda687d4a95b38482ce41270643c01ec662951d32c2260e73bdd0a3b0f86b0b5,S0001205,52,55,unproductive_cycle,False,False,True,False,False,,1.0
Final500,Final500_T000276,cda687d4a95b38482ce41270643c01ec662951d32c2260e73bdd0a3b0f86b0b5,S0001206,64,66,productive_iteration,False,True,False,False,False,,2.0
Final500,Final500_T000276,cda687d4a95b38482ce41270643c01ec662951d32c2260e73bdd0a3b0f86b0b5,S0001207,16,18,productive_iteration,True,True,False,False,False,,3.0
Final500,Final500_T000276,cda687d4a95b38482ce41270643c01ec662951d32c2260e73bdd0a3b0f86b0b5,S0001208,58,62,productive_iteration,False,True,False,False,False,,3.0
Final500,Final500_T000276,cda687d4a95b38482ce41270643c01ec662951d32c2260e73bdd0a3b0f86b0b5,S0001209,58,62,unproductive_cycle,False,False,True,False,False,,2.0
Final500,Final500_T000276,cda687d4a95b38482ce41270643c01ec662951d32c2260e73bdd0a3b0f86b0b5,S0001210,67,69,unproductive_cycle,False,False,True,False,False,,2.0
Final500,Final500_T000277,a65785795a0482d1e665fbd2d746094d59750ca6e7272803e182fc801e8e17f1,S0001211,0,10,productive_iteration,False,True,False,False,False,,11.0
Final500,Final500_T000278,19aec8091ee168b0c1e07a1b9ebea787c254d686226dbd9f95150f509fc88a1f,S0001212,20,34,productive_iteration,True,True,False,False,False,,7.0
Final500,Final500_T000278,19aec8091ee168b0c1e07a1b9ebea787c254d686226dbd9f95150f509fc88a1f,S0001213,46,46,unproductive_cycle,False,False,True,False,False,,1.0
Final500,Final500_T000278,19aec8091ee168b0c1e07a1b9ebea787c254d686226dbd9f95150f509fc88a1f,S0001214,0,19,productive_iteration,True,True,False,False,False,,19.0
Final500,Final500_T000278,19aec8091ee168b0c1e07a1b9ebea787c254d686226dbd9f95150f509fc88a1f,S0001215,25,26,productive_iteration,False,True,False,False,False,,2.0
Final500,Final500_T000278,19aec8091ee168b0c1e07a1b9ebea787c254d686226dbd9f95150f509fc88a1f,S0001216,28,32,productive_iteration,False,True,False,False,False,,5.0
Final500,Final500_T000278,19aec8091ee168b0c1e07a1b9ebea787c254d686226dbd9f95150f509fc88a1f,S0001217,35,45,productive_iteration,True,True,False,False,False,,1.0
Final500,Final500_T000278,19aec8091ee168b0c1e07a1b9ebea787c254d686226dbd9f95150f509fc88a1f,S0001218,35,45,unproductive_cycle,False,False,True,False,False,,10.0
Final500,Final500_T000278,19aec8091ee168b0c1e07a1b9ebea787c254d686226dbd9f95150f509fc88a1f,S0001219,47,100,unproductive_cycle,False,False,True,False,False,,54.0
Final500,Final500_T000279,e8c6d1b99d2471bb052724e13ab0150daaaee65ca23df0afc3ac8526e075e118,S0001220,0,14,productive_iteration,False,True,False,False,False,,15.0
Final500,Final500_T000280,76ba3e0b1ccc4787fdb13e513f98a6639078165ce76eecedf11637fbf8156aa0,S0001221,12,72,productive_iteration,True,True,False,False,False,,23.0
Final500,Final500_T000280,76ba3e0b1ccc4787fdb13e513f98a6639078165ce76eecedf11637fbf8156aa0,S0001222,28,88,unproductive_cycle,False,False,True,False,False,,17.0
Final500,Final500_T000280,76ba3e0b1ccc4787fdb13e513f98a6639078165ce76eecedf11637fbf8156aa0,S0001223,31,38,unproductive_cycle,False,False,True,False,False,,8.0
Final500,Final500_T000280,76ba3e0b1ccc4787fdb13e513f98a6639078165ce76eecedf11637fbf8156aa0,S0001224,48,60,unproductive_cycle,False,False,True,False,False,,13.0
Final500,Final500_T000280,76ba3e0b1ccc4787fdb13e513f98a6639078165ce76eecedf11637fbf8156aa0,S0001225,80,87,unproductive_cycle,False,False,True,False,False,,8.0
Final500,Final500_T000281,225dbcd14bd0ee965e5fa7a35021fa9dec3457ac6c19a8d0e89d1aa99f1a8916,S0001226,2,47,productive_iteration,True,True,False,False,False,,12.0
Final500,Final500_T000281,225dbcd14bd0ee965e5fa7a35021fa9dec3457ac6c19a8d0e89d1aa99f1a8916,S0001227,21,21,unproductive_cycle,False,False,True,False,False,,1.0
Final500,Final500_T000281,225dbcd14bd0ee965e5fa7a35021fa9dec3457ac6c19a8d0e89d1aa99f1a8916,S0001228,22,25,productive_iteration,False,True,False,False,False,,1.0
Final500,Final500_T000281,225dbcd14bd0ee965e5fa7a35021fa9dec3457ac6c19a8d0e89d1aa99f1a8916,S0001229,22,25,unproductive_cycle,False,False,True,False,False,,1.0
Final500,Final500_T000281,225dbcd14bd0ee965e5fa7a35021fa9dec3457ac6c19a8d0e89d1aa99f1a8916,S0001230,34,36,productive_iteration,True,True,False,False,False,,2.0
Final500,Final500_T000281,225dbcd14bd0ee965e5fa7a35021fa9dec3457ac6c19a8d0e89d1aa99f1a8916,S0001231,13,17,productive_iteration,False,True,False,False,False,,2.0
Final500,Final500_T000281,225dbcd14bd0ee965e5fa7a35021fa9dec3457ac6c19a8d0e89d1aa99f1a8916,S0001232,13,17,unproductive_cycle,False,False,True,False,False,,3.0
Final500,Final500_T000281,225dbcd14bd0ee965e5fa7a35021fa9dec3457ac6c19a8d0e89d1aa99f1a8916,S0001233,37,46,productive_iteration,False,True,False,False,False,,6.0
Final500,Final500_T000282,2bb0334cf4874970af426f3f40f9c7a6d2d882f50b546e4a8e797a73c8ecacd6,S0001234,0,23,productive_iteration,True,True,False,False,False,,13.0
Final500,Final500_T000282,2bb0334cf4874970af426f3f40f9c7a6d2d882f50b546e4a8e797a73c8ecacd6,S0001235,24,25,productive_iteration,True,True,False,False,False,,1.0
Final500,Final500_T000282,2bb0334cf4874970af426f3f40f9c7a6d2d882f50b546e4a8e797a73c8ecacd6,S0001236,27,31,productive_iteration,True,True,False,False,False,,1.0
Final500,Final500_T000283,a2aa97b4350ea632f6596fc1a076d8bfb8c43a90b16c16f25e9eaa31f1dcbd5d,S0001237,24,24,productive_iteration,True,True,False,False,False,,1.0
Final500,Final500_T000283,a2aa97b4350ea632f6596fc1a076d8bfb8c43a90b16c16f25e9eaa31f1dcbd5d,S0001238,49,74,unproductive_cycle,False,False,True,False,False,,5.0
Final500,Final500_T000283,a2aa97b4350ea632f6596fc1a076d8bfb8c43a90b16c16f25e9eaa31f1dcbd5d,S0001239,0,9,productive_iteration,False,True,False,False,False,,10.0
Final500,Final500_T000283,a2aa97b4350ea632f6596fc1a076d8bfb8c43a90b16c16f25e9eaa31f1dcbd5d,S0001240,14,15,productive_iteration,False,True,False,False,False,,1.0
Final500,Final500_T000283,a2aa97b4350ea632f6596fc1a076d8bfb8c43a90b16c16f25e9eaa31f1dcbd5d,S0001241,14,15,unproductive_cycle,False,False,True,False,False,,1.0
Final500,Final500_T000283,a2aa97b4350ea632f6596fc1a076d8bfb8c43a90b16c16f25e9eaa31f1dcbd5d,S0001242,20,23,productive_iteration,False,True,False,False,False,,2.0
Final500,Final500_T000283,a2aa97b4350ea632f6596fc1a076d8bfb8c43a90b16c16f25e9eaa31f1dcbd5d,S0001243,20,23,unproductive_cycle,False,False,True,False,False,,2.0
Final500,Final500_T000283,a2aa97b4350ea632f6596fc1a076d8bfb8c43a90b16c16f25e9eaa31f1dcbd5d,S0001244,25,30,productive_iteration,False,True,False,False,False,,2.0
Final500,Final500_T000283,a2aa97b4350ea632f6596fc1a076d8bfb8c43a90b16c16f25e9eaa31f1dcbd5d,S0001245,25,30,unproductive_cycle,False,False,True,False,False,,4.0
Final500,Final500_T000283,a2aa97b4350ea632f6596fc1a076d8bfb8c43a90b16c16f25e9eaa31f1dcbd5d,S0001246,10,13,productive_iteration,True,True,False,False,False,,4.0
Final500,Final500_T000283,a2aa97b4350ea632f6596fc1a076d8bfb8c43a90b16c16f25e9eaa31f1dcbd5d,S0001247,16,19,unproductive_cycle,False,False,True,False,False,,4.0
Final500,Final500_T000283,a2aa97b4350ea632f6596fc1a076d8bfb8c43a90b16c16f25e9eaa31f1dcbd5d,S0001248,31,48,unproductive_cycle,False,False,True,False,False,,18.0
Final500,Final500_T000283,a2aa97b4350ea632f6596fc1a076d8bfb8c43a90b16c16f25e9eaa31f1dcbd5d,S0001249,50,63,unproductive_cycle,False,False,True,False,False,,14.0
Final500,Final500_T000283,a2aa97b4350ea632f6596fc1a076d8bfb8c43a90b16c16f25e9eaa31f1dcbd5d,S0001250,65,71,unproductive_cycle,False,False,True,False,False,,7.0
Final500,Final500_T000283,a2aa97b4350ea632f6596fc1a076d8bfb8c43a90b16c16f25e9eaa31f1dcbd5d,S0001251,75,84,unproductive_cycle,False,False,True,False,False,,10.0
Final500,Final500_T000284,99e33d7eb154a850f9815eef9a81517aabebd7a59a12e151104015ff20d1e549,S0001252,2,23,productive_iteration,True,True,False,False,False,,3.0
Final500,Final500_T000284,99e33d7eb154a850f9815eef9a81517aabebd7a59a12e151104015ff20d1e549,S0001253,8,91,unproductive_cycle,False,False,True,False,False,,20.0
Final500,Final500_T000284,99e33d7eb154a850f9815eef9a81517aabebd7a59a12e151104015ff20d1e549,S0001254,0,1,productive_iteration,False,True,False,False,False,,2.0
Final500,Final500_T000284,99e33d7eb154a850f9815eef9a81517aabebd7a59a12e151104015ff20d1e549,S0001255,3,6,productive_iteration,False,True,False,False,False,,4.0
Final500,Final500_T000284,99e33d7eb154a850f9815eef9a81517aabebd7a59a12e151104015ff20d1e549,S0001256,13,15,productive_iteration,False,True,False,False,False,,1.0
Final500,Final500_T000284,99e33d7eb154a850f9815eef9a81517aabebd7a59a12e151104015ff20d1e549,S0001257,24,25,productive_iteration,True,True,False,False,False,,2.0
Final500,Final500_T000284,99e33d7eb154a850f9815eef9a81517aabebd7a59a12e151104015ff20d1e549,S0001258,34,35,unproductive_cycle,False,False,True,False,False,,2.0
Final500,Final500_T000284,99e33d7eb154a850f9815eef9a81517aabebd7a59a12e151104015ff20d1e549,S0001259,54,55,unproductive_cycle,False,False,True,False,False,,2.0
Final500,Final500_T000284,99e33d7eb154a850f9815eef9a81517aabebd7a59a12e151104015ff20d1e549,S0001260,16,20,unproductive_cycle,False,False,True,False,False,,5.0
Final500,Final500_T000284,99e33d7eb154a850f9815eef9a81517aabebd7a59a12e151104015ff20d1e549,S0001261,26,31,unproductive_cycle,False,False,True,False,False,,6.0
Final500,Final500_T000284,99e33d7eb154a850f9815eef9a81517aabebd7a59a12e151104015ff20d1e549,S0001262,36,39,unproductive_cycle,False,False,True,False,False,,4.0
Final500,Final500_T000284,99e33d7eb154a850f9815eef9a81517aabebd7a59a12e151104015ff20d1e549,S0001263,46,53,unproductive_cycle,False,False,True,False,False,,7.0
Final500,Final500_T000284,99e33d7eb154a850f9815eef9a81517aabebd7a59a12e151104015ff20d1e549,S0001264,56,62,unproductive_cycle,False,False,True,False,False,,7.0
Final500,Final500_T000284,99e33d7eb154a850f9815eef9a81517aabebd7a59a12e151104015ff20d1e549,S0001265,66,72,unproductive_cycle,False,False,True,False,False,,7.0
Final500,Final500_T000284,99e33d7eb154a850f9815eef9a81517aabebd7a59a12e151104015ff20d1e549,S0001266,76,79,unproductive_cycle,False,False,True,False,False,,1.0
Final500,Final500_T000284,99e33d7eb154a850f9815eef9a81517aabebd7a59a12e151104015ff20d1e549,S0001267,86,89,unproductive_cycle,False,False,True,False,False,,3.0
Final500,Final500_T000285,47485a35a8d22a3e294d227b27ef944c84d84796eb9de1e0b1547fa8a19b069f,S0001268,22,25,unproductive_cycle,False,False,True,False,False,,4.0
Final500,Final500_T000285,47485a35a8d22a3e294d227b27ef944c84d84796eb9de1e0b1547fa8a19b069f,S0001269,8,21,productive_iteration,False,True,False,False,False,,3.0
Final500,Final500_T000285,47485a35a8d22a3e294d227b27ef944c84d84796eb9de1e0b1547fa8a19b069f,S0001270,8,21,unproductive_cycle,False,False,True,False,False,,11.0
Final500,Final500_T000285,47485a35a8d22a3e294d227b27ef944c84d84796eb9de1e0b1547fa8a19b069f,S0001271,26,158,unproductive_cycle,False,False,True,False,False,,124.0
Final500,Final500_T000286,6ea9cac09c81422ab27c6f589cedd6d07553ab3ffe78bee577b4884744c7a003,S0001272,1,64,productive_iteration,True,True,False,False,False,,14.0
Final500,Final500_T000286,6ea9cac09c81422ab27c6f589cedd6d07553ab3ffe78bee577b4884744c7a003,S0001273,65,153,unproductive_cycle,False,False,True,False,False,,43.0
Final500,Final500_T000286,6ea9cac09c81422ab27c6f589cedd6d07553ab3ffe78bee577b4884744c7a003,S0001274,10,12,productive_iteration,False,True,False,False,False,,2.0
Final500,Final500_T000286,6ea9cac09c81422ab27c6f589cedd6d07553ab3ffe78bee577b4884744c7a003,S0001275,14,15,productive_iteration,False,True,False,False,False,,2.0
Final500,Final500_T000286,6ea9cac09c81422ab27c6f589cedd6d07553ab3ffe78bee577b4884744c7a003,S0001276,19,21,productive_iteration,False,True,False,False,False,,3.0
Final500,Final500_T000286,6ea9cac09c81422ab27c6f589cedd6d07553ab3ffe78bee577b4884744c7a003,S0001277,23,25,productive_iteration,False,True,False,False,False,,1.0
Final500,Final500_T000286,6ea9cac09c81422ab27c6f589cedd6d07553ab3ffe78bee577b4884744c7a003,S0001278,33,36,productive_iteration,True,True,False,False,False,,4.0
Final500,Final500_T000286,6ea9cac09c81422ab27c6f589cedd6d07553ab3ffe78bee577b4884744c7a003,S0001279,40,45,productive_iteration,False,True,False,False,False,,2.0
Final500,Final500_T000286,6ea9cac09c81422ab27c6f589cedd6d07553ab3ffe78bee577b4884744c7a003,S0001280,60,62,productive_iteration,True,True,False,False,False,,2.0
Final500,Final500_T000286,6ea9cac09c81422ab27c6f589cedd6d07553ab3ffe78bee577b4884744c7a003,S0001281,67,70,unproductive_cycle,False,False,True,False,False,,4.0
Final500,Final500_T000286,6ea9cac09c81422ab27c6f589cedd6d07553ab3ffe78bee577b4884744c7a003,S0001282,77,80,unproductive_cycle,False,False,True,False,False,,4.0
Final500,Final500_T000286,6ea9cac09c81422ab27c6f589cedd6d07553ab3ffe78bee577b4884744c7a003,S0001283,87,90,unproductive_cycle,False,False,True,False,False,,4.0
Final500,Final500_T000286,6ea9cac09c81422ab27c6f589cedd6d07553ab3ffe78bee577b4884744c7a003,S0001284,97,100,unproductive_cycle,False,False,True,False,False,,4.0
Final500,Final500_T000286,6ea9cac09c81422ab27c6f589cedd6d07553ab3ffe78bee577b4884744c7a003,S0001285,102,110,unproductive_cycle,False,False,True,False,False,,9.0
Final500,Final500_T000286,6ea9cac09c81422ab27c6f589cedd6d07553ab3ffe78bee577b4884744c7a003,S0001286,127,130,unproductive_cycle,False,False,True,False,False,,4.0
Final500,Final500_T000287,2c416e641c1fca51179d0fccff2ec51430a98eb80ba812bcbfee61b58f2531be,S0001287,0,6,productive_iteration,False,True,False,False,False,,7.0
Final500,Final500_T000287,2c416e641c1fca51179d0fccff2ec51430a98eb80ba812bcbfee61b58f2531be,S0001288,10,12,productive_iteration,True,True,False,False,False,,3.0
Final500,Final500_T000287,2c416e641c1fca51179d0fccff2ec51430a98eb80ba812bcbfee61b58f2531be,S0001289,7,9,productive_iteration,True,True,False,False,False,,3.0
Final500,Final500_T000288,65d70cfda9da9f86739f7f2bce9dc5f57da740b7b06de4630a13d29016bdcca2,S0001290,3,31,productive_iteration,True,True,False,False,False,,5.0
Final500,Final500_T000288,65d70cfda9da9f86739f7f2bce9dc5f57da740b7b06de4630a13d29016bdcca2,S0001291,7,12,productive_iteration,False,True,False,False,False,,3.0
Final500,Final500_T000288,65d70cfda9da9f86739f7f2bce9dc5f57da740b7b06de4630a13d29016bdcca2,S0001292,18,20,productive_iteration,False,True,False,False,False,,1.0
Final500,Final500_T000288,65d70cfda9da9f86739f7f2bce9dc5f57da740b7b06de4630a13d29016bdcca2,S0001293,22,25,productive_iteration,False,True,False,False,False,,1.0
Final500,Final500_T000288,65d70cfda9da9f86739f7f2bce9dc5f57da740b7b06de4630a13d29016bdcca2,S0001294,27,30,productive_iteration,True,True,False,False,False,,3.0
Final500,Final500_T000288,65d70cfda9da9f86739f7f2bce9dc5f57da740b7b06de4630a13d29016bdcca2,S0001295,32,86,productive_iteration,True,True,False,False,False,,1.0
Final500,Final500_T000288,65d70cfda9da9f86739f7f2bce9dc5f57da740b7b06de4630a13d29016bdcca2,S0001296,32,86,unproductive_cycle,False,False,True,False,False,,46.0
Final500,Final500_T000289,5368b864fcd40763cea90b29e1c7b900019de1393e375ce7749ba5af9ff3792d,S0001297,0,12,productive_iteration,False,True,False,False,False,,12.0
Final500,Final500_T000290,ca4971e761d437a76aced062a7ac3053125dc7b26aac84cad28de214d3f99b93,S0001298,15,15,productive_iteration,False,True,False,False,False,,1.0
Final500,Final500_T000290,ca4971e761d437a76aced062a7ac3053125dc7b26aac84cad28de214d3f99b93,S0001299,0,14,productive_iteration,True,True,False,False,False,,12.0
Final500,Final500_T000290,ca4971e761d437a76aced062a7ac3053125dc7b26aac84cad28de214d3f99b93,S0001300,36,39,productive_iteration,True,True,False,False,False,,2.0
Final500,Final500_T000291,391ac2dbb4016820ba5ed8505e035bd08dfdcf947b94eb9686069a53164e779a,S0001301,9,34,productive_iteration,False,True,False,False,False,,6.0
Final500,Final500_T000291,391ac2dbb4016820ba5ed8505e035bd08dfdcf947b94eb9686069a53164e779a,S0001302,0,8,productive_iteration,True,True,False,False,False,,1.0
Final500,Final500_T000291,391ac2dbb4016820ba5ed8505e035bd08dfdcf947b94eb9686069a53164e779a,S0001303,18,22,productive_iteration,False,True,False,False,False,,1.0
Final500,Final500_T000291,391ac2dbb4016820ba5ed8505e035bd08dfdcf947b94eb9686069a53164e779a,S0001304,27,33,productive_iteration,True,True,False,False,False,,1.0
Final500,Final500_T000292,7ee463d001952970677cb2a1e3234b2309b28d7ee4af580f59b561ccacb7aade,S0001305,16,26,productive_iteration,True,True,False,False,False,,2.0
Final500,Final500_T000292,7ee463d001952970677cb2a1e3234b2309b28d7ee4af580f59b561ccacb7aade,S0001306,0,9,productive_iteration,True,True,False,False,False,,9.0
Final500,Final500_T000292,7ee463d001952970677cb2a1e3234b2309b28d7ee4af580f59b561ccacb7aade,S0001307,17,24,productive_iteration,False,True,False,False,False,,7.0
Final500,Final500_T000292,7ee463d001952970677cb2a1e3234b2309b28d7ee4af580f59b561ccacb7aade,S0001308,27,30,productive_iteration,True,True,False,False,False,,4.0
Final500,Final500_T000293,d4f5ada25554d6d6f25a65e9988ca12b924111dc7f40ddd5f2d2d1fffc4b1ef3,S0001309,0,10,productive_iteration,True,True,False,False,False,,11.0
Final500,Final500_T000294,e070fa6379a0a8cf2edef0806d99e60b2fd31678d2c0446a6ecd86d13ed7614a,S0001310,0,31,productive_iteration,True,True,False,False,False,,32.0
Final500,Final500_T000295,2ab18487b642f47c495df0ccfa8227ca2cbecc0100d06fa94251f07738295eff,S0001311,25,25,productive_iteration,True,True,False,False,False,,1.0
Final500,Final500_T000295,2ab18487b642f47c495df0ccfa8227ca2cbecc0100d06fa94251f07738295eff,S0001312,0,14,productive_iteration,True,True,False,False,False,,13.0
Final500,Final500_T000295,2ab18487b642f47c495df0ccfa8227ca2cbecc0100d06fa94251f07738295eff,S0001313,17,24,productive_iteration,False,True,False,False,False,,8.0
Final500,Final500_T000295,2ab18487b642f47c495df0ccfa8227ca2cbecc0100d06fa94251f07738295eff,S0001314,26,29,productive_iteration,False,True,False,False,False,,4.0
Final500,Final500_T000295,2ab18487b642f47c495df0ccfa8227ca2cbecc0100d06fa94251f07738295eff,S0001315,33,36,productive_iteration,True,True,False,False,False,,4.0
Final500,Final500_T000295,2ab18487b642f47c495df0ccfa8227ca2cbecc0100d06fa94251f07738295eff,S0001316,30,32,productive_iteration,True,True,False,False,False,,3.0
Final500,Final500_T000296,5d1920e7cf655c71c051f30cb8758246b0c0bf2e1ed8fbf635694bc148c14890,S0001317,0,11,productive_iteration,False,True,False,False,False,,12.0
Final500,Final500_T000297,8bdeef2e0241926f5c6992dc54a12ab6b11dc541a3850da7647067f148d570c7,S0001318,0,5,productive_iteration,False,True,False,False,False,,6.0
Final500,Final500_T000297,8bdeef2e0241926f5c6992dc54a12ab6b11dc541a3850da7647067f148d570c7,S0001319,9,11,productive_iteration,False,True,False,False,False,,2.0
Final500,Final500_T000297,8bdeef2e0241926f5c6992dc54a12ab6b11dc541a3850da7647067f148d570c7,S0001320,6,8,unproductive_cycle,False,False,True,False,False,,1.0
Final500,Final500_T000298,af7e6176bcb9d4b032106185a907d609ed18c9a92eca425fdd1a3b635094470c,S0001321,9,9,productive_iteration,False,True,False,False,False,,1.0
Final500,Final500_T000298,af7e6176bcb9d4b032106185a907d609ed18c9a92eca425fdd1a3b635094470c,S0001322,0,8,productive_iteration,False,True,False,False,False,,9.0
Final500,Final500_T000298,af7e6176bcb9d4b032106185a907d609ed18c9a92eca425fdd1a3b635094470c,S0001323,10,18,productive_iteration,True,True,False,False,False,,9.0
Final500,Final500_T000298,af7e6176bcb9d4b032106185a907d609ed18c9a92eca425fdd1a3b635094470c,S0001324,22,43,productive_iteration,True,True,False,False,False,,19.0
Final500,Final500_T000298,af7e6176bcb9d4b032106185a907d609ed18c9a92eca425fdd1a3b635094470c,S0001325,19,21,unproductive_cycle,False,False,True,False,False,,3.0
Final500,Final500_T000299,77b76ef0254d66b865713deb97a27a3fbe6c205970faef943c3375ae834b24d2,S0001326,0,7,productive_iteration,True,True,False,False,False,,8.0
Final500,Final500_T000299,77b76ef0254d66b865713deb97a27a3fbe6c205970faef943c3375ae834b24d2,S0001327,12,13,productive_iteration,False,True,False,False,False,,2.0
Final500,Final500_T000299,77b76ef0254d66b865713deb97a27a3fbe6c205970faef943c3375ae834b24d2,S0001328,8,11,productive_iteration,False,True,False,False,False,,4.0
Final500,Final500_T000299,77b76ef0254d66b865713deb97a27a3fbe6c205970faef943c3375ae834b24d2,S0001329,14,33,productive_iteration,True,True,False,False,False,,1.0
Final500,Final500_T000299,77b76ef0254d66b865713deb97a27a3fbe6c205970faef943c3375ae834b24d2,S0001330,14,33,unproductive_cycle,False,False,True,False,False,,19.0
Final500,Final500_T000300,77d092e476dfb74b81326647d029feb14226b31fa92203ff1a72957c7c43aebc,S0001331,0,8,productive_iteration,True,True,False,False,False,,9.0
Final500,Final500_T000300,77d092e476dfb74b81326647d029feb14226b31fa92203ff1a72957c7c43aebc,S0001332,12,13,productive_iteration,False,True,False,False,False,,2.0
Final500,Final500_T000300,77d092e476dfb74b81326647d029feb14226b31fa92203ff1a72957c7c43aebc,S0001333,9,11,productive_iteration,False,True,False,False,False,,1.0
Final500,Final500_T000301,9c9312220109684be5226a93017ee6e8b5e877b8a8a191ee4340b34bc52e258a,S0001334,4,11,productive_iteration,True,True,False,False,False,,4.0
Final500,Final500_T000301,9c9312220109684be5226a93017ee6e8b5e877b8a8a191ee4340b34bc52e258a,S0001335,0,3,productive_iteration,False,True,False,False,False,,4.0
Final500,Final500_T000301,9c9312220109684be5226a93017ee6e8b5e877b8a8a191ee4340b34bc52e258a,S0001336,6,7,productive_iteration,False,True,False,False,False,,2.0
Final500,Final500_T000301,9c9312220109684be5226a93017ee6e8b5e877b8a8a191ee4340b34bc52e258a,S0001337,9,10,productive_iteration,True,True,False,False,False,,2.0
Final500,Final500_T000301,9c9312220109684be5226a93017ee6e8b5e877b8a8a191ee4340b34bc52e258a,S0001338,12,29,productive_iteration,True,True,False,False,False,,18.0
Final500,Final500_T000301,9c9312220109684be5226a93017ee6e8b5e877b8a8a191ee4340b34bc52e258a,S0001339,33,34,productive_iteration,True,True,False,False,False,,2.0
Final500,Final500_T000301,9c9312220109684be5226a93017ee6e8b5e877b8a8a191ee4340b34bc52e258a,S0001340,30,32,productive_iteration,True,True,False,False,False,,3.0
Final500,Final500_T000302,5e4229bdd9200500b32cd3c26d4fe4144ee4674d536ca0bb30e7cfdca229ca62,S0001341,0,9,productive_iteration,False,True,False,False,False,,9.0
Final500,Final500_T000303,7340576847bd07c9f68b4173f9d1399f609a82b8162d77271ab4f49f56627152,S0001342,21,21,productive_iteration,False,True,False,False,False,,1.0
Final500,Final500_T000303,7340576847bd07c9f68b4173f9d1399f609a82b8162d77271ab4f49f56627152,S0001343,17,22,unproductive_cycle,False,False,True,False,False,,3.0
Final500,Final500_T000303,7340576847bd07c9f68b4173f9d1399f609a82b8162d77271ab4f49f56627152,S0001344,4,16,productive_iteration,True,True,False,False,False,,12.0
Final500,Final500_T000303,7340576847bd07c9f68b4173f9d1399f609a82b8162d77271ab4f49f56627152,S0001345,24,31,productive_iteration,False,True,False,False,False,,5.0
Final500,Final500_T000303,7340576847bd07c9f68b4173f9d1399f609a82b8162d77271ab4f49f56627152,S0001346,24,31,unproductive_cycle,False,False,True,False,False,,1.0
Final500,Final500_T000303,7340576847bd07c9f68b4173f9d1399f609a82b8162d77271ab4f49f56627152,S0001347,1,3,unproductive_cycle,False,False,True,False,False,,1.0
Final500,Final500_T000303,7340576847bd07c9f68b4173f9d1399f609a82b8162d77271ab4f49f56627152,S0001348,32,36,unproductive_cycle,False,False,True,False,False,,5.0
Final500,Final500_T000304,2dc4f327a71b9ce448143dc8dfe58e2575fdd0d1d838d8a53a7857c475d3fd3c,S0001349,0,11,productive_iteration,False,True,False,False,False,,12.0
Final500,Final500_T000305,0e244e4c2aaf75718ececf36c25b83ac481eb321a914e1df6603cb593f6a4134,S0001350,0,13,productive_iteration,False,True,False,False,False,,14.0
Final500,Final500_T000306,5b56508481e0137f67e289a449923f401ab36419fd7cd9dc3f54db1e1973e0a5,S0001351,0,10,productive_iteration,False,True,False,False,False,,10.0
Final500,Final500_T000307,58caad0c374e6149498ddabbae774b3ba858e5bb156e71593864172b52ad5fe1,S0001352,0,11,productive_iteration,False,True,False,False,False,,11.0
Final500,Final500_T000308,948dc23fa56d239663b38ee6f6db51bda6777a13050ffafed3b0134e24ada676,S0001353,0,3,productive_iteration,False,True,False,False,False,,4.0
Final500,Final500_T000308,948dc23fa56d239663b38ee6f6db51bda6777a13050ffafed3b0134e24ada676,S0001354,5,12,productive_iteration,False,True,False,False,False,,8.0
Final500,Final500_T000309,2c2ec24a360a5a90b3633c2ebed711a5fee9352fc64d3a838004e21214502db6,S0001355,0,11,productive_iteration,True,True,False,False,False,,10.0
Final500,Final500_T000310,df7efbf4311cb267df13b7cced0370c364976bf660b860820660cd77f69a07bd,S0001356,0,1,productive_iteration,False,True,False,False,False,,2.0
Final500,Final500_T000310,df7efbf4311cb267df13b7cced0370c364976bf660b860820660cd77f69a07bd,S0001357,4,30,productive_iteration,False,True,False,False,False,,23.0
Final500,Final500_T000311,3911fe4235a53ba103da0c6c9273d3f59a3274f972a4071d6aca3ad9593f060c,S0001358,0,10,productive_iteration,False,True,False,False,False,,10.0
Final500,Final500_T000312,5aa7c1afc58de1e6d2a92d9e7e15b13e29bf2afff4d92804ec8c18dbb83f419d,S0001359,10,14,productive_iteration,False,True,False,False,False,,5.0
Final500,Final500_T000312,5aa7c1afc58de1e6d2a92d9e7e15b13e29bf2afff4d92804ec8c18dbb83f419d,S0001360,40,105,unproductive_cycle,False,False,True,False,False,,3.0
Final500,Final500_T000312,5aa7c1afc58de1e6d2a92d9e7e15b13e29bf2afff4d92804ec8c18dbb83f419d,S0001361,0,7,productive_iteration,False,True,False,False,False,,8.0
Final500,Final500_T000312,5aa7c1afc58de1e6d2a92d9e7e15b13e29bf2afff4d92804ec8c18dbb83f419d,S0001362,15,39,productive_iteration,True,True,False,False,False,,8.0
Final500,Final500_T000312,5aa7c1afc58de1e6d2a92d9e7e15b13e29bf2afff4d92804ec8c18dbb83f419d,S0001363,15,39,unproductive_cycle,False,False,True,False,False,,13.0
Final500,Final500_T000312,5aa7c1afc58de1e6d2a92d9e7e15b13e29bf2afff4d92804ec8c18dbb83f419d,S0001364,41,45,unproductive_cycle,False,False,True,False,False,,5.0
Final500,Final500_T000312,5aa7c1afc58de1e6d2a92d9e7e15b13e29bf2afff4d92804ec8c18dbb83f419d,S0001365,47,104,unproductive_cycle,False,False,True,False,False,,56.0
Final500,Final500_T000313,aea1cc2a516c8adac4b863982578ba26b53d8895fceecf935d4d66ed103a749f,S0001366,0,7,productive_iteration,False,True,False,False,False,,8.0
Final500,Final500_T000314,490f0613dd8cd505a127acf4d1e3234a82e4ce45601ea0beaf57f611f85d5e7d,S0001367,26,35,productive_iteration,True,True,False,False,False,,2.0
Final500,Final500_T000314,490f0613dd8cd505a127acf4d1e3234a82e4ce45601ea0beaf57f611f85d5e7d,S0001368,22,27,unproductive_cycle,False,False,True,False,False,,2.0
Final500,Final500_T000314,490f0613dd8cd505a127acf4d1e3234a82e4ce45601ea0beaf57f611f85d5e7d,S0001369,0,9,productive_iteration,True,True,False,False,False,,10.0
Final500,Final500_T000314,490f0613dd8cd505a127acf4d1e3234a82e4ce45601ea0beaf57f611f85d5e7d,S0001370,13,21,productive_iteration,False,True,False,False,False,,7.0
Final500,Final500_T000314,490f0613dd8cd505a127acf4d1e3234a82e4ce45601ea0beaf57f611f85d5e7d,S0001371,13,21,unproductive_cycle,False,False,True,False,False,,2.0
Final500,Final500_T000314,490f0613dd8cd505a127acf4d1e3234a82e4ce45601ea0beaf57f611f85d5e7d,S0001372,23,25,productive_iteration,True,True,False,False,False,,3.0
Final500,Final500_T000314,490f0613dd8cd505a127acf4d1e3234a82e4ce45601ea0beaf57f611f85d5e7d,S0001373,28,34,productive_iteration,True,True,False,False,False,,7.0
Final500,Final500_T000314,490f0613dd8cd505a127acf4d1e3234a82e4ce45601ea0beaf57f611f85d5e7d,S0001374,36,41,productive_iteration,False,True,False,False,False,,5.0
Final500,Final500_T000314,490f0613dd8cd505a127acf4d1e3234a82e4ce45601ea0beaf57f611f85d5e7d,S0001375,10,12,productive_iteration,False,True,False,False,False,,1.0
Final500,Final500_T000314,490f0613dd8cd505a127acf4d1e3234a82e4ce45601ea0beaf57f611f85d5e7d,S0001376,10,12,unproductive_cycle,False,False,True,False,False,,2.0
Final500,Final500_T000315,a4f8078c483e8420270cfd805e25991887d011fac9aad2abdd81a95207181413,S0001377,6,14,productive_iteration,False,True,False,False,False,,6.0
Final500,Final500_T000315,a4f8078c483e8420270cfd805e25991887d011fac9aad2abdd81a95207181413,S0001378,15,115,unproductive_cycle,False,False,True,False,False,,85.0
Final500,Final500_T000316,03b16897c5368f2bf7c12aa31d4b385950fec8f8d8d77f63a0c0b814eddd3fce,S0001379,29,33,productive_iteration,True,True,False,False,False,,2.0
Final500,Final500_T000316,03b16897c5368f2bf7c12aa31d4b385950fec8f8d8d77f63a0c0b814eddd3fce,S0001380,0,8,productive_iteration,False,True,False,False,False,,9.0
Final500,Final500_T000316,03b16897c5368f2bf7c12aa31d4b385950fec8f8d8d77f63a0c0b814eddd3fce,S0001381,14,28,productive_iteration,True,True,False,False,False,,13.0
Final500,Final500_T000316,03b16897c5368f2bf7c12aa31d4b385950fec8f8d8d77f63a0c0b814eddd3fce,S0001382,14,28,unproductive_cycle,False,False,True,False,False,,2.0
Final500,Final500_T000316,03b16897c5368f2bf7c12aa31d4b385950fec8f8d8d77f63a0c0b814eddd3fce,S0001383,30,31,productive_iteration,False,True,False,False,False,,2.0
Final500,Final500_T000316,03b16897c5368f2bf7c12aa31d4b385950fec8f8d8d77f63a0c0b814eddd3fce,S0001384,34,42,productive_iteration,True,True,False,False,False,,9.0
Final500,Final500_T000316,03b16897c5368f2bf7c12aa31d4b385950fec8f8d8d77f63a0c0b814eddd3fce,S0001385,9,13,productive_iteration,False,True,False,False,False,,1.0
Final500,Final500_T000316,03b16897c5368f2bf7c12aa31d4b385950fec8f8d8d77f63a0c0b814eddd3fce,S0001386,9,13,unproductive_cycle,False,False,True,False,False,,4.0
Final500,Final500_T000317,c13345ac0201987afbacda459b7551c692a323e3e82b705002bb590f07643514,S0001387,6,89,productive_iteration,True,True,False,False,False,,13.0
Final500,Final500_T000317,c13345ac0201987afbacda459b7551c692a323e3e82b705002bb590f07643514,S0001388,27,127,unproductive_cycle,False,False,True,False,False,,42.0
Final500,Final500_T000317,c13345ac0201987afbacda459b7551c692a323e3e82b705002bb590f07643514,S0001389,21,24,productive_iteration,True,True,False,False,False,,3.0
Final500,Final500_T000317,c13345ac0201987afbacda459b7551c692a323e3e82b705002bb590f07643514,S0001390,70,72,unproductive_cycle,False,False,True,False,False,,3.0
Final500,Final500_T000317,c13345ac0201987afbacda459b7551c692a323e3e82b705002bb590f07643514,S0001391,118,120,unproductive_cycle,False,False,True,False,False,,2.0
Final500,Final500_T000318,5c68184c071b53cbb3ca2688389ddd16e551ff594d74964a5d83e9f7c313a135,S0001392,0,12,productive_iteration,False,True,False,False,False,,13.0
Final500,Final500_T000318,5c68184c071b53cbb3ca2688389ddd16e551ff594d74964a5d83e9f7c313a135,S0001393,14,23,productive_iteration,False,True,False,False,False,,10.0
Final500,Final500_T000318,5c68184c071b53cbb3ca2688389ddd16e551ff594d74964a5d83e9f7c313a135,S0001394,25,31,productive_iteration,False,True,False,False,False,,7.0
Final500,Final500_T000319,a2c509c5c2296740fdc832306de270835fa7285f64b48e1fc76693ccd8c1190c,S0001395,0,10,productive_iteration,False,True,False,False,False,,5.0
Final500,Final500_T000319,a2c509c5c2296740fdc832306de270835fa7285f64b48e1fc76693ccd8c1190c,S0001396,1,6,productive_iteration,False,True,False,False,False,,6.0
Final500,Final500_T000319,a2c509c5c2296740fdc832306de270835fa7285f64b48e1fc76693ccd8c1190c,S0001397,11,23,productive_iteration,False,True,False,False,False,,10.0
Final500,Final500_T000319,a2c509c5c2296740fdc832306de270835fa7285f64b48e1fc76693ccd8c1190c,S0001398,11,23,unproductive_cycle,False,False,True,False,False,,3.0
Final500,Final500_T000319,a2c509c5c2296740fdc832306de270835fa7285f64b48e1fc76693ccd8c1190c,S0001399,76,92,productive_iteration,True,True,False,False,False,,17.0
Final500,Final500_T000319,a2c509c5c2296740fdc832306de270835fa7285f64b48e1fc76693ccd8c1190c,S0001400,24,75,unproductive_cycle,False,False,True,False,False,,52.0
Final500,Final500_T000320,54691904a92a31bd14d8e1474099810a4473643658c973dd9d06af5fe1f053c4,S0001401,3,3,productive_iteration,False,True,False,False,False,,1.0
Final500,Final500_T000320,54691904a92a31bd14d8e1474099810a4473643658c973dd9d06af5fe1f053c4,S0001402,19,31,unproductive_cycle,False,False,True,False,False,,5.0
Final500,Final500_T000320,54691904a92a31bd14d8e1474099810a4473643658c973dd9d06af5fe1f053c4,S0001403,0,2,productive_iteration,False,True,False,False,False,,3.0
Final500,Final500_T000320,54691904a92a31bd14d8e1474099810a4473643658c973dd9d06af5fe1f053c4,S0001404,4,13,productive_iteration,False,True,False,False,False,,10.0
Final500,Final500_T000320,54691904a92a31bd14d8e1474099810a4473643658c973dd9d06af5fe1f053c4,S0001405,15,18,productive_iteration,False,True,False,False,False,,2.0
Final500,Final500_T000320,54691904a92a31bd14d8e1474099810a4473643658c973dd9d06af5fe1f053c4,S0001406,15,18,unproductive_cycle,False,False,True,False,False,,2.0
Final500,Final500_T000320,54691904a92a31bd14d8e1474099810a4473643658c973dd9d06af5fe1f053c4,S0001407,35,37,unproductive_cycle,False,False,True,False,False,,3.0
Final500,Final500_T000320,54691904a92a31bd14d8e1474099810a4473643658c973dd9d06af5fe1f053c4,S0001408,23,25,unproductive_cycle,False,False,True,False,False,,3.0
Final500,Final500_T000320,54691904a92a31bd14d8e1474099810a4473643658c973dd9d06af5fe1f053c4,S0001409,27,30,unproductive_cycle,False,False,True,False,False,,4.0
Final500,Final500_T000320,54691904a92a31bd14d8e1474099810a4473643658c973dd9d06af5fe1f053c4,S0001410,32,34,unproductive_cycle,False,False,True,False,False,,3.0
Final500,Final500_T000321,9425dafe9de4ce4077c7b1ff1f616445dff86146cf53ac77592d2fe56dfb5414,S0001411,26,30,unproductive_cycle,False,False,True,False,False,,3.0
Final500,Final500_T000321,9425dafe9de4ce4077c7b1ff1f616445dff86146cf53ac77592d2fe56dfb5414,S0001412,0,16,productive_iteration,True,True,False,False,False,,17.0
Final500,Final500_T000321,9425dafe9de4ce4077c7b1ff1f616445dff86146cf53ac77592d2fe56dfb5414,S0001413,21,25,productive_iteration,True,True,False,False,False,,4.0
Final500,Final500_T000321,9425dafe9de4ce4077c7b1ff1f616445dff86146cf53ac77592d2fe56dfb5414,S0001414,21,25,unproductive_cycle,False,False,True,False,False,,1.0
Final500,Final500_T000321,9425dafe9de4ce4077c7b1ff1f616445dff86146cf53ac77592d2fe56dfb5414,S0001415,27,28,productive_iteration,False,True,False,False,False,,1.0
Final500,Final500_T000321,9425dafe9de4ce4077c7b1ff1f616445dff86146cf53ac77592d2fe56dfb5414,S0001416,27,28,unproductive_cycle,False,False,True,False,False,,1.0
Final500,Final500_T000321,9425dafe9de4ce4077c7b1ff1f616445dff86146cf53ac77592d2fe56dfb5414,S0001417,31,45,productive_iteration,True,True,False,False,False,,10.0
Final500,Final500_T000321,9425dafe9de4ce4077c7b1ff1f616445dff86146cf53ac77592d2fe56dfb5414,S0001418,31,45,unproductive_cycle,False,False,True,False,False,,5.0
Final500,Final500_T000321,9425dafe9de4ce4077c7b1ff1f616445dff86146cf53ac77592d2fe56dfb5414,S0001419,17,20,productive_iteration,False,True,False,False,False,,3.0
Final500,Final500_T000322,d9a20c6193353e0dca6d26bb5dd5fca24ad080bd2567d9f781c89b852aaacad6,S0001420,19,22,productive_iteration,True,True,False,False,False,,3.0
Final500,Final500_T000322,d9a20c6193353e0dca6d26bb5dd5fca24ad080bd2567d9f781c89b852aaacad6,S0001421,0,8,productive_iteration,False,True,False,False,False,,9.0
Final500,Final500_T000322,d9a20c6193353e0dca6d26bb5dd5fca24ad080bd2567d9f781c89b852aaacad6,S0001422,10,18,productive_iteration,False,True,False,False,False,,9.0
Final500,Final500_T000322,d9a20c6193353e0dca6d26bb5dd5fca24ad080bd2567d9f781c89b852aaacad6,S0001423,23,32,productive_iteration,True,True,False,False,False,,9.0
Final500,Final500_T000323,f4975c392e8e4c6a84d934f4c5cd7693edfd3a70499e7b3eae9844738ecad571,S0001424,17,18,productive_iteration,False,True,False,False,False,,2.0
Final500,Final500_T000323,f4975c392e8e4c6a84d934f4c5cd7693edfd3a70499e7b3eae9844738ecad571,S0001425,54,199,unproductive_cycle,False,False,True,False,False,,18.0
Final500,Final500_T000323,f4975c392e8e4c6a84d934f4c5cd7693edfd3a70499e7b3eae9844738ecad571,S0001426,0,4,productive_iteration,False,True,False,False,False,,5.0
Final500,Final500_T000323,f4975c392e8e4c6a84d934f4c5cd7693edfd3a70499e7b3eae9844738ecad571,S0001427,6,16,productive_iteration,False,True,False,False,False,,11.0
Final500,Final500_T000323,f4975c392e8e4c6a84d934f4c5cd7693edfd3a70499e7b3eae9844738ecad571,S0001428,19,20,productive_iteration,False,True,False,False,False,,2.0
Final500,Final500_T000323,f4975c392e8e4c6a84d934f4c5cd7693edfd3a70499e7b3eae9844738ecad571,S0001429,43,45,unproductive_cycle,False,False,True,False,False,,3.0
Final500,Final500_T000323,f4975c392e8e4c6a84d934f4c5cd7693edfd3a70499e7b3eae9844738ecad571,S0001430,52,53,unproductive_cycle,False,False,True,False,False,,2.0
Final500,Final500_T000323,f4975c392e8e4c6a84d934f4c5cd7693edfd3a70499e7b3eae9844738ecad571,S0001431,64,65,unproductive_cycle,False,False,True,False,False,,2.0
Final500,Final500_T000323,f4975c392e8e4c6a84d934f4c5cd7693edfd3a70499e7b3eae9844738ecad571,S0001432,73,74,productive_iteration,False,True,False,False,False,,2.0
Final500,Final500_T000323,f4975c392e8e4c6a84d934f4c5cd7693edfd3a70499e7b3eae9844738ecad571,S0001433,82,85,productive_iteration,False,True,False,False,False,,2.0
Final500,Final500_T000323,f4975c392e8e4c6a84d934f4c5cd7693edfd3a70499e7b3eae9844738ecad571,S0001434,82,85,unproductive_cycle,False,False,True,False,False,,2.0
Final500,Final500_T000323,f4975c392e8e4c6a84d934f4c5cd7693edfd3a70499e7b3eae9844738ecad571,S0001435,91,92,unproductive_cycle,False,False,True,False,False,,2.0
Final500,Final500_T000323,f4975c392e8e4c6a84d934f4c5cd7693edfd3a70499e7b3eae9844738ecad571,S0001436,97,101,unproductive_cycle,False,False,True,False,False,,5.0
Final500,Final500_T000323,f4975c392e8e4c6a84d934f4c5cd7693edfd3a70499e7b3eae9844738ecad571,S0001437,106,107,unproductive_cycle,False,False,True,False,False,,2.0
Final500,Final500_T000323,f4975c392e8e4c6a84d934f4c5cd7693edfd3a70499e7b3eae9844738ecad571,S0001438,109,111,unproductive_cycle,False,False,True,False,False,,3.0
Final500,Final500_T000323,f4975c392e8e4c6a84d934f4c5cd7693edfd3a70499e7b3eae9844738ecad571,S0001439,145,147,productive_iteration,False,True,False,False,False,,2.0
Final500,Final500_T000323,f4975c392e8e4c6a84d934f4c5cd7693edfd3a70499e7b3eae9844738ecad571,S0001440,145,147,unproductive_cycle,False,False,True,False,False,,1.0
Final500,Final500_T000323,f4975c392e8e4c6a84d934f4c5cd7693edfd3a70499e7b3eae9844738ecad571,S0001441,154,155,unproductive_cycle,False,False,True,False,False,,2.0
Final500,Final500_T000323,f4975c392e8e4c6a84d934f4c5cd7693edfd3a70499e7b3eae9844738ecad571,S0001442,196,197,unproductive_cycle,False,False,True,False,False,,2.0
Final500,Final500_T000323,f4975c392e8e4c6a84d934f4c5cd7693edfd3a70499e7b3eae9844738ecad571,S0001443,21,42,productive_iteration,True,True,False,False,False,,4.0
Final500,Final500_T000323,f4975c392e8e4c6a84d934f4c5cd7693edfd3a70499e7b3eae9844738ecad571,S0001444,21,42,unproductive_cycle,False,False,True,False,False,,18.0
Final500,Final500_T000323,f4975c392e8e4c6a84d934f4c5cd7693edfd3a70499e7b3eae9844738ecad571,S0001445,46,51,unproductive_cycle,False,False,True,False,False,,6.0
Final500,Final500_T000323,f4975c392e8e4c6a84d934f4c5cd7693edfd3a70499e7b3eae9844738ecad571,S0001446,57,63,unproductive_cycle,False,False,True,False,False,,7.0
Final500,Final500_T000323,f4975c392e8e4c6a84d934f4c5cd7693edfd3a70499e7b3eae9844738ecad571,S0001447,66,72,unproductive_cycle,False,False,True,False,False,,7.0
Final500,Final500_T000323,f4975c392e8e4c6a84d934f4c5cd7693edfd3a70499e7b3eae9844738ecad571,S0001448,75,81,unproductive_cycle,False,False,True,False,False,,7.0
Final500,Final500_T000323,f4975c392e8e4c6a84d934f4c5cd7693edfd3a70499e7b3eae9844738ecad571,S0001449,86,90,unproductive_cycle,False,False,True,False,False,,5.0
Final500,Final500_T000323,f4975c392e8e4c6a84d934f4c5cd7693edfd3a70499e7b3eae9844738ecad571,S0001450,93,96,unproductive_cycle,False,False,True,False,False,,4.0
Final500,Final500_T000323,f4975c392e8e4c6a84d934f4c5cd7693edfd3a70499e7b3eae9844738ecad571,S0001451,102,105,unproductive_cycle,False,False,True,False,False,,4.0
Final500,Final500_T000323,f4975c392e8e4c6a84d934f4c5cd7693edfd3a70499e7b3eae9844738ecad571,S0001452,112,114,unproductive_cycle,False,False,True,False,False,,3.0
Final500,Final500_T000323,f4975c392e8e4c6a84d934f4c5cd7693edfd3a70499e7b3eae9844738ecad571,S0001453,119,127,unproductive_cycle,False,False,True,False,False,,9.0
Final500,Final500_T000323,f4975c392e8e4c6a84d934f4c5cd7693edfd3a70499e7b3eae9844738ecad571,S0001454,129,132,unproductive_cycle,False,False,True,False,False,,4.0
Final500,Final500_T000323,f4975c392e8e4c6a84d934f4c5cd7693edfd3a70499e7b3eae9844738ecad571,S0001455,134,136,unproductive_cycle,False,False,True,False,False,,3.0
Final500,Final500_T000323,f4975c392e8e4c6a84d934f4c5cd7693edfd3a70499e7b3eae9844738ecad571,S0001456,138,141,unproductive_cycle,False,False,True,False,False,,4.0
Final500,Final500_T000323,f4975c392e8e4c6a84d934f4c5cd7693edfd3a70499e7b3eae9844738ecad571,S0001457,148,153,unproductive_cycle,False,False,True,False,False,,6.0
Final500,Final500_T000323,f4975c392e8e4c6a84d934f4c5cd7693edfd3a70499e7b3eae9844738ecad571,S0001458,156,163,unproductive_cycle,False,False,True,False,False,,8.0
Final500,Final500_T000323,f4975c392e8e4c6a84d934f4c5cd7693edfd3a70499e7b3eae9844738ecad571,S0001459,165,172,unproductive_cycle,False,False,True,False,False,,8.0
Final500,Final500_T000323,f4975c392e8e4c6a84d934f4c5cd7693edfd3a70499e7b3eae9844738ecad571,S0001460,174,181,unproductive_cycle,False,False,True,False,False,,8.0
Final500,Final500_T000323,f4975c392e8e4c6a84d934f4c5cd7693edfd3a70499e7b3eae9844738ecad571,S0001461,183,195,unproductive_cycle,False,False,True,False,False,,13.0
Final500,Final500_T000324,fc53d761bc8a2b48a1f3f993cbcc8faa43f3345f07c05b8963e1d4d035ed59f1,S0001462,0,32,productive_iteration,True,True,False,False,False,,32.0
Final500,Final500_T000325,061d3277f77aa271e609795657c6ddf95a62e01716683ffa0f824d01903e5e91,S0001463,2,2,productive_iteration,False,True,False,False,False,,1.0
Final500,Final500_T000325,061d3277f77aa271e609795657c6ddf95a62e01716683ffa0f824d01903e5e91,S0001464,0,1,productive_iteration,False,True,False,False,False,,2.0
Final500,Final500_T000325,061d3277f77aa271e609795657c6ddf95a62e01716683ffa0f824d01903e5e91,S0001465,3,30,productive_iteration,False,True,False,False,False,,27.0
Final500,Final500_T000326,1ff27bf89c44fe2941950fdcb0fe73babaa09797045a7574e870a8429d06321e,S0001466,0,11,productive_iteration,True,True,False,False,False,,12.0
Final500,Final500_T000326,1ff27bf89c44fe2941950fdcb0fe73babaa09797045a7574e870a8429d06321e,S0001467,14,16,productive_iteration,True,True,False,False,False,,3.0
Final500,Final500_T000326,1ff27bf89c44fe2941950fdcb0fe73babaa09797045a7574e870a8429d06321e,S0001468,19,20,productive_iteration,False,True,False,False,False,,2.0
Final500,Final500_T000326,1ff27bf89c44fe2941950fdcb0fe73babaa09797045a7574e870a8429d06321e,S0001469,21,108,productive_iteration,True,True,False,False,False,,1.0
Final500,Final500_T000326,1ff27bf89c44fe2941950fdcb0fe73babaa09797045a7574e870a8429d06321e,S0001470,21,108,unproductive_cycle,False,False,True,False,False,,85.0
Final500,Final500_T000327,29bbd1fb2cfb28484b42c5346c42f074988d2f12681d3e2ce316279c2797fcf3,S0001471,17,28,productive_iteration,False,True,False,False,False,,2.0
Final500,Final500_T000327,29bbd1fb2cfb28484b42c5346c42f074988d2f12681d3e2ce316279c2797fcf3,S0001472,0,16,productive_iteration,False,True,False,False,False,,17.0
Final500,Final500_T000327,29bbd1fb2cfb28484b42c5346c42f074988d2f12681d3e2ce316279c2797fcf3,S0001473,18,26,productive_iteration,True,True,False,False,False,,9.0
Final500,Final500_T000327,29bbd1fb2cfb28484b42c5346c42f074988d2f12681d3e2ce316279c2797fcf3,S0001474,29,30,productive_iteration,False,True,False,False,False,,2.0
Final500,Final500_T000327,29bbd1fb2cfb28484b42c5346c42f074988d2f12681d3e2ce316279c2797fcf3,S0001475,32,37,productive_iteration,True,True,False,False,False,,5.0
Final500,Final500_T000328,be5ecc23d3ecd6eec00594cd27539da8184c3c79e0f1e3ead3f5fa7c460fd142,S0001476,20,25,productive_iteration,True,True,False,False,False,,2.0
Final500,Final500_T000328,be5ecc23d3ecd6eec00594cd27539da8184c3c79e0f1e3ead3f5fa7c460fd142,S0001477,0,19,productive_iteration,True,True,False,False,False,,20.0
Final500,Final500_T000328,be5ecc23d3ecd6eec00594cd27539da8184c3c79e0f1e3ead3f5fa7c460fd142,S0001478,21,24,productive_iteration,True,True,False,False,False,,4.0
Final500,Final500_T000328,be5ecc23d3ecd6eec00594cd27539da8184c3c79e0f1e3ead3f5fa7c460fd142,S0001479,26,31,productive_iteration,True,True,False,False,False,,6.0
Final500,Final500_T000329,8fbeb217efc85108ec29b6ff85fb3de0cc80ebab69efca9d9cafa7c4bbc49ec3,S0001480,16,30,productive_iteration,True,True,False,False,False,,7.0
Final500,Final500_T000329,8fbeb217efc85108ec29b6ff85fb3de0cc80ebab69efca9d9cafa7c4bbc49ec3,S0001481,0,7,productive_iteration,False,True,False,False,False,,8.0
Final500,Final500_T000329,8fbeb217efc85108ec29b6ff85fb3de0cc80ebab69efca9d9cafa7c4bbc49ec3,S0001482,11,15,productive_iteration,True,True,False,False,False,,5.0
Final500,Final500_T000329,8fbeb217efc85108ec29b6ff85fb3de0cc80ebab69efca9d9cafa7c4bbc49ec3,S0001483,20,21,productive_iteration,False,True,False,False,False,,2.0
Final500,Final500_T000329,8fbeb217efc85108ec29b6ff85fb3de0cc80ebab69efca9d9cafa7c4bbc49ec3,S0001484,23,25,productive_iteration,False,True,False,False,False,,3.0
Final500,Final500_T000329,8fbeb217efc85108ec29b6ff85fb3de0cc80ebab69efca9d9cafa7c4bbc49ec3,S0001485,27,29,productive_iteration,False,True,False,False,False,,3.0
Final500,Final500_T000329,8fbeb217efc85108ec29b6ff85fb3de0cc80ebab69efca9d9cafa7c4bbc49ec3,S0001486,31,49,productive_iteration,True,True,False,False,False,,19.0
Final500,Final500_T000329,8fbeb217efc85108ec29b6ff85fb3de0cc80ebab69efca9d9cafa7c4bbc49ec3,S0001487,8,10,productive_iteration,False,True,False,False,False,,3.0
Final500,Final500_T000330,e542b0c4d20f2ede36ffab382fc95b6b5f0d9dffeb460286004114b2a4120d45,S0001488,77,78,productive_iteration,False,True,False,False,False,,2.0
Final500,Final500_T000330,e542b0c4d20f2ede36ffab382fc95b6b5f0d9dffeb460286004114b2a4120d45,S0001489,0,6,productive_iteration,True,True,False,False,False,,7.0
Final500,Final500_T000330,e542b0c4d20f2ede36ffab382fc95b6b5f0d9dffeb460286004114b2a4120d45,S0001490,69,76,productive_iteration,True,True,False,False,False,,8.0
Final500,Final500_T000330,e542b0c4d20f2ede36ffab382fc95b6b5f0d9dffeb460286004114b2a4120d45,S0001491,7,68,productive_iteration,True,True,False,False,False,,2.0
Final500,Final500_T000330,e542b0c4d20f2ede36ffab382fc95b6b5f0d9dffeb460286004114b2a4120d45,S0001492,7,68,unproductive_cycle,False,False,True,False,False,,60.0
Final500,Final500_T000331,eded2adc23178fa21f64f8a88e19dbb01c9431a3257210386baf313be734ca1b,S0001493,0,33,productive_iteration,False,True,False,False,False,,5.0
Final500,Final500_T000331,eded2adc23178fa21f64f8a88e19dbb01c9431a3257210386baf313be734ca1b,S0001494,10,34,unproductive_cycle,False,False,True,False,False,,5.0
Final500,Final500_T000331,eded2adc23178fa21f64f8a88e19dbb01c9431a3257210386baf313be734ca1b,S0001495,1,4,productive_iteration,False,True,False,False,False,,4.0
Final500,Final500_T000331,eded2adc23178fa21f64f8a88e19dbb01c9431a3257210386baf313be734ca1b,S0001496,6,8,productive_iteration,False,True,False,False,False,,3.0
Final500,Final500_T000331,eded2adc23178fa21f64f8a88e19dbb01c9431a3257210386baf313be734ca1b,S0001497,11,15,productive_iteration,False,True,False,False,False,,5.0
Final500,Final500_T000331,eded2adc23178fa21f64f8a88e19dbb01c9431a3257210386baf313be734ca1b,S0001498,19,24,productive_iteration,False,True,False,False,False,,6.0
Final500,Final500_T000331,eded2adc23178fa21f64f8a88e19dbb01c9431a3257210386baf313be734ca1b,S0001499,31,32,productive_iteration,False,True,False,False,False,,2.0
Final500,Final500_T000331,eded2adc23178fa21f64f8a88e19dbb01c9431a3257210386baf313be734ca1b,S0001500,35,36,productive_iteration,False,True,False,False,False,,1.0
Final500,Final500_T000331,eded2adc23178fa21f64f8a88e19dbb01c9431a3257210386baf313be734ca1b,S0001501,27,30,productive_iteration,True,True,False,False,False,,2.0
Final500,Final500_T000332,558be8d43a64580ce8fa58014c4e00bef02822fc88cf2bfd20736c8ec7123300,S0001502,26,30,productive_iteration,True,True,False,False,False,,3.0
Final500,Final500_T000332,558be8d43a64580ce8fa58014c4e00bef02822fc88cf2bfd20736c8ec7123300,S0001503,39,71,unproductive_cycle,False,False,True,False,False,,3.0
Final500,Final500_T000332,558be8d43a64580ce8fa58014c4e00bef02822fc88cf2bfd20736c8ec7123300,S0001504,0,9,productive_iteration,False,True,False,False,False,,7.0
Final500,Final500_T000332,558be8d43a64580ce8fa58014c4e00bef02822fc88cf2bfd20736c8ec7123300,S0001505,11,25,productive_iteration,True,True,False,False,False,,14.0
Final500,Final500_T000332,558be8d43a64580ce8fa58014c4e00bef02822fc88cf2bfd20736c8ec7123300,S0001506,27,28,productive_iteration,True,True,False,False,False,,2.0
Final500,Final500_T000332,558be8d43a64580ce8fa58014c4e00bef02822fc88cf2bfd20736c8ec7123300,S0001507,31,35,productive_iteration,True,True,False,False,False,,2.0
Final500,Final500_T000332,558be8d43a64580ce8fa58014c4e00bef02822fc88cf2bfd20736c8ec7123300,S0001508,31,35,unproductive_cycle,False,False,True,False,False,,3.0
Final500,Final500_T000332,558be8d43a64580ce8fa58014c4e00bef02822fc88cf2bfd20736c8ec7123300,S0001509,80,81,unproductive_cycle,False,False,True,False,False,,2.0
Final500,Final500_T000332,558be8d43a64580ce8fa58014c4e00bef02822fc88cf2bfd20736c8ec7123300,S0001510,36,38,unproductive_cycle,False,False,True,False,False,,3.0
Final500,Final500_T000332,558be8d43a64580ce8fa58014c4e00bef02822fc88cf2bfd20736c8ec7123300,S0001511,40,47,unproductive_cycle,False,False,True,False,False,,8.0
Final500,Final500_T000332,558be8d43a64580ce8fa58014c4e00bef02822fc88cf2bfd20736c8ec7123300,S0001512,49,70,unproductive_cycle,False,False,True,False,False,,22.0
Final500,Final500_T000332,558be8d43a64580ce8fa58014c4e00bef02822fc88cf2bfd20736c8ec7123300,S0001513,72,79,unproductive_cycle,False,False,True,False,False,,8.0
Final500,Final500_T000333,77a60a88c59cffbd0072b4346f43a6651a6b8332aeebd86da225cc8380fba60c,S0001514,3,15,productive_iteration,False,True,False,False,False,,2.0
Final500,Final500_T000333,77a60a88c59cffbd0072b4346f43a6651a6b8332aeebd86da225cc8380fba60c,S0001515,37,37,unproductive_cycle,False,False,True,False,False,,1.0
Final500,Final500_T000333,77a60a88c59cffbd0072b4346f43a6651a6b8332aeebd86da225cc8380fba60c,S0001516,0,2,productive_iteration,False,True,False,False,False,,3.0
Final500,Final500_T000333,77a60a88c59cffbd0072b4346f43a6651a6b8332aeebd86da225cc8380fba60c,S0001517,4,14,productive_iteration,False,True,False,False,False,,11.0
Final500,Final500_T000333,77a60a88c59cffbd0072b4346f43a6651a6b8332aeebd86da225cc8380fba60c,S0001518,19,27,productive_iteration,False,True,False,False,False,,8.0
Final500,Final500_T000333,77a60a88c59cffbd0072b4346f43a6651a6b8332aeebd86da225cc8380fba60c,S0001519,16,18,productive_iteration,False,True,False,False,False,,3.0
Final500,Final500_T000333,77a60a88c59cffbd0072b4346f43a6651a6b8332aeebd86da225cc8380fba60c,S0001520,30,36,unproductive_cycle,False,False,True,False,False,,7.0
Final500,Final500_T000333,77a60a88c59cffbd0072b4346f43a6651a6b8332aeebd86da225cc8380fba60c,S0001521,38,104,unproductive_cycle,False,False,True,False,False,,67.0
Final500,Final500_T000334,8a30dd9c14d9718e0f9e721be82f4149be650639043ae8bfc1eaa11586e808da,S0001522,31,75,unproductive_cycle,False,False,True,False,False,,39.0
Final500,Final500_T000334,8a30dd9c14d9718e0f9e721be82f4149be650639043ae8bfc1eaa11586e808da,S0001523,0,14,productive_iteration,True,True,False,False,False,,15.0
Final500,Final500_T000334,8a30dd9c14d9718e0f9e721be82f4149be650639043ae8bfc1eaa11586e808da,S0001524,15,30,productive_iteration,True,True,False,False,False,,3.0
Final500,Final500_T000334,8a30dd9c14d9718e0f9e721be82f4149be650639043ae8bfc1eaa11586e808da,S0001525,15,30,unproductive_cycle,False,False,True,False,False,,13.0
Final500,Final500_T000334,8a30dd9c14d9718e0f9e721be82f4149be650639043ae8bfc1eaa11586e808da,S0001526,54,58,unproductive_cycle,False,False,True,False,False,,5.0
Final500,Final500_T000335,08a5904f82d523fd7430edd29c69fbe24dffdb8958e583ea695b8319b5515f0b,S0001527,19,25,productive_iteration,True,True,False,False,False,,3.0
Final500,Final500_T000335,08a5904f82d523fd7430edd29c69fbe24dffdb8958e583ea695b8319b5515f0b,S0001528,161,161,unproductive_cycle,False,False,True,False,False,,1.0
Final500,Final500_T000335,08a5904f82d523fd7430edd29c69fbe24dffdb8958e583ea695b8319b5515f0b,S0001529,0,18,productive_iteration,True,True,False,False,False,,19.0
Final500,Final500_T000335,08a5904f82d523fd7430edd29c69fbe24dffdb8958e583ea695b8319b5515f0b,S0001530,20,21,productive_iteration,False,True,False,False,False,,2.0
Final500,Final500_T000335,08a5904f82d523fd7430edd29c69fbe24dffdb8958e583ea695b8319b5515f0b,S0001531,23,24,productive_iteration,False,True,False,False,False,,2.0
Final500,Final500_T000335,08a5904f82d523fd7430edd29c69fbe24dffdb8958e583ea695b8319b5515f0b,S0001532,30,160,unproductive_cycle,False,False,True,False,False,,127.0
Final500,Final500_T000336,3bedfa6ff8d7f2cce4e7286bf875965a2ced9bbc6a30b97023c6aee140b5e5e2,S0001533,23,31,productive_iteration,False,True,False,False,False,,2.0
Final500,Final500_T000336,3bedfa6ff8d7f2cce4e7286bf875965a2ced9bbc6a30b97023c6aee140b5e5e2,S0001534,0,12,productive_iteration,True,True,False,False,False,,13.0
Final500,Final500_T000336,3bedfa6ff8d7f2cce4e7286bf875965a2ced9bbc6a30b97023c6aee140b5e5e2,S0001535,19,22,productive_iteration,True,True,False,False,False,,4.0
Final500,Final500_T000336,3bedfa6ff8d7f2cce4e7286bf875965a2ced9bbc6a30b97023c6aee140b5e5e2,S0001536,24,30,productive_iteration,True,True,False,False,False,,7.0
Final500,Final500_T000336,3bedfa6ff8d7f2cce4e7286bf875965a2ced9bbc6a30b97023c6aee140b5e5e2,S0001537,32,36,productive_iteration,False,True,False,False,False,,4.0
Final500,Final500_T000337,c4535caade7fa97ca95f0453e0435200ad02b2a53c05950d1d9836d26c435b0c,S0001538,38,44,productive_iteration,False,True,False,False,False,,2.0
Final500,Final500_T000337,c4535caade7fa97ca95f0453e0435200ad02b2a53c05950d1d9836d26c435b0c,S0001539,0,23,productive_iteration,False,True,False,False,False,,24.0
Final500,Final500_T000337,c4535caade7fa97ca95f0453e0435200ad02b2a53c05950d1d9836d26c435b0c,S0001540,36,37,productive_iteration,True,True,False,False,False,,2.0
Final500,Final500_T000337,c4535caade7fa97ca95f0453e0435200ad02b2a53c05950d1d9836d26c435b0c,S0001541,39,43,productive_iteration,True,True,False,False,False,,5.0
Final500,Final500_T000337,c4535caade7fa97ca95f0453e0435200ad02b2a53c05950d1d9836d26c435b0c,S0001542,45,49,productive_iteration,False,True,False,False,False,,5.0
Final500,Final500_T000337,c4535caade7fa97ca95f0453e0435200ad02b2a53c05950d1d9836d26c435b0c,S0001543,24,35,productive_iteration,True,True,False,False,False,,11.0
Final500,Final500_T000337,c4535caade7fa97ca95f0453e0435200ad02b2a53c05950d1d9836d26c435b0c,S0001544,24,35,unproductive_cycle,False,False,True,False,False,,1.0
Final500,Final500_T000338,df5e056317f8bb74448d1e1b673ae0d321b8823022cae29ec76c4f5f3ffe745f,S0001545,7,9,productive_iteration,True,True,False,False,False,,3.0
Final500,Final500_T000338,df5e056317f8bb74448d1e1b673ae0d321b8823022cae29ec76c4f5f3ffe745f,S0001546,10,63,unproductive_cycle,False,False,True,False,False,,32.0
Final500,Final500_T000338,df5e056317f8bb74448d1e1b673ae0d321b8823022cae29ec76c4f5f3ffe745f,S0001547,0,6,productive_iteration,False,True,False,False,False,,7.0
Final500,Final500_T000338,df5e056317f8bb74448d1e1b673ae0d321b8823022cae29ec76c4f5f3ffe745f,S0001548,64,79,productive_iteration,False,True,False,False,False,,13.0
Final500,Final500_T000338,df5e056317f8bb74448d1e1b673ae0d321b8823022cae29ec76c4f5f3ffe745f,S0001549,64,79,unproductive_cycle,False,False,True,False,False,,2.0
Final500,Final500_T000339,7ed97cfc1107e57c3c26ac847b41357e8467f24efd286917bf275a04d2f11288,S0001550,0,7,productive_iteration,False,True,False,False,False,,8.0
Final500,Final500_T000339,7ed97cfc1107e57c3c26ac847b41357e8467f24efd286917bf275a04d2f11288,S0001551,29,37,productive_iteration,True,True,False,False,False,,8.0
Final500,Final500_T000339,7ed97cfc1107e57c3c26ac847b41357e8467f24efd286917bf275a04d2f11288,S0001552,29,37,unproductive_cycle,False,False,True,False,False,,1.0
Final500,Final500_T000339,7ed97cfc1107e57c3c26ac847b41357e8467f24efd286917bf275a04d2f11288,S0001553,8,28,unproductive_cycle,False,False,True,False,False,,20.0
Final500,Final500_T000340,4070e37e87e410215bd06c1591143a541e45feb6a9f99c03584d3bee4a00b700,S0001554,0,24,productive_iteration,True,True,False,False,False,,23.0
Final500,Final500_T000340,4070e37e87e410215bd06c1591143a541e45feb6a9f99c03584d3bee4a00b700,S0001555,26,30,productive_iteration,True,True,False,False,False,,5.0
Final500,Final500_T000340,4070e37e87e410215bd06c1591143a541e45feb6a9f99c03584d3bee4a00b700,S0001556,32,33,productive_iteration,False,True,False,False,False,,2.0
Final500,Final500_T000341,b098736abae391c8bb0220470251dda480bec88e1167dc8864facc5488d9ef93,S0001557,11,11,productive_iteration,False,True,False,False,False,,1.0
Final500,Final500_T000341,b098736abae391c8bb0220470251dda480bec88e1167dc8864facc5488d9ef93,S0001558,0,3,productive_iteration,False,True,False,False,False,,4.0
Final500,Final500_T000341,b098736abae391c8bb0220470251dda480bec88e1167dc8864facc5488d9ef93,S0001559,6,10,productive_iteration,True,True,False,False,False,,5.0
Final500,Final500_T000341,b098736abae391c8bb0220470251dda480bec88e1167dc8864facc5488d9ef93,S0001560,14,30,productive_iteration,True,True,False,False,False,,16.0
Final500,Final500_T000342,ddc92b73b187f4a582390cd9e91ff3177aea7913932420bd6c063763bd42e99f,S0001561,12,13,productive_iteration,False,True,False,False,False,,2.0
Final500,Final500_T000342,ddc92b73b187f4a582390cd9e91ff3177aea7913932420bd6c063763bd42e99f,S0001562,0,11,productive_iteration,True,True,False,False,False,,12.0
Final500,Final500_T000342,ddc92b73b187f4a582390cd9e91ff3177aea7913932420bd6c063763bd42e99f,S0001563,14,29,productive_iteration,True,True,False,False,False,,16.0
Final500,Final500_T000342,ddc92b73b187f4a582390cd9e91ff3177aea7913932420bd6c063763bd42e99f,S0001564,30,33,productive_iteration,False,True,False,False,False,,1.0
Final500,Final500_T000342,ddc92b73b187f4a582390cd9e91ff3177aea7913932420bd6c063763bd42e99f,S0001565,30,33,unproductive_cycle,False,False,True,False,False,,3.0
Final500,Final500_T000343,b72af22921212d33fdee8e111bbc61063f45d11943006979512dbe0ebbf678de,S0001566,11,21,productive_iteration,True,True,False,False,False,,3.0
Final500,Final500_T000343,b72af22921212d33fdee8e111bbc61063f45d11943006979512dbe0ebbf678de,S0001567,0,10,productive_iteration,True,True,False,False,False,,11.0
Final500,Final500_T000343,b72af22921212d33fdee8e111bbc61063f45d11943006979512dbe0ebbf678de,S0001568,12,16,productive_iteration,False,True,False,False,False,,5.0
Final500,Final500_T000343,b72af22921212d33fdee8e111bbc61063f45d11943006979512dbe0ebbf678de,S0001569,18,20,productive_iteration,False,True,False,False,False,,3.0
Final500,Final500_T000343,b72af22921212d33fdee8e111bbc61063f45d11943006979512dbe0ebbf678de,S0001570,24,198,unproductive_cycle,False,False,True,False,False,,173.0
Final500,Final500_T000344,ffb169c618356ecaf644f5cb4eeeae4b6d33e0a2c849088e9b6c38bdbb7c8b35,S0001571,13,31,productive_iteration,True,True,False,False,False,,5.0
Final500,Final500_T000344,ffb169c618356ecaf644f5cb4eeeae4b6d33e0a2c849088e9b6c38bdbb7c8b35,S0001572,0,12,productive_iteration,True,True,False,False,False,,13.0
Final500,Final500_T000344,ffb169c618356ecaf644f5cb4eeeae4b6d33e0a2c849088e9b6c38bdbb7c8b35,S0001573,15,22,productive_iteration,True,True,False,False,False,,8.0
Final500,Final500_T000344,ffb169c618356ecaf644f5cb4eeeae4b6d33e0a2c849088e9b6c38bdbb7c8b35,S0001574,24,27,productive_iteration,True,True,False,False,False,,4.0
Final500,Final500_T000344,ffb169c618356ecaf644f5cb4eeeae4b6d33e0a2c849088e9b6c38bdbb7c8b35,S0001575,29,30,productive_iteration,True,True,False,False,False,,2.0
Final500,Final500_T000345,8e2dcb307cfaca7196a1e8789808c19596e5bb06bfaf6773296a964191376f3a,S0001576,0,8,productive_iteration,True,True,False,False,False,,7.0
Final500,Final500_T000345,8e2dcb307cfaca7196a1e8789808c19596e5bb06bfaf6773296a964191376f3a,S0001577,14,22,productive_iteration,True,True,False,False,False,,9.0
Final500,Final500_T000345,8e2dcb307cfaca7196a1e8789808c19596e5bb06bfaf6773296a964191376f3a,S0001578,30,31,productive_iteration,False,True,False,False,False,,2.0
Final500,Final500_T000345,8e2dcb307cfaca7196a1e8789808c19596e5bb06bfaf6773296a964191376f3a,S0001579,40,46,productive_iteration,True,True,False,False,False,,7.0
Final500,Final500_T000345,8e2dcb307cfaca7196a1e8789808c19596e5bb06bfaf6773296a964191376f3a,S0001580,9,13,unproductive_cycle,False,False,True,False,False,,5.0
Final500,Final500_T000345,8e2dcb307cfaca7196a1e8789808c19596e5bb06bfaf6773296a964191376f3a,S0001581,32,39,productive_iteration,False,True,False,False,False,,8.0
Final500,Final500_T000345,8e2dcb307cfaca7196a1e8789808c19596e5bb06bfaf6773296a964191376f3a,S0001582,47,124,productive_iteration,False,True,False,False,False,,1.0
Final500,Final500_T000345,8e2dcb307cfaca7196a1e8789808c19596e5bb06bfaf6773296a964191376f3a,S0001583,47,124,unproductive_cycle,False,False,True,False,False,,77.0
Final500,Final500_T000346,4ddf9d86fc527ab7a3df0beca04342da1619161d7aed2d7d5bf5ad01db502d80,S0001584,0,14,productive_iteration,False,True,False,False,False,,2.0
Final500,Final500_T000346,4ddf9d86fc527ab7a3df0beca04342da1619161d7aed2d7d5bf5ad01db502d80,S0001585,26,98,unproductive_cycle,False,False,True,False,False,,11.0
Final500,Final500_T000346,4ddf9d86fc527ab7a3df0beca04342da1619161d7aed2d7d5bf5ad01db502d80,S0001586,1,4,productive_iteration,False,True,False,False,False,,4.0
Final500,Final500_T000346,4ddf9d86fc527ab7a3df0beca04342da1619161d7aed2d7d5bf5ad01db502d80,S0001587,8,13,productive_iteration,True,True,False,False,False,,6.0
Final500,Final500_T000346,4ddf9d86fc527ab7a3df0beca04342da1619161d7aed2d7d5bf5ad01db502d80,S0001588,15,25,productive_iteration,True,True,False,False,False,,11.0
Final500,Final500_T000346,4ddf9d86fc527ab7a3df0beca04342da1619161d7aed2d7d5bf5ad01db502d80,S0001589,5,7,unproductive_cycle,False,False,True,False,False,,3.0
Final500,Final500_T000346,4ddf9d86fc527ab7a3df0beca04342da1619161d7aed2d7d5bf5ad01db502d80,S0001590,27,37,unproductive_cycle,False,False,True,False,False,,11.0
Final500,Final500_T000346,4ddf9d86fc527ab7a3df0beca04342da1619161d7aed2d7d5bf5ad01db502d80,S0001591,39,57,unproductive_cycle,False,False,True,False,False,,19.0
Final500,Final500_T000346,4ddf9d86fc527ab7a3df0beca04342da1619161d7aed2d7d5bf5ad01db502d80,S0001592,59,61,unproductive_cycle,False,False,True,False,False,,3.0
Final500,Final500_T000346,4ddf9d86fc527ab7a3df0beca04342da1619161d7aed2d7d5bf5ad01db502d80,S0001593,63,65,unproductive_cycle,False,False,True,False,False,,3.0
Final500,Final500_T000346,4ddf9d86fc527ab7a3df0beca04342da1619161d7aed2d7d5bf5ad01db502d80,S0001594,67,73,unproductive_cycle,False,False,True,False,False,,7.0
Final500,Final500_T000346,4ddf9d86fc527ab7a3df0beca04342da1619161d7aed2d7d5bf5ad01db502d80,S0001595,75,81,unproductive_cycle,False,False,True,False,False,,7.0
Final500,Final500_T000346,4ddf9d86fc527ab7a3df0beca04342da1619161d7aed2d7d5bf5ad01db502d80,S0001596,83,85,unproductive_cycle,False,False,True,False,False,,3.0
Final500,Final500_T000346,4ddf9d86fc527ab7a3df0beca04342da1619161d7aed2d7d5bf5ad01db502d80,S0001597,87,89,unproductive_cycle,False,False,True,False,False,,3.0
Final500,Final500_T000346,4ddf9d86fc527ab7a3df0beca04342da1619161d7aed2d7d5bf5ad01db502d80,S0001598,91,93,unproductive_cycle,False,False,True,False,False,,3.0
Final500,Final500_T000346,4ddf9d86fc527ab7a3df0beca04342da1619161d7aed2d7d5bf5ad01db502d80,S0001599,95,97,unproductive_cycle,False,False,True,False,False,,3.0
Final500,Final500_T000347,52b2cfcc5ae58df535b7f312d0cd288d999000ed832c30af530c2727be07065f,S0001600,0,14,productive_iteration,True,True,False,False,False,,15.0
Final500,Final500_T000347,52b2cfcc5ae58df535b7f312d0cd288d999000ed832c30af530c2727be07065f,S0001601,18,38,productive_iteration,True,True,False,False,False,,19.0
Final500,Final500_T000347,52b2cfcc5ae58df535b7f312d0cd288d999000ed832c30af530c2727be07065f,S0001602,15,17,productive_iteration,True,True,False,False,False,,3.0
Final500,Final500_T000348,b2b428406c55958bfd32b4af44d0ab2beaefe17ebf6bda0b910cb86edd4adc2d,S0001603,10,10,productive_iteration,False,True,False,False,False,,1.0
Final500,Final500_T000348,b2b428406c55958bfd32b4af44d0ab2beaefe17ebf6bda0b910cb86edd4adc2d,S0001604,0,9,productive_iteration,False,True,False,False,False,,10.0
Final500,Final500_T000348,b2b428406c55958bfd32b4af44d0ab2beaefe17ebf6bda0b910cb86edd4adc2d,S0001605,11,20,productive_iteration,True,True,False,False,False,,10.0
Final500,Final500_T000348,b2b428406c55958bfd32b4af44d0ab2beaefe17ebf6bda0b910cb86edd4adc2d,S0001606,29,36,productive_iteration,False,True,False,False,False,,7.0
Final500,Final500_T000348,b2b428406c55958bfd32b4af44d0ab2beaefe17ebf6bda0b910cb86edd4adc2d,S0001607,21,28,productive_iteration,True,True,False,False,False,,4.0
Final500,Final500_T000348,b2b428406c55958bfd32b4af44d0ab2beaefe17ebf6bda0b910cb86edd4adc2d,S0001608,21,28,unproductive_cycle,False,False,True,False,False,,2.0
Final500,Final500_T000349,6fb40f377882c1f414def34fe7ebf830b320d7bb2868a0cb6fce57f9643a1923,S0001609,13,21,productive_iteration,False,True,False,False,False,,2.0
Final500,Final500_T000349,6fb40f377882c1f414def34fe7ebf830b320d7bb2868a0cb6fce57f9643a1923,S0001610,31,59,unproductive_cycle,False,False,True,False,False,,9.0
Final500,Final500_T000349,6fb40f377882c1f414def34fe7ebf830b320d7bb2868a0cb6fce57f9643a1923,S0001611,0,7,productive_iteration,False,True,False,False,False,,8.0
Final500,Final500_T000349,6fb40f377882c1f414def34fe7ebf830b320d7bb2868a0cb6fce57f9643a1923,S0001612,18,20,productive_iteration,False,True,False,False,False,,3.0
Final500,Final500_T000349,6fb40f377882c1f414def34fe7ebf830b320d7bb2868a0cb6fce57f9643a1923,S0001613,22,30,productive_iteration,True,True,False,False,False,,8.0
Final500,Final500_T000349,6fb40f377882c1f414def34fe7ebf830b320d7bb2868a0cb6fce57f9643a1923,S0001614,22,30,unproductive_cycle,False,False,True,False,False,,1.0
Final500,Final500_T000349,6fb40f377882c1f414def34fe7ebf830b320d7bb2868a0cb6fce57f9643a1923,S0001615,32,43,productive_iteration,False,True,False,False,False,,7.0
Final500,Final500_T000349,6fb40f377882c1f414def34fe7ebf830b320d7bb2868a0cb6fce57f9643a1923,S0001616,32,43,unproductive_cycle,False,False,True,False,False,,5.0
Final500,Final500_T000349,6fb40f377882c1f414def34fe7ebf830b320d7bb2868a0cb6fce57f9643a1923,S0001617,50,54,productive_iteration,False,True,False,False,False,,5.0
Final500,Final500_T000349,6fb40f377882c1f414def34fe7ebf830b320d7bb2868a0cb6fce57f9643a1923,S0001618,56,57,productive_iteration,False,True,False,False,False,,2.0
Final500,Final500_T000349,6fb40f377882c1f414def34fe7ebf830b320d7bb2868a0cb6fce57f9643a1923,S0001619,60,67,productive_iteration,False,True,False,False,False,,6.0
Final500,Final500_T000349,6fb40f377882c1f414def34fe7ebf830b320d7bb2868a0cb6fce57f9643a1923,S0001620,60,67,unproductive_cycle,False,False,True,False,False,,2.0
Final500,Final500_T000349,6fb40f377882c1f414def34fe7ebf830b320d7bb2868a0cb6fce57f9643a1923,S0001621,8,12,productive_iteration,False,True,False,False,False,,1.0
Final500,Final500_T000349,6fb40f377882c1f414def34fe7ebf830b320d7bb2868a0cb6fce57f9643a1923,S0001622,8,12,unproductive_cycle,False,False,True,False,False,,4.0
Final500,Final500_T000349,6fb40f377882c1f414def34fe7ebf830b320d7bb2868a0cb6fce57f9643a1923,S0001623,14,17,productive_iteration,False,True,False,False,False,,1.0
Final500,Final500_T000349,6fb40f377882c1f414def34fe7ebf830b320d7bb2868a0cb6fce57f9643a1923,S0001624,14,17,unproductive_cycle,False,False,True,False,False,,3.0
Final500,Final500_T000350,fd43289836be7138a0479959d5bcc640c4bce2413c198f8d59bc30b0490946be,S0001625,14,14,productive_iteration,True,True,False,False,False,,1.0
Final500,Final500_T000350,fd43289836be7138a0479959d5bcc640c4bce2413c198f8d59bc30b0490946be,S0001626,35,138,unproductive_cycle,False,False,True,False,False,,14.0
Final500,Final500_T000350,fd43289836be7138a0479959d5bcc640c4bce2413c198f8d59bc30b0490946be,S0001627,0,13,productive_iteration,False,True,False,False,False,,14.0
Final500,Final500_T000350,fd43289836be7138a0479959d5bcc640c4bce2413c198f8d59bc30b0490946be,S0001628,15,25,productive_iteration,True,True,False,False,False,,11.0
Final500,Final500_T000350,fd43289836be7138a0479959d5bcc640c4bce2413c198f8d59bc30b0490946be,S0001629,136,137,unproductive_cycle,False,False,True,False,False,,2.0
Final500,Final500_T000350,fd43289836be7138a0479959d5bcc640c4bce2413c198f8d59bc30b0490946be,S0001630,26,34,productive_iteration,True,True,False,False,False,,2.0
Final500,Final500_T000350,fd43289836be7138a0479959d5bcc640c4bce2413c198f8d59bc30b0490946be,S0001631,26,34,unproductive_cycle,False,False,True,False,False,,7.0
Final500,Final500_T000350,fd43289836be7138a0479959d5bcc640c4bce2413c198f8d59bc30b0490946be,S0001632,36,42,unproductive_cycle,False,False,True,False,False,,7.0
Final500,Final500_T000350,fd43289836be7138a0479959d5bcc640c4bce2413c198f8d59bc30b0490946be,S0001633,44,46,unproductive_cycle,False,False,True,False,False,,3.0
Final500,Final500_T000350,fd43289836be7138a0479959d5bcc640c4bce2413c198f8d59bc30b0490946be,S0001634,48,50,unproductive_cycle,False,False,True,False,False,,3.0
Final500,Final500_T000350,fd43289836be7138a0479959d5bcc640c4bce2413c198f8d59bc30b0490946be,S0001635,52,66,unproductive_cycle,False,False,True,False,False,,15.0
Final500,Final500_T000350,fd43289836be7138a0479959d5bcc640c4bce2413c198f8d59bc30b0490946be,S0001636,68,70,unproductive_cycle,False,False,True,False,False,,3.0
Final500,Final500_T000350,fd43289836be7138a0479959d5bcc640c4bce2413c198f8d59bc30b0490946be,S0001637,72,74,unproductive_cycle,False,False,True,False,False,,3.0
Final500,Final500_T000350,fd43289836be7138a0479959d5bcc640c4bce2413c198f8d59bc30b0490946be,S0001638,76,78,unproductive_cycle,False,False,True,False,False,,3.0
Final500,Final500_T000350,fd43289836be7138a0479959d5bcc640c4bce2413c198f8d59bc30b0490946be,S0001639,80,106,unproductive_cycle,False,False,True,False,False,,27.0
Final500,Final500_T000350,fd43289836be7138a0479959d5bcc640c4bce2413c198f8d59bc30b0490946be,S0001640,108,110,unproductive_cycle,False,False,True,False,False,,3.0
Final500,Final500_T000350,fd43289836be7138a0479959d5bcc640c4bce2413c198f8d59bc30b0490946be,S0001641,112,114,unproductive_cycle,False,False,True,False,False,,3.0
Final500,Final500_T000350,fd43289836be7138a0479959d5bcc640c4bce2413c198f8d59bc30b0490946be,S0001642,116,122,unproductive_cycle,False,False,True,False,False,,7.0
Final500,Final500_T000350,fd43289836be7138a0479959d5bcc640c4bce2413c198f8d59bc30b0490946be,S0001643,124,130,unproductive_cycle,False,False,True,False,False,,7.0
Final500,Final500_T000350,fd43289836be7138a0479959d5bcc640c4bce2413c198f8d59bc30b0490946be,S0001644,132,135,unproductive_cycle,False,False,True,False,False,,4.0
Final500,Final500_T000351,fbcdb976bed4f532728fd24c71809dd1913f46d1ac09c174e705b98f09f3b624,S0001645,25,47,productive_iteration,False,True,False,False,False,,4.0
Final500,Final500_T000351,fbcdb976bed4f532728fd24c71809dd1913f46d1ac09c174e705b98f09f3b624,S0001646,0,19,productive_iteration,True,True,False,False,False,,20.0
Final500,Final500_T000351,fbcdb976bed4f532728fd24c71809dd1913f46d1ac09c174e705b98f09f3b624,S0001647,27,45,productive_iteration,True,True,False,False,False,,19.0
Final500,Final500_T000351,fbcdb976bed4f532728fd24c71809dd1913f46d1ac09c174e705b98f09f3b624,S0001648,20,24,productive_iteration,True,True,False,False,False,,5.0
Final500,Final500_T000352,0a79391a6b6522bd27d3d96abbbb8e9baafc795e1b44b8f0a2c7fa9f364bdc35,S0001649,7,7,productive_iteration,False,True,False,False,False,,1.0
Final500,Final500_T000352,0a79391a6b6522bd27d3d96abbbb8e9baafc795e1b44b8f0a2c7fa9f364bdc35,S0001650,0,6,productive_iteration,False,True,False,False,False,,7.0
Final500,Final500_T000352,0a79391a6b6522bd27d3d96abbbb8e9baafc795e1b44b8f0a2c7fa9f364bdc35,S0001651,8,19,productive_iteration,True,True,False,False,False,,12.0
Final500,Final500_T000352,0a79391a6b6522bd27d3d96abbbb8e9baafc795e1b44b8f0a2c7fa9f364bdc35,S0001652,23,34,productive_iteration,True,True,False,False,False,,12.0
Final500,Final500_T000352,0a79391a6b6522bd27d3d96abbbb8e9baafc795e1b44b8f0a2c7fa9f364bdc35,S0001653,20,22,productive_iteration,True,True,False,False,False,,3.0
Final500,Final500_T000353,94d82970afdaf54f360e69fc5b54d6ce74056b6ea5ca9d306f18c4abc4df5da6,S0001654,18,18,productive_iteration,False,True,False,False,False,,1.0
Final500,Final500_T000353,94d82970afdaf54f360e69fc5b54d6ce74056b6ea5ca9d306f18c4abc4df5da6,S0001655,0,17,productive_iteration,False,True,False,False,False,,18.0
Final500,Final500_T000353,94d82970afdaf54f360e69fc5b54d6ce74056b6ea5ca9d306f18c4abc4df5da6,S0001656,19,30,productive_iteration,True,True,False,False,False,,12.0
Final500,Final500_T000354,c14a18d24ede5c7680222d405244f10e0e3dc998d01217f285348916e0d941db,S0001657,5,38,productive_iteration,True,True,False,False,False,,4.0
Final500,Final500_T000354,c14a18d24ede5c7680222d405244f10e0e3dc998d01217f285348916e0d941db,S0001658,37,37,unproductive_cycle,False,False,True,False,False,,1.0
Final500,Final500_T000354,c14a18d24ede5c7680222d405244f10e0e3dc998d01217f285348916e0d941db,S0001659,0,4,productive_iteration,False,True,False,False,False,,5.0
Final500,Final500_T000354,c14a18d24ede5c7680222d405244f10e0e3dc998d01217f285348916e0d941db,S0001660,7,8,productive_iteration,False,True,False,False,False,,2.0
Final500,Final500_T000354,c14a18d24ede5c7680222d405244f10e0e3dc998d01217f285348916e0d941db,S0001661,10,14,productive_iteration,True,True,False,False,False,,5.0
Final500,Final500_T000354,c14a18d24ede5c7680222d405244f10e0e3dc998d01217f285348916e0d941db,S0001662,28,35,productive_iteration,True,True,False,False,False,,8.0
Final500,Final500_T000354,c14a18d24ede5c7680222d405244f10e0e3dc998d01217f285348916e0d941db,S0001663,15,27,productive_iteration,False,True,False,False,False,,1.0
Final500,Final500_T000354,c14a18d24ede5c7680222d405244f10e0e3dc998d01217f285348916e0d941db,S0001664,15,27,unproductive_cycle,False,False,True,False,False,,12.0
Final500,Final500_T000355,f43b23ca322114c2358146b08fb842e6739458e49bffeba912f9ef4071ab3ac2,S0001665,18,18,productive_iteration,False,True,False,False,False,,1.0
Final500,Final500_T000355,f43b23ca322114c2358146b08fb842e6739458e49bffeba912f9ef4071ab3ac2,S0001666,0,17,productive_iteration,True,True,False,False,False,,18.0
Final500,Final500_T000355,f43b23ca322114c2358146b08fb842e6739458e49bffeba912f9ef4071ab3ac2,S0001667,19,26,productive_iteration,False,True,False,False,False,,8.0
Final500,Final500_T000355,f43b23ca322114c2358146b08fb842e6739458e49bffeba912f9ef4071ab3ac2,S0001668,27,93,productive_iteration,False,True,False,False,False,,1.0
Final500,Final500_T000355,f43b23ca322114c2358146b08fb842e6739458e49bffeba912f9ef4071ab3ac2,S0001669,27,93,unproductive_cycle,False,False,True,False,False,,66.0
Final500,Final500_T000356,3420376463cac196cdd022f18e11a1269fac183d0256981244ee7f8711413b7e,S0001670,1,13,productive_iteration,False,True,False,False,False,,13.0
Final500,Final500_T000356,3420376463cac196cdd022f18e11a1269fac183d0256981244ee7f8711413b7e,S0001671,14,94,productive_iteration,False,True,False,False,False,,2.0
Final500,Final500_T000356,3420376463cac196cdd022f18e11a1269fac183d0256981244ee7f8711413b7e,S0001672,14,94,unproductive_cycle,False,False,True,False,False,,79.0
Final500,Final500_T000357,393ba0ae94771d098a55bca34b2ba90528dde576eb81f5329b2c3ec8f0d8ee08,S0001673,5,5,productive_iteration,False,True,False,False,False,,1.0
Final500,Final500_T000357,393ba0ae94771d098a55bca34b2ba90528dde576eb81f5329b2c3ec8f0d8ee08,S0001674,0,3,productive_iteration,False,True,False,False,False,,4.0
Final500,Final500_T000357,393ba0ae94771d098a55bca34b2ba90528dde576eb81f5329b2c3ec8f0d8ee08,S0001675,12,13,productive_iteration,False,True,False,False,False,,2.0
Final500,Final500_T000357,393ba0ae94771d098a55bca34b2ba90528dde576eb81f5329b2c3ec8f0d8ee08,S0001676,18,32,productive_iteration,True,True,False,False,False,,14.0
Final500,Final500_T000357,393ba0ae94771d098a55bca34b2ba90528dde576eb81f5329b2c3ec8f0d8ee08,S0001677,6,11,productive_iteration,True,True,False,False,False,,6.0
Final500,Final500_T000357,393ba0ae94771d098a55bca34b2ba90528dde576eb81f5329b2c3ec8f0d8ee08,S0001678,14,17,unproductive_cycle,False,False,True,False,False,,4.0
Final500,Final500_T000358,71496caa577448a3ff9ff05451cadeecf6ad66bc4f0576278bf8b88a08cfca92,S0001679,16,91,productive_iteration,True,True,False,False,False,,18.0
Final500,Final500_T000358,71496caa577448a3ff9ff05451cadeecf6ad66bc4f0576278bf8b88a08cfca92,S0001680,0,15,productive_iteration,True,True,False,False,False,,16.0
Final500,Final500_T000358,71496caa577448a3ff9ff05451cadeecf6ad66bc4f0576278bf8b88a08cfca92,S0001681,23,24,productive_iteration,True,True,False,False,False,,2.0
Final500,Final500_T000358,71496caa577448a3ff9ff05451cadeecf6ad66bc4f0576278bf8b88a08cfca92,S0001682,27,29,productive_iteration,False,True,False,False,False,,3.0
Final500,Final500_T000358,71496caa577448a3ff9ff05451cadeecf6ad66bc4f0576278bf8b88a08cfca92,S0001683,32,34,productive_iteration,True,True,False,False,False,,3.0
Final500,Final500_T000358,71496caa577448a3ff9ff05451cadeecf6ad66bc4f0576278bf8b88a08cfca92,S0001684,36,46,productive_iteration,True,True,False,False,False,,11.0
Final500,Final500_T000358,71496caa577448a3ff9ff05451cadeecf6ad66bc4f0576278bf8b88a08cfca92,S0001685,48,50,productive_iteration,False,True,False,False,False,,3.0
Final500,Final500_T000358,71496caa577448a3ff9ff05451cadeecf6ad66bc4f0576278bf8b88a08cfca92,S0001686,52,58,productive_iteration,False,True,False,False,False,,7.0
Final500,Final500_T000358,71496caa577448a3ff9ff05451cadeecf6ad66bc4f0576278bf8b88a08cfca92,S0001687,62,67,productive_iteration,True,True,False,False,False,,6.0
Final500,Final500_T000358,71496caa577448a3ff9ff05451cadeecf6ad66bc4f0576278bf8b88a08cfca92,S0001688,69,71,productive_iteration,False,True,False,False,False,,3.0
Final500,Final500_T000358,71496caa577448a3ff9ff05451cadeecf6ad66bc4f0576278bf8b88a08cfca92,S0001689,75,78,productive_iteration,True,True,False,False,False,,4.0
Final500,Final500_T000358,71496caa577448a3ff9ff05451cadeecf6ad66bc4f0576278bf8b88a08cfca92,S0001690,80,85,productive_iteration,True,True,False,False,False,,6.0
Final500,Final500_T000358,71496caa577448a3ff9ff05451cadeecf6ad66bc4f0576278bf8b88a08cfca92,S0001691,87,89,productive_iteration,False,True,False,False,False,,3.0
Final500,Final500_T000359,6a76fb8256eeb843b40edd50ba0376fab0cffa26b878d6eb9365293c39e8946b,S0001692,11,11,productive_iteration,False,True,False,False,False,,1.0
Final500,Final500_T000359,6a76fb8256eeb843b40edd50ba0376fab0cffa26b878d6eb9365293c39e8946b,S0001693,0,9,productive_iteration,True,True,False,False,False,,10.0
Final500,Final500_T000359,6a76fb8256eeb843b40edd50ba0376fab0cffa26b878d6eb9365293c39e8946b,S0001694,12,52,productive_iteration,False,True,False,False,False,,1.0
Final500,Final500_T000359,6a76fb8256eeb843b40edd50ba0376fab0cffa26b878d6eb9365293c39e8946b,S0001695,12,52,unproductive_cycle,False,False,True,False,False,,40.0
Final500,Final500_T000360,287e27fd24594e1c80ccf54e15a33c26eb149104b916e1288746d2bf51166049,S0001696,6,80,productive_iteration,True,True,False,False,False,,24.0
Final500,Final500_T000360,287e27fd24594e1c80ccf54e15a33c26eb149104b916e1288746d2bf51166049,S0001697,0,5,productive_iteration,False,True,False,False,False,,6.0
Final500,Final500_T000360,287e27fd24594e1c80ccf54e15a33c26eb149104b916e1288746d2bf51166049,S0001698,14,19,productive_iteration,False,True,False,False,False,,6.0
Final500,Final500_T000360,287e27fd24594e1c80ccf54e15a33c26eb149104b916e1288746d2bf51166049,S0001699,45,49,productive_iteration,False,True,False,False,False,,5.0
Final500,Final500_T000360,287e27fd24594e1c80ccf54e15a33c26eb149104b916e1288746d2bf51166049,S0001700,52,53,productive_iteration,False,True,False,False,False,,2.0
Final500,Final500_T000360,287e27fd24594e1c80ccf54e15a33c26eb149104b916e1288746d2bf51166049,S0001701,59,62,productive_iteration,False,True,False,False,False,,4.0
Final500,Final500_T000360,287e27fd24594e1c80ccf54e15a33c26eb149104b916e1288746d2bf51166049,S0001702,65,66,productive_iteration,False,True,False,False,False,,2.0
Final500,Final500_T000360,287e27fd24594e1c80ccf54e15a33c26eb149104b916e1288746d2bf51166049,S0001703,68,69,productive_iteration,True,True,False,False,False,,2.0
Final500,Final500_T000360,287e27fd24594e1c80ccf54e15a33c26eb149104b916e1288746d2bf51166049,S0001704,71,74,productive_iteration,True,True,False,False,False,,4.0
Final500,Final500_T000360,287e27fd24594e1c80ccf54e15a33c26eb149104b916e1288746d2bf51166049,S0001705,77,78,productive_iteration,False,True,False,False,False,,2.0
Final500,Final500_T000360,287e27fd24594e1c80ccf54e15a33c26eb149104b916e1288746d2bf51166049,S0001706,8,10,productive_iteration,True,True,False,False,False,,2.0
Final500,Final500_T000360,287e27fd24594e1c80ccf54e15a33c26eb149104b916e1288746d2bf51166049,S0001707,8,10,unproductive_cycle,False,False,True,False,False,,1.0
Final500,Final500_T000360,287e27fd24594e1c80ccf54e15a33c26eb149104b916e1288746d2bf51166049,S0001708,25,30,productive_iteration,False,True,False,False,False,,5.0
Final500,Final500_T000360,287e27fd24594e1c80ccf54e15a33c26eb149104b916e1288746d2bf51166049,S0001709,25,30,unproductive_cycle,False,False,True,False,False,,1.0
Final500,Final500_T000360,287e27fd24594e1c80ccf54e15a33c26eb149104b916e1288746d2bf51166049,S0001710,33,35,productive_iteration,True,True,False,False,False,,2.0
Final500,Final500_T000360,287e27fd24594e1c80ccf54e15a33c26eb149104b916e1288746d2bf51166049,S0001711,37,44,productive_iteration,True,True,False,False,False,,8.0
Final500,Final500_T000361,4719cfde2a6f8dee4398b80a6682571322cfde3a94fa2595fa8202df78a46725,S0001712,0,3,productive_iteration,False,True,False,False,False,,4.0
Final500,Final500_T000361,4719cfde2a6f8dee4398b80a6682571322cfde3a94fa2595fa8202df78a46725,S0001713,8,10,productive_iteration,False,True,False,False,False,,3.0
Final500,Final500_T000361,4719cfde2a6f8dee4398b80a6682571322cfde3a94fa2595fa8202df78a46725,S0001714,4,7,productive_iteration,False,True,False,False,False,,2.0
Final500,Final500_T000361,4719cfde2a6f8dee4398b80a6682571322cfde3a94fa2595fa8202df78a46725,S0001715,11,59,productive_iteration,False,True,False,False,False,,1.0
Final500,Final500_T000361,4719cfde2a6f8dee4398b80a6682571322cfde3a94fa2595fa8202df78a46725,S0001716,11,59,unproductive_cycle,False,False,True,False,False,,48.0
Final500,Final500_T000362,ec137b37055236054ef2ba0519ed0d21a157ec3c2e364ba7d21729e594a385c6,S0001717,8,12,productive_iteration,True,True,False,False,False,,2.0
Final500,Final500_T000362,ec137b37055236054ef2ba0519ed0d21a157ec3c2e364ba7d21729e594a385c6,S0001718,0,7,productive_iteration,True,True,False,False,False,,7.0
Final500,Final500_T000362,ec137b37055236054ef2ba0519ed0d21a157ec3c2e364ba7d21729e594a385c6,S0001719,9,11,productive_iteration,True,True,False,False,False,,3.0
Final500,Final500_T000362,ec137b37055236054ef2ba0519ed0d21a157ec3c2e364ba7d21729e594a385c6,S0001720,13,22,productive_iteration,True,True,False,False,False,,10.0
Final500,Final500_T000362,ec137b37055236054ef2ba0519ed0d21a157ec3c2e364ba7d21729e594a385c6,S0001721,26,27,productive_iteration,False,True,False,False,False,,2.0
Final500,Final500_T000362,ec137b37055236054ef2ba0519ed0d21a157ec3c2e364ba7d21729e594a385c6,S0001722,23,25,productive_iteration,False,True,False,False,False,,1.0
Final500,Final500_T000362,ec137b37055236054ef2ba0519ed0d21a157ec3c2e364ba7d21729e594a385c6,S0001723,23,25,unproductive_cycle,False,False,True,False,False,,2.0
Final500,Final500_T000362,ec137b37055236054ef2ba0519ed0d21a157ec3c2e364ba7d21729e594a385c6,S0001724,28,32,productive_iteration,False,True,False,False,False,,2.0
Final500,Final500_T000363,750f3bffe42a8a6d4ae5ebe617207339aebff0938c01e90feda939c092c19398,S0001725,20,29,productive_iteration,False,True,False,False,False,,4.0
Final500,Final500_T000363,750f3bffe42a8a6d4ae5ebe617207339aebff0938c01e90feda939c092c19398,S0001726,0,5,productive_iteration,True,True,False,False,False,,6.0
Final500,Final500_T000363,750f3bffe42a8a6d4ae5ebe617207339aebff0938c01e90feda939c092c19398,S0001727,9,11,productive_iteration,False,True,False,False,False,,3.0
Final500,Final500_T000363,750f3bffe42a8a6d4ae5ebe617207339aebff0938c01e90feda939c092c19398,S0001728,13,19,productive_iteration,False,True,False,False,False,,7.0
Final500,Final500_T000363,750f3bffe42a8a6d4ae5ebe617207339aebff0938c01e90feda939c092c19398,S0001729,22,27,productive_iteration,False,True,False,False,False,,6.0
Final500,Final500_T000363,750f3bffe42a8a6d4ae5ebe617207339aebff0938c01e90feda939c092c19398,S0001730,30,44,productive_iteration,False,True,False,False,False,,15.0
Final500,Final500_T000363,750f3bffe42a8a6d4ae5ebe617207339aebff0938c01e90feda939c092c19398,S0001731,6,8,productive_iteration,True,True,False,False,False,,3.0
Final500,Final500_T000363,750f3bffe42a8a6d4ae5ebe617207339aebff0938c01e90feda939c092c19398,S0001732,45,60,productive_iteration,False,True,False,False,False,,1.0
Final500,Final500_T000363,750f3bffe42a8a6d4ae5ebe617207339aebff0938c01e90feda939c092c19398,S0001733,45,60,unproductive_cycle,False,False,True,False,False,,15.0
Final500,Final500_T000364,b316d2ad68d14fc84b1afc2c8ff682a7b0cdf2ef9ccc8463d2b4c0d6dfda8ff8,S0001734,2,83,productive_iteration,True,True,False,False,False,,34.0
Final500,Final500_T000364,b316d2ad68d14fc84b1afc2c8ff682a7b0cdf2ef9ccc8463d2b4c0d6dfda8ff8,S0001735,7,10,productive_iteration,True,True,False,False,False,,4.0
Final500,Final500_T000364,b316d2ad68d14fc84b1afc2c8ff682a7b0cdf2ef9ccc8463d2b4c0d6dfda8ff8,S0001736,14,17,productive_iteration,False,True,False,False,False,,2.0
Final500,Final500_T000364,b316d2ad68d14fc84b1afc2c8ff682a7b0cdf2ef9ccc8463d2b4c0d6dfda8ff8,S0001737,21,23,productive_iteration,False,True,False,False,False,,2.0
Final500,Final500_T000364,b316d2ad68d14fc84b1afc2c8ff682a7b0cdf2ef9ccc8463d2b4c0d6dfda8ff8,S0001738,29,32,productive_iteration,False,True,False,False,False,,3.0
Final500,Final500_T000364,b316d2ad68d14fc84b1afc2c8ff682a7b0cdf2ef9ccc8463d2b4c0d6dfda8ff8,S0001739,40,42,productive_iteration,False,True,False,False,False,,2.0
Final500,Final500_T000364,b316d2ad68d14fc84b1afc2c8ff682a7b0cdf2ef9ccc8463d2b4c0d6dfda8ff8,S0001740,46,48,productive_iteration,False,True,False,False,False,,2.0
Final500,Final500_T000364,b316d2ad68d14fc84b1afc2c8ff682a7b0cdf2ef9ccc8463d2b4c0d6dfda8ff8,S0001741,54,56,productive_iteration,False,True,False,False,False,,2.0
Final500,Final500_T000364,b316d2ad68d14fc84b1afc2c8ff682a7b0cdf2ef9ccc8463d2b4c0d6dfda8ff8,S0001742,66,68,productive_iteration,False,True,False,False,False,,2.0
Final500,Final500_T000364,b316d2ad68d14fc84b1afc2c8ff682a7b0cdf2ef9ccc8463d2b4c0d6dfda8ff8,S0001743,78,79,productive_iteration,False,True,False,False,False,,1.0
Final500,Final500_T000365,0bf8162ca9880636e0179e630cb018c54b34af3c95085195e1f015533e7e0d6a,S0001744,8,26,productive_iteration,True,True,False,False,False,,6.0
Final500,Final500_T000365,0bf8162ca9880636e0179e630cb018c54b34af3c95085195e1f015533e7e0d6a,S0001745,27,100,unproductive_cycle,False,False,True,False,False,,26.0
Final500,Final500_T000365,0bf8162ca9880636e0179e630cb018c54b34af3c95085195e1f015533e7e0d6a,S0001746,0,7,productive_iteration,False,True,False,False,False,,4.0
Final500,Final500_T000365,0bf8162ca9880636e0179e630cb018c54b34af3c95085195e1f015533e7e0d6a,S0001747,9,10,productive_iteration,True,True,False,False,False,,1.0
Final500,Final500_T000365,0bf8162ca9880636e0179e630cb018c54b34af3c95085195e1f015533e7e0d6a,S0001748,20,21,productive_iteration,False,True,False,False,False,,1.0
Final500,Final500_T000365,0bf8162ca9880636e0179e630cb018c54b34af3c95085195e1f015533e7e0d6a,S0001749,11,19,productive_iteration,False,True,False,False,False,,2.0
Final500,Final500_T000365,0bf8162ca9880636e0179e630cb018c54b34af3c95085195e1f015533e7e0d6a,S0001750,11,19,unproductive_cycle,False,False,True,False,False,,4.0
Final500,Final500_T000365,0bf8162ca9880636e0179e630cb018c54b34af3c95085195e1f015533e7e0d6a,S0001751,72,74,unproductive_cycle,False,False,True,False,False,,3.0
Final500,Final500_T000366,e784456e23f28c27fd9969a8ea621c0eb17b0c5472468323ea29b940e203e45f,S0001752,15,85,productive_iteration,True,True,False,False,False,,42.0
Final500,Final500_T000366,e784456e23f28c27fd9969a8ea621c0eb17b0c5472468323ea29b940e203e45f,S0001753,0,8,productive_iteration,True,True,False,False,False,,6.0
Final500,Final500_T000366,e784456e23f28c27fd9969a8ea621c0eb17b0c5472468323ea29b940e203e45f,S0001754,50,51,productive_iteration,False,True,False,False,False,,2.0
Final500,Final500_T000366,e784456e23f28c27fd9969a8ea621c0eb17b0c5472468323ea29b940e203e45f,S0001755,86,88,productive_iteration,True,True,False,False,False,,3.0
Final500,Final500_T000366,e784456e23f28c27fd9969a8ea621c0eb17b0c5472468323ea29b940e203e45f,S0001756,25,28,productive_iteration,True,True,False,False,False,,4.0
Final500,Final500_T000366,e784456e23f28c27fd9969a8ea621c0eb17b0c5472468323ea29b940e203e45f,S0001757,33,38,productive_iteration,True,True,False,False,False,,4.0
Final500,Final500_T000366,e784456e23f28c27fd9969a8ea621c0eb17b0c5472468323ea29b940e203e45f,S0001758,45,47,productive_iteration,False,True,False,False,False,,3.0
Final500,Final500_T000366,e784456e23f28c27fd9969a8ea621c0eb17b0c5472468323ea29b940e203e45f,S0001759,64,71,productive_iteration,False,True,False,False,False,,8.0
Final500,Final500_T000367,32d606f40783f315398de6b9fb93e8f75fa33af354fc2293c9a10df08fe53d8e,S0001760,0,33,productive_iteration,True,True,False,False,False,,17.0
Final500,Final500_T000367,32d606f40783f315398de6b9fb93e8f75fa33af354fc2293c9a10df08fe53d8e,S0001761,34,96,unproductive_cycle,False,False,True,False,False,,33.0
Final500,Final500_T000367,32d606f40783f315398de6b9fb93e8f75fa33af354fc2293c9a10df08fe53d8e,S0001762,6,8,productive_iteration,False,True,False,False,False,,3.0
Final500,Final500_T000367,32d606f40783f315398de6b9fb93e8f75fa33af354fc2293c9a10df08fe53d8e,S0001763,23,30,productive_iteration,True,True,False,False,False,,6.0
Final500,Final500_T000367,32d606f40783f315398de6b9fb93e8f75fa33af354fc2293c9a10df08fe53d8e,S0001764,64,69,unproductive_cycle,False,False,True,False,False,,5.0
Final500,Final500_T000367,32d606f40783f315398de6b9fb93e8f75fa33af354fc2293c9a10df08fe53d8e,S0001765,13,16,productive_iteration,False,True,False,False,False,,4.0
Final500,Final500_T000367,32d606f40783f315398de6b9fb93e8f75fa33af354fc2293c9a10df08fe53d8e,S0001766,35,38,unproductive_cycle,False,False,True,False,False,,4.0
Final500,Final500_T000367,32d606f40783f315398de6b9fb93e8f75fa33af354fc2293c9a10df08fe53d8e,S0001767,76,79,unproductive_cycle,False,False,True,False,False,,4.0
Final500,Final500_T000367,32d606f40783f315398de6b9fb93e8f75fa33af354fc2293c9a10df08fe53d8e,S0001768,87,95,unproductive_cycle,False,False,True,False,False,,5.0
Final500,Final500_T000368,96f103acfa34221349874937711605eb15636c2bff09066f638abfc1c8db7be9,S0001769,3,30,productive_iteration,True,True,False,False,False,,8.0
Final500,Final500_T000368,96f103acfa34221349874937711605eb15636c2bff09066f638abfc1c8db7be9,S0001770,47,47,unproductive_cycle,False,False,True,False,False,,1.0
Final500,Final500_T000368,96f103acfa34221349874937711605eb15636c2bff09066f638abfc1c8db7be9,S0001771,0,2,productive_iteration,True,True,False,False,False,,3.0
Final500,Final500_T000368,96f103acfa34221349874937711605eb15636c2bff09066f638abfc1c8db7be9,S0001772,4,5,productive_iteration,True,True,False,False,False,,2.0
Final500,Final500_T000368,96f103acfa34221349874937711605eb15636c2bff09066f638abfc1c8db7be9,S0001773,7,15,productive_iteration,False,True,False,False,False,,1.0
Final500,Final500_T000368,96f103acfa34221349874937711605eb15636c2bff09066f638abfc1c8db7be9,S0001774,31,35,productive_iteration,True,True,False,False,False,,4.0
Final500,Final500_T000368,96f103acfa34221349874937711605eb15636c2bff09066f638abfc1c8db7be9,S0001775,39,43,productive_iteration,False,True,False,False,False,,1.0
Final500,Final500_T000368,96f103acfa34221349874937711605eb15636c2bff09066f638abfc1c8db7be9,S0001776,36,38,productive_iteration,False,True,False,False,False,,1.0
Final500,Final500_T000368,96f103acfa34221349874937711605eb15636c2bff09066f638abfc1c8db7be9,S0001777,36,38,unproductive_cycle,False,False,True,False,False,,2.0
Final500,Final500_T000368,96f103acfa34221349874937711605eb15636c2bff09066f638abfc1c8db7be9,S0001778,44,46,unproductive_cycle,False,False,True,False,False,,3.0
Final500,Final500_T000368,96f103acfa34221349874937711605eb15636c2bff09066f638abfc1c8db7be9,S0001779,48,131,unproductive_cycle,False,False,True,False,False,,72.0
Final500,Final500_T000369,a778f9be552ed250b2dcd551f5a1407203641838d5bd6f1f5057761b491a3240,S0001780,26,26,productive_iteration,False,True,False,False,False,,1.0
Final500,Final500_T000369,a778f9be552ed250b2dcd551f5a1407203641838d5bd6f1f5057761b491a3240,S0001781,1,7,productive_iteration,False,True,False,False,False,,7.0
Final500,Final500_T000369,a778f9be552ed250b2dcd551f5a1407203641838d5bd6f1f5057761b491a3240,S0001782,12,25,productive_iteration,True,True,False,False,False,,14.0
Final500,Final500_T000369,a778f9be552ed250b2dcd551f5a1407203641838d5bd6f1f5057761b491a3240,S0001783,27,42,productive_iteration,True,True,False,False,False,,16.0
Final500,Final500_T000369,a778f9be552ed250b2dcd551f5a1407203641838d5bd6f1f5057761b491a3240,S0001784,8,11,productive_iteration,False,True,False,False,False,,4.0
Final500,Final500_T000370,05f05076c58f981f93e7207bb803c5549fa6d2bcbb078ec431628250d37f9b4b,S0001785,0,29,productive_iteration,True,True,False,False,False,,30.0
Final500,Final500_T000371,33a2d93b38541d1e1c8be9dd467766deb5ef2217bda16ee9996f237d61780d88,S0001786,14,26,productive_iteration,False,True,False,False,False,,5.0
Final500,Final500_T000371,33a2d93b38541d1e1c8be9dd467766deb5ef2217bda16ee9996f237d61780d88,S0001787,0,13,productive_iteration,True,True,False,False,False,,14.0
Final500,Final500_T000371,33a2d93b38541d1e1c8be9dd467766deb5ef2217bda16ee9996f237d61780d88,S0001788,15,19,productive_iteration,True,True,False,False,False,,5.0
Final500,Final500_T000371,33a2d93b38541d1e1c8be9dd467766deb5ef2217bda16ee9996f237d61780d88,S0001789,21,23,productive_iteration,False,True,False,False,False,,3.0
Final500,Final500_T000371,33a2d93b38541d1e1c8be9dd467766deb5ef2217bda16ee9996f237d61780d88,S0001790,27,32,productive_iteration,False,True,False,False,False,,6.0
Final500,Final500_T000372,b365c473106430c4df50f6430d7b6b0d744f729591ba76ec4df855144c5d9b4b,S0001791,14,18,productive_iteration,False,True,False,False,False,,2.0
Final500,Final500_T000372,b365c473106430c4df50f6430d7b6b0d744f729591ba76ec4df855144c5d9b4b,S0001792,0,13,productive_iteration,True,True,False,False,False,,14.0
Final500,Final500_T000372,b365c473106430c4df50f6430d7b6b0d744f729591ba76ec4df855144c5d9b4b,S0001793,15,17,productive_iteration,True,True,False,False,False,,3.0
Final500,Final500_T000372,b365c473106430c4df50f6430d7b6b0d744f729591ba76ec4df855144c5d9b4b,S0001794,19,57,productive_iteration,True,True,False,False,False,,39.0
Final500,Final500_T000373,9ba874d161c97c0ba87ca1a6e86ef99f8f85db901197ae2493c90d7d09f7ae4c,S0001795,40,52,productive_iteration,False,True,False,False,False,,7.0
Final500,Final500_T000373,9ba874d161c97c0ba87ca1a6e86ef99f8f85db901197ae2493c90d7d09f7ae4c,S0001796,0,23,productive_iteration,True,True,False,False,False,,24.0
Final500,Final500_T000373,9ba874d161c97c0ba87ca1a6e86ef99f8f85db901197ae2493c90d7d09f7ae4c,S0001797,27,36,productive_iteration,True,True,False,False,False,,10.0
Final500,Final500_T000373,9ba874d161c97c0ba87ca1a6e86ef99f8f85db901197ae2493c90d7d09f7ae4c,S0001798,42,44,productive_iteration,False,True,False,False,False,,3.0
Final500,Final500_T000373,9ba874d161c97c0ba87ca1a6e86ef99f8f85db901197ae2493c90d7d09f7ae4c,S0001799,47,49,productive_iteration,True,True,False,False,False,,3.0
Final500,Final500_T000373,9ba874d161c97c0ba87ca1a6e86ef99f8f85db901197ae2493c90d7d09f7ae4c,S0001800,24,26,productive_iteration,False,True,False,False,False,,3.0
Final500,Final500_T000373,9ba874d161c97c0ba87ca1a6e86ef99f8f85db901197ae2493c90d7d09f7ae4c,S0001801,37,39,productive_iteration,False,True,False,False,False,,3.0
Final500,Final500_T000374,51b24102127708d3abff619eccaabfd842451d95a95c52a72edfb3000b274973,S0001802,0,9,productive_iteration,True,True,False,False,False,,10.0
Final500,Final500_T000374,51b24102127708d3abff619eccaabfd842451d95a95c52a72edfb3000b274973,S0001803,17,18,productive_iteration,True,True,False,False,False,,2.0
Final500,Final500_T000374,51b24102127708d3abff619eccaabfd842451d95a95c52a72edfb3000b274973,S0001804,24,29,productive_iteration,True,True,False,False,False,,6.0
Final500,Final500_T000374,51b24102127708d3abff619eccaabfd842451d95a95c52a72edfb3000b274973,S0001805,10,16,productive_iteration,True,True,False,False,False,,4.0
Final500,Final500_T000374,51b24102127708d3abff619eccaabfd842451d95a95c52a72edfb3000b274973,S0001806,10,16,unproductive_cycle,False,False,True,False,False,,3.0
Final500,Final500_T000374,51b24102127708d3abff619eccaabfd842451d95a95c52a72edfb3000b274973,S0001807,19,23,productive_iteration,True,True,False,False,False,,4.0
Final500,Final500_T000374,51b24102127708d3abff619eccaabfd842451d95a95c52a72edfb3000b274973,S0001808,19,23,unproductive_cycle,False,False,True,False,False,,1.0
Final500,Final500_T000374,51b24102127708d3abff619eccaabfd842451d95a95c52a72edfb3000b274973,S0001809,30,127,unproductive_cycle,False,False,True,False,False,,97.0
Final500,Final500_T000375,fb42a5cb442adf8a7070a1c100d82cc39f4f1dff51675efaa552123e46dfc67c,S0001810,12,63,productive_iteration,False,True,False,False,False,,3.0
Final500,Final500_T000375,fb42a5cb442adf8a7070a1c100d82cc39f4f1dff51675efaa552123e46dfc67c,S0001811,3,4,productive_iteration,False,True,False,False,False,,2.0
Final500,Final500_T000375,fb42a5cb442adf8a7070a1c100d82cc39f4f1dff51675efaa552123e46dfc67c,S0001812,41,44,productive_iteration,False,True,False,False,False,,4.0
Final500,Final500_T000375,fb42a5cb442adf8a7070a1c100d82cc39f4f1dff51675efaa552123e46dfc67c,S0001813,47,51,productive_iteration,False,True,False,False,False,,5.0
Final500,Final500_T000375,fb42a5cb442adf8a7070a1c100d82cc39f4f1dff51675efaa552123e46dfc67c,S0001814,0,2,productive_iteration,False,True,False,False,False,,2.0
Final500,Final500_T000375,fb42a5cb442adf8a7070a1c100d82cc39f4f1dff51675efaa552123e46dfc67c,S0001815,0,2,unproductive_cycle,False,False,True,False,False,,1.0
Final500,Final500_T000375,fb42a5cb442adf8a7070a1c100d82cc39f4f1dff51675efaa552123e46dfc67c,S0001816,5,7,productive_iteration,False,True,False,False,False,,3.0
Final500,Final500_T000375,fb42a5cb442adf8a7070a1c100d82cc39f4f1dff51675efaa552123e46dfc67c,S0001817,9,11,productive_iteration,False,True,False,False,False,,2.0
Final500,Final500_T000375,fb42a5cb442adf8a7070a1c100d82cc39f4f1dff51675efaa552123e46dfc67c,S0001818,9,11,unproductive_cycle,False,False,True,False,False,,1.0
Final500,Final500_T000375,fb42a5cb442adf8a7070a1c100d82cc39f4f1dff51675efaa552123e46dfc67c,S0001819,13,40,productive_iteration,False,True,False,False,False,,17.0
Final500,Final500_T000375,fb42a5cb442adf8a7070a1c100d82cc39f4f1dff51675efaa552123e46dfc67c,S0001820,13,40,unproductive_cycle,False,False,True,False,False,,11.0
Final500,Final500_T000375,fb42a5cb442adf8a7070a1c100d82cc39f4f1dff51675efaa552123e46dfc67c,S0001821,52,62,productive_iteration,False,True,False,False,False,,11.0
Final500,Final500_T000376,f4d154a4b8e05a46be18b0e7903a498603ff9d6d44a937fc0a28907236793d58,S0001822,7,7,productive_iteration,True,True,False,False,False,,1.0
Final500,Final500_T000376,f4d154a4b8e05a46be18b0e7903a498603ff9d6d44a937fc0a28907236793d58,S0001823,14,110,unproductive_cycle,False,False,True,False,False,,15.0
Final500,Final500_T000376,f4d154a4b8e05a46be18b0e7903a498603ff9d6d44a937fc0a28907236793d58,S0001824,0,6,productive_iteration,False,True,False,False,False,,7.0
Final500,Final500_T000376,f4d154a4b8e05a46be18b0e7903a498603ff9d6d44a937fc0a28907236793d58,S0001825,8,13,productive_iteration,True,True,False,False,False,,6.0
Final500,Final500_T000376,f4d154a4b8e05a46be18b0e7903a498603ff9d6d44a937fc0a28907236793d58,S0001826,18,21,productive_iteration,False,True,False,False,False,,4.0
Final500,Final500_T000376,f4d154a4b8e05a46be18b0e7903a498603ff9d6d44a937fc0a28907236793d58,S0001827,24,32,productive_iteration,False,True,False,False,False,,3.0
Final500,Final500_T000376,f4d154a4b8e05a46be18b0e7903a498603ff9d6d44a937fc0a28907236793d58,S0001828,24,32,unproductive_cycle,False,False,True,False,False,,6.0
Final500,Final500_T000376,f4d154a4b8e05a46be18b0e7903a498603ff9d6d44a937fc0a28907236793d58,S0001829,34,38,productive_iteration,False,True,False,False,False,,4.0
Final500,Final500_T000376,f4d154a4b8e05a46be18b0e7903a498603ff9d6d44a937fc0a28907236793d58,S0001830,34,38,unproductive_cycle,False,False,True,False,False,,1.0
Final500,Final500_T000376,f4d154a4b8e05a46be18b0e7903a498603ff9d6d44a937fc0a28907236793d58,S0001831,40,54,productive_iteration,False,True,False,False,False,,11.0
Final500,Final500_T000376,f4d154a4b8e05a46be18b0e7903a498603ff9d6d44a937fc0a28907236793d58,S0001832,40,54,unproductive_cycle,False,False,True,False,False,,4.0
Final500,Final500_T000376,f4d154a4b8e05a46be18b0e7903a498603ff9d6d44a937fc0a28907236793d58,S0001833,56,69,productive_iteration,False,True,False,False,False,,6.0
Final500,Final500_T000376,f4d154a4b8e05a46be18b0e7903a498603ff9d6d44a937fc0a28907236793d58,S0001834,56,69,unproductive_cycle,False,False,True,False,False,,8.0
Final500,Final500_T000376,f4d154a4b8e05a46be18b0e7903a498603ff9d6d44a937fc0a28907236793d58,S0001835,72,77,productive_iteration,False,True,False,False,False,,4.0
Final500,Final500_T000376,f4d154a4b8e05a46be18b0e7903a498603ff9d6d44a937fc0a28907236793d58,S0001836,72,77,unproductive_cycle,False,False,True,False,False,,2.0
Final500,Final500_T000376,f4d154a4b8e05a46be18b0e7903a498603ff9d6d44a937fc0a28907236793d58,S0001837,80,88,productive_iteration,False,True,False,False,False,,4.0
Final500,Final500_T000376,f4d154a4b8e05a46be18b0e7903a498603ff9d6d44a937fc0a28907236793d58,S0001838,80,88,unproductive_cycle,False,False,True,False,False,,5.0
Final500,Final500_T000376,f4d154a4b8e05a46be18b0e7903a498603ff9d6d44a937fc0a28907236793d58,S0001839,90,93,productive_iteration,False,True,False,False,False,,3.0
Final500,Final500_T000376,f4d154a4b8e05a46be18b0e7903a498603ff9d6d44a937fc0a28907236793d58,S0001840,90,93,unproductive_cycle,False,False,True,False,False,,1.0
Final500,Final500_T000376,f4d154a4b8e05a46be18b0e7903a498603ff9d6d44a937fc0a28907236793d58,S0001841,96,104,productive_iteration,False,True,False,False,False,,3.0
Final500,Final500_T000376,f4d154a4b8e05a46be18b0e7903a498603ff9d6d44a937fc0a28907236793d58,S0001842,96,104,unproductive_cycle,False,False,True,False,False,,5.0
Final500,Final500_T000376,f4d154a4b8e05a46be18b0e7903a498603ff9d6d44a937fc0a28907236793d58,S0001843,106,109,productive_iteration,False,True,False,False,False,,3.0
Final500,Final500_T000376,f4d154a4b8e05a46be18b0e7903a498603ff9d6d44a937fc0a28907236793d58,S0001844,106,109,unproductive_cycle,False,False,True,False,False,,1.0
Final500,Final500_T000377,7ed393320de6a12b6bf3afd5aecdcd54839ba339af1cbf002744269f00335e89,S0001845,19,91,unproductive_cycle,False,False,True,False,False,,4.0
Final500,Final500_T000377,7ed393320de6a12b6bf3afd5aecdcd54839ba339af1cbf002744269f00335e89,S0001846,0,18,productive_iteration,True,True,False,False,False,,19.0
Final500,Final500_T000377,7ed393320de6a12b6bf3afd5aecdcd54839ba339af1cbf002744269f00335e89,S0001847,89,90,unproductive_cycle,False,False,True,False,False,,2.0
Final500,Final500_T000377,7ed393320de6a12b6bf3afd5aecdcd54839ba339af1cbf002744269f00335e89,S0001848,21,47,unproductive_cycle,False,False,True,False,False,,27.0
Final500,Final500_T000377,7ed393320de6a12b6bf3afd5aecdcd54839ba339af1cbf002744269f00335e89,S0001849,49,88,unproductive_cycle,False,False,True,False,False,,40.0
Final500,Final500_T000378,872302aa7377f9654aa20ab419757945f279c01ef2b3a10cf3ea0f50f8426000,S0001850,0,11,productive_iteration,False,True,False,False,False,,11.0
Final500,Final500_T000378,872302aa7377f9654aa20ab419757945f279c01ef2b3a10cf3ea0f50f8426000,S0001851,13,15,productive_iteration,False,True,False,False,False,,3.0
Final500,Final500_T000378,872302aa7377f9654aa20ab419757945f279c01ef2b3a10cf3ea0f50f8426000,S0001852,18,31,productive_iteration,True,True,False,False,False,,14.0
Final500,Final500_T000379,01d2804ad872271709635ca6c45e047e2d70afaffba55165dd1b899d170afde6,S0001853,16,31,productive_iteration,True,True,False,False,False,,9.0
Final500,Final500_T000379,01d2804ad872271709635ca6c45e047e2d70afaffba55165dd1b899d170afde6,S0001854,0,15,productive_iteration,True,True,False,False,False,,16.0
Final500,Final500_T000379,01d2804ad872271709635ca6c45e047e2d70afaffba55165dd1b899d170afde6,S0001855,23,29,productive_iteration,True,True,False,False,False,,7.0
Final500,Final500_T000379,01d2804ad872271709635ca6c45e047e2d70afaffba55165dd1b899d170afde6,S0001856,32,35,productive_iteration,True,True,False,False,False,,4.0
Final500,Final500_T000380,a4465bbc2eb8730f9522089ee409acfbe1a5794f2dfbf729555babc7f6d58cae,S0001857,0,14,productive_iteration,True,True,False,False,False,,4.0
Final500,Final500_T000380,a4465bbc2eb8730f9522089ee409acfbe1a5794f2dfbf729555babc7f6d58cae,S0001858,70,99,unproductive_cycle,False,False,True,False,False,,7.0
Final500,Final500_T000380,a4465bbc2eb8730f9522089ee409acfbe1a5794f2dfbf729555babc7f6d58cae,S0001859,8,12,productive_iteration,False,True,False,False,False,,5.0
Final500,Final500_T000380,a4465bbc2eb8730f9522089ee409acfbe1a5794f2dfbf729555babc7f6d58cae,S0001860,15,18,productive_iteration,True,True,False,False,False,,4.0
Final500,Final500_T000380,a4465bbc2eb8730f9522089ee409acfbe1a5794f2dfbf729555babc7f6d58cae,S0001861,25,27,productive_iteration,True,True,False,False,False,,2.0
Final500,Final500_T000380,a4465bbc2eb8730f9522089ee409acfbe1a5794f2dfbf729555babc7f6d58cae,S0001862,25,27,unproductive_cycle,False,False,True,False,False,,1.0
Final500,Final500_T000380,a4465bbc2eb8730f9522089ee409acfbe1a5794f2dfbf729555babc7f6d58cae,S0001863,34,36,unproductive_cycle,False,False,True,False,False,,3.0
Final500,Final500_T000380,a4465bbc2eb8730f9522089ee409acfbe1a5794f2dfbf729555babc7f6d58cae,S0001864,43,45,productive_iteration,False,True,False,False,False,,2.0
Final500,Final500_T000380,a4465bbc2eb8730f9522089ee409acfbe1a5794f2dfbf729555babc7f6d58cae,S0001865,43,45,unproductive_cycle,False,False,True,False,False,,1.0
Final500,Final500_T000380,a4465bbc2eb8730f9522089ee409acfbe1a5794f2dfbf729555babc7f6d58cae,S0001866,52,54,unproductive_cycle,False,False,True,False,False,,3.0
Final500,Final500_T000380,a4465bbc2eb8730f9522089ee409acfbe1a5794f2dfbf729555babc7f6d58cae,S0001867,2,7,productive_iteration,False,True,False,False,False,,6.0
Final500,Final500_T000380,a4465bbc2eb8730f9522089ee409acfbe1a5794f2dfbf729555babc7f6d58cae,S0001868,19,24,productive_iteration,False,True,False,False,False,,1.0
Final500,Final500_T000380,a4465bbc2eb8730f9522089ee409acfbe1a5794f2dfbf729555babc7f6d58cae,S0001869,19,24,unproductive_cycle,False,False,True,False,False,,5.0
Final500,Final500_T000380,a4465bbc2eb8730f9522089ee409acfbe1a5794f2dfbf729555babc7f6d58cae,S0001870,28,33,unproductive_cycle,False,False,True,False,False,,6.0
Final500,Final500_T000380,a4465bbc2eb8730f9522089ee409acfbe1a5794f2dfbf729555babc7f6d58cae,S0001871,37,42,unproductive_cycle,False,False,True,False,False,,6.0
Final500,Final500_T000380,a4465bbc2eb8730f9522089ee409acfbe1a5794f2dfbf729555babc7f6d58cae,S0001872,46,51,unproductive_cycle,False,False,True,False,False,,6.0
Final500,Final500_T000380,a4465bbc2eb8730f9522089ee409acfbe1a5794f2dfbf729555babc7f6d58cae,S0001873,55,60,unproductive_cycle,False,False,True,False,False,,6.0
Final500,Final500_T000380,a4465bbc2eb8730f9522089ee409acfbe1a5794f2dfbf729555babc7f6d58cae,S0001874,62,69,unproductive_cycle,False,False,True,False,False,,8.0
Final500,Final500_T000380,a4465bbc2eb8730f9522089ee409acfbe1a5794f2dfbf729555babc7f6d58cae,S0001875,73,80,unproductive_cycle,False,False,True,False,False,,8.0
Final500,Final500_T000380,a4465bbc2eb8730f9522089ee409acfbe1a5794f2dfbf729555babc7f6d58cae,S0001876,82,89,unproductive_cycle,False,False,True,False,False,,8.0
Final500,Final500_T000380,a4465bbc2eb8730f9522089ee409acfbe1a5794f2dfbf729555babc7f6d58cae,S0001877,91,96,unproductive_cycle,False,False,True,False,False,,6.0
Final500,Final500_T000381,277012c743fd7f08d93f5c410b8077358088a7acc54ced9364265d0bbbc2b9ad,S0001878,34,34,productive_iteration,False,True,False,False,False,,1.0
Final500,Final500_T000381,277012c743fd7f08d93f5c410b8077358088a7acc54ced9364265d0bbbc2b9ad,S0001879,0,19,productive_iteration,True,True,False,False,False,,20.0
Final500,Final500_T000381,277012c743fd7f08d93f5c410b8077358088a7acc54ced9364265d0bbbc2b9ad,S0001880,23,32,productive_iteration,True,True,False,False,False,,10.0
Final500,Final500_T000381,277012c743fd7f08d93f5c410b8077358088a7acc54ced9364265d0bbbc2b9ad,S0001881,35,39,productive_iteration,True,True,False,False,False,,5.0
Final500,Final500_T000381,277012c743fd7f08d93f5c410b8077358088a7acc54ced9364265d0bbbc2b9ad,S0001882,20,22,productive_iteration,False,True,False,False,False,,3.0
Final500,Final500_T000382,24b0a096a135601795b65a4257f259baef4e3a70178042e3ef124a058cf394c2,S0001883,0,26,productive_iteration,True,True,False,False,False,,26.0
Final500,Final500_T000382,24b0a096a135601795b65a4257f259baef4e3a70178042e3ef124a058cf394c2,S0001884,27,31,productive_iteration,False,True,False,False,False,,2.0
Final500,Final500_T000382,24b0a096a135601795b65a4257f259baef4e3a70178042e3ef124a058cf394c2,S0001885,27,31,unproductive_cycle,False,False,True,False,False,,3.0
Final500,Final500_T000383,1b659305fe1ab174e035d41fb09007e49320d106b057ef5459424f30cb3f7a3f,S0001886,28,29,productive_iteration,False,True,False,False,False,,2.0
Final500,Final500_T000383,1b659305fe1ab174e035d41fb09007e49320d106b057ef5459424f30cb3f7a3f,S0001887,14,14,unproductive_cycle,False,False,True,False,False,,1.0
Final500,Final500_T000383,1b659305fe1ab174e035d41fb09007e49320d106b057ef5459424f30cb3f7a3f,S0001888,0,3,productive_iteration,True,True,False,False,False,,4.0
Final500,Final500_T000383,1b659305fe1ab174e035d41fb09007e49320d106b057ef5459424f30cb3f7a3f,S0001889,8,13,productive_iteration,True,True,False,False,False,,1.0
Final500,Final500_T000383,1b659305fe1ab174e035d41fb09007e49320d106b057ef5459424f30cb3f7a3f,S0001890,8,13,unproductive_cycle,False,False,True,False,False,,5.0
Final500,Final500_T000383,1b659305fe1ab174e035d41fb09007e49320d106b057ef5459424f30cb3f7a3f,S0001891,15,16,productive_iteration,False,True,False,False,False,,2.0
Final500,Final500_T000383,1b659305fe1ab174e035d41fb09007e49320d106b057ef5459424f30cb3f7a3f,S0001892,21,27,productive_iteration,False,True,False,False,False,,7.0
Final500,Final500_T000383,1b659305fe1ab174e035d41fb09007e49320d106b057ef5459424f30cb3f7a3f,S0001893,4,7,productive_iteration,False,True,False,False,False,,4.0
Final500,Final500_T000383,1b659305fe1ab174e035d41fb09007e49320d106b057ef5459424f30cb3f7a3f,S0001894,17,20,productive_iteration,False,True,False,False,False,,4.0
Final500,Final500_T000384,a8a91db838159bd64c4614553d29e3a12965b6ce66d351ce22aa3d8d8453f056,S0001895,0,33,productive_iteration,True,True,False,False,False,,31.0
Final500,Final500_T000385,1468d834f446bc70178946965bdb7e46da1e217f7c169bda6ae30cbd75aba946,S0001896,0,5,productive_iteration,True,True,False,False,False,,6.0
Final500,Final500_T000385,1468d834f446bc70178946965bdb7e46da1e217f7c169bda6ae30cbd75aba946,S0001897,9,11,productive_iteration,False,True,False,False,False,,3.0
Final500,Final500_T000385,1468d834f446bc70178946965bdb7e46da1e217f7c169bda6ae30cbd75aba946,S0001898,51,53,productive_iteration,True,True,False,False,False,,3.0
Final500,Final500_T000385,1468d834f446bc70178946965bdb7e46da1e217f7c169bda6ae30cbd75aba946,S0001899,90,96,productive_iteration,True,True,False,False,False,,7.0
Final500,Final500_T000385,1468d834f446bc70178946965bdb7e46da1e217f7c169bda6ae30cbd75aba946,S0001900,102,103,productive_iteration,False,True,False,False,False,,2.0
Final500,Final500_T000385,1468d834f446bc70178946965bdb7e46da1e217f7c169bda6ae30cbd75aba946,S0001901,107,120,productive_iteration,True,True,False,False,False,,14.0
Final500,Final500_T000385,1468d834f446bc70178946965bdb7e46da1e217f7c169bda6ae30cbd75aba946,S0001902,6,8,productive_iteration,True,True,False,False,False,,3.0
Final500,Final500_T000385,1468d834f446bc70178946965bdb7e46da1e217f7c169bda6ae30cbd75aba946,S0001903,12,50,productive_iteration,False,True,False,False,False,,21.0
Final500,Final500_T000385,1468d834f446bc70178946965bdb7e46da1e217f7c169bda6ae30cbd75aba946,S0001904,12,50,unproductive_cycle,False,False,True,False,False,,18.0
Final500,Final500_T000385,1468d834f446bc70178946965bdb7e46da1e217f7c169bda6ae30cbd75aba946,S0001905,54,89,productive_iteration,False,True,False,False,False,,18.0
Final500,Final500_T000385,1468d834f446bc70178946965bdb7e46da1e217f7c169bda6ae30cbd75aba946,S0001906,54,89,unproductive_cycle,False,False,True,False,False,,18.0
Final500,Final500_T000385,1468d834f446bc70178946965bdb7e46da1e217f7c169bda6ae30cbd75aba946,S0001907,97,101,productive_iteration,False,True,False,False,False,,1.0
Final500,Final500_T000385,1468d834f446bc70178946965bdb7e46da1e217f7c169bda6ae30cbd75aba946,S0001908,97,101,unproductive_cycle,False,False,True,False,False,,4.0
Final500,Final500_T000385,1468d834f446bc70178946965bdb7e46da1e217f7c169bda6ae30cbd75aba946,S0001909,104,106,unproductive_cycle,False,False,True,False,False,,3.0
Final500,Final500_T000386,e497d0efd7e86d46e9a3d0360bca6241af398e6c7fb269082827799494a8dbc3,S0001910,2,7,productive_iteration,True,True,False,False,False,,3.0
Final500,Final500_T000386,e497d0efd7e86d46e9a3d0360bca6241af398e6c7fb269082827799494a8dbc3,S0001911,12,83,unproductive_cycle,False,False,True,False,False,,21.0
Final500,Final500_T000386,e497d0efd7e86d46e9a3d0360bca6241af398e6c7fb269082827799494a8dbc3,S0001912,0,1,productive_iteration,False,True,False,False,False,,2.0
Final500,Final500_T000386,e497d0efd7e86d46e9a3d0360bca6241af398e6c7fb269082827799494a8dbc3,S0001913,4,6,productive_iteration,False,True,False,False,False,,3.0
Final500,Final500_T000386,e497d0efd7e86d46e9a3d0360bca6241af398e6c7fb269082827799494a8dbc3,S0001914,15,26,productive_iteration,False,True,False,False,False,,3.0
Final500,Final500_T000386,e497d0efd7e86d46e9a3d0360bca6241af398e6c7fb269082827799494a8dbc3,S0001915,15,26,unproductive_cycle,False,False,True,False,False,,9.0
Final500,Final500_T000386,e497d0efd7e86d46e9a3d0360bca6241af398e6c7fb269082827799494a8dbc3,S0001916,29,36,unproductive_cycle,False,False,True,False,False,,8.0
Final500,Final500_T000386,e497d0efd7e86d46e9a3d0360bca6241af398e6c7fb269082827799494a8dbc3,S0001917,41,45,productive_iteration,False,True,False,False,False,,2.0
Final500,Final500_T000386,e497d0efd7e86d46e9a3d0360bca6241af398e6c7fb269082827799494a8dbc3,S0001918,41,45,unproductive_cycle,False,False,True,False,False,,3.0
Final500,Final500_T000386,e497d0efd7e86d46e9a3d0360bca6241af398e6c7fb269082827799494a8dbc3,S0001919,53,63,productive_iteration,False,True,False,False,False,,2.0
Final500,Final500_T000386,e497d0efd7e86d46e9a3d0360bca6241af398e6c7fb269082827799494a8dbc3,S0001920,53,63,unproductive_cycle,False,False,True,False,False,,9.0
Final500,Final500_T000386,e497d0efd7e86d46e9a3d0360bca6241af398e6c7fb269082827799494a8dbc3,S0001921,65,69,unproductive_cycle,False,False,True,False,False,,5.0
Final500,Final500_T000386,e497d0efd7e86d46e9a3d0360bca6241af398e6c7fb269082827799494a8dbc3,S0001922,76,81,productive_iteration,False,True,False,False,False,,3.0
Final500,Final500_T000386,e497d0efd7e86d46e9a3d0360bca6241af398e6c7fb269082827799494a8dbc3,S0001923,76,81,unproductive_cycle,False,False,True,False,False,,3.0
Final500,Final500_T000386,e497d0efd7e86d46e9a3d0360bca6241af398e6c7fb269082827799494a8dbc3,S0001924,8,11,productive_iteration,True,True,False,False,False,,3.0
Final500,Final500_T000386,e497d0efd7e86d46e9a3d0360bca6241af398e6c7fb269082827799494a8dbc3,S0001925,8,11,unproductive_cycle,False,False,True,False,False,,1.0
Final500,Final500_T000386,e497d0efd7e86d46e9a3d0360bca6241af398e6c7fb269082827799494a8dbc3,S0001926,47,49,unproductive_cycle,False,False,True,False,False,,3.0
Final500,Final500_T000387,c3e1361956ad0847d5300abef940f784774437061a7c8ba7dd8e120beb40e5e0,S0001927,23,27,productive_iteration,True,True,False,False,False,,5.0
Final500,Final500_T000387,c3e1361956ad0847d5300abef940f784774437061a7c8ba7dd8e120beb40e5e0,S0001928,0,22,productive_iteration,True,True,False,False,False,,22.0
Final500,Final500_T000387,c3e1361956ad0847d5300abef940f784774437061a7c8ba7dd8e120beb40e5e0,S0001929,28,31,productive_iteration,True,True,False,False,False,,4.0
Final500,Final500_T000388,3aba029382d2f728b60ef2e8483674ae846b2729b00fc5e84560dd0acf6ad86a,S0001930,12,12,productive_iteration,True,True,False,False,False,,1.0
Final500,Final500_T000388,3aba029382d2f728b60ef2e8483674ae846b2729b00fc5e84560dd0acf6ad86a,S0001931,58,113,unproductive_cycle,False,False,True,False,False,,4.0
Final500,Final500_T000388,3aba029382d2f728b60ef2e8483674ae846b2729b00fc5e84560dd0acf6ad86a,S0001932,0,8,productive_iteration,True,True,False,False,False,,9.0
Final500,Final500_T000388,3aba029382d2f728b60ef2e8483674ae846b2729b00fc5e84560dd0acf6ad86a,S0001933,48,50,unproductive_cycle,False,False,True,False,False,,3.0
Final500,Final500_T000388,3aba029382d2f728b60ef2e8483674ae846b2729b00fc5e84560dd0acf6ad86a,S0001934,88,90,unproductive_cycle,False,False,True,False,False,,3.0
Final500,Final500_T000388,3aba029382d2f728b60ef2e8483674ae846b2729b00fc5e84560dd0acf6ad86a,S0001935,97,98,unproductive_cycle,False,False,True,False,False,,2.0
Final500,Final500_T000388,3aba029382d2f728b60ef2e8483674ae846b2729b00fc5e84560dd0acf6ad86a,S0001936,136,138,unproductive_cycle,False,False,True,False,False,,3.0
Final500,Final500_T000388,3aba029382d2f728b60ef2e8483674ae846b2729b00fc5e84560dd0acf6ad86a,S0001937,9,11,productive_iteration,True,True,False,False,False,,3.0
Final500,Final500_T000388,3aba029382d2f728b60ef2e8483674ae846b2729b00fc5e84560dd0acf6ad86a,S0001938,13,47,productive_iteration,True,True,False,False,False,,1.0
Final500,Final500_T000388,3aba029382d2f728b60ef2e8483674ae846b2729b00fc5e84560dd0acf6ad86a,S0001939,13,47,unproductive_cycle,False,False,True,False,False,,34.0
Final500,Final500_T000388,3aba029382d2f728b60ef2e8483674ae846b2729b00fc5e84560dd0acf6ad86a,S0001940,51,57,unproductive_cycle,False,False,True,False,False,,7.0
Final500,Final500_T000388,3aba029382d2f728b60ef2e8483674ae846b2729b00fc5e84560dd0acf6ad86a,S0001941,59,72,unproductive_cycle,False,False,True,False,False,,14.0
Final500,Final500_T000388,3aba029382d2f728b60ef2e8483674ae846b2729b00fc5e84560dd0acf6ad86a,S0001942,74,82,unproductive_cycle,False,False,True,False,False,,9.0
Final500,Final500_T000388,3aba029382d2f728b60ef2e8483674ae846b2729b00fc5e84560dd0acf6ad86a,S0001943,84,87,unproductive_cycle,False,False,True,False,False,,4.0
Final500,Final500_T000388,3aba029382d2f728b60ef2e8483674ae846b2729b00fc5e84560dd0acf6ad86a,S0001944,91,96,unproductive_cycle,False,False,True,False,False,,6.0
Final500,Final500_T000388,3aba029382d2f728b60ef2e8483674ae846b2729b00fc5e84560dd0acf6ad86a,S0001945,99,112,unproductive_cycle,False,False,True,False,False,,14.0
Final500,Final500_T000388,3aba029382d2f728b60ef2e8483674ae846b2729b00fc5e84560dd0acf6ad86a,S0001946,114,135,unproductive_cycle,False,False,True,False,False,,22.0
Final500,Final500_T000388,3aba029382d2f728b60ef2e8483674ae846b2729b00fc5e84560dd0acf6ad86a,S0001947,139,174,unproductive_cycle,False,False,True,False,False,,36.0
Final500,Final500_T000389,f5856fde5d78e9ed2a650d607e47576714cd7f419bd2f6d0b17288b27047de5d,S0001948,13,22,productive_iteration,True,True,False,False,False,,6.0
Final500,Final500_T000389,f5856fde5d78e9ed2a650d607e47576714cd7f419bd2f6d0b17288b27047de5d,S0001949,0,12,productive_iteration,True,True,False,False,False,,13.0
Final500,Final500_T000389,f5856fde5d78e9ed2a650d607e47576714cd7f419bd2f6d0b17288b27047de5d,S0001950,18,21,productive_iteration,True,True,False,False,False,,4.0
Final500,Final500_T000389,f5856fde5d78e9ed2a650d607e47576714cd7f419bd2f6d0b17288b27047de5d,S0001951,23,30,productive_iteration,False,True,False,False,False,,8.0
Final500,Final500_T000390,4a0ceabe022041c30ae91e848fea5ed3a7f50f8d37d3ac514dba8ccc5acad556,S0001952,23,23,unproductive_cycle,False,False,True,False,False,,1.0
Final500,Final500_T000390,4a0ceabe022041c30ae91e848fea5ed3a7f50f8d37d3ac514dba8ccc5acad556,S0001953,0,22,productive_iteration,True,True,False,False,False,,23.0
Final500,Final500_T000390,4a0ceabe022041c30ae91e848fea5ed3a7f50f8d37d3ac514dba8ccc5acad556,S0001954,24,87,unproductive_cycle,False,False,True,False,False,,64.0
Final500,Final500_T000391,a2cfe7545543ae74df6d735055bfe94dd9adcdd61c2887e3a363c198ff2b84ed,S0001955,9,14,productive_iteration,False,True,False,False,False,,4.0
Final500,Final500_T000391,a2cfe7545543ae74df6d735055bfe94dd9adcdd61c2887e3a363c198ff2b84ed,S0001956,0,8,productive_iteration,False,True,False,False,False,,9.0
Final500,Final500_T000391,a2cfe7545543ae74df6d735055bfe94dd9adcdd61c2887e3a363c198ff2b84ed,S0001957,10,11,productive_iteration,False,True,False,False,False,,2.0
Final500,Final500_T000391,a2cfe7545543ae74df6d735055bfe94dd9adcdd61c2887e3a363c198ff2b84ed,S0001958,15,22,productive_iteration,True,True,False,False,False,,8.0
Final500,Final500_T000391,a2cfe7545543ae74df6d735055bfe94dd9adcdd61c2887e3a363c198ff2b84ed,S0001959,25,29,productive_iteration,False,True,False,False,False,,4.0
Final500,Final500_T000391,a2cfe7545543ae74df6d735055bfe94dd9adcdd61c2887e3a363c198ff2b84ed,S0001960,31,34,productive_iteration,False,True,False,False,False,,4.0
Final500,Final500_T000392,b8e109d5ddb02865a019df247a837b7621e912de976ad36d39049a87eac80d94,S0001961,0,12,productive_iteration,True,True,False,False,False,,13.0
Final500,Final500_T000392,b8e109d5ddb02865a019df247a837b7621e912de976ad36d39049a87eac80d94,S0001962,13,78,productive_iteration,True,True,False,False,False,,4.0
Final500,Final500_T000392,b8e109d5ddb02865a019df247a837b7621e912de976ad36d39049a87eac80d94,S0001963,13,78,unproductive_cycle,False,False,True,False,False,,62.0
Final500,Final500_T000393,456c823f5cda13879ae290847f871a4fe6bc226de93bba45d3e5091a2641921d,S0001964,0,14,productive_iteration,True,True,False,False,False,,7.0
Final500,Final500_T000393,456c823f5cda13879ae290847f871a4fe6bc226de93bba45d3e5091a2641921d,S0001965,1,6,productive_iteration,True,True,False,False,False,,2.0
Final500,Final500_T000394,4f5814fcb323da6cffd44870eb93470f53b438aed8f5c950071abab7effbb46d,S0001966,0,22,productive_iteration,True,True,False,False,False,,23.0
Final500,Final500_T000394,4f5814fcb323da6cffd44870eb93470f53b438aed8f5c950071abab7effbb46d,S0001967,26,33,productive_iteration,True,True,False,False,False,,6.0
Final500,Final500_T000394,4f5814fcb323da6cffd44870eb93470f53b438aed8f5c950071abab7effbb46d,S0001968,23,25,productive_iteration,True,True,False,False,False,,3.0
Final500,Final500_T000395,efe8e19e247c7205161425d776f7dc78cdf7067590fe1b2d6b1629727a8db064,S0001969,8,29,productive_iteration,True,True,False,False,False,,7.0
Final500,Final500_T000395,efe8e19e247c7205161425d776f7dc78cdf7067590fe1b2d6b1629727a8db064,S0001970,0,7,productive_iteration,False,True,False,False,False,,8.0
Final500,Final500_T000395,efe8e19e247c7205161425d776f7dc78cdf7067590fe1b2d6b1629727a8db064,S0001971,12,16,productive_iteration,False,True,False,False,False,,5.0
Final500,Final500_T000395,efe8e19e247c7205161425d776f7dc78cdf7067590fe1b2d6b1629727a8db064,S0001972,19,28,productive_iteration,False,True,False,False,False,,10.0
Final500,Final500_T000395,efe8e19e247c7205161425d776f7dc78cdf7067590fe1b2d6b1629727a8db064,S0001973,30,35,productive_iteration,True,True,False,False,False,,6.0
Final500,Final500_T000396,4e4319183325b8ca3bb2b6654fba3175ef67a0bf08a491fc39ccb8055ef0e540,S0001974,25,84,unproductive_cycle,False,False,True,False,False,,9.0
Final500,Final500_T000396,4e4319183325b8ca3bb2b6654fba3175ef67a0bf08a491fc39ccb8055ef0e540,S0001975,0,8,productive_iteration,False,True,False,False,False,,9.0
Final500,Final500_T000396,4e4319183325b8ca3bb2b6654fba3175ef67a0bf08a491fc39ccb8055ef0e540,S0001976,9,24,productive_iteration,False,True,False,False,False,,1.0
Final500,Final500_T000396,4e4319183325b8ca3bb2b6654fba3175ef67a0bf08a491fc39ccb8055ef0e540,S0001977,9,24,unproductive_cycle,False,False,True,False,False,,15.0
Final500,Final500_T000396,4e4319183325b8ca3bb2b6654fba3175ef67a0bf08a491fc39ccb8055ef0e540,S0001978,26,72,unproductive_cycle,False,False,True,False,False,,47.0
Final500,Final500_T000396,4e4319183325b8ca3bb2b6654fba3175ef67a0bf08a491fc39ccb8055ef0e540,S0001979,80,83,unproductive_cycle,False,False,True,False,False,,4.0
Final500,Final500_T000397,c298f91423aa1bb8361d8bd27c9c4b0ffca75861f0f20bcd7ebac5735798137e,S0001980,34,34,productive_iteration,False,True,False,False,False,,1.0
Final500,Final500_T000397,c298f91423aa1bb8361d8bd27c9c4b0ffca75861f0f20bcd7ebac5735798137e,S0001981,22,25,unproductive_cycle,False,False,True,False,False,,3.0
Final500,Final500_T000397,c298f91423aa1bb8361d8bd27c9c4b0ffca75861f0f20bcd7ebac5735798137e,S0001982,0,21,productive_iteration,True,True,False,False,False,,22.0
Final500,Final500_T000397,c298f91423aa1bb8361d8bd27c9c4b0ffca75861f0f20bcd7ebac5735798137e,S0001983,26,33,productive_iteration,True,True,False,False,False,,8.0
Final500,Final500_T000397,c298f91423aa1bb8361d8bd27c9c4b0ffca75861f0f20bcd7ebac5735798137e,S0001984,36,41,productive_iteration,False,True,False,False,False,,6.0
Final500,Final500_T000398,c56dfd781052ded58fed70bef144986f4c52b9b8b71df61c4801d47ce139d17f,S0001985,0,15,productive_iteration,False,True,False,False,False,,4.0
Final500,Final500_T000398,c56dfd781052ded58fed70bef144986f4c52b9b8b71df61c4801d47ce139d17f,S0001986,195,195,unproductive_cycle,False,False,True,False,False,,1.0
Final500,Final500_T000398,c56dfd781052ded58fed70bef144986f4c52b9b8b71df61c4801d47ce139d17f,S0001987,2,9,productive_iteration,True,True,False,False,False,,8.0
Final500,Final500_T000398,c56dfd781052ded58fed70bef144986f4c52b9b8b71df61c4801d47ce139d17f,S0001988,185,194,productive_iteration,False,True,False,False,False,,2.0
Final500,Final500_T000398,c56dfd781052ded58fed70bef144986f4c52b9b8b71df61c4801d47ce139d17f,S0001989,185,194,unproductive_cycle,False,False,True,False,False,,8.0
Final500,Final500_T000398,c56dfd781052ded58fed70bef144986f4c52b9b8b71df61c4801d47ce139d17f,S0001990,12,14,productive_iteration,False,True,False,False,False,,1.0
Final500,Final500_T000398,c56dfd781052ded58fed70bef144986f4c52b9b8b71df61c4801d47ce139d17f,S0001991,12,14,unproductive_cycle,False,False,True,False,False,,2.0
Final500,Final500_T000398,c56dfd781052ded58fed70bef144986f4c52b9b8b71df61c4801d47ce139d17f,S0001992,16,184,productive_iteration,False,True,False,False,False,,7.0
Final500,Final500_T000398,c56dfd781052ded58fed70bef144986f4c52b9b8b71df61c4801d47ce139d17f,S0001993,16,184,unproductive_cycle,False,False,True,False,False,,162.0
Final500,Final500_T000399,01977202d769ad279e03e663069fdc18fbcdfe38247eec33e38e2d77960374c3,S0001994,10,16,productive_iteration,True,True,False,False,False,,2.0
Final500,Final500_T000399,01977202d769ad279e03e663069fdc18fbcdfe38247eec33e38e2d77960374c3,S0001995,17,163,unproductive_cycle,False,False,True,False,False,,12.0
Final500,Final500_T000399,01977202d769ad279e03e663069fdc18fbcdfe38247eec33e38e2d77960374c3,S0001996,0,9,productive_iteration,True,True,False,False,False,,10.0
Final500,Final500_T000399,01977202d769ad279e03e663069fdc18fbcdfe38247eec33e38e2d77960374c3,S0001997,14,15,productive_iteration,False,True,False,False,False,,2.0
Final500,Final500_T000399,01977202d769ad279e03e663069fdc18fbcdfe38247eec33e38e2d77960374c3,S0001998,112,114,unproductive_cycle,False,False,True,False,False,,3.0
Final500,Final500_T000399,01977202d769ad279e03e663069fdc18fbcdfe38247eec33e38e2d77960374c3,S0001999,11,13,productive_iteration,False,True,False,False,False,,3.0
Final500,Final500_T000399,01977202d769ad279e03e663069fdc18fbcdfe38247eec33e38e2d77960374c3,S0002000,18,44,unproductive_cycle,False,False,True,False,False,,27.0
Final500,Final500_T000399,01977202d769ad279e03e663069fdc18fbcdfe38247eec33e38e2d77960374c3,S0002001,46,72,unproductive_cycle,False,False,True,False,False,,27.0
Final500,Final500_T000399,01977202d769ad279e03e663069fdc18fbcdfe38247eec33e38e2d77960374c3,S0002002,74,93,unproductive_cycle,False,False,True,False,False,,20.0
Final500,Final500_T000399,01977202d769ad279e03e663069fdc18fbcdfe38247eec33e38e2d77960374c3,S0002003,95,111,unproductive_cycle,False,False,True,False,False,,17.0
Final500,Final500_T000399,01977202d769ad279e03e663069fdc18fbcdfe38247eec33e38e2d77960374c3,S0002004,116,119,unproductive_cycle,False,False,True,False,False,,4.0
Final500,Final500_T000399,01977202d769ad279e03e663069fdc18fbcdfe38247eec33e38e2d77960374c3,S0002005,121,127,unproductive_cycle,False,False,True,False,False,,7.0
Final500,Final500_T000399,01977202d769ad279e03e663069fdc18fbcdfe38247eec33e38e2d77960374c3,S0002006,130,135,unproductive_cycle,False,False,True,False,False,,6.0
Final500,Final500_T000399,01977202d769ad279e03e663069fdc18fbcdfe38247eec33e38e2d77960374c3,S0002007,137,149,unproductive_cycle,False,False,True,False,False,,13.0
Final500,Final500_T000399,01977202d769ad279e03e663069fdc18fbcdfe38247eec33e38e2d77960374c3,S0002008,151,156,unproductive_cycle,False,False,True,False,False,,6.0
Final500,Final500_T000399,01977202d769ad279e03e663069fdc18fbcdfe38247eec33e38e2d77960374c3,S0002009,158,161,unproductive_cycle,False,False,True,False,False,,4.0
Final500,Final500_T000400,59963bdaaba4a09b0c86102e2e975824b4c7fbfad004dbfc3450ad5488d1a46e,S0002010,0,38,productive_iteration,True,True,False,False,False,,39.0
Final500,Final500_T000401,c5ad13c3e126eb2be3417b511b78dc5552cfa89e3b793670534b13dda378d831,S0002011,8,29,productive_iteration,False,True,False,False,False,,4.0
Final500,Final500_T000401,c5ad13c3e126eb2be3417b511b78dc5552cfa89e3b793670534b13dda378d831,S0002012,58,105,unproductive_cycle,False,False,True,False,False,,4.0
Final500,Final500_T000401,c5ad13c3e126eb2be3417b511b78dc5552cfa89e3b793670534b13dda378d831,S0002013,0,7,productive_iteration,False,True,False,False,False,,8.0
Final500,Final500_T000401,c5ad13c3e126eb2be3417b511b78dc5552cfa89e3b793670534b13dda378d831,S0002014,10,16,productive_iteration,True,True,False,False,False,,7.0
Final500,Final500_T000401,c5ad13c3e126eb2be3417b511b78dc5552cfa89e3b793670534b13dda378d831,S0002015,21,27,productive_iteration,False,True,False,False,False,,7.0
Final500,Final500_T000401,c5ad13c3e126eb2be3417b511b78dc5552cfa89e3b793670534b13dda378d831,S0002016,40,42,unproductive_cycle,False,False,True,False,False,,3.0
Final500,Final500_T000401,c5ad13c3e126eb2be3417b511b78dc5552cfa89e3b793670534b13dda378d831,S0002017,64,65,unproductive_cycle,False,False,True,False,False,,2.0
Final500,Final500_T000401,c5ad13c3e126eb2be3417b511b78dc5552cfa89e3b793670534b13dda378d831,S0002018,72,74,unproductive_cycle,False,False,True,False,False,,3.0
Final500,Final500_T000401,c5ad13c3e126eb2be3417b511b78dc5552cfa89e3b793670534b13dda378d831,S0002019,128,130,unproductive_cycle,False,False,True,False,False,,3.0
Final500,Final500_T000401,c5ad13c3e126eb2be3417b511b78dc5552cfa89e3b793670534b13dda378d831,S0002020,137,138,unproductive_cycle,False,False,True,False,False,,2.0
Final500,Final500_T000401,c5ad13c3e126eb2be3417b511b78dc5552cfa89e3b793670534b13dda378d831,S0002021,144,145,productive_iteration,False,True,False,False,False,,2.0
Final500,Final500_T000401,c5ad13c3e126eb2be3417b511b78dc5552cfa89e3b793670534b13dda378d831,S0002022,17,20,unproductive_cycle,False,False,True,False,False,,4.0
Final500,Final500_T000401,c5ad13c3e126eb2be3417b511b78dc5552cfa89e3b793670534b13dda378d831,S0002023,30,39,unproductive_cycle,False,False,True,False,False,,10.0
Final500,Final500_T000401,c5ad13c3e126eb2be3417b511b78dc5552cfa89e3b793670534b13dda378d831,S0002024,43,57,unproductive_cycle,False,False,True,False,False,,15.0
Final500,Final500_T000401,c5ad13c3e126eb2be3417b511b78dc5552cfa89e3b793670534b13dda378d831,S0002025,59,63,unproductive_cycle,False,False,True,False,False,,5.0
Final500,Final500_T000401,c5ad13c3e126eb2be3417b511b78dc5552cfa89e3b793670534b13dda378d831,S0002026,67,71,unproductive_cycle,False,False,True,False,False,,5.0
Final500,Final500_T000401,c5ad13c3e126eb2be3417b511b78dc5552cfa89e3b793670534b13dda378d831,S0002027,75,103,unproductive_cycle,False,False,True,False,False,,29.0
Final500,Final500_T000401,c5ad13c3e126eb2be3417b511b78dc5552cfa89e3b793670534b13dda378d831,S0002028,106,127,unproductive_cycle,False,False,True,False,False,,22.0
Final500,Final500_T000401,c5ad13c3e126eb2be3417b511b78dc5552cfa89e3b793670534b13dda378d831,S0002029,131,136,unproductive_cycle,False,False,True,False,False,,6.0
Final500,Final500_T000401,c5ad13c3e126eb2be3417b511b78dc5552cfa89e3b793670534b13dda378d831,S0002030,139,143,unproductive_cycle,False,False,True,False,False,,5.0
Final500,Final500_T000401,c5ad13c3e126eb2be3417b511b78dc5552cfa89e3b793670534b13dda378d831,S0002031,146,148,unproductive_cycle,False,False,True,False,False,,3.0
Final500,Final500_T000402,850d1e19497b24f26a1d433ba693526711e7e27c23cb85b721c4c38602a5de92,S0002032,0,9,productive_iteration,False,True,False,False,False,,6.0
Final500,Final500_T000402,850d1e19497b24f26a1d433ba693526711e7e27c23cb85b721c4c38602a5de92,S0002033,1,3,productive_iteration,False,True,False,False,False,,3.0
Final500,Final500_T000402,850d1e19497b24f26a1d433ba693526711e7e27c23cb85b721c4c38602a5de92,S0002034,10,27,productive_iteration,True,True,False,False,False,,18.0
Final500,Final500_T000402,850d1e19497b24f26a1d433ba693526711e7e27c23cb85b721c4c38602a5de92,S0002035,36,37,productive_iteration,False,True,False,False,False,,2.0
Final500,Final500_T000402,850d1e19497b24f26a1d433ba693526711e7e27c23cb85b721c4c38602a5de92,S0002036,28,35,productive_iteration,True,True,False,False,False,,8.0
Final500,Final500_T000403,a284f270b13ff709dea0dd52d89ca93e1513d67d0b2ed01ac6b2694a21c15637,S0002037,8,22,productive_iteration,True,True,False,False,False,,3.0
Final500,Final500_T000403,a284f270b13ff709dea0dd52d89ca93e1513d67d0b2ed01ac6b2694a21c15637,S0002038,0,7,productive_iteration,False,True,False,False,False,,8.0
Final500,Final500_T000403,a284f270b13ff709dea0dd52d89ca93e1513d67d0b2ed01ac6b2694a21c15637,S0002039,9,20,productive_iteration,False,True,False,False,False,,12.0
Final500,Final500_T000403,a284f270b13ff709dea0dd52d89ca93e1513d67d0b2ed01ac6b2694a21c15637,S0002040,23,32,productive_iteration,True,True,False,False,False,,10.0
Final500,Final500_T000404,196e19470e67223f7af1c458702ba55e771662932cd3d07c9fe57237f4aaaa1c,S0002041,16,99,unproductive_cycle,False,False,True,False,False,,4.0
Final500,Final500_T000404,196e19470e67223f7af1c458702ba55e771662932cd3d07c9fe57237f4aaaa1c,S0002042,0,12,productive_iteration,True,True,False,False,False,,13.0
Final500,Final500_T000404,196e19470e67223f7af1c458702ba55e771662932cd3d07c9fe57237f4aaaa1c,S0002043,33,36,unproductive_cycle,False,False,True,False,False,,4.0
Final500,Final500_T000404,196e19470e67223f7af1c458702ba55e771662932cd3d07c9fe57237f4aaaa1c,S0002044,40,42,unproductive_cycle,False,False,True,False,False,,3.0
Final500,Final500_T000404,196e19470e67223f7af1c458702ba55e771662932cd3d07c9fe57237f4aaaa1c,S0002045,64,66,unproductive_cycle,False,False,True,False,False,,3.0
Final500,Final500_T000404,196e19470e67223f7af1c458702ba55e771662932cd3d07c9fe57237f4aaaa1c,S0002046,81,84,unproductive_cycle,False,False,True,False,False,,4.0
Final500,Final500_T000404,196e19470e67223f7af1c458702ba55e771662932cd3d07c9fe57237f4aaaa1c,S0002047,13,15,productive_iteration,True,True,False,False,False,,1.0
Final500,Final500_T000404,196e19470e67223f7af1c458702ba55e771662932cd3d07c9fe57237f4aaaa1c,S0002048,13,15,unproductive_cycle,False,False,True,False,False,,2.0
Final500,Final500_T000404,196e19470e67223f7af1c458702ba55e771662932cd3d07c9fe57237f4aaaa1c,S0002049,19,32,unproductive_cycle,False,False,True,False,False,,14.0
Final500,Final500_T000404,196e19470e67223f7af1c458702ba55e771662932cd3d07c9fe57237f4aaaa1c,S0002050,37,39,unproductive_cycle,False,False,True,False,False,,3.0
Final500,Final500_T000404,196e19470e67223f7af1c458702ba55e771662932cd3d07c9fe57237f4aaaa1c,S0002051,43,63,unproductive_cycle,False,False,True,False,False,,21.0
Final500,Final500_T000404,196e19470e67223f7af1c458702ba55e771662932cd3d07c9fe57237f4aaaa1c,S0002052,67,80,unproductive_cycle,False,False,True,False,False,,14.0
Final500,Final500_T000404,196e19470e67223f7af1c458702ba55e771662932cd3d07c9fe57237f4aaaa1c,S0002053,85,98,unproductive_cycle,False,False,True,False,False,,14.0
Final500,Final500_T000405,f793aa19b82b37fe1588539b5b606e58b99da05c4c3a740f2e78facee4deec56,S0002054,20,76,productive_iteration,True,True,False,False,False,,4.0
Final500,Final500_T000405,f793aa19b82b37fe1588539b5b606e58b99da05c4c3a740f2e78facee4deec56,S0002055,0,19,productive_iteration,False,True,False,False,False,,20.0
Final500,Final500_T000405,f793aa19b82b37fe1588539b5b606e58b99da05c4c3a740f2e78facee4deec56,S0002056,21,33,productive_iteration,True,True,False,False,False,,13.0
Final500,Final500_T000405,f793aa19b82b37fe1588539b5b606e58b99da05c4c3a740f2e78facee4deec56,S0002057,35,47,productive_iteration,False,True,False,False,False,,13.0
Final500,Final500_T000405,f793aa19b82b37fe1588539b5b606e58b99da05c4c3a740f2e78facee4deec56,S0002058,52,61,productive_iteration,False,True,False,False,False,,10.0
Final500,Final500_T000405,f793aa19b82b37fe1588539b5b606e58b99da05c4c3a740f2e78facee4deec56,S0002059,67,75,productive_iteration,True,True,False,False,False,,9.0
Final500,Final500_T000405,f793aa19b82b37fe1588539b5b606e58b99da05c4c3a740f2e78facee4deec56,S0002060,64,66,productive_iteration,True,True,False,False,False,,3.0
Final500,Final500_T000406,ad9589f3f417eed193530574d370ba3322660806453dcfcbefa9972716c4cb7e,S0002061,8,41,productive_iteration,True,True,False,False,False,,12.0
Final500,Final500_T000406,ad9589f3f417eed193530574d370ba3322660806453dcfcbefa9972716c4cb7e,S0002062,0,7,productive_iteration,False,True,False,False,False,,8.0
Final500,Final500_T000406,ad9589f3f417eed193530574d370ba3322660806453dcfcbefa9972716c4cb7e,S0002063,11,17,productive_iteration,False,True,False,False,False,,7.0
Final500,Final500_T000406,ad9589f3f417eed193530574d370ba3322660806453dcfcbefa9972716c4cb7e,S0002064,19,28,productive_iteration,False,True,False,False,False,,10.0
Final500,Final500_T000406,ad9589f3f417eed193530574d370ba3322660806453dcfcbefa9972716c4cb7e,S0002065,30,31,productive_iteration,False,True,False,False,False,,2.0
Final500,Final500_T000406,ad9589f3f417eed193530574d370ba3322660806453dcfcbefa9972716c4cb7e,S0002066,33,34,productive_iteration,False,True,False,False,False,,2.0
Final500,Final500_T000406,ad9589f3f417eed193530574d370ba3322660806453dcfcbefa9972716c4cb7e,S0002067,42,52,productive_iteration,True,True,False,False,False,,11.0
Final500,Final500_T000407,7df7ee927d2ee13c6971fafb1f4856f4de4b1d8e03fb2e4b97bbad10d4ebe8d3,S0002068,22,27,productive_iteration,True,True,False,False,False,,2.0
Final500,Final500_T000407,7df7ee927d2ee13c6971fafb1f4856f4de4b1d8e03fb2e4b97bbad10d4ebe8d3,S0002069,58,94,unproductive_cycle,False,False,True,False,False,,6.0
Final500,Final500_T000407,7df7ee927d2ee13c6971fafb1f4856f4de4b1d8e03fb2e4b97bbad10d4ebe8d3,S0002070,0,5,productive_iteration,False,True,False,False,False,,6.0
Final500,Final500_T000407,7df7ee927d2ee13c6971fafb1f4856f4de4b1d8e03fb2e4b97bbad10d4ebe8d3,S0002071,9,10,productive_iteration,False,True,False,False,False,,2.0
Final500,Final500_T000407,7df7ee927d2ee13c6971fafb1f4856f4de4b1d8e03fb2e4b97bbad10d4ebe8d3,S0002072,14,15,productive_iteration,True,True,False,False,False,,2.0
Final500,Final500_T000407,7df7ee927d2ee13c6971fafb1f4856f4de4b1d8e03fb2e4b97bbad10d4ebe8d3,S0002073,32,34,unproductive_cycle,False,False,True,False,False,,3.0
Final500,Final500_T000407,7df7ee927d2ee13c6971fafb1f4856f4de4b1d8e03fb2e4b97bbad10d4ebe8d3,S0002074,104,106,unproductive_cycle,False,False,True,False,False,,3.0
Final500,Final500_T000407,7df7ee927d2ee13c6971fafb1f4856f4de4b1d8e03fb2e4b97bbad10d4ebe8d3,S0002075,6,8,productive_iteration,False,True,False,False,False,,3.0
Final500,Final500_T000407,7df7ee927d2ee13c6971fafb1f4856f4de4b1d8e03fb2e4b97bbad10d4ebe8d3,S0002076,11,13,productive_iteration,False,True,False,False,False,,3.0
Final500,Final500_T000407,7df7ee927d2ee13c6971fafb1f4856f4de4b1d8e03fb2e4b97bbad10d4ebe8d3,S0002077,16,21,productive_iteration,True,True,False,False,False,,2.0
Final500,Final500_T000407,7df7ee927d2ee13c6971fafb1f4856f4de4b1d8e03fb2e4b97bbad10d4ebe8d3,S0002078,16,21,unproductive_cycle,False,False,True,False,False,,4.0
Final500,Final500_T000407,7df7ee927d2ee13c6971fafb1f4856f4de4b1d8e03fb2e4b97bbad10d4ebe8d3,S0002079,23,26,productive_iteration,True,True,False,False,False,,3.0
Final500,Final500_T000407,7df7ee927d2ee13c6971fafb1f4856f4de4b1d8e03fb2e4b97bbad10d4ebe8d3,S0002080,23,26,unproductive_cycle,False,False,True,False,False,,1.0
Final500,Final500_T000407,7df7ee927d2ee13c6971fafb1f4856f4de4b1d8e03fb2e4b97bbad10d4ebe8d3,S0002081,28,31,unproductive_cycle,False,False,True,False,False,,4.0
Final500,Final500_T000407,7df7ee927d2ee13c6971fafb1f4856f4de4b1d8e03fb2e4b97bbad10d4ebe8d3,S0002082,35,57,unproductive_cycle,False,False,True,False,False,,23.0
Final500,Final500_T000407,7df7ee927d2ee13c6971fafb1f4856f4de4b1d8e03fb2e4b97bbad10d4ebe8d3,S0002083,59,79,unproductive_cycle,False,False,True,False,False,,21.0
Final500,Final500_T000407,7df7ee927d2ee13c6971fafb1f4856f4de4b1d8e03fb2e4b97bbad10d4ebe8d3,S0002084,83,87,unproductive_cycle,False,False,True,False,False,,5.0
Final500,Final500_T000407,7df7ee927d2ee13c6971fafb1f4856f4de4b1d8e03fb2e4b97bbad10d4ebe8d3,S0002085,89,93,unproductive_cycle,False,False,True,False,False,,5.0
Final500,Final500_T000407,7df7ee927d2ee13c6971fafb1f4856f4de4b1d8e03fb2e4b97bbad10d4ebe8d3,S0002086,95,103,unproductive_cycle,False,False,True,False,False,,9.0
Final500,Final500_T000407,7df7ee927d2ee13c6971fafb1f4856f4de4b1d8e03fb2e4b97bbad10d4ebe8d3,S0002087,107,110,unproductive_cycle,False,False,True,False,False,,4.0
Final500,Final500_T000408,49f583223aa64877697c8298b8da136a55663692d8f8709362659433929046ae,S0002088,5,12,productive_iteration,False,True,False,False,False,,2.0
Final500,Final500_T000408,49f583223aa64877697c8298b8da136a55663692d8f8709362659433929046ae,S0002089,0,4,productive_iteration,True,True,False,False,False,,5.0
Final500,Final500_T000408,49f583223aa64877697c8298b8da136a55663692d8f8709362659433929046ae,S0002090,6,11,productive_iteration,False,True,False,False,False,,6.0
Final500,Final500_T000408,49f583223aa64877697c8298b8da136a55663692d8f8709362659433929046ae,S0002091,13,80,unproductive_cycle,False,False,True,False,False,,68.0
Final500,Final500_T000409,7d34bcc587b3001461333c5a8cdcfff4b0f7acc066cae2c77ed264d10819c1b0,S0002092,5,6,productive_iteration,True,True,False,False,False,,2.0
Final500,Final500_T000409,7d34bcc587b3001461333c5a8cdcfff4b0f7acc066cae2c77ed264d10819c1b0,S0002093,0,4,productive_iteration,False,True,False,False,False,,5.0
Final500,Final500_T000409,7d34bcc587b3001461333c5a8cdcfff4b0f7acc066cae2c77ed264d10819c1b0,S0002094,12,14,unproductive_cycle,False,False,True,False,False,,3.0
Final500,Final500_T000409,7d34bcc587b3001461333c5a8cdcfff4b0f7acc066cae2c77ed264d10819c1b0,S0002095,7,11,unproductive_cycle,False,False,True,False,False,,5.0
Final500,Final500_T000409,7d34bcc587b3001461333c5a8cdcfff4b0f7acc066cae2c77ed264d10819c1b0,S0002096,15,162,unproductive_cycle,False,False,True,False,False,,148.0
Final500,Final500_T000410,00f3e4547ca3ffd12a4ffa46926655a787be069a0cdb09e72bd53569ac000883,S0002097,10,35,productive_iteration,False,True,False,False,False,,4.0
Final500,Final500_T000410,00f3e4547ca3ffd12a4ffa46926655a787be069a0cdb09e72bd53569ac000883,S0002098,39,84,unproductive_cycle,False,False,True,False,False,,14.0
Final500,Final500_T000410,00f3e4547ca3ffd12a4ffa46926655a787be069a0cdb09e72bd53569ac000883,S0002099,0,9,productive_iteration,False,True,False,False,False,,10.0
Final500,Final500_T000410,00f3e4547ca3ffd12a4ffa46926655a787be069a0cdb09e72bd53569ac000883,S0002100,11,12,productive_iteration,False,True,False,False,False,,2.0
Final500,Final500_T000410,00f3e4547ca3ffd12a4ffa46926655a787be069a0cdb09e72bd53569ac000883,S0002101,14,17,productive_iteration,False,True,False,False,False,,4.0
Final500,Final500_T000410,00f3e4547ca3ffd12a4ffa46926655a787be069a0cdb09e72bd53569ac000883,S0002102,20,34,productive_iteration,True,True,False,False,False,,15.0
Final500,Final500_T000410,00f3e4547ca3ffd12a4ffa46926655a787be069a0cdb09e72bd53569ac000883,S0002103,36,38,productive_iteration,True,True,False,False,False,,3.0
Final500,Final500_T000410,00f3e4547ca3ffd12a4ffa46926655a787be069a0cdb09e72bd53569ac000883,S0002104,56,58,unproductive_cycle,False,False,True,False,False,,3.0
Final500,Final500_T000410,00f3e4547ca3ffd12a4ffa46926655a787be069a0cdb09e72bd53569ac000883,S0002105,72,73,unproductive_cycle,False,False,True,False,False,,2.0
Final500,Final500_T000410,00f3e4547ca3ffd12a4ffa46926655a787be069a0cdb09e72bd53569ac000883,S0002106,40,43,unproductive_cycle,False,False,True,False,False,,4.0
Final500,Final500_T000410,00f3e4547ca3ffd12a4ffa46926655a787be069a0cdb09e72bd53569ac000883,S0002107,45,47,unproductive_cycle,False,False,True,False,False,,3.0
Final500,Final500_T000410,00f3e4547ca3ffd12a4ffa46926655a787be069a0cdb09e72bd53569ac000883,S0002108,50,53,unproductive_cycle,False,False,True,False,False,,4.0
Final500,Final500_T000410,00f3e4547ca3ffd12a4ffa46926655a787be069a0cdb09e72bd53569ac000883,S0002109,60,63,unproductive_cycle,False,False,True,False,False,,4.0
Final500,Final500_T000410,00f3e4547ca3ffd12a4ffa46926655a787be069a0cdb09e72bd53569ac000883,S0002110,65,68,unproductive_cycle,False,False,True,False,False,,4.0
Final500,Final500_T000410,00f3e4547ca3ffd12a4ffa46926655a787be069a0cdb09e72bd53569ac000883,S0002111,75,78,unproductive_cycle,False,False,True,False,False,,4.0
Final500,Final500_T000410,00f3e4547ca3ffd12a4ffa46926655a787be069a0cdb09e72bd53569ac000883,S0002112,80,83,unproductive_cycle,False,False,True,False,False,,4.0
Final500,Final500_T000410,00f3e4547ca3ffd12a4ffa46926655a787be069a0cdb09e72bd53569ac000883,S0002113,85,87,unproductive_cycle,False,False,True,False,False,,3.0
Final500,Final500_T000411,2aeb65f7af91f0a9181715e9c0822a62ce4961633a35347afda5415a7b64a331,S0002114,0,12,productive_iteration,True,True,False,False,False,,13.0
Final500,Final500_T000411,2aeb65f7af91f0a9181715e9c0822a62ce4961633a35347afda5415a7b64a331,S0002115,14,50,productive_iteration,True,True,False,False,False,,36.0
Final500,Final500_T000411,2aeb65f7af91f0a9181715e9c0822a62ce4961633a35347afda5415a7b64a331,S0002116,14,50,unproductive_cycle,False,False,True,False,False,,1.0
Final500,Final500_T000412,9aa97a28fa2017aa231ab4fbe9be79ef0c431a6fda1575406df672e6f1ba4e4a,S0002117,0,19,productive_iteration,False,True,False,False,False,,4.0
Final500,Final500_T000412,9aa97a28fa2017aa231ab4fbe9be79ef0c431a6fda1575406df672e6f1ba4e4a,S0002118,2,4,productive_iteration,False,True,False,False,False,,3.0
Final500,Final500_T000412,9aa97a28fa2017aa231ab4fbe9be79ef0c431a6fda1575406df672e6f1ba4e4a,S0002119,6,12,productive_iteration,True,True,False,False,False,,7.0
Final500,Final500_T000412,9aa97a28fa2017aa231ab4fbe9be79ef0c431a6fda1575406df672e6f1ba4e4a,S0002120,14,18,productive_iteration,False,True,False,False,False,,5.0
Final500,Final500_T000412,9aa97a28fa2017aa231ab4fbe9be79ef0c431a6fda1575406df672e6f1ba4e4a,S0002121,21,41,productive_iteration,True,True,False,False,False,,20.0
Final500,Final500_T000413,ec752e68f58e1c165f90013fe2bd9ab7cb0095b326e2fd5498363d00707ba8cc,S0002122,0,22,productive_iteration,True,True,False,False,False,,4.0
Final500,Final500_T000413,ec752e68f58e1c165f90013fe2bd9ab7cb0095b326e2fd5498363d00707ba8cc,S0002123,3,14,productive_iteration,True,True,False,False,False,,12.0
Final500,Final500_T000413,ec752e68f58e1c165f90013fe2bd9ab7cb0095b326e2fd5498363d00707ba8cc,S0002124,16,19,productive_iteration,False,True,False,False,False,,3.0
Final500,Final500_T000413,ec752e68f58e1c165f90013fe2bd9ab7cb0095b326e2fd5498363d00707ba8cc,S0002125,24,28,productive_iteration,True,True,False,False,False,,5.0
Final500,Final500_T000413,ec752e68f58e1c165f90013fe2bd9ab7cb0095b326e2fd5498363d00707ba8cc,S0002126,30,34,productive_iteration,True,True,False,False,False,,5.0
Final500,Final500_T000414,7bc527e62bc17301efd3ab5030a8b299ade6ad5235d2c933b4d9c18f73c96145,S0002127,32,32,productive_iteration,True,True,False,False,False,,1.0
Final500,Final500_T000414,7bc527e62bc17301efd3ab5030a8b299ade6ad5235d2c933b4d9c18f73c96145,S0002128,33,95,unproductive_cycle,False,False,True,False,False,,2.0
Final500,Final500_T000414,7bc527e62bc17301efd3ab5030a8b299ade6ad5235d2c933b4d9c18f73c96145,S0002129,0,9,productive_iteration,True,True,False,False,False,,10.0
Final500,Final500_T000414,7bc527e62bc17301efd3ab5030a8b299ade6ad5235d2c933b4d9c18f73c96145,S0002130,14,31,productive_iteration,True,True,False,False,False,,18.0
Final500,Final500_T000414,7bc527e62bc17301efd3ab5030a8b299ade6ad5235d2c933b4d9c18f73c96145,S0002131,38,41,productive_iteration,False,True,False,False,False,,2.0
Final500,Final500_T000414,7bc527e62bc17301efd3ab5030a8b299ade6ad5235d2c933b4d9c18f73c96145,S0002132,38,41,unproductive_cycle,False,False,True,False,False,,2.0
Final500,Final500_T000414,7bc527e62bc17301efd3ab5030a8b299ade6ad5235d2c933b4d9c18f73c96145,S0002133,47,49,unproductive_cycle,False,False,True,False,False,,3.0
Final500,Final500_T000414,7bc527e62bc17301efd3ab5030a8b299ade6ad5235d2c933b4d9c18f73c96145,S0002134,55,57,productive_iteration,False,True,False,False,False,,1.0
Final500,Final500_T000414,7bc527e62bc17301efd3ab5030a8b299ade6ad5235d2c933b4d9c18f73c96145,S0002135,55,57,unproductive_cycle,False,False,True,False,False,,2.0
Final500,Final500_T000414,7bc527e62bc17301efd3ab5030a8b299ade6ad5235d2c933b4d9c18f73c96145,S0002136,63,65,productive_iteration,False,True,False,False,False,,2.0
Final500,Final500_T000414,7bc527e62bc17301efd3ab5030a8b299ade6ad5235d2c933b4d9c18f73c96145,S0002137,63,65,unproductive_cycle,False,False,True,False,False,,1.0
Final500,Final500_T000414,7bc527e62bc17301efd3ab5030a8b299ade6ad5235d2c933b4d9c18f73c96145,S0002138,71,73,productive_iteration,False,True,False,False,False,,1.0
Final500,Final500_T000414,7bc527e62bc17301efd3ab5030a8b299ade6ad5235d2c933b4d9c18f73c96145,S0002139,71,73,unproductive_cycle,False,False,True,False,False,,2.0
Final500,Final500_T000414,7bc527e62bc17301efd3ab5030a8b299ade6ad5235d2c933b4d9c18f73c96145,S0002140,78,81,productive_iteration,False,True,False,False,False,,2.0
Final500,Final500_T000414,7bc527e62bc17301efd3ab5030a8b299ade6ad5235d2c933b4d9c18f73c96145,S0002141,78,81,unproductive_cycle,False,False,True,False,False,,2.0
Final500,Final500_T000414,7bc527e62bc17301efd3ab5030a8b299ade6ad5235d2c933b4d9c18f73c96145,S0002142,87,89,unproductive_cycle,False,False,True,False,False,,3.0
Final500,Final500_T000414,7bc527e62bc17301efd3ab5030a8b299ade6ad5235d2c933b4d9c18f73c96145,S0002143,10,13,unproductive_cycle,False,False,True,False,False,,4.0
Final500,Final500_T000414,7bc527e62bc17301efd3ab5030a8b299ade6ad5235d2c933b4d9c18f73c96145,S0002144,34,37,unproductive_cycle,False,False,True,False,False,,4.0
Final500,Final500_T000414,7bc527e62bc17301efd3ab5030a8b299ade6ad5235d2c933b4d9c18f73c96145,S0002145,42,46,unproductive_cycle,False,False,True,False,False,,5.0
Final500,Final500_T000414,7bc527e62bc17301efd3ab5030a8b299ade6ad5235d2c933b4d9c18f73c96145,S0002146,50,54,unproductive_cycle,False,False,True,False,False,,5.0
Final500,Final500_T000414,7bc527e62bc17301efd3ab5030a8b299ade6ad5235d2c933b4d9c18f73c96145,S0002147,58,62,unproductive_cycle,False,False,True,False,False,,5.0
Final500,Final500_T000414,7bc527e62bc17301efd3ab5030a8b299ade6ad5235d2c933b4d9c18f73c96145,S0002148,66,70,unproductive_cycle,False,False,True,False,False,,5.0
Final500,Final500_T000414,7bc527e62bc17301efd3ab5030a8b299ade6ad5235d2c933b4d9c18f73c96145,S0002149,74,77,unproductive_cycle,False,False,True,False,False,,4.0
Final500,Final500_T000414,7bc527e62bc17301efd3ab5030a8b299ade6ad5235d2c933b4d9c18f73c96145,S0002150,82,86,unproductive_cycle,False,False,True,False,False,,5.0
Final500,Final500_T000414,7bc527e62bc17301efd3ab5030a8b299ade6ad5235d2c933b4d9c18f73c96145,S0002151,90,94,unproductive_cycle,False,False,True,False,False,,5.0
Final500,Final500_T000415,f5420c51a70a3a88d8ef5cb3c1941b477beb1cccf216602d2f908249f4c95cfd,S0002152,0,30,productive_iteration,True,True,False,False,False,,31.0
Final500,Final500_T000416,6ff71387f35b8ac79736148b8d603871f12f57d7cc9b4aa333bae4d27c9c42f8,S0002153,20,23,productive_iteration,True,True,False,False,False,,2.0
Final500,Final500_T000416,6ff71387f35b8ac79736148b8d603871f12f57d7cc9b4aa333bae4d27c9c42f8,S0002154,0,19,productive_iteration,False,True,False,False,False,,20.0
Final500,Final500_T000416,6ff71387f35b8ac79736148b8d603871f12f57d7cc9b4aa333bae4d27c9c42f8,S0002155,21,22,productive_iteration,False,True,False,False,False,,2.0
Final500,Final500_T000416,6ff71387f35b8ac79736148b8d603871f12f57d7cc9b4aa333bae4d27c9c42f8,S0002156,24,33,productive_iteration,True,True,False,False,False,,10.0
Final500,Final500_T000417,d16f7d5398567126c55289a98f2f45090686b0f45c83b4f84f8765f4030fa604,S0002157,7,8,productive_iteration,False,True,False,False,False,,2.0
Final500,Final500_T000417,d16f7d5398567126c55289a98f2f45090686b0f45c83b4f84f8765f4030fa604,S0002158,4,95,unproductive_cycle,False,False,True,False,False,,15.0
Final500,Final500_T000417,d16f7d5398567126c55289a98f2f45090686b0f45c83b4f84f8765f4030fa604,S0002159,10,20,productive_iteration,True,True,False,False,False,,9.0
Final500,Final500_T000417,d16f7d5398567126c55289a98f2f45090686b0f45c83b4f84f8765f4030fa604,S0002160,24,31,productive_iteration,True,True,False,False,False,,8.0
Final500,Final500_T000417,d16f7d5398567126c55289a98f2f45090686b0f45c83b4f84f8765f4030fa604,S0002161,56,59,unproductive_cycle,False,False,True,False,False,,4.0
Final500,Final500_T000417,d16f7d5398567126c55289a98f2f45090686b0f45c83b4f84f8765f4030fa604,S0002162,90,94,unproductive_cycle,False,False,True,False,False,,5.0
Final500,Final500_T000417,d16f7d5398567126c55289a98f2f45090686b0f45c83b4f84f8765f4030fa604,S0002163,1,3,unproductive_cycle,False,False,True,False,False,,3.0
Final500,Final500_T000417,d16f7d5398567126c55289a98f2f45090686b0f45c83b4f84f8765f4030fa604,S0002164,21,23,productive_iteration,True,True,False,False,False,,3.0
Final500,Final500_T000417,d16f7d5398567126c55289a98f2f45090686b0f45c83b4f84f8765f4030fa604,S0002165,32,48,productive_iteration,True,True,False,False,False,,6.0
Final500,Final500_T000417,d16f7d5398567126c55289a98f2f45090686b0f45c83b4f84f8765f4030fa604,S0002166,32,48,unproductive_cycle,False,False,True,False,False,,11.0
Final500,Final500_T000417,d16f7d5398567126c55289a98f2f45090686b0f45c83b4f84f8765f4030fa604,S0002167,53,55,unproductive_cycle,False,False,True,False,False,,3.0
Final500,Final500_T000417,d16f7d5398567126c55289a98f2f45090686b0f45c83b4f84f8765f4030fa604,S0002168,60,62,unproductive_cycle,False,False,True,False,False,,3.0
Final500,Final500_T000417,d16f7d5398567126c55289a98f2f45090686b0f45c83b4f84f8765f4030fa604,S0002169,64,79,unproductive_cycle,False,False,True,False,False,,16.0
Final500,Final500_T000417,d16f7d5398567126c55289a98f2f45090686b0f45c83b4f84f8765f4030fa604,S0002170,81,83,unproductive_cycle,False,False,True,False,False,,3.0
Final500,Final500_T000418,446624804a66c408a03a4a611092322356861a1548db5c0218c3b49d77e411e5,S0002171,7,7,productive_iteration,True,True,False,False,False,,1.0
Final500,Final500_T000418,446624804a66c408a03a4a611092322356861a1548db5c0218c3b49d77e411e5,S0002172,31,31,unproductive_cycle,False,False,True,False,False,,1.0
Final500,Final500_T000418,446624804a66c408a03a4a611092322356861a1548db5c0218c3b49d77e411e5,S0002173,0,6,productive_iteration,False,True,False,False,False,,7.0
Final500,Final500_T000418,446624804a66c408a03a4a611092322356861a1548db5c0218c3b49d77e411e5,S0002174,8,14,productive_iteration,True,True,False,False,False,,7.0
Final500,Final500_T000418,446624804a66c408a03a4a611092322356861a1548db5c0218c3b49d77e411e5,S0002175,15,30,unproductive_cycle,False,False,True,False,False,,16.0
Final500,Final500_T000419,3bda8a193cc0abf8337a4c9b7f0e6b063e3740c1414f95de2ab88bfe3cdbcedf,S0002176,14,41,productive_iteration,False,True,False,False,False,,2.0
Final500,Final500_T000419,3bda8a193cc0abf8337a4c9b7f0e6b063e3740c1414f95de2ab88bfe3cdbcedf,S0002177,42,44,unproductive_cycle,False,False,True,False,False,,3.0
Final500,Final500_T000419,3bda8a193cc0abf8337a4c9b7f0e6b063e3740c1414f95de2ab88bfe3cdbcedf,S0002178,0,7,productive_iteration,False,True,False,False,False,,8.0
Final500,Final500_T000419,3bda8a193cc0abf8337a4c9b7f0e6b063e3740c1414f95de2ab88bfe3cdbcedf,S0002179,23,25,productive_iteration,False,True,False,False,False,,3.0
Final500,Final500_T000419,3bda8a193cc0abf8337a4c9b7f0e6b063e3740c1414f95de2ab88bfe3cdbcedf,S0002180,27,31,productive_iteration,False,True,False,False,False,,5.0
Final500,Final500_T000419,3bda8a193cc0abf8337a4c9b7f0e6b063e3740c1414f95de2ab88bfe3cdbcedf,S0002181,8,13,productive_iteration,True,True,False,False,False,,6.0
Final500,Final500_T000419,3bda8a193cc0abf8337a4c9b7f0e6b063e3740c1414f95de2ab88bfe3cdbcedf,S0002182,15,22,productive_iteration,True,True,False,False,False,,6.0
Final500,Final500_T000419,3bda8a193cc0abf8337a4c9b7f0e6b063e3740c1414f95de2ab88bfe3cdbcedf,S0002183,15,22,unproductive_cycle,False,False,True,False,False,,2.0
Final500,Final500_T000419,3bda8a193cc0abf8337a4c9b7f0e6b063e3740c1414f95de2ab88bfe3cdbcedf,S0002184,32,40,productive_iteration,False,True,False,False,False,,3.0
Final500,Final500_T000419,3bda8a193cc0abf8337a4c9b7f0e6b063e3740c1414f95de2ab88bfe3cdbcedf,S0002185,32,40,unproductive_cycle,False,False,True,False,False,,6.0
Final500,Final500_T000419,3bda8a193cc0abf8337a4c9b7f0e6b063e3740c1414f95de2ab88bfe3cdbcedf,S0002186,45,143,unproductive_cycle,False,False,True,False,False,,99.0
Final500,Final500_T000420,960d41229278d363c3abd282d5e09ed50dd20fa236e89cf1bdd10ecb9f99ec34,S0002187,10,13,productive_iteration,False,True,False,False,False,,2.0
Final500,Final500_T000420,960d41229278d363c3abd282d5e09ed50dd20fa236e89cf1bdd10ecb9f99ec34,S0002188,24,37,unproductive_cycle,False,False,True,False,False,,3.0
Final500,Final500_T000420,960d41229278d363c3abd282d5e09ed50dd20fa236e89cf1bdd10ecb9f99ec34,S0002189,0,9,productive_iteration,False,True,False,False,False,,10.0
Final500,Final500_T000420,960d41229278d363c3abd282d5e09ed50dd20fa236e89cf1bdd10ecb9f99ec34,S0002190,11,12,productive_iteration,False,True,False,False,False,,2.0
Final500,Final500_T000420,960d41229278d363c3abd282d5e09ed50dd20fa236e89cf1bdd10ecb9f99ec34,S0002191,14,16,productive_iteration,True,True,False,False,False,,3.0
Final500,Final500_T000420,960d41229278d363c3abd282d5e09ed50dd20fa236e89cf1bdd10ecb9f99ec34,S0002192,19,23,productive_iteration,False,True,False,False,False,,2.0
Final500,Final500_T000420,960d41229278d363c3abd282d5e09ed50dd20fa236e89cf1bdd10ecb9f99ec34,S0002193,19,23,unproductive_cycle,False,False,True,False,False,,3.0
Final500,Final500_T000420,960d41229278d363c3abd282d5e09ed50dd20fa236e89cf1bdd10ecb9f99ec34,S0002194,25,26,productive_iteration,False,True,False,False,False,,2.0
Final500,Final500_T000420,960d41229278d363c3abd282d5e09ed50dd20fa236e89cf1bdd10ecb9f99ec34,S0002195,29,36,unproductive_cycle,False,False,True,False,False,,8.0
Final500,Final500_T000421,4d303a3449a6fda0e8b245e988eb97a9f761d0a9487494e58e7e5f3ed39b8974,S0002196,24,34,productive_iteration,True,True,False,False,False,,6.0
Final500,Final500_T000421,4d303a3449a6fda0e8b245e988eb97a9f761d0a9487494e58e7e5f3ed39b8974,S0002197,0,23,productive_iteration,True,True,False,False,False,,24.0
Final500,Final500_T000421,4d303a3449a6fda0e8b245e988eb97a9f761d0a9487494e58e7e5f3ed39b8974,S0002198,25,26,productive_iteration,True,True,False,False,False,,2.0
Final500,Final500_T000421,4d303a3449a6fda0e8b245e988eb97a9f761d0a9487494e58e7e5f3ed39b8974,S0002199,28,30,productive_iteration,True,True,False,False,False,,3.0
Final500,Final500_T000421,4d303a3449a6fda0e8b245e988eb97a9f761d0a9487494e58e7e5f3ed39b8974,S0002200,35,43,productive_iteration,True,True,False,False,False,,9.0
Final500,Final500_T000422,5c11010b5dade51169162c05d80236ce5761317f23ec8235a2c07ec252fc4e63,S0002201,22,34,productive_iteration,True,True,False,False,False,,3.0
Final500,Final500_T000422,5c11010b5dade51169162c05d80236ce5761317f23ec8235a2c07ec252fc4e63,S0002202,0,21,productive_iteration,True,True,False,False,False,,22.0
Final500,Final500_T000422,5c11010b5dade51169162c05d80236ce5761317f23ec8235a2c07ec252fc4e63,S0002203,23,32,productive_iteration,True,True,False,False,False,,10.0
Final500,Final500_T000422,5c11010b5dade51169162c05d80236ce5761317f23ec8235a2c07ec252fc4e63,S0002204,35,81,productive_iteration,True,True,False,False,False,,1.0
Final500,Final500_T000422,5c11010b5dade51169162c05d80236ce5761317f23ec8235a2c07ec252fc4e63,S0002205,35,81,unproductive_cycle,False,False,True,False,False,,46.0
Final500,Final500_T000423,1277c6d0a226928667e881b5725c9c1bf5bdc787d9c28d431cdc60566069f8b5,S0002206,0,5,productive_iteration,False,True,False,False,False,,6.0
Final500,Final500_T000423,1277c6d0a226928667e881b5725c9c1bf5bdc787d9c28d431cdc60566069f8b5,S0002207,11,30,productive_iteration,True,True,False,False,False,,20.0
Final500,Final500_T000423,1277c6d0a226928667e881b5725c9c1bf5bdc787d9c28d431cdc60566069f8b5,S0002208,6,10,productive_iteration,False,True,False,False,False,,5.0
Final500,Final500_T000424,ea0906fe18aae45bbe9e9143630f7388ef9d4dc7b60b131163cdbdc5f47304e0,S0002209,8,8,productive_iteration,False,True,False,False,False,,1.0
Final500,Final500_T000424,ea0906fe18aae45bbe9e9143630f7388ef9d4dc7b60b131163cdbdc5f47304e0,S0002210,25,25,unproductive_cycle,False,False,True,False,False,,1.0
Final500,Final500_T000424,ea0906fe18aae45bbe9e9143630f7388ef9d4dc7b60b131163cdbdc5f47304e0,S0002211,0,3,productive_iteration,False,True,False,False,False,,2.0
Final500,Final500_T000424,ea0906fe18aae45bbe9e9143630f7388ef9d4dc7b60b131163cdbdc5f47304e0,S0002212,9,14,productive_iteration,False,True,False,False,False,,6.0
Final500,Final500_T000424,ea0906fe18aae45bbe9e9143630f7388ef9d4dc7b60b131163cdbdc5f47304e0,S0002213,27,30,productive_iteration,False,True,False,False,False,,4.0
Final500,Final500_T000424,ea0906fe18aae45bbe9e9143630f7388ef9d4dc7b60b131163cdbdc5f47304e0,S0002214,15,23,unproductive_cycle,False,False,True,False,False,,9.0
Final500,Final500_T000425,5414b649e30d7e09fe135adff36f770b9523110fa6c8d61abc8bb67957e2ee26,S0002215,12,16,productive_iteration,True,True,False,False,False,,5.0
Final500,Final500_T000425,5414b649e30d7e09fe135adff36f770b9523110fa6c8d61abc8bb67957e2ee26,S0002216,0,11,productive_iteration,True,True,False,False,False,,12.0
Final500,Final500_T000425,5414b649e30d7e09fe135adff36f770b9523110fa6c8d61abc8bb67957e2ee26,S0002217,24,37,productive_iteration,True,True,False,False,False,,14.0
Final500,Final500_T000425,5414b649e30d7e09fe135adff36f770b9523110fa6c8d61abc8bb67957e2ee26,S0002218,17,23,productive_iteration,True,True,False,False,False,,7.0
Final500,Final500_T000426,051009577c97f6b31975ff3688963175ba84ce2e4959b62bc741d65628b54a31,S0002219,0,19,productive_iteration,True,True,False,False,False,,4.0
Final500,Final500_T000426,051009577c97f6b31975ff3688963175ba84ce2e4959b62bc741d65628b54a31,S0002220,80,80,unproductive_cycle,False,False,True,False,False,,1.0
Final500,Final500_T000426,051009577c97f6b31975ff3688963175ba84ce2e4959b62bc741d65628b54a31,S0002221,2,3,productive_iteration,False,True,False,False,False,,2.0
Final500,Final500_T000426,051009577c97f6b31975ff3688963175ba84ce2e4959b62bc741d65628b54a31,S0002222,5,18,productive_iteration,True,True,False,False,False,,14.0
Final500,Final500_T000426,051009577c97f6b31975ff3688963175ba84ce2e4959b62bc741d65628b54a31,S0002223,20,79,unproductive_cycle,False,False,True,False,False,,60.0
Final500,Final500_T000427,c9e28b886d77ba458107e12164e2a9665abfa15d6365869d90928c40be2e177d,S0002224,4,35,productive_iteration,True,True,False,False,False,,4.0
Final500,Final500_T000427,c9e28b886d77ba458107e12164e2a9665abfa15d6365869d90928c40be2e177d,S0002225,0,3,productive_iteration,False,True,False,False,False,,4.0
Final500,Final500_T000427,c9e28b886d77ba458107e12164e2a9665abfa15d6365869d90928c40be2e177d,S0002226,5,18,productive_iteration,False,True,False,False,False,,12.0
Final500,Final500_T000427,c9e28b886d77ba458107e12164e2a9665abfa15d6365869d90928c40be2e177d,S0002227,23,24,productive_iteration,True,True,False,False,False,,2.0
Final500,Final500_T000427,c9e28b886d77ba458107e12164e2a9665abfa15d6365869d90928c40be2e177d,S0002228,29,30,productive_iteration,False,True,False,False,False,,2.0
Final500,Final500_T000427,c9e28b886d77ba458107e12164e2a9665abfa15d6365869d90928c40be2e177d,S0002229,32,33,productive_iteration,True,True,False,False,False,,2.0
Final500,Final500_T000427,c9e28b886d77ba458107e12164e2a9665abfa15d6365869d90928c40be2e177d,S0002230,20,22,productive_iteration,False,True,False,False,False,,2.0
Final500,Final500_T000427,c9e28b886d77ba458107e12164e2a9665abfa15d6365869d90928c40be2e177d,S0002231,20,22,unproductive_cycle,False,False,True,False,False,,1.0
Final500,Final500_T000428,144f91f056da3ffd50a3205717f6dde9304c4d433bf5aceb58f143b55bb17a37,S0002232,4,4,productive_iteration,False,True,False,False,False,,1.0
Final500,Final500_T000428,144f91f056da3ffd50a3205717f6dde9304c4d433bf5aceb58f143b55bb17a37,S0002233,0,3,productive_iteration,False,True,False,False,False,,4.0
Final500,Final500_T000428,144f91f056da3ffd50a3205717f6dde9304c4d433bf5aceb58f143b55bb17a37,S0002234,6,17,productive_iteration,True,True,False,False,False,,12.0
Final500,Final500_T000428,144f91f056da3ffd50a3205717f6dde9304c4d433bf5aceb58f143b55bb17a37,S0002235,18,85,productive_iteration,True,True,False,False,False,,10.0
Final500,Final500_T000428,144f91f056da3ffd50a3205717f6dde9304c4d433bf5aceb58f143b55bb17a37,S0002236,18,85,unproductive_cycle,False,False,True,False,False,,58.0
Final500,Final500_T000429,c736e368a3b685e34627f21d8969e7bc1af52737280d0ec0e7127c93e8a770eb,S0002237,13,19,productive_iteration,True,True,False,False,False,,3.0
Final500,Final500_T000429,c736e368a3b685e34627f21d8969e7bc1af52737280d0ec0e7127c93e8a770eb,S0002238,34,82,unproductive_cycle,False,False,True,False,False,,7.0
Final500,Final500_T000429,c736e368a3b685e34627f21d8969e7bc1af52737280d0ec0e7127c93e8a770eb,S0002239,0,12,productive_iteration,True,True,False,False,False,,13.0
Final500,Final500_T000429,c736e368a3b685e34627f21d8969e7bc1af52737280d0ec0e7127c93e8a770eb,S0002240,20,21,productive_iteration,False,True,False,False,False,,2.0
Final500,Final500_T000429,c736e368a3b685e34627f21d8969e7bc1af52737280d0ec0e7127c93e8a770eb,S0002241,15,17,productive_iteration,True,True,False,False,False,,3.0
Final500,Final500_T000429,c736e368a3b685e34627f21d8969e7bc1af52737280d0ec0e7127c93e8a770eb,S0002242,22,33,productive_iteration,True,True,False,False,False,,1.0
Final500,Final500_T000429,c736e368a3b685e34627f21d8969e7bc1af52737280d0ec0e7127c93e8a770eb,S0002243,22,33,unproductive_cycle,False,False,True,False,False,,11.0
Final500,Final500_T000429,c736e368a3b685e34627f21d8969e7bc1af52737280d0ec0e7127c93e8a770eb,S0002244,35,38,unproductive_cycle,False,False,True,False,False,,4.0
Final500,Final500_T000429,c736e368a3b685e34627f21d8969e7bc1af52737280d0ec0e7127c93e8a770eb,S0002245,40,43,unproductive_cycle,False,False,True,False,False,,4.0
Final500,Final500_T000429,c736e368a3b685e34627f21d8969e7bc1af52737280d0ec0e7127c93e8a770eb,S0002246,45,48,unproductive_cycle,False,False,True,False,False,,4.0
Final500,Final500_T000429,c736e368a3b685e34627f21d8969e7bc1af52737280d0ec0e7127c93e8a770eb,S0002247,50,53,unproductive_cycle,False,False,True,False,False,,4.0
Final500,Final500_T000429,c736e368a3b685e34627f21d8969e7bc1af52737280d0ec0e7127c93e8a770eb,S0002248,55,63,unproductive_cycle,False,False,True,False,False,,9.0
Final500,Final500_T000429,c736e368a3b685e34627f21d8969e7bc1af52737280d0ec0e7127c93e8a770eb,S0002249,65,81,unproductive_cycle,False,False,True,False,False,,17.0
Final500,Final500_T000430,6020be4ba4b4db5c2ac32239cb74c7267fe45c1b70dbdf6db054c050172dbc5e,S0002250,10,11,productive_iteration,False,True,False,False,False,,2.0
Final500,Final500_T000430,6020be4ba4b4db5c2ac32239cb74c7267fe45c1b70dbdf6db054c050172dbc5e,S0002251,0,9,productive_iteration,False,True,False,False,False,,10.0
Final500,Final500_T000430,6020be4ba4b4db5c2ac32239cb74c7267fe45c1b70dbdf6db054c050172dbc5e,S0002252,81,82,productive_iteration,True,True,False,False,False,,2.0
Final500,Final500_T000430,6020be4ba4b4db5c2ac32239cb74c7267fe45c1b70dbdf6db054c050172dbc5e,S0002253,12,80,unproductive_cycle,False,False,True,False,False,,69.0
Final500,Final500_T000431,df70e5dcbe1c341a6a2326abae30e9b965a153cfdd2cdcec91565cc466249e3b,S0002254,0,13,productive_iteration,False,True,False,False,False,,14.0
Final500,Final500_T000431,df70e5dcbe1c341a6a2326abae30e9b965a153cfdd2cdcec91565cc466249e3b,S0002255,25,32,productive_iteration,False,True,False,False,False,,8.0
Final500,Final500_T000431,df70e5dcbe1c341a6a2326abae30e9b965a153cfdd2cdcec91565cc466249e3b,S0002256,14,24,productive_iteration,False,True,False,False,False,,1.0
Final500,Final500_T000431,df70e5dcbe1c341a6a2326abae30e9b965a153cfdd2cdcec91565cc466249e3b,S0002257,14,24,unproductive_cycle,False,False,True,False,False,,10.0
Final500,Final500_T000432,6df11b68ce818a8390be8929b81d26269647d9fe03823ed4f106f9c1dbd02d0f,S0002258,11,45,productive_iteration,True,True,False,False,False,,5.0
Final500,Final500_T000432,6df11b68ce818a8390be8929b81d26269647d9fe03823ed4f106f9c1dbd02d0f,S0002259,0,10,productive_iteration,False,True,False,False,False,,11.0
Final500,Final500_T000432,6df11b68ce818a8390be8929b81d26269647d9fe03823ed4f106f9c1dbd02d0f,S0002260,13,15,productive_iteration,True,True,False,False,False,,3.0
Final500,Final500_T000432,6df11b68ce818a8390be8929b81d26269647d9fe03823ed4f106f9c1dbd02d0f,S0002261,20,34,productive_iteration,True,True,False,False,False,,15.0
Final500,Final500_T000432,6df11b68ce818a8390be8929b81d26269647d9fe03823ed4f106f9c1dbd02d0f,S0002262,37,44,productive_iteration,False,True,False,False,False,,8.0
Final500,Final500_T000432,6df11b68ce818a8390be8929b81d26269647d9fe03823ed4f106f9c1dbd02d0f,S0002263,46,49,productive_iteration,False,True,False,False,False,,4.0
Final500,Final500_T000432,6df11b68ce818a8390be8929b81d26269647d9fe03823ed4f106f9c1dbd02d0f,S0002264,16,19,productive_iteration,False,True,False,False,False,,4.0
Final500,Final500_T000433,06bcb8ebe12c16592905181e1a0ce56878253d4ab2f1b2112b0a075b8e35f3fc,S0002265,11,14,productive_iteration,True,True,False,False,False,,4.0
Final500,Final500_T000433,06bcb8ebe12c16592905181e1a0ce56878253d4ab2f1b2112b0a075b8e35f3fc,S0002266,35,36,unproductive_cycle,False,False,True,False,False,,2.0
Final500,Final500_T000433,06bcb8ebe12c16592905181e1a0ce56878253d4ab2f1b2112b0a075b8e35f3fc,S0002267,0,9,productive_iteration,False,True,False,False,False,,10.0
Final500,Final500_T000433,06bcb8ebe12c16592905181e1a0ce56878253d4ab2f1b2112b0a075b8e35f3fc,S0002268,15,29,productive_iteration,True,True,False,False,False,,10.0
Final500,Final500_T000433,06bcb8ebe12c16592905181e1a0ce56878253d4ab2f1b2112b0a075b8e35f3fc,S0002269,15,29,unproductive_cycle,False,False,True,False,False,,5.0
Final500,Final500_T000433,06bcb8ebe12c16592905181e1a0ce56878253d4ab2f1b2112b0a075b8e35f3fc,S0002270,30,34,unproductive_cycle,False,False,True,False,False,,5.0
Final500,Final500_T000434,a7d579bf166fb4939810d59df23a9898f4b2baec8e2506e3e66bbe85a03d71e2,S0002271,13,25,productive_iteration,True,True,False,False,False,,5.0
Final500,Final500_T000434,a7d579bf166fb4939810d59df23a9898f4b2baec8e2506e3e66bbe85a03d71e2,S0002272,28,28,unproductive_cycle,False,False,True,False,False,,1.0
Final500,Final500_T000434,a7d579bf166fb4939810d59df23a9898f4b2baec8e2506e3e66bbe85a03d71e2,S0002273,0,12,productive_iteration,True,True,False,False,False,,13.0
Final500,Final500_T000434,a7d579bf166fb4939810d59df23a9898f4b2baec8e2506e3e66bbe85a03d71e2,S0002274,17,24,productive_iteration,True,True,False,False,False,,8.0
Final500,Final500_T000434,a7d579bf166fb4939810d59df23a9898f4b2baec8e2506e3e66bbe85a03d71e2,S0002275,26,27,productive_iteration,False,True,False,False,False,,2.0
Final500,Final500_T000434,a7d579bf166fb4939810d59df23a9898f4b2baec8e2506e3e66bbe85a03d71e2,S0002276,33,36,productive_iteration,False,True,False,False,False,,4.0
Final500,Final500_T000434,a7d579bf166fb4939810d59df23a9898f4b2baec8e2506e3e66bbe85a03d71e2,S0002277,29,32,unproductive_cycle,False,False,True,False,False,,4.0
Final500,Final500_T000435,8f247ffe9a90256db61c5415bd72a160cc87710bf8eb86954e2e66f286cbd796,S0002278,19,29,productive_iteration,False,True,False,False,False,,2.0
Final500,Final500_T000435,8f247ffe9a90256db61c5415bd72a160cc87710bf8eb86954e2e66f286cbd796,S0002279,0,18,productive_iteration,True,True,False,False,False,,19.0
Final500,Final500_T000435,8f247ffe9a90256db61c5415bd72a160cc87710bf8eb86954e2e66f286cbd796,S0002280,20,28,productive_iteration,False,True,False,False,False,,9.0
Final500,Final500_T000435,8f247ffe9a90256db61c5415bd72a160cc87710bf8eb86954e2e66f286cbd796,S0002281,30,36,productive_iteration,True,True,False,False,False,,7.0
Final500,Final500_T000436,0da2162a5acfbd38b1ac8e6238cbbafa58236442debe76f66ac6d59ccd375f10,S0002282,31,31,productive_iteration,False,True,False,False,False,,1.0
Final500,Final500_T000436,0da2162a5acfbd38b1ac8e6238cbbafa58236442debe76f66ac6d59ccd375f10,S0002283,0,13,productive_iteration,True,True,False,False,False,,14.0
Final500,Final500_T000436,0da2162a5acfbd38b1ac8e6238cbbafa58236442debe76f66ac6d59ccd375f10,S0002284,18,23,productive_iteration,True,True,False,False,False,,6.0
Final500,Final500_T000436,0da2162a5acfbd38b1ac8e6238cbbafa58236442debe76f66ac6d59ccd375f10,S0002285,36,40,productive_iteration,True,True,False,False,False,,5.0
Final500,Final500_T000436,0da2162a5acfbd38b1ac8e6238cbbafa58236442debe76f66ac6d59ccd375f10,S0002286,14,17,productive_iteration,False,True,False,False,False,,2.0
Final500,Final500_T000436,0da2162a5acfbd38b1ac8e6238cbbafa58236442debe76f66ac6d59ccd375f10,S0002287,14,17,unproductive_cycle,False,False,True,False,False,,1.0
Final500,Final500_T000436,0da2162a5acfbd38b1ac8e6238cbbafa58236442debe76f66ac6d59ccd375f10,S0002288,24,30,productive_iteration,True,True,False,False,False,,5.0
Final500,Final500_T000436,0da2162a5acfbd38b1ac8e6238cbbafa58236442debe76f66ac6d59ccd375f10,S0002289,24,30,unproductive_cycle,False,False,True,False,False,,2.0
Final500,Final500_T000436,0da2162a5acfbd38b1ac8e6238cbbafa58236442debe76f66ac6d59ccd375f10,S0002290,32,35,productive_iteration,True,True,False,False,False,,4.0
Final500,Final500_T000437,0045fa066a9680a6b795c479020ebc1b72db5292c1db2b4bd6a393b4ef7676d0,S0002291,39,39,productive_iteration,False,True,False,False,False,,1.0
Final500,Final500_T000437,0045fa066a9680a6b795c479020ebc1b72db5292c1db2b4bd6a393b4ef7676d0,S0002292,20,21,unproductive_cycle,False,False,True,False,False,,2.0
Final500,Final500_T000437,0045fa066a9680a6b795c479020ebc1b72db5292c1db2b4bd6a393b4ef7676d0,S0002293,0,12,productive_iteration,False,True,False,False,False,,13.0
Final500,Final500_T000437,0045fa066a9680a6b795c479020ebc1b72db5292c1db2b4bd6a393b4ef7676d0,S0002294,18,19,unproductive_cycle,False,False,True,False,False,,2.0
Final500,Final500_T000437,0045fa066a9680a6b795c479020ebc1b72db5292c1db2b4bd6a393b4ef7676d0,S0002295,22,23,unproductive_cycle,False,False,True,False,False,,2.0
Final500,Final500_T000437,0045fa066a9680a6b795c479020ebc1b72db5292c1db2b4bd6a393b4ef7676d0,S0002296,28,32,productive_iteration,False,True,False,False,False,,5.0
Final500,Final500_T000437,0045fa066a9680a6b795c479020ebc1b72db5292c1db2b4bd6a393b4ef7676d0,S0002297,37,38,productive_iteration,True,True,False,False,False,,1.0
Final500,Final500_T000437,0045fa066a9680a6b795c479020ebc1b72db5292c1db2b4bd6a393b4ef7676d0,S0002298,37,38,unproductive_cycle,False,False,True,False,False,,1.0
Final500,Final500_T000437,0045fa066a9680a6b795c479020ebc1b72db5292c1db2b4bd6a393b4ef7676d0,S0002299,40,41,productive_iteration,False,True,False,False,False,,2.0
Final500,Final500_T000437,0045fa066a9680a6b795c479020ebc1b72db5292c1db2b4bd6a393b4ef7676d0,S0002300,48,52,productive_iteration,False,True,False,False,False,,3.0
Final500,Final500_T000437,0045fa066a9680a6b795c479020ebc1b72db5292c1db2b4bd6a393b4ef7676d0,S0002301,48,52,unproductive_cycle,False,False,True,False,False,,2.0
Final500,Final500_T000437,0045fa066a9680a6b795c479020ebc1b72db5292c1db2b4bd6a393b4ef7676d0,S0002302,56,59,productive_iteration,False,True,False,False,False,,2.0
Final500,Final500_T000437,0045fa066a9680a6b795c479020ebc1b72db5292c1db2b4bd6a393b4ef7676d0,S0002303,56,59,unproductive_cycle,False,False,True,False,False,,2.0
Final500,Final500_T000437,0045fa066a9680a6b795c479020ebc1b72db5292c1db2b4bd6a393b4ef7676d0,S0002304,65,68,productive_iteration,False,True,False,False,False,,4.0
Final500,Final500_T000437,0045fa066a9680a6b795c479020ebc1b72db5292c1db2b4bd6a393b4ef7676d0,S0002305,73,77,productive_iteration,False,True,False,False,False,,2.0
Final500,Final500_T000437,0045fa066a9680a6b795c479020ebc1b72db5292c1db2b4bd6a393b4ef7676d0,S0002306,73,77,unproductive_cycle,False,False,True,False,False,,3.0
Final500,Final500_T000437,0045fa066a9680a6b795c479020ebc1b72db5292c1db2b4bd6a393b4ef7676d0,S0002307,13,17,unproductive_cycle,False,False,True,False,False,,5.0
Final500,Final500_T000437,0045fa066a9680a6b795c479020ebc1b72db5292c1db2b4bd6a393b4ef7676d0,S0002308,24,27,unproductive_cycle,False,False,True,False,False,,4.0
Final500,Final500_T000437,0045fa066a9680a6b795c479020ebc1b72db5292c1db2b4bd6a393b4ef7676d0,S0002309,33,36,unproductive_cycle,False,False,True,False,False,,4.0
Final500,Final500_T000437,0045fa066a9680a6b795c479020ebc1b72db5292c1db2b4bd6a393b4ef7676d0,S0002310,42,47,unproductive_cycle,False,False,True,False,False,,6.0
Final500,Final500_T000437,0045fa066a9680a6b795c479020ebc1b72db5292c1db2b4bd6a393b4ef7676d0,S0002311,53,55,unproductive_cycle,False,False,True,False,False,,3.0
Final500,Final500_T000437,0045fa066a9680a6b795c479020ebc1b72db5292c1db2b4bd6a393b4ef7676d0,S0002312,60,64,unproductive_cycle,False,False,True,False,False,,5.0
Final500,Final500_T000437,0045fa066a9680a6b795c479020ebc1b72db5292c1db2b4bd6a393b4ef7676d0,S0002313,69,72,unproductive_cycle,False,False,True,False,False,,4.0
Final500,Final500_T000438,9db8aa8f4233790d28c914b61c3fb336e2a72663ed111a8ce95c3a9f44c15ba1,S0002314,4,8,productive_iteration,True,True,False,False,False,,4.0
Final500,Final500_T000438,9db8aa8f4233790d28c914b61c3fb336e2a72663ed111a8ce95c3a9f44c15ba1,S0002315,35,35,unproductive_cycle,False,False,True,False,False,,1.0
Final500,Final500_T000438,9db8aa8f4233790d28c914b61c3fb336e2a72663ed111a8ce95c3a9f44c15ba1,S0002316,0,3,productive_iteration,False,True,False,False,False,,4.0
Final500,Final500_T000438,9db8aa8f4233790d28c914b61c3fb336e2a72663ed111a8ce95c3a9f44c15ba1,S0002317,28,31,unproductive_cycle,False,False,True,False,False,,4.0
Final500,Final500_T000438,9db8aa8f4233790d28c914b61c3fb336e2a72663ed111a8ce95c3a9f44c15ba1,S0002318,9,12,productive_iteration,True,True,False,False,False,,4.0
Final500,Final500_T000438,9db8aa8f4233790d28c914b61c3fb336e2a72663ed111a8ce95c3a9f44c15ba1,S0002319,14,27,unproductive_cycle,False,False,True,False,False,,14.0
Final500,Final500_T000438,9db8aa8f4233790d28c914b61c3fb336e2a72663ed111a8ce95c3a9f44c15ba1,S0002320,32,34,unproductive_cycle,False,False,True,False,False,,3.0
Final500,Final500_T000439,19b4af8b9e3e62681f67d02977ba8e2014c8bc5dd7bb427c60fafeb0742b645d,S0002321,10,33,productive_iteration,True,True,False,False,False,,5.0
Final500,Final500_T000439,19b4af8b9e3e62681f67d02977ba8e2014c8bc5dd7bb427c60fafeb0742b645d,S0002322,39,44,unproductive_cycle,False,False,True,False,False,,3.0
Final500,Final500_T000439,19b4af8b9e3e62681f67d02977ba8e2014c8bc5dd7bb427c60fafeb0742b645d,S0002323,2,6,productive_iteration,False,True,False,False,False,,5.0
Final500,Final500_T000439,19b4af8b9e3e62681f67d02977ba8e2014c8bc5dd7bb427c60fafeb0742b645d,S0002324,12,18,productive_iteration,True,True,False,False,False,,7.0
Final500,Final500_T000439,19b4af8b9e3e62681f67d02977ba8e2014c8bc5dd7bb427c60fafeb0742b645d,S0002325,20,26,productive_iteration,True,True,False,False,False,,7.0
Final500,Final500_T000439,19b4af8b9e3e62681f67d02977ba8e2014c8bc5dd7bb427c60fafeb0742b645d,S0002326,28,31,productive_iteration,True,True,False,False,False,,4.0
Final500,Final500_T000439,19b4af8b9e3e62681f67d02977ba8e2014c8bc5dd7bb427c60fafeb0742b645d,S0002327,34,38,productive_iteration,True,True,False,False,False,,5.0
Final500,Final500_T000439,19b4af8b9e3e62681f67d02977ba8e2014c8bc5dd7bb427c60fafeb0742b645d,S0002328,40,41,productive_iteration,False,True,False,False,False,,2.0
Final500,Final500_T000439,19b4af8b9e3e62681f67d02977ba8e2014c8bc5dd7bb427c60fafeb0742b645d,S0002329,45,46,productive_iteration,False,True,False,False,False,,2.0
Final500,Final500_T000439,19b4af8b9e3e62681f67d02977ba8e2014c8bc5dd7bb427c60fafeb0742b645d,S0002330,60,61,unproductive_cycle,False,False,True,False,False,,2.0
Final500,Final500_T000439,19b4af8b9e3e62681f67d02977ba8e2014c8bc5dd7bb427c60fafeb0742b645d,S0002331,7,9,productive_iteration,False,True,False,False,False,,1.0
Final500,Final500_T000439,19b4af8b9e3e62681f67d02977ba8e2014c8bc5dd7bb427c60fafeb0742b645d,S0002332,7,9,unproductive_cycle,False,False,True,False,False,,2.0
Final500,Final500_T000439,19b4af8b9e3e62681f67d02977ba8e2014c8bc5dd7bb427c60fafeb0742b645d,S0002333,47,59,productive_iteration,False,True,False,False,False,,3.0
Final500,Final500_T000439,19b4af8b9e3e62681f67d02977ba8e2014c8bc5dd7bb427c60fafeb0742b645d,S0002334,47,59,unproductive_cycle,False,False,True,False,False,,10.0
Final500,Final500_T000440,6492a1defb7a1eb60cfc52ead6e17d36fddcd1dd10b83341c306d2140acbdfe4,S0002335,0,9,productive_iteration,False,True,False,False,False,,10.0
Final500,Final500_T000440,6492a1defb7a1eb60cfc52ead6e17d36fddcd1dd10b83341c306d2140acbdfe4,S0002336,10,92,unproductive_cycle,False,False,True,False,False,,83.0
Final500,Final500_T000441,43f96a6215afa2608989a788377b280fd64eeeea94ef3a2d22b187b7f148cc9b,S0002337,19,20,productive_iteration,True,True,False,False,False,,2.0
Final500,Final500_T000441,43f96a6215afa2608989a788377b280fd64eeeea94ef3a2d22b187b7f148cc9b,S0002338,0,18,productive_iteration,False,True,False,False,False,,19.0
Final500,Final500_T000441,43f96a6215afa2608989a788377b280fd64eeeea94ef3a2d22b187b7f148cc9b,S0002339,21,33,productive_iteration,True,True,False,False,False,,13.0
Final500,Final500_T000442,2b0fb2617fe283d6148d1846c0b0cc4e01e93ba2509975efdc8ef2ca3edb3075,S0002340,2,5,productive_iteration,False,True,False,False,False,,4.0
Final500,Final500_T000442,2b0fb2617fe283d6148d1846c0b0cc4e01e93ba2509975efdc8ef2ca3edb3075,S0002341,0,1,productive_iteration,False,True,False,False,False,,2.0
Final500,Final500_T000442,2b0fb2617fe283d6148d1846c0b0cc4e01e93ba2509975efdc8ef2ca3edb3075,S0002342,6,30,productive_iteration,True,True,False,False,False,,25.0
Final500,Final500_T000443,85288a052f17c65a068121ea7cc947643374b27c536d66d8abf2a871a891ee34,S0002343,8,28,productive_iteration,False,True,False,False,False,,5.0
Final500,Final500_T000443,85288a052f17c65a068121ea7cc947643374b27c536d66d8abf2a871a891ee34,S0002344,0,3,productive_iteration,False,True,False,False,False,,4.0
Final500,Final500_T000443,85288a052f17c65a068121ea7cc947643374b27c536d66d8abf2a871a891ee34,S0002345,10,14,productive_iteration,False,True,False,False,False,,5.0
Final500,Final500_T000443,85288a052f17c65a068121ea7cc947643374b27c536d66d8abf2a871a891ee34,S0002346,18,23,productive_iteration,True,True,False,False,False,,6.0
Final500,Final500_T000443,85288a052f17c65a068121ea7cc947643374b27c536d66d8abf2a871a891ee34,S0002347,29,32,productive_iteration,True,True,False,False,False,,4.0
Final500,Final500_T000443,85288a052f17c65a068121ea7cc947643374b27c536d66d8abf2a871a891ee34,S0002348,4,7,productive_iteration,False,True,False,False,False,,4.0
Final500,Final500_T000443,85288a052f17c65a068121ea7cc947643374b27c536d66d8abf2a871a891ee34,S0002349,24,26,productive_iteration,True,True,False,False,False,,3.0
Final500,Final500_T000444,5040a08c6a2f773d40c062253d15926ad42d7e8158dae9411df224fd869475b6,S0002350,5,30,productive_iteration,True,True,False,False,False,,5.0
Final500,Final500_T000444,5040a08c6a2f773d40c062253d15926ad42d7e8158dae9411df224fd869475b6,S0002351,50,50,unproductive_cycle,False,False,True,False,False,,1.0
Final500,Final500_T000444,5040a08c6a2f773d40c062253d15926ad42d7e8158dae9411df224fd869475b6,S0002352,0,4,productive_iteration,False,True,False,False,False,,5.0
Final500,Final500_T000444,5040a08c6a2f773d40c062253d15926ad42d7e8158dae9411df224fd869475b6,S0002353,6,17,productive_iteration,True,True,False,False,False,,12.0
Final500,Final500_T000444,5040a08c6a2f773d40c062253d15926ad42d7e8158dae9411df224fd869475b6,S0002354,21,28,productive_iteration,True,True,False,False,False,,8.0
Final500,Final500_T000444,5040a08c6a2f773d40c062253d15926ad42d7e8158dae9411df224fd869475b6,S0002355,31,35,productive_iteration,False,True,False,False,False,,5.0
Final500,Final500_T000444,5040a08c6a2f773d40c062253d15926ad42d7e8158dae9411df224fd869475b6,S0002356,36,49,productive_iteration,False,True,False,False,False,,8.0
Final500,Final500_T000444,5040a08c6a2f773d40c062253d15926ad42d7e8158dae9411df224fd869475b6,S0002357,36,49,unproductive_cycle,False,False,True,False,False,,6.0
Final500,Final500_T000445,76c73ef229a56622b178efef9bb153920f6a42d58e3d59008e46dbf72dee1336,S0002358,0,21,productive_iteration,True,True,False,False,False,,8.0
Final500,Final500_T000445,76c73ef229a56622b178efef9bb153920f6a42d58e3d59008e46dbf72dee1336,S0002359,1,2,productive_iteration,False,True,False,False,False,,2.0
Final500,Final500_T000445,76c73ef229a56622b178efef9bb153920f6a42d58e3d59008e46dbf72dee1336,S0002360,22,29,productive_iteration,True,True,False,False,False,,8.0
Final500,Final500_T000445,76c73ef229a56622b178efef9bb153920f6a42d58e3d59008e46dbf72dee1336,S0002361,32,37,productive_iteration,True,True,False,False,False,,6.0
Final500,Final500_T000445,76c73ef229a56622b178efef9bb153920f6a42d58e3d59008e46dbf72dee1336,S0002362,5,11,productive_iteration,False,True,False,False,False,,5.0
Final500,Final500_T000445,76c73ef229a56622b178efef9bb153920f6a42d58e3d59008e46dbf72dee1336,S0002363,13,17,productive_iteration,False,True,False,False,False,,1.0
Final500,Final500_T000446,5c90e82926257968d4dd684329d90f0f1fc85919508e2ceaaece799765922fc4,S0002364,19,19,productive_iteration,False,True,False,False,False,,1.0
Final500,Final500_T000446,5c90e82926257968d4dd684329d90f0f1fc85919508e2ceaaece799765922fc4,S0002365,0,7,productive_iteration,True,True,False,False,False,,8.0
Final500,Final500_T000446,5c90e82926257968d4dd684329d90f0f1fc85919508e2ceaaece799765922fc4,S0002366,11,18,productive_iteration,False,True,False,False,False,,6.0
Final500,Final500_T000446,5c90e82926257968d4dd684329d90f0f1fc85919508e2ceaaece799765922fc4,S0002367,20,26,productive_iteration,True,True,False,False,False,,7.0
Final500,Final500_T000446,5c90e82926257968d4dd684329d90f0f1fc85919508e2ceaaece799765922fc4,S0002368,28,30,productive_iteration,False,True,False,False,False,,3.0
Final500,Final500_T000446,5c90e82926257968d4dd684329d90f0f1fc85919508e2ceaaece799765922fc4,S0002369,8,10,productive_iteration,False,True,False,False,False,,3.0
Final500,Final500_T000446,5c90e82926257968d4dd684329d90f0f1fc85919508e2ceaaece799765922fc4,S0002370,31,34,productive_iteration,True,True,False,False,False,,4.0
Final500,Final500_T000447,1f0bb2bc51e246474b45052c8e06b88e49471c2d6f61d7194f7c456c55f5e55f,S0002371,13,28,productive_iteration,True,True,False,False,False,,3.0
Final500,Final500_T000447,1f0bb2bc51e246474b45052c8e06b88e49471c2d6f61d7194f7c456c55f5e55f,S0002372,29,86,unproductive_cycle,False,False,True,False,False,,11.0
Final500,Final500_T000447,1f0bb2bc51e246474b45052c8e06b88e49471c2d6f61d7194f7c456c55f5e55f,S0002373,0,12,productive_iteration,False,True,False,False,False,,13.0
Final500,Final500_T000447,1f0bb2bc51e246474b45052c8e06b88e49471c2d6f61d7194f7c456c55f5e55f,S0002374,14,16,productive_iteration,False,True,False,False,False,,3.0
Final500,Final500_T000447,1f0bb2bc51e246474b45052c8e06b88e49471c2d6f61d7194f7c456c55f5e55f,S0002375,18,27,productive_iteration,True,True,False,False,False,,9.0
Final500,Final500_T000447,1f0bb2bc51e246474b45052c8e06b88e49471c2d6f61d7194f7c456c55f5e55f,S0002376,18,27,unproductive_cycle,False,False,True,False,False,,1.0
Final500,Final500_T000447,1f0bb2bc51e246474b45052c8e06b88e49471c2d6f61d7194f7c456c55f5e55f,S0002377,30,33,unproductive_cycle,False,False,True,False,False,,4.0
Final500,Final500_T000447,1f0bb2bc51e246474b45052c8e06b88e49471c2d6f61d7194f7c456c55f5e55f,S0002378,34,41,unproductive_cycle,False,False,True,False,False,,8.0
Final500,Final500_T000447,1f0bb2bc51e246474b45052c8e06b88e49471c2d6f61d7194f7c456c55f5e55f,S0002379,46,80,unproductive_cycle,False,False,True,False,False,,35.0
Final500,Final500_T000448,c02f1b1a2e081e70a2a132fe22093ab8b5db814139cb42cc55da049be7ef8817,S0002380,7,28,productive_iteration,True,True,False,False,False,,12.0
Final500,Final500_T000448,c02f1b1a2e081e70a2a132fe22093ab8b5db814139cb42cc55da049be7ef8817,S0002381,29,32,unproductive_cycle,False,False,True,False,False,,4.0
Final500,Final500_T000448,c02f1b1a2e081e70a2a132fe22093ab8b5db814139cb42cc55da049be7ef8817,S0002382,0,6,productive_iteration,False,True,False,False,False,,7.0
Final500,Final500_T000448,c02f1b1a2e081e70a2a132fe22093ab8b5db814139cb42cc55da049be7ef8817,S0002383,8,11,productive_iteration,False,True,False,False,False,,4.0
Final500,Final500_T000448,c02f1b1a2e081e70a2a132fe22093ab8b5db814139cb42cc55da049be7ef8817,S0002384,15,16,productive_iteration,False,True,False,False,False,,2.0
Final500,Final500_T000448,c02f1b1a2e081e70a2a132fe22093ab8b5db814139cb42cc55da049be7ef8817,S0002385,18,21,productive_iteration,True,True,False,False,False,,4.0
Final500,Final500_T000449,fa7be0e20fdaa8b9091c15066c64e6a8d078684b473bd66bb0690a9348164c89,S0002386,0,34,productive_iteration,True,True,False,False,False,,35.0
Final500,Final500_T000450,823c76b62967efe39cc5023f4dc2ae354fd8adb8bfc60d201b12bf1c4ceb3e8b,S0002387,0,26,productive_iteration,True,True,False,False,False,,9.0
Final500,Final500_T000450,823c76b62967efe39cc5023f4dc2ae354fd8adb8bfc60d201b12bf1c4ceb3e8b,S0002388,4,6,productive_iteration,False,True,False,False,False,,3.0
Final500,Final500_T000450,823c76b62967efe39cc5023f4dc2ae354fd8adb8bfc60d201b12bf1c4ceb3e8b,S0002389,8,19,productive_iteration,True,True,False,False,False,,12.0
Final500,Final500_T000450,823c76b62967efe39cc5023f4dc2ae354fd8adb8bfc60d201b12bf1c4ceb3e8b,S0002390,21,23,productive_iteration,True,True,False,False,False,,3.0
Final500,Final500_T000450,823c76b62967efe39cc5023f4dc2ae354fd8adb8bfc60d201b12bf1c4ceb3e8b,S0002391,27,30,productive_iteration,True,True,False,False,False,,4.0
Final500,Final500_T000451,3ca970f6cbff5a25c79cc538f63fd3881e1de66584d8aa1020c5c7d82a504e8a,S0002392,12,12,productive_iteration,False,True,False,False,False,,1.0
Final500,Final500_T000451,3ca970f6cbff5a25c79cc538f63fd3881e1de66584d8aa1020c5c7d82a504e8a,S0002393,0,11,productive_iteration,True,True,False,False,False,,12.0
Final500,Final500_T000451,3ca970f6cbff5a25c79cc538f63fd3881e1de66584d8aa1020c5c7d82a504e8a,S0002394,13,14,productive_iteration,False,True,False,False,False,,2.0
Final500,Final500_T000451,3ca970f6cbff5a25c79cc538f63fd3881e1de66584d8aa1020c5c7d82a504e8a,S0002395,15,31,productive_iteration,True,True,False,False,False,,1.0
Final500,Final500_T000451,3ca970f6cbff5a25c79cc538f63fd3881e1de66584d8aa1020c5c7d82a504e8a,S0002396,15,31,unproductive_cycle,False,False,True,False,False,,16.0
Final500,Final500_T000452,19608a59ee800801b7717ce169c54d3ce0addbe07707fe861e8512eeb6683a33,S0002397,8,22,productive_iteration,False,True,False,False,False,,5.0
Final500,Final500_T000452,19608a59ee800801b7717ce169c54d3ce0addbe07707fe861e8512eeb6683a33,S0002398,37,90,unproductive_cycle,False,False,True,False,False,,14.0
Final500,Final500_T000452,19608a59ee800801b7717ce169c54d3ce0addbe07707fe861e8512eeb6683a33,S0002399,0,7,productive_iteration,False,True,False,False,False,,8.0
Final500,Final500_T000452,19608a59ee800801b7717ce169c54d3ce0addbe07707fe861e8512eeb6683a33,S0002400,9,12,productive_iteration,True,True,False,False,False,,4.0
Final500,Final500_T000452,19608a59ee800801b7717ce169c54d3ce0addbe07707fe861e8512eeb6683a33,S0002401,16,20,productive_iteration,True,True,False,False,False,,5.0
Final500,Final500_T000452,19608a59ee800801b7717ce169c54d3ce0addbe07707fe861e8512eeb6683a33,S0002402,23,26,productive_iteration,False,True,False,False,False,,4.0
Final500,Final500_T000452,19608a59ee800801b7717ce169c54d3ce0addbe07707fe861e8512eeb6683a33,S0002403,30,32,productive_iteration,False,True,False,False,False,,3.0
Final500,Final500_T000452,19608a59ee800801b7717ce169c54d3ce0addbe07707fe861e8512eeb6683a33,S0002404,48,53,unproductive_cycle,False,False,True,False,False,,6.0
Final500,Final500_T000452,19608a59ee800801b7717ce169c54d3ce0addbe07707fe861e8512eeb6683a33,S0002405,64,69,unproductive_cycle,False,False,True,False,False,,6.0
Final500,Final500_T000452,19608a59ee800801b7717ce169c54d3ce0addbe07707fe861e8512eeb6683a33,S0002406,27,29,productive_iteration,False,True,False,False,False,,3.0
Final500,Final500_T000452,19608a59ee800801b7717ce169c54d3ce0addbe07707fe861e8512eeb6683a33,S0002407,33,36,unproductive_cycle,False,False,True,False,False,,4.0
Final500,Final500_T000452,19608a59ee800801b7717ce169c54d3ce0addbe07707fe861e8512eeb6683a33,S0002408,41,47,unproductive_cycle,False,False,True,False,False,,7.0
Final500,Final500_T000452,19608a59ee800801b7717ce169c54d3ce0addbe07707fe861e8512eeb6683a33,S0002409,57,63,unproductive_cycle,False,False,True,False,False,,7.0
Final500,Final500_T000452,19608a59ee800801b7717ce169c54d3ce0addbe07707fe861e8512eeb6683a33,S0002410,70,79,unproductive_cycle,False,False,True,False,False,,10.0
Final500,Final500_T000452,19608a59ee800801b7717ce169c54d3ce0addbe07707fe861e8512eeb6683a33,S0002411,81,84,unproductive_cycle,False,False,True,False,False,,4.0
Final500,Final500_T000453,3191c040b216e03149fa55d25253c9a9b71257b4c7d8b76dbe9c3292777a1395,S0002412,7,22,productive_iteration,False,True,False,False,False,,3.0
Final500,Final500_T000453,3191c040b216e03149fa55d25253c9a9b71257b4c7d8b76dbe9c3292777a1395,S0002413,0,6,productive_iteration,False,True,False,False,False,,7.0
Final500,Final500_T000453,3191c040b216e03149fa55d25253c9a9b71257b4c7d8b76dbe9c3292777a1395,S0002414,8,15,productive_iteration,True,True,False,False,False,,8.0
Final500,Final500_T000453,3191c040b216e03149fa55d25253c9a9b71257b4c7d8b76dbe9c3292777a1395,S0002415,17,21,productive_iteration,False,True,False,False,False,,5.0
Final500,Final500_T000453,3191c040b216e03149fa55d25253c9a9b71257b4c7d8b76dbe9c3292777a1395,S0002416,23,32,productive_iteration,True,True,False,False,False,,10.0
Final500,Final500_T000454,dfd3136aead528860e342bb71c79e54e9f1248b69cbfcc5c28f079eca643263a,S0002417,8,39,productive_iteration,False,True,False,False,False,,8.0
Final500,Final500_T000454,dfd3136aead528860e342bb71c79e54e9f1248b69cbfcc5c28f079eca643263a,S0002418,0,7,productive_iteration,True,True,False,False,False,,8.0
Final500,Final500_T000454,dfd3136aead528860e342bb71c79e54e9f1248b69cbfcc5c28f079eca643263a,S0002419,11,33,productive_iteration,True,True,False,False,False,,23.0
Final500,Final500_T000454,dfd3136aead528860e342bb71c79e54e9f1248b69cbfcc5c28f079eca643263a,S0002420,40,43,productive_iteration,False,True,False,False,False,,4.0
Final500,Final500_T000455,ae6f11d25b106266ed5a2bf9ad0dc7959ff56c4c67afb9f28788e363a10f1601,S0002421,9,9,productive_iteration,False,True,False,False,False,,1.0
Final500,Final500_T000455,ae6f11d25b106266ed5a2bf9ad0dc7959ff56c4c67afb9f28788e363a10f1601,S0002422,26,85,unproductive_cycle,False,False,True,False,False,,51.0
Final500,Final500_T000455,ae6f11d25b106266ed5a2bf9ad0dc7959ff56c4c67afb9f28788e363a10f1601,S0002423,4,5,productive_iteration,False,True,False,False,False,,2.0
Final500,Final500_T000455,ae6f11d25b106266ed5a2bf9ad0dc7959ff56c4c67afb9f28788e363a10f1601,S0002424,10,12,productive_iteration,False,True,False,False,False,,3.0
Final500,Final500_T000455,ae6f11d25b106266ed5a2bf9ad0dc7959ff56c4c67afb9f28788e363a10f1601,S0002425,17,25,productive_iteration,False,True,False,False,False,,5.0
Final500,Final500_T000455,ae6f11d25b106266ed5a2bf9ad0dc7959ff56c4c67afb9f28788e363a10f1601,S0002426,17,25,unproductive_cycle,False,False,True,False,False,,4.0
Final500,Final500_T000455,ae6f11d25b106266ed5a2bf9ad0dc7959ff56c4c67afb9f28788e363a10f1601,S0002427,28,32,unproductive_cycle,False,False,True,False,False,,5.0
Final500,Final500_T000455,ae6f11d25b106266ed5a2bf9ad0dc7959ff56c4c67afb9f28788e363a10f1601,S0002428,34,35,unproductive_cycle,False,False,True,False,False,,2.0
Final500,Final500_T000455,ae6f11d25b106266ed5a2bf9ad0dc7959ff56c4c67afb9f28788e363a10f1601,S0002429,37,38,unproductive_cycle,False,False,True,False,False,,2.0
Final500,Final500_T000455,ae6f11d25b106266ed5a2bf9ad0dc7959ff56c4c67afb9f28788e363a10f1601,S0002430,86,87,unproductive_cycle,False,False,True,False,False,,2.0
Final500,Final500_T000455,ae6f11d25b106266ed5a2bf9ad0dc7959ff56c4c67afb9f28788e363a10f1601,S0002431,1,3,unproductive_cycle,False,False,True,False,False,,3.0
Final500,Final500_T000455,ae6f11d25b106266ed5a2bf9ad0dc7959ff56c4c67afb9f28788e363a10f1601,S0002432,6,8,unproductive_cycle,False,False,True,False,False,,3.0
Final500,Final500_T000455,ae6f11d25b106266ed5a2bf9ad0dc7959ff56c4c67afb9f28788e363a10f1601,S0002433,13,16,productive_iteration,False,True,False,False,False,,2.0
Final500,Final500_T000455,ae6f11d25b106266ed5a2bf9ad0dc7959ff56c4c67afb9f28788e363a10f1601,S0002434,13,16,unproductive_cycle,False,False,True,False,False,,2.0
Final500,Final500_T000456,88ccd3e0b393513cd298be412a7d8bce6a440e411743a9cdc9ba6073eda0af6f,S0002435,17,26,productive_iteration,True,True,False,False,False,,4.0
Final500,Final500_T000456,88ccd3e0b393513cd298be412a7d8bce6a440e411743a9cdc9ba6073eda0af6f,S0002436,0,16,productive_iteration,True,True,False,False,False,,17.0
Final500,Final500_T000456,88ccd3e0b393513cd298be412a7d8bce6a440e411743a9cdc9ba6073eda0af6f,S0002437,18,23,productive_iteration,False,True,False,False,False,,6.0
Final500,Final500_T000456,88ccd3e0b393513cd298be412a7d8bce6a440e411743a9cdc9ba6073eda0af6f,S0002438,27,28,productive_iteration,False,True,False,False,False,,2.0
Final500,Final500_T000456,88ccd3e0b393513cd298be412a7d8bce6a440e411743a9cdc9ba6073eda0af6f,S0002439,30,142,productive_iteration,False,True,False,False,False,,1.0
Final500,Final500_T000456,88ccd3e0b393513cd298be412a7d8bce6a440e411743a9cdc9ba6073eda0af6f,S0002440,30,142,unproductive_cycle,False,False,True,False,False,,110.0
Final500,Final500_T000457,c7a45e69d71065510c682ce0a567432a2c2d533076b5a15aa3bad5820bcf483c,S0002441,83,83,unproductive_cycle,False,False,True,False,False,,1.0
Final500,Final500_T000457,c7a45e69d71065510c682ce0a567432a2c2d533076b5a15aa3bad5820bcf483c,S0002442,0,8,productive_iteration,True,True,False,False,False,,9.0
Final500,Final500_T000457,c7a45e69d71065510c682ce0a567432a2c2d533076b5a15aa3bad5820bcf483c,S0002443,81,82,unproductive_cycle,False,False,True,False,False,,2.0
Final500,Final500_T000457,c7a45e69d71065510c682ce0a567432a2c2d533076b5a15aa3bad5820bcf483c,S0002444,84,87,unproductive_cycle,False,False,True,False,False,,4.0
Final500,Final500_T000457,c7a45e69d71065510c682ce0a567432a2c2d533076b5a15aa3bad5820bcf483c,S0002445,105,106,unproductive_cycle,False,False,True,False,False,,2.0
Final500,Final500_T000457,c7a45e69d71065510c682ce0a567432a2c2d533076b5a15aa3bad5820bcf483c,S0002446,9,80,productive_iteration,True,True,False,False,False,,3.0
Final500,Final500_T000457,c7a45e69d71065510c682ce0a567432a2c2d533076b5a15aa3bad5820bcf483c,S0002447,9,80,unproductive_cycle,False,False,True,False,False,,69.0
Final500,Final500_T000457,c7a45e69d71065510c682ce0a567432a2c2d533076b5a15aa3bad5820bcf483c,S0002448,88,104,unproductive_cycle,False,False,True,False,False,,17.0
Final500,Final500_T000458,914f81ed0208ecc51d093519c51f9eca50997436a21e21f3e0b0c7cb98df539c,S0002449,0,19,productive_iteration,True,True,False,False,False,,20.0
Final500,Final500_T000458,914f81ed0208ecc51d093519c51f9eca50997436a21e21f3e0b0c7cb98df539c,S0002450,20,42,productive_iteration,False,True,False,False,False,,1.0
Final500,Final500_T000458,914f81ed0208ecc51d093519c51f9eca50997436a21e21f3e0b0c7cb98df539c,S0002451,20,42,unproductive_cycle,False,False,True,False,False,,22.0
Final500,Final500_T000459,6c72979bad7b16beac89db6da667e3f3974941322e0aa3f59b9f306cb9948dad,S0002452,22,22,productive_iteration,False,True,False,False,False,,1.0
Final500,Final500_T000459,6c72979bad7b16beac89db6da667e3f3974941322e0aa3f59b9f306cb9948dad,S0002453,0,21,productive_iteration,True,True,False,False,False,,22.0
Final500,Final500_T000459,6c72979bad7b16beac89db6da667e3f3974941322e0aa3f59b9f306cb9948dad,S0002454,23,31,productive_iteration,False,True,False,False,False,,9.0
Final500,Final500_T000459,6c72979bad7b16beac89db6da667e3f3974941322e0aa3f59b9f306cb9948dad,S0002455,36,39,productive_iteration,False,True,False,False,False,,4.0
Final500,Final500_T000459,6c72979bad7b16beac89db6da667e3f3974941322e0aa3f59b9f306cb9948dad,S0002456,44,55,productive_iteration,True,True,False,False,False,,11.0
Final500,Final500_T000459,6c72979bad7b16beac89db6da667e3f3974941322e0aa3f59b9f306cb9948dad,S0002457,40,43,productive_iteration,False,True,False,False,False,,2.0
Final500,Final500_T000460,6fe04c16de077a4085e9cb670cc4113b1b0a4a942ee9887b8c561a80bc03cd70,S0002458,19,19,productive_iteration,False,True,False,False,False,,1.0
Final500,Final500_T000460,6fe04c16de077a4085e9cb670cc4113b1b0a4a942ee9887b8c561a80bc03cd70,S0002459,0,18,productive_iteration,True,True,False,False,False,,19.0
Final500,Final500_T000460,6fe04c16de077a4085e9cb670cc4113b1b0a4a942ee9887b8c561a80bc03cd70,S0002460,20,27,productive_iteration,True,True,False,False,False,,8.0
Final500,Final500_T000460,6fe04c16de077a4085e9cb670cc4113b1b0a4a942ee9887b8c561a80bc03cd70,S0002461,34,38,productive_iteration,True,True,False,False,False,,5.0
Final500,Final500_T000460,6fe04c16de077a4085e9cb670cc4113b1b0a4a942ee9887b8c561a80bc03cd70,S0002462,40,43,productive_iteration,False,True,False,False,False,,4.0
Final500,Final500_T000460,6fe04c16de077a4085e9cb670cc4113b1b0a4a942ee9887b8c561a80bc03cd70,S0002463,28,33,productive_iteration,False,True,False,False,False,,6.0
Final500,Final500_T000461,dd339b09843f34a2d1580f20c51e2ad08836ff6054f9643238fdc94a07055959,S0002464,27,43,productive_iteration,False,True,False,False,False,,6.0
Final500,Final500_T000461,dd339b09843f34a2d1580f20c51e2ad08836ff6054f9643238fdc94a07055959,S0002465,55,76,unproductive_cycle,False,False,True,False,False,,6.0
Final500,Final500_T000461,dd339b09843f34a2d1580f20c51e2ad08836ff6054f9643238fdc94a07055959,S0002466,0,5,productive_iteration,False,True,False,False,False,,6.0
Final500,Final500_T000461,dd339b09843f34a2d1580f20c51e2ad08836ff6054f9643238fdc94a07055959,S0002467,8,18,productive_iteration,True,True,False,False,False,,11.0
Final500,Final500_T000461,dd339b09843f34a2d1580f20c51e2ad08836ff6054f9643238fdc94a07055959,S0002468,21,26,productive_iteration,True,True,False,False,False,,6.0
Final500,Final500_T000461,dd339b09843f34a2d1580f20c51e2ad08836ff6054f9643238fdc94a07055959,S0002469,31,33,productive_iteration,True,True,False,False,False,,3.0
Final500,Final500_T000461,dd339b09843f34a2d1580f20c51e2ad08836ff6054f9643238fdc94a07055959,S0002470,35,39,productive_iteration,True,True,False,False,False,,3.0
Final500,Final500_T000461,dd339b09843f34a2d1580f20c51e2ad08836ff6054f9643238fdc94a07055959,S0002471,44,45,productive_iteration,True,True,False,False,False,,2.0
Final500,Final500_T000461,dd339b09843f34a2d1580f20c51e2ad08836ff6054f9643238fdc94a07055959,S0002472,49,51,unproductive_cycle,False,False,True,False,False,,3.0
Final500,Final500_T000461,dd339b09843f34a2d1580f20c51e2ad08836ff6054f9643238fdc94a07055959,S0002473,56,59,unproductive_cycle,False,False,True,False,False,,4.0
Final500,Final500_T000461,dd339b09843f34a2d1580f20c51e2ad08836ff6054f9643238fdc94a07055959,S0002474,62,68,unproductive_cycle,False,False,True,False,False,,7.0
Final500,Final500_T000461,dd339b09843f34a2d1580f20c51e2ad08836ff6054f9643238fdc94a07055959,S0002475,70,72,unproductive_cycle,False,False,True,False,False,,3.0
Final500,Final500_T000461,dd339b09843f34a2d1580f20c51e2ad08836ff6054f9643238fdc94a07055959,S0002476,74,75,unproductive_cycle,False,False,True,False,False,,2.0
Final500,Final500_T000461,dd339b09843f34a2d1580f20c51e2ad08836ff6054f9643238fdc94a07055959,S0002477,77,82,productive_iteration,False,True,False,False,False,,4.0
Final500,Final500_T000461,dd339b09843f34a2d1580f20c51e2ad08836ff6054f9643238fdc94a07055959,S0002478,77,82,unproductive_cycle,False,False,True,False,False,,2.0
Final500,Final500_T000461,dd339b09843f34a2d1580f20c51e2ad08836ff6054f9643238fdc94a07055959,S0002479,46,48,productive_iteration,False,True,False,False,False,,2.0
Final500,Final500_T000461,dd339b09843f34a2d1580f20c51e2ad08836ff6054f9643238fdc94a07055959,S0002480,46,48,unproductive_cycle,False,False,True,False,False,,1.0
Final500,Final500_T000461,dd339b09843f34a2d1580f20c51e2ad08836ff6054f9643238fdc94a07055959,S0002481,52,54,unproductive_cycle,False,False,True,False,False,,3.0
Final500,Final500_T000462,7e7f2d9cfd260781ba35d2aebbc7b3a3f016641337919ceaecccba96818a2ab2,S0002482,1,1,productive_iteration,False,True,False,False,False,,1.0
Final500,Final500_T000462,7e7f2d9cfd260781ba35d2aebbc7b3a3f016641337919ceaecccba96818a2ab2,S0002483,45,177,unproductive_cycle,False,False,True,False,False,,2.0
Final500,Final500_T000462,7e7f2d9cfd260781ba35d2aebbc7b3a3f016641337919ceaecccba96818a2ab2,S0002484,2,8,productive_iteration,False,True,False,False,False,,7.0
Final500,Final500_T000462,7e7f2d9cfd260781ba35d2aebbc7b3a3f016641337919ceaecccba96818a2ab2,S0002485,12,14,unproductive_cycle,False,False,True,False,False,,2.0
Final500,Final500_T000462,7e7f2d9cfd260781ba35d2aebbc7b3a3f016641337919ceaecccba96818a2ab2,S0002486,9,11,unproductive_cycle,False,False,True,False,False,,3.0
Final500,Final500_T000462,7e7f2d9cfd260781ba35d2aebbc7b3a3f016641337919ceaecccba96818a2ab2,S0002487,15,44,unproductive_cycle,False,False,True,False,False,,30.0
Final500,Final500_T000462,7e7f2d9cfd260781ba35d2aebbc7b3a3f016641337919ceaecccba96818a2ab2,S0002488,46,176,unproductive_cycle,False,False,True,False,False,,131.0
Final500,Final500_T000462,7e7f2d9cfd260781ba35d2aebbc7b3a3f016641337919ceaecccba96818a2ab2,S0002489,178,186,unproductive_cycle,False,False,True,False,False,,9.0
Final500,Final500_T000463,b037d421fda1b14e41473d3debc662fc3c19e83f4e23e3516a651b086c466e3b,S0002490,37,76,unproductive_cycle,False,False,True,False,False,,9.0
Final500,Final500_T000463,b037d421fda1b14e41473d3debc662fc3c19e83f4e23e3516a651b086c466e3b,S0002491,0,8,productive_iteration,True,True,False,False,False,,9.0
Final500,Final500_T000463,b037d421fda1b14e41473d3debc662fc3c19e83f4e23e3516a651b086c466e3b,S0002492,14,26,productive_iteration,False,True,False,False,False,,2.0
Final500,Final500_T000463,b037d421fda1b14e41473d3debc662fc3c19e83f4e23e3516a651b086c466e3b,S0002493,14,26,unproductive_cycle,False,False,True,False,False,,10.0
Final500,Final500_T000463,b037d421fda1b14e41473d3debc662fc3c19e83f4e23e3516a651b086c466e3b,S0002494,56,59,unproductive_cycle,False,False,True,False,False,,4.0
Final500,Final500_T000463,b037d421fda1b14e41473d3debc662fc3c19e83f4e23e3516a651b086c466e3b,S0002495,64,68,productive_iteration,False,True,False,False,False,,3.0
Final500,Final500_T000463,b037d421fda1b14e41473d3debc662fc3c19e83f4e23e3516a651b086c466e3b,S0002496,64,68,unproductive_cycle,False,False,True,False,False,,2.0
Final500,Final500_T000463,b037d421fda1b14e41473d3debc662fc3c19e83f4e23e3516a651b086c466e3b,S0002497,72,75,productive_iteration,False,True,False,False,False,,3.0
Final500,Final500_T000463,b037d421fda1b14e41473d3debc662fc3c19e83f4e23e3516a651b086c466e3b,S0002498,72,75,unproductive_cycle,False,False,True,False,False,,1.0
Final500,Final500_T000463,b037d421fda1b14e41473d3debc662fc3c19e83f4e23e3516a651b086c466e3b,S0002499,80,83,productive_iteration,False,True,False,False,False,,4.0
Final500,Final500_T000463,b037d421fda1b14e41473d3debc662fc3c19e83f4e23e3516a651b086c466e3b,S0002500,9,13,unproductive_cycle,False,False,True,False,False,,4.0
Final500,Final500_T000463,b037d421fda1b14e41473d3debc662fc3c19e83f4e23e3516a651b086c466e3b,S0002501,27,36,unproductive_cycle,False,False,True,False,False,,10.0
Final500,Final500_T000463,b037d421fda1b14e41473d3debc662fc3c19e83f4e23e3516a651b086c466e3b,S0002502,38,47,unproductive_cycle,False,False,True,False,False,,10.0
Final500,Final500_T000463,b037d421fda1b14e41473d3debc662fc3c19e83f4e23e3516a651b086c466e3b,S0002503,50,53,unproductive_cycle,False,False,True,False,False,,4.0
Final500,Final500_T000463,b037d421fda1b14e41473d3debc662fc3c19e83f4e23e3516a651b086c466e3b,S0002504,61,63,unproductive_cycle,False,False,True,False,False,,3.0
Final500,Final500_T000463,b037d421fda1b14e41473d3debc662fc3c19e83f4e23e3516a651b086c466e3b,S0002505,77,79,unproductive_cycle,False,False,True,False,False,,3.0
Final500,Final500_T000463,b037d421fda1b14e41473d3debc662fc3c19e83f4e23e3516a651b086c466e3b,S0002506,84,86,unproductive_cycle,False,False,True,False,False,,3.0
Final500,Final500_T000464,cef74c31487351ba4c1082564fa7d88b674e41c380d23858388e474248b4959c,S0002507,8,15,productive_iteration,True,True,False,False,False,,3.0
Final500,Final500_T000464,cef74c31487351ba4c1082564fa7d88b674e41c380d23858388e474248b4959c,S0002508,58,98,unproductive_cycle,False,False,True,False,False,,4.0
Final500,Final500_T000464,cef74c31487351ba4c1082564fa7d88b674e41c380d23858388e474248b4959c,S0002509,0,7,productive_iteration,True,True,False,False,False,,8.0
Final500,Final500_T000464,cef74c31487351ba4c1082564fa7d88b674e41c380d23858388e474248b4959c,S0002510,9,11,productive_iteration,True,True,False,False,False,,3.0
Final500,Final500_T000464,cef74c31487351ba4c1082564fa7d88b674e41c380d23858388e474248b4959c,S0002511,13,14,productive_iteration,False,True,False,False,False,,2.0
Final500,Final500_T000464,cef74c31487351ba4c1082564fa7d88b674e41c380d23858388e474248b4959c,S0002512,16,22,productive_iteration,True,True,False,False,False,,7.0
Final500,Final500_T000464,cef74c31487351ba4c1082564fa7d88b674e41c380d23858388e474248b4959c,S0002513,23,57,unproductive_cycle,False,False,True,False,False,,35.0
Final500,Final500_T000464,cef74c31487351ba4c1082564fa7d88b674e41c380d23858388e474248b4959c,S0002514,59,61,unproductive_cycle,False,False,True,False,False,,3.0
Final500,Final500_T000464,cef74c31487351ba4c1082564fa7d88b674e41c380d23858388e474248b4959c,S0002515,63,81,unproductive_cycle,False,False,True,False,False,,19.0
Final500,Final500_T000464,cef74c31487351ba4c1082564fa7d88b674e41c380d23858388e474248b4959c,S0002516,83,96,unproductive_cycle,False,False,True,False,False,,14.0
Final500,Final500_T000465,d1ec1fd5879e03276bee3a7e9d151c1d0cc6f467fde88b1348c393b6bc6776e5,S0002517,28,30,productive_iteration,True,True,False,False,False,,3.0
Final500,Final500_T000465,d1ec1fd5879e03276bee3a7e9d151c1d0cc6f467fde88b1348c393b6bc6776e5,S0002518,0,14,productive_iteration,True,True,False,False,False,,15.0
Final500,Final500_T000465,d1ec1fd5879e03276bee3a7e9d151c1d0cc6f467fde88b1348c393b6bc6776e5,S0002519,19,24,productive_iteration,True,True,False,False,False,,6.0
Final500,Final500_T000465,d1ec1fd5879e03276bee3a7e9d151c1d0cc6f467fde88b1348c393b6bc6776e5,S0002520,15,18,productive_iteration,True,True,False,False,False,,4.0
Final500,Final500_T000465,d1ec1fd5879e03276bee3a7e9d151c1d0cc6f467fde88b1348c393b6bc6776e5,S0002521,25,27,productive_iteration,True,True,False,False,False,,3.0
Final500,Final500_T000466,4db85670a31b5814431c240f30e5136597bdeb7d0a9ebc4beaf42342c0d90591,S0002522,38,38,unproductive_cycle,False,False,True,False,False,,1.0
Final500,Final500_T000466,4db85670a31b5814431c240f30e5136597bdeb7d0a9ebc4beaf42342c0d90591,S0002523,0,16,productive_iteration,True,True,False,False,False,,17.0
Final500,Final500_T000466,4db85670a31b5814431c240f30e5136597bdeb7d0a9ebc4beaf42342c0d90591,S0002524,24,26,productive_iteration,False,True,False,False,False,,1.0
Final500,Final500_T000466,4db85670a31b5814431c240f30e5136597bdeb7d0a9ebc4beaf42342c0d90591,S0002525,24,26,unproductive_cycle,False,False,True,False,False,,2.0
Final500,Final500_T000466,4db85670a31b5814431c240f30e5136597bdeb7d0a9ebc4beaf42342c0d90591,S0002526,56,58,productive_iteration,False,True,False,False,False,,1.0
Final500,Final500_T000466,4db85670a31b5814431c240f30e5136597bdeb7d0a9ebc4beaf42342c0d90591,S0002527,56,58,unproductive_cycle,False,False,True,False,False,,2.0
Final500,Final500_T000466,4db85670a31b5814431c240f30e5136597bdeb7d0a9ebc4beaf42342c0d90591,S0002528,17,19,productive_iteration,False,True,False,False,False,,3.0
Final500,Final500_T000466,4db85670a31b5814431c240f30e5136597bdeb7d0a9ebc4beaf42342c0d90591,S0002529,21,23,productive_iteration,False,True,False,False,False,,3.0
Final500,Final500_T000466,4db85670a31b5814431c240f30e5136597bdeb7d0a9ebc4beaf42342c0d90591,S0002530,27,37,unproductive_cycle,False,False,True,False,False,,11.0
Final500,Final500_T000466,4db85670a31b5814431c240f30e5136597bdeb7d0a9ebc4beaf42342c0d90591,S0002531,39,55,unproductive_cycle,False,False,True,False,False,,17.0
Final500,Final500_T000466,4db85670a31b5814431c240f30e5136597bdeb7d0a9ebc4beaf42342c0d90591,S0002532,59,111,unproductive_cycle,False,False,True,False,False,,53.0
Final500,Final500_T000467,5e15881922f64d10e65953dd1f08cfade2f4327556387083040f2119a4683f9e,S0002533,0,1,productive_iteration,False,True,False,False,False,,2.0
Final500,Final500_T000467,5e15881922f64d10e65953dd1f08cfade2f4327556387083040f2119a4683f9e,S0002534,50,59,productive_iteration,True,True,False,False,False,,10.0
Final500,Final500_T000467,5e15881922f64d10e65953dd1f08cfade2f4327556387083040f2119a4683f9e,S0002535,2,49,productive_iteration,False,True,False,False,False,,7.0
Final500,Final500_T000467,5e15881922f64d10e65953dd1f08cfade2f4327556387083040f2119a4683f9e,S0002536,2,49,unproductive_cycle,False,False,True,False,False,,41.0
Final500,Final500_T000468,df73bbaa9df270ad2ddc223a8e92a76bec38cf66f97ff8562b4bfaaa0d5c25f2,S0002537,32,32,productive_iteration,True,True,False,False,False,,1.0
Final500,Final500_T000468,df73bbaa9df270ad2ddc223a8e92a76bec38cf66f97ff8562b4bfaaa0d5c25f2,S0002538,0,5,productive_iteration,True,True,False,False,False,,6.0
Final500,Final500_T000468,df73bbaa9df270ad2ddc223a8e92a76bec38cf66f97ff8562b4bfaaa0d5c25f2,S0002539,7,31,productive_iteration,True,True,False,False,False,,25.0
Final500,Final500_T000468,df73bbaa9df270ad2ddc223a8e92a76bec38cf66f97ff8562b4bfaaa0d5c25f2,S0002540,33,47,productive_iteration,True,True,False,False,False,,14.0
Final500,Final500_T000469,51a214d60af07e2f7ac9d82843d7ef17fa358b3a4366fb22d48ce79e8d9979d9,S0002541,16,16,productive_iteration,False,True,False,False,False,,1.0
Final500,Final500_T000469,51a214d60af07e2f7ac9d82843d7ef17fa358b3a4366fb22d48ce79e8d9979d9,S0002542,24,24,unproductive_cycle,False,False,True,False,False,,1.0
Final500,Final500_T000469,51a214d60af07e2f7ac9d82843d7ef17fa358b3a4366fb22d48ce79e8d9979d9,S0002543,0,15,productive_iteration,True,True,False,False,False,,16.0
Final500,Final500_T000469,51a214d60af07e2f7ac9d82843d7ef17fa358b3a4366fb22d48ce79e8d9979d9,S0002544,17,23,productive_iteration,True,True,False,False,False,,6.0
Final500,Final500_T000469,51a214d60af07e2f7ac9d82843d7ef17fa358b3a4366fb22d48ce79e8d9979d9,S0002545,17,23,unproductive_cycle,False,False,True,False,False,,1.0
Final500,Final500_T000469,51a214d60af07e2f7ac9d82843d7ef17fa358b3a4366fb22d48ce79e8d9979d9,S0002546,25,35,unproductive_cycle,False,False,True,False,False,,11.0
Final500,Final500_T000470,b8fe13f3f276507c6fdfb42922022edca738039758cf5d1d3a39668a4a186d64,S0002547,10,15,unproductive_cycle,False,False,True,False,False,,6.0
Final500,Final500_T000470,b8fe13f3f276507c6fdfb42922022edca738039758cf5d1d3a39668a4a186d64,S0002548,0,6,productive_iteration,True,True,False,False,False,,7.0
Final500,Final500_T000470,b8fe13f3f276507c6fdfb42922022edca738039758cf5d1d3a39668a4a186d64,S0002549,16,193,unproductive_cycle,False,False,True,False,False,,178.0
Final500,Final500_T000471,a75c207b297614f50133b7e2435a19f6ed874a137f4a10a3d04d028deb132a66,S0002550,21,41,productive_iteration,False,True,False,False,False,,5.0
Final500,Final500_T000471,a75c207b297614f50133b7e2435a19f6ed874a137f4a10a3d04d028deb132a66,S0002551,63,125,unproductive_cycle,False,False,True,False,False,,17.0
Final500,Final500_T000471,a75c207b297614f50133b7e2435a19f6ed874a137f4a10a3d04d028deb132a66,S0002552,0,17,productive_iteration,False,True,False,False,False,,17.0
Final500,Final500_T000471,a75c207b297614f50133b7e2435a19f6ed874a137f4a10a3d04d028deb132a66,S0002553,22,37,productive_iteration,True,True,False,False,False,,16.0
Final500,Final500_T000471,a75c207b297614f50133b7e2435a19f6ed874a137f4a10a3d04d028deb132a66,S0002554,42,50,productive_iteration,True,True,False,False,False,,7.0
Final500,Final500_T000471,a75c207b297614f50133b7e2435a19f6ed874a137f4a10a3d04d028deb132a66,S0002555,42,50,unproductive_cycle,False,False,True,False,False,,2.0
Final500,Final500_T000471,a75c207b297614f50133b7e2435a19f6ed874a137f4a10a3d04d028deb132a66,S0002556,56,62,productive_iteration,False,True,False,False,False,,6.0
Final500,Final500_T000471,a75c207b297614f50133b7e2435a19f6ed874a137f4a10a3d04d028deb132a66,S0002557,56,62,unproductive_cycle,False,False,True,False,False,,1.0
Final500,Final500_T000471,a75c207b297614f50133b7e2435a19f6ed874a137f4a10a3d04d028deb132a66,S0002558,66,67,unproductive_cycle,False,False,True,False,False,,2.0
Final500,Final500_T000471,a75c207b297614f50133b7e2435a19f6ed874a137f4a10a3d04d028deb132a66,S0002559,70,76,productive_iteration,False,True,False,False,False,,2.0
Final500,Final500_T000471,a75c207b297614f50133b7e2435a19f6ed874a137f4a10a3d04d028deb132a66,S0002560,70,76,unproductive_cycle,False,False,True,False,False,,5.0
Final500,Final500_T000471,a75c207b297614f50133b7e2435a19f6ed874a137f4a10a3d04d028deb132a66,S0002561,80,90,productive_iteration,False,True,False,False,False,,2.0
Final500,Final500_T000471,a75c207b297614f50133b7e2435a19f6ed874a137f4a10a3d04d028deb132a66,S0002562,80,90,unproductive_cycle,False,False,True,False,False,,9.0
Final500,Final500_T000471,a75c207b297614f50133b7e2435a19f6ed874a137f4a10a3d04d028deb132a66,S0002563,100,105,unproductive_cycle,False,False,True,False,False,,6.0
Final500,Final500_T000471,a75c207b297614f50133b7e2435a19f6ed874a137f4a10a3d04d028deb132a66,S0002564,110,118,productive_iteration,False,True,False,False,False,,4.0
Final500,Final500_T000471,a75c207b297614f50133b7e2435a19f6ed874a137f4a10a3d04d028deb132a66,S0002565,110,118,unproductive_cycle,False,False,True,False,False,,5.0
Final500,Final500_T000471,a75c207b297614f50133b7e2435a19f6ed874a137f4a10a3d04d028deb132a66,S0002566,126,128,productive_iteration,False,True,False,False,False,,2.0
Final500,Final500_T000471,a75c207b297614f50133b7e2435a19f6ed874a137f4a10a3d04d028deb132a66,S0002567,51,55,unproductive_cycle,False,False,True,False,False,,5.0
Final500,Final500_T000471,a75c207b297614f50133b7e2435a19f6ed874a137f4a10a3d04d028deb132a66,S0002568,91,97,unproductive_cycle,False,False,True,False,False,,7.0
Final500,Final500_T000471,a75c207b297614f50133b7e2435a19f6ed874a137f4a10a3d04d028deb132a66,S0002569,106,109,unproductive_cycle,False,False,True,False,False,,4.0
Final500,Final500_T000472,0e63c23d2cb3bfdeb4e544b13cf98cdbbeedad5e7e8cade189eb70cf1abc6c80,S0002570,0,16,productive_iteration,True,True,False,False,False,,17.0
Final500,Final500_T000472,0e63c23d2cb3bfdeb4e544b13cf98cdbbeedad5e7e8cade189eb70cf1abc6c80,S0002571,17,88,unproductive_cycle,False,False,True,False,False,,71.0
Final500,Final500_T000473,b1c510f117c1f817d3174e8dea8f46472ed306957c84614b9f2b9d776164ba15,S0002572,80,80,unproductive_cycle,False,False,True,False,False,,1.0
Final500,Final500_T000473,b1c510f117c1f817d3174e8dea8f46472ed306957c84614b9f2b9d776164ba15,S0002573,0,14,productive_iteration,True,True,False,False,False,,15.0
Final500,Final500_T000473,b1c510f117c1f817d3174e8dea8f46472ed306957c84614b9f2b9d776164ba15,S0002574,32,33,unproductive_cycle,False,False,True,False,False,,2.0
Final500,Final500_T000473,b1c510f117c1f817d3174e8dea8f46472ed306957c84614b9f2b9d776164ba15,S0002575,48,49,unproductive_cycle,False,False,True,False,False,,2.0
Final500,Final500_T000473,b1c510f117c1f817d3174e8dea8f46472ed306957c84614b9f2b9d776164ba15,S0002576,15,31,productive_iteration,True,True,False,False,False,,3.0
Final500,Final500_T000473,b1c510f117c1f817d3174e8dea8f46472ed306957c84614b9f2b9d776164ba15,S0002577,15,31,unproductive_cycle,False,False,True,False,False,,14.0
Final500,Final500_T000473,b1c510f117c1f817d3174e8dea8f46472ed306957c84614b9f2b9d776164ba15,S0002578,34,47,unproductive_cycle,False,False,True,False,False,,14.0
Final500,Final500_T000473,b1c510f117c1f817d3174e8dea8f46472ed306957c84614b9f2b9d776164ba15,S0002579,50,79,unproductive_cycle,False,False,True,False,False,,30.0
Final500,Final500_T000474,92736ae374f57161a9dfe4449a265104ef515be6858b879511746617029faf58,S0002580,0,9,productive_iteration,True,True,False,False,False,,10.0
Final500,Final500_T000474,92736ae374f57161a9dfe4449a265104ef515be6858b879511746617029faf58,S0002581,10,161,productive_iteration,True,True,False,False,False,,1.0
Final500,Final500_T000474,92736ae374f57161a9dfe4449a265104ef515be6858b879511746617029faf58,S0002582,10,161,unproductive_cycle,False,False,True,False,False,,150.0
Final500,Final500_T000475,8a197271a677303604ddfd3fbff74efc65f18d8e4af77b2a89c97426a688fb27,S0002583,12,23,productive_iteration,True,True,False,False,False,,4.0
Final500,Final500_T000475,8a197271a677303604ddfd3fbff74efc65f18d8e4af77b2a89c97426a688fb27,S0002584,0,11,productive_iteration,False,True,False,False,False,,12.0
Final500,Final500_T000475,8a197271a677303604ddfd3fbff74efc65f18d8e4af77b2a89c97426a688fb27,S0002585,13,17,productive_iteration,True,True,False,False,False,,5.0
Final500,Final500_T000475,8a197271a677303604ddfd3fbff74efc65f18d8e4af77b2a89c97426a688fb27,S0002586,19,21,productive_iteration,True,True,False,False,False,,3.0
Final500,Final500_T000475,8a197271a677303604ddfd3fbff74efc65f18d8e4af77b2a89c97426a688fb27,S0002587,24,124,unproductive_cycle,False,False,True,False,False,,101.0
Final500,Final500_T000476,2332c3cb7ef034d79a3e9842a38a5ae516a7c6d5078ab70afe99c2d4a949b178,S0002588,5,19,productive_iteration,True,True,False,False,False,,4.0
Final500,Final500_T000476,2332c3cb7ef034d79a3e9842a38a5ae516a7c6d5078ab70afe99c2d4a949b178,S0002589,0,4,productive_iteration,False,True,False,False,False,,5.0
Final500,Final500_T000476,2332c3cb7ef034d79a3e9842a38a5ae516a7c6d5078ab70afe99c2d4a949b178,S0002590,6,9,productive_iteration,False,True,False,False,False,,4.0
Final500,Final500_T000476,2332c3cb7ef034d79a3e9842a38a5ae516a7c6d5078ab70afe99c2d4a949b178,S0002591,11,14,productive_iteration,False,True,False,False,False,,4.0
Final500,Final500_T000476,2332c3cb7ef034d79a3e9842a38a5ae516a7c6d5078ab70afe99c2d4a949b178,S0002592,16,18,productive_iteration,False,True,False,False,False,,3.0
Final500,Final500_T000476,2332c3cb7ef034d79a3e9842a38a5ae516a7c6d5078ab70afe99c2d4a949b178,S0002593,20,34,productive_iteration,False,True,False,False,False,,9.0
Final500,Final500_T000476,2332c3cb7ef034d79a3e9842a38a5ae516a7c6d5078ab70afe99c2d4a949b178,S0002594,20,34,unproductive_cycle,False,False,True,False,False,,6.0
Final500,Final500_T000477,9d5403ccec70edf6394f9730c6ca1d312f7c86973e15bb824f0bc8a63ab0ad7e,S0002595,30,34,productive_iteration,True,True,False,False,False,,3.0
Final500,Final500_T000477,9d5403ccec70edf6394f9730c6ca1d312f7c86973e15bb824f0bc8a63ab0ad7e,S0002596,0,22,productive_iteration,True,True,False,False,False,,23.0
Final500,Final500_T000477,9d5403ccec70edf6394f9730c6ca1d312f7c86973e15bb824f0bc8a63ab0ad7e,S0002597,26,28,productive_iteration,False,True,False,False,False,,3.0
Final500,Final500_T000477,9d5403ccec70edf6394f9730c6ca1d312f7c86973e15bb824f0bc8a63ab0ad7e,S0002598,32,33,productive_iteration,False,True,False,False,False,,2.0
Final500,Final500_T000477,9d5403ccec70edf6394f9730c6ca1d312f7c86973e15bb824f0bc8a63ab0ad7e,S0002599,35,43,productive_iteration,True,True,False,False,False,,9.0
Final500,Final500_T000477,9d5403ccec70edf6394f9730c6ca1d312f7c86973e15bb824f0bc8a63ab0ad7e,S0002600,47,50,productive_iteration,False,True,False,False,False,,2.0
Final500,Final500_T000477,9d5403ccec70edf6394f9730c6ca1d312f7c86973e15bb824f0bc8a63ab0ad7e,S0002601,44,46,productive_iteration,True,True,False,False,False,,1.0
Final500,Final500_T000477,9d5403ccec70edf6394f9730c6ca1d312f7c86973e15bb824f0bc8a63ab0ad7e,S0002602,44,46,unproductive_cycle,False,False,True,False,False,,2.0
Final500,Final500_T000478,8035158b22485434efcdc23fe654615f06e846c72c7dfa4d159def9aaab00028,S0002603,7,7,productive_iteration,False,True,False,False,False,,1.0
Final500,Final500_T000478,8035158b22485434efcdc23fe654615f06e846c72c7dfa4d159def9aaab00028,S0002604,31,31,unproductive_cycle,False,False,True,False,False,,1.0
Final500,Final500_T000478,8035158b22485434efcdc23fe654615f06e846c72c7dfa4d159def9aaab00028,S0002605,0,6,productive_iteration,False,True,False,False,False,,7.0
Final500,Final500_T000478,8035158b22485434efcdc23fe654615f06e846c72c7dfa4d159def9aaab00028,S0002606,8,12,productive_iteration,False,True,False,False,False,,5.0
Final500,Final500_T000478,8035158b22485434efcdc23fe654615f06e846c72c7dfa4d159def9aaab00028,S0002607,17,23,productive_iteration,False,True,False,False,False,,7.0
Final500,Final500_T000478,8035158b22485434efcdc23fe654615f06e846c72c7dfa4d159def9aaab00028,S0002608,25,26,productive_iteration,False,True,False,False,False,,2.0
Final500,Final500_T000478,8035158b22485434efcdc23fe654615f06e846c72c7dfa4d159def9aaab00028,S0002609,32,34,productive_iteration,False,True,False,False,False,,2.0
Final500,Final500_T000478,8035158b22485434efcdc23fe654615f06e846c72c7dfa4d159def9aaab00028,S0002610,32,34,unproductive_cycle,False,False,True,False,False,,1.0
Final500,Final500_T000478,8035158b22485434efcdc23fe654615f06e846c72c7dfa4d159def9aaab00028,S0002611,13,16,productive_iteration,True,True,False,False,False,,1.0
Final500,Final500_T000478,8035158b22485434efcdc23fe654615f06e846c72c7dfa4d159def9aaab00028,S0002612,13,16,unproductive_cycle,False,False,True,False,False,,3.0
Final500,Final500_T000478,8035158b22485434efcdc23fe654615f06e846c72c7dfa4d159def9aaab00028,S0002613,27,29,productive_iteration,True,True,False,False,False,,2.0
Final500,Final500_T000479,ee90ab875f3c301f184b2a34ae801b0fa88f65a4d3171044c2d1f2b3c6b19a6e,S0002614,20,22,productive_iteration,False,True,False,False,False,,3.0
Final500,Final500_T000479,ee90ab875f3c301f184b2a34ae801b0fa88f65a4d3171044c2d1f2b3c6b19a6e,S0002615,0,19,productive_iteration,True,True,False,False,False,,20.0
Final500,Final500_T000479,ee90ab875f3c301f184b2a34ae801b0fa88f65a4d3171044c2d1f2b3c6b19a6e,S0002616,23,96,productive_iteration,False,True,False,False,False,,1.0
Final500,Final500_T000479,ee90ab875f3c301f184b2a34ae801b0fa88f65a4d3171044c2d1f2b3c6b19a6e,S0002617,23,96,unproductive_cycle,False,False,True,False,False,,73.0
Final500,Final500_T000480,58de07eba57ecfcdff90d687ffd2d19f1e29041b3e34c3b46357410ef4d4afcc,S0002618,0,20,productive_iteration,True,True,False,False,False,,19.0
Final500,Final500_T000480,58de07eba57ecfcdff90d687ffd2d19f1e29041b3e34c3b46357410ef4d4afcc,S0002619,22,24,productive_iteration,True,True,False,False,False,,3.0
Final500,Final500_T000480,58de07eba57ecfcdff90d687ffd2d19f1e29041b3e34c3b46357410ef4d4afcc,S0002620,39,43,productive_iteration,False,True,False,False,False,,5.0
Final500,Final500_T000480,58de07eba57ecfcdff90d687ffd2d19f1e29041b3e34c3b46357410ef4d4afcc,S0002621,25,38,productive_iteration,True,True,False,False,False,,13.0
Final500,Final500_T000481,c37205e382ea6120fb7a21936575588c3807423e6e67701ac16c81c9e5108d6e,S0002622,8,9,productive_iteration,False,True,False,False,False,,2.0
Final500,Final500_T000481,c37205e382ea6120fb7a21936575588c3807423e6e67701ac16c81c9e5108d6e,S0002623,48,48,unproductive_cycle,False,False,True,False,False,,1.0
Final500,Final500_T000481,c37205e382ea6120fb7a21936575588c3807423e6e67701ac16c81c9e5108d6e,S0002624,0,7,productive_iteration,False,True,False,False,False,,8.0
Final500,Final500_T000481,c37205e382ea6120fb7a21936575588c3807423e6e67701ac16c81c9e5108d6e,S0002625,10,15,productive_iteration,True,True,False,False,False,,6.0
Final500,Final500_T000481,c37205e382ea6120fb7a21936575588c3807423e6e67701ac16c81c9e5108d6e,S0002626,96,97,productive_iteration,False,True,False,False,False,,2.0
Final500,Final500_T000481,c37205e382ea6120fb7a21936575588c3807423e6e67701ac16c81c9e5108d6e,S0002627,16,47,productive_iteration,True,True,False,False,False,,8.0
Final500,Final500_T000481,c37205e382ea6120fb7a21936575588c3807423e6e67701ac16c81c9e5108d6e,S0002628,16,47,unproductive_cycle,False,False,True,False,False,,24.0
Final500,Final500_T000481,c37205e382ea6120fb7a21936575588c3807423e6e67701ac16c81c9e5108d6e,S0002629,49,95,unproductive_cycle,False,False,True,False,False,,47.0
Final500,Final500_T000482,0f75274f2c7f57953e27124d96ae42550a8b346eaf81b0cbe0d0f238ecaa1434,S0002630,11,16,productive_iteration,True,True,False,False,False,,3.0
Final500,Final500_T000482,0f75274f2c7f57953e27124d96ae42550a8b346eaf81b0cbe0d0f238ecaa1434,S0002631,49,49,unproductive_cycle,False,False,True,False,False,,1.0
Final500,Final500_T000482,0f75274f2c7f57953e27124d96ae42550a8b346eaf81b0cbe0d0f238ecaa1434,S0002632,0,10,productive_iteration,True,True,False,False,False,,11.0
Final500,Final500_T000482,0f75274f2c7f57953e27124d96ae42550a8b346eaf81b0cbe0d0f238ecaa1434,S0002633,12,14,productive_iteration,True,True,False,False,False,,3.0
Final500,Final500_T000482,0f75274f2c7f57953e27124d96ae42550a8b346eaf81b0cbe0d0f238ecaa1434,S0002634,17,21,productive_iteration,True,True,False,False,False,,5.0
Final500,Final500_T000482,0f75274f2c7f57953e27124d96ae42550a8b346eaf81b0cbe0d0f238ecaa1434,S0002635,22,48,productive_iteration,True,True,False,False,False,,1.0
Final500,Final500_T000482,0f75274f2c7f57953e27124d96ae42550a8b346eaf81b0cbe0d0f238ecaa1434,S0002636,22,48,unproductive_cycle,False,False,True,False,False,,26.0
Final500,Final500_T000482,0f75274f2c7f57953e27124d96ae42550a8b346eaf81b0cbe0d0f238ecaa1434,S0002637,50,77,unproductive_cycle,False,False,True,False,False,,28.0
Final500,Final500_T000483,a84430a1e9e30538efd29874a44bc95e8a9e4cef20c71339f9745de3e2889beb,S0002638,3,3,productive_iteration,False,True,False,False,False,,1.0
Final500,Final500_T000483,a84430a1e9e30538efd29874a44bc95e8a9e4cef20c71339f9745de3e2889beb,S0002639,64,114,unproductive_cycle,False,False,True,False,False,,2.0
Final500,Final500_T000483,a84430a1e9e30538efd29874a44bc95e8a9e4cef20c71339f9745de3e2889beb,S0002640,0,2,productive_iteration,False,True,False,False,False,,3.0
Final500,Final500_T000483,a84430a1e9e30538efd29874a44bc95e8a9e4cef20c71339f9745de3e2889beb,S0002641,4,13,productive_iteration,True,True,False,False,False,,10.0
Final500,Final500_T000483,a84430a1e9e30538efd29874a44bc95e8a9e4cef20c71339f9745de3e2889beb,S0002642,24,25,unproductive_cycle,False,False,True,False,False,,2.0
Final500,Final500_T000483,a84430a1e9e30538efd29874a44bc95e8a9e4cef20c71339f9745de3e2889beb,S0002643,33,34,unproductive_cycle,False,False,True,False,False,,2.0
Final500,Final500_T000483,a84430a1e9e30538efd29874a44bc95e8a9e4cef20c71339f9745de3e2889beb,S0002644,48,49,unproductive_cycle,False,False,True,False,False,,2.0
Final500,Final500_T000483,a84430a1e9e30538efd29874a44bc95e8a9e4cef20c71339f9745de3e2889beb,S0002645,73,74,unproductive_cycle,False,False,True,False,False,,2.0
Final500,Final500_T000483,a84430a1e9e30538efd29874a44bc95e8a9e4cef20c71339f9745de3e2889beb,S0002646,88,90,unproductive_cycle,False,False,True,False,False,,3.0
Final500,Final500_T000483,a84430a1e9e30538efd29874a44bc95e8a9e4cef20c71339f9745de3e2889beb,S0002647,153,154,unproductive_cycle,False,False,True,False,False,,2.0
Final500,Final500_T000483,a84430a1e9e30538efd29874a44bc95e8a9e4cef20c71339f9745de3e2889beb,S0002648,14,23,productive_iteration,True,True,False,False,False,,5.0
Final500,Final500_T000483,a84430a1e9e30538efd29874a44bc95e8a9e4cef20c71339f9745de3e2889beb,S0002649,14,23,unproductive_cycle,False,False,True,False,False,,5.0
Final500,Final500_T000483,a84430a1e9e30538efd29874a44bc95e8a9e4cef20c71339f9745de3e2889beb,S0002650,26,32,unproductive_cycle,False,False,True,False,False,,7.0
Final500,Final500_T000483,a84430a1e9e30538efd29874a44bc95e8a9e4cef20c71339f9745de3e2889beb,S0002651,35,47,unproductive_cycle,False,False,True,False,False,,13.0
Final500,Final500_T000483,a84430a1e9e30538efd29874a44bc95e8a9e4cef20c71339f9745de3e2889beb,S0002652,50,63,unproductive_cycle,False,False,True,False,False,,14.0
Final500,Final500_T000483,a84430a1e9e30538efd29874a44bc95e8a9e4cef20c71339f9745de3e2889beb,S0002653,65,72,unproductive_cycle,False,False,True,False,False,,8.0
Final500,Final500_T000483,a84430a1e9e30538efd29874a44bc95e8a9e4cef20c71339f9745de3e2889beb,S0002654,75,87,unproductive_cycle,False,False,True,False,False,,13.0
Final500,Final500_T000483,a84430a1e9e30538efd29874a44bc95e8a9e4cef20c71339f9745de3e2889beb,S0002655,91,113,unproductive_cycle,False,False,True,False,False,,23.0
Final500,Final500_T000483,a84430a1e9e30538efd29874a44bc95e8a9e4cef20c71339f9745de3e2889beb,S0002656,115,152,unproductive_cycle,False,False,True,False,False,,38.0
Final500,Final500_T000483,a84430a1e9e30538efd29874a44bc95e8a9e4cef20c71339f9745de3e2889beb,S0002657,155,175,unproductive_cycle,False,False,True,False,False,,20.0
Final500,Final500_T000484,f7ba41292f515e424f746e57f915d6d499ec39a21a06cb49fc86345d5d5f9b51,S0002658,24,28,productive_iteration,True,True,False,False,False,,2.0
Final500,Final500_T000484,f7ba41292f515e424f746e57f915d6d499ec39a21a06cb49fc86345d5d5f9b51,S0002659,29,123,unproductive_cycle,False,False,True,False,False,,2.0
Final500,Final500_T000484,f7ba41292f515e424f746e57f915d6d499ec39a21a06cb49fc86345d5d5f9b51,S0002660,0,15,productive_iteration,False,True,False,False,False,,16.0
Final500,Final500_T000484,f7ba41292f515e424f746e57f915d6d499ec39a21a06cb49fc86345d5d5f9b51,S0002661,25,27,productive_iteration,False,True,False,False,False,,3.0
Final500,Final500_T000484,f7ba41292f515e424f746e57f915d6d499ec39a21a06cb49fc86345d5d5f9b51,S0002662,16,23,productive_iteration,False,True,False,False,False,,8.0
Final500,Final500_T000484,f7ba41292f515e424f746e57f915d6d499ec39a21a06cb49fc86345d5d5f9b51,S0002663,31,122,unproductive_cycle,False,False,True,False,False,,92.0
Final500,Final500_T000484,f7ba41292f515e424f746e57f915d6d499ec39a21a06cb49fc86345d5d5f9b51,S0002664,124,134,unproductive_cycle,False,False,True,False,False,,10.0
Final500,Final500_T000485,f824646d82a7918026abdc93fffbdef5cda4dd9f7ce50cc804e22f0e9b982a7f,S0002665,8,30,productive_iteration,True,True,False,False,False,,7.0
Final500,Final500_T000485,f824646d82a7918026abdc93fffbdef5cda4dd9f7ce50cc804e22f0e9b982a7f,S0002666,0,7,productive_iteration,False,True,False,False,False,,8.0
Final500,Final500_T000485,f824646d82a7918026abdc93fffbdef5cda4dd9f7ce50cc804e22f0e9b982a7f,S0002667,9,12,productive_iteration,False,True,False,False,False,,4.0
Final500,Final500_T000485,f824646d82a7918026abdc93fffbdef5cda4dd9f7ce50cc804e22f0e9b982a7f,S0002668,15,23,productive_iteration,True,True,False,False,False,,9.0
Final500,Final500_T000486,d5ae9d1f273dbdef77812e32c8303ba68de0c2dc9cacbb93576790e94bea1868,S0002669,32,32,productive_iteration,True,True,False,False,False,,1.0
Final500,Final500_T000486,d5ae9d1f273dbdef77812e32c8303ba68de0c2dc9cacbb93576790e94bea1868,S0002670,16,17,unproductive_cycle,False,False,True,False,False,,2.0
Final500,Final500_T000486,d5ae9d1f273dbdef77812e32c8303ba68de0c2dc9cacbb93576790e94bea1868,S0002671,0,15,productive_iteration,True,True,False,False,False,,16.0
Final500,Final500_T000486,d5ae9d1f273dbdef77812e32c8303ba68de0c2dc9cacbb93576790e94bea1868,S0002672,18,19,productive_iteration,True,True,False,False,False,,2.0
Final500,Final500_T000486,d5ae9d1f273dbdef77812e32c8303ba68de0c2dc9cacbb93576790e94bea1868,S0002673,24,25,productive_iteration,False,True,False,False,False,,2.0
Final500,Final500_T000486,d5ae9d1f273dbdef77812e32c8303ba68de0c2dc9cacbb93576790e94bea1868,S0002674,27,31,productive_iteration,True,True,False,False,False,,5.0
Final500,Final500_T000486,d5ae9d1f273dbdef77812e32c8303ba68de0c2dc9cacbb93576790e94bea1868,S0002675,20,23,productive_iteration,True,True,False,False,False,,2.0
Final500,Final500_T000486,d5ae9d1f273dbdef77812e32c8303ba68de0c2dc9cacbb93576790e94bea1868,S0002676,20,23,unproductive_cycle,False,False,True,False,False,,2.0
Final500,Final500_T000487,d5e97f78342cbb5f1493c83abc4ae955c1f8dbb5921b9597ea4d347897bf68af,S0002677,10,10,productive_iteration,False,True,False,False,False,,1.0
Final500,Final500_T000487,d5e97f78342cbb5f1493c83abc4ae955c1f8dbb5921b9597ea4d347897bf68af,S0002678,11,11,unproductive_cycle,False,False,True,False,False,,1.0
Final500,Final500_T000487,d5e97f78342cbb5f1493c83abc4ae955c1f8dbb5921b9597ea4d347897bf68af,S0002679,0,3,productive_iteration,False,True,False,False,False,,4.0
Final500,Final500_T000487,d5e97f78342cbb5f1493c83abc4ae955c1f8dbb5921b9597ea4d347897bf68af,S0002680,4,9,productive_iteration,True,True,False,False,False,,1.0
Final500,Final500_T000487,d5e97f78342cbb5f1493c83abc4ae955c1f8dbb5921b9597ea4d347897bf68af,S0002681,4,9,unproductive_cycle,False,False,True,False,False,,4.0
Final500,Final500_T000487,d5e97f78342cbb5f1493c83abc4ae955c1f8dbb5921b9597ea4d347897bf68af,S0002682,12,75,productive_iteration,True,True,False,False,False,,3.0
Final500,Final500_T000487,d5e97f78342cbb5f1493c83abc4ae955c1f8dbb5921b9597ea4d347897bf68af,S0002683,12,75,unproductive_cycle,False,False,True,False,False,,60.0
Final500,Final500_T000488,6d14a7c3750ef43c4f401a44f61872875b54448ca82bf0b9943d43cf397e6807,S0002684,2,14,productive_iteration,False,True,False,False,False,,4.0
Final500,Final500_T000488,6d14a7c3750ef43c4f401a44f61872875b54448ca82bf0b9943d43cf397e6807,S0002685,0,1,productive_iteration,False,True,False,False,False,,2.0
Final500,Final500_T000488,6d14a7c3750ef43c4f401a44f61872875b54448ca82bf0b9943d43cf397e6807,S0002686,3,8,productive_iteration,False,True,False,False,False,,6.0
Final500,Final500_T000488,6d14a7c3750ef43c4f401a44f61872875b54448ca82bf0b9943d43cf397e6807,S0002687,10,11,productive_iteration,False,True,False,False,False,,2.0
Final500,Final500_T000488,6d14a7c3750ef43c4f401a44f61872875b54448ca82bf0b9943d43cf397e6807,S0002688,15,16,productive_iteration,False,True,False,False,False,,2.0
Final500,Final500_T000488,6d14a7c3750ef43c4f401a44f61872875b54448ca82bf0b9943d43cf397e6807,S0002689,24,29,productive_iteration,False,True,False,False,False,,6.0
Final500,Final500_T000488,6d14a7c3750ef43c4f401a44f61872875b54448ca82bf0b9943d43cf397e6807,S0002690,41,54,productive_iteration,True,True,False,False,False,,14.0
Final500,Final500_T000488,6d14a7c3750ef43c4f401a44f61872875b54448ca82bf0b9943d43cf397e6807,S0002691,17,23,productive_iteration,False,True,False,False,False,,3.0
Final500,Final500_T000488,6d14a7c3750ef43c4f401a44f61872875b54448ca82bf0b9943d43cf397e6807,S0002692,17,23,unproductive_cycle,False,False,True,False,False,,4.0
Final500,Final500_T000488,6d14a7c3750ef43c4f401a44f61872875b54448ca82bf0b9943d43cf397e6807,S0002693,30,40,unproductive_cycle,False,False,True,False,False,,11.0
Final500,Final500_T000489,becde9ecb76aa0b10319714d2ec52083c680632c0ed3fcf2bd14c30216c88969,S0002694,10,30,productive_iteration,True,True,False,False,False,,9.0
Final500,Final500_T000489,becde9ecb76aa0b10319714d2ec52083c680632c0ed3fcf2bd14c30216c88969,S0002695,0,9,productive_iteration,False,True,False,False,False,,10.0
Final500,Final500_T000489,becde9ecb76aa0b10319714d2ec52083c680632c0ed3fcf2bd14c30216c88969,S0002696,11,12,productive_iteration,False,True,False,False,False,,2.0
Final500,Final500_T000489,becde9ecb76aa0b10319714d2ec52083c680632c0ed3fcf2bd14c30216c88969,S0002697,18,22,productive_iteration,True,True,False,False,False,,5.0
Final500,Final500_T000489,becde9ecb76aa0b10319714d2ec52083c680632c0ed3fcf2bd14c30216c88969,S0002698,26,27,productive_iteration,True,True,False,False,False,,2.0
Final500,Final500_T000489,becde9ecb76aa0b10319714d2ec52083c680632c0ed3fcf2bd14c30216c88969,S0002699,31,39,productive_iteration,True,True,False,False,False,,9.0
Final500,Final500_T000489,becde9ecb76aa0b10319714d2ec52083c680632c0ed3fcf2bd14c30216c88969,S0002700,23,25,productive_iteration,True,True,False,False,False,,3.0
Final500,Final500_T000489,becde9ecb76aa0b10319714d2ec52083c680632c0ed3fcf2bd14c30216c88969,S0002701,40,57,productive_iteration,True,True,False,False,False,,12.0
Final500,Final500_T000489,becde9ecb76aa0b10319714d2ec52083c680632c0ed3fcf2bd14c30216c88969,S0002702,40,57,unproductive_cycle,False,False,True,False,False,,4.0
Final500,Final500_T000490,73b2e4ca515dc27cec84e0a3e7b50ee942a6074d47c4b9df75d3f00536dd4138,S0002703,5,13,productive_iteration,True,True,False,False,False,,3.0
Final500,Final500_T000490,73b2e4ca515dc27cec84e0a3e7b50ee942a6074d47c4b9df75d3f00536dd4138,S0002704,1,4,productive_iteration,False,True,False,False,False,,3.0
Final500,Final500_T000490,73b2e4ca515dc27cec84e0a3e7b50ee942a6074d47c4b9df75d3f00536dd4138,S0002705,7,12,productive_iteration,True,True,False,False,False,,6.0
Final500,Final500_T000490,73b2e4ca515dc27cec84e0a3e7b50ee942a6074d47c4b9df75d3f00536dd4138,S0002706,14,15,unproductive_cycle,False,False,True,False,False,,2.0
Final500,Final500_T000490,73b2e4ca515dc27cec84e0a3e7b50ee942a6074d47c4b9df75d3f00536dd4138,S0002707,16,74,unproductive_cycle,False,False,True,False,False,,59.0
Final500,Final500_T000491,2fcaa80ddc23aaaa54a511ce4df6d8b67e64bcc05bc820c3a5da14e11236eb08,S0002708,14,15,productive_iteration,True,True,False,False,False,,2.0
Final500,Final500_T000491,2fcaa80ddc23aaaa54a511ce4df6d8b67e64bcc05bc820c3a5da14e11236eb08,S0002709,0,13,productive_iteration,True,True,False,False,False,,14.0
Final500,Final500_T000491,2fcaa80ddc23aaaa54a511ce4df6d8b67e64bcc05bc820c3a5da14e11236eb08,S0002710,16,30,productive_iteration,True,True,False,False,False,,15.0
Final500,Final500_T000492,3c534410ce3193bcde61247cff83f91240307f4064c3414c9198bb655126416d,S0002711,23,23,productive_iteration,True,True,False,False,False,,1.0
Final500,Final500_T000492,3c534410ce3193bcde61247cff83f91240307f4064c3414c9198bb655126416d,S0002712,33,49,unproductive_cycle,False,False,True,False,False,,2.0
Final500,Final500_T000492,3c534410ce3193bcde61247cff83f91240307f4064c3414c9198bb655126416d,S0002713,0,1,productive_iteration,False,True,False,False,False,,2.0
Final500,Final500_T000492,3c534410ce3193bcde61247cff83f91240307f4064c3414c9198bb655126416d,S0002714,3,22,productive_iteration,True,True,False,False,False,,20.0
Final500,Final500_T000492,3c534410ce3193bcde61247cff83f91240307f4064c3414c9198bb655126416d,S0002715,24,29,productive_iteration,True,True,False,False,False,,6.0
Final500,Final500_T000492,3c534410ce3193bcde61247cff83f91240307f4064c3414c9198bb655126416d,S0002716,50,51,productive_iteration,False,True,False,False,False,,2.0
Final500,Final500_T000492,3c534410ce3193bcde61247cff83f91240307f4064c3414c9198bb655126416d,S0002717,60,61,unproductive_cycle,False,False,True,False,False,,2.0
Final500,Final500_T000492,3c534410ce3193bcde61247cff83f91240307f4064c3414c9198bb655126416d,S0002718,30,32,unproductive_cycle,False,False,True,False,False,,3.0
Final500,Final500_T000492,3c534410ce3193bcde61247cff83f91240307f4064c3414c9198bb655126416d,S0002719,34,48,unproductive_cycle,False,False,True,False,False,,15.0
Final500,Final500_T000492,3c534410ce3193bcde61247cff83f91240307f4064c3414c9198bb655126416d,S0002720,52,59,productive_iteration,True,True,False,False,False,,3.0
Final500,Final500_T000492,3c534410ce3193bcde61247cff83f91240307f4064c3414c9198bb655126416d,S0002721,52,59,unproductive_cycle,False,False,True,False,False,,5.0
Final500,Final500_T000493,322b1c95dc154411b765d946f1c35357da8637c8cc7a93ddd22b1c79a490d80e,S0002722,2,30,productive_iteration,True,True,False,False,False,,3.0
Final500,Final500_T000493,322b1c95dc154411b765d946f1c35357da8637c8cc7a93ddd22b1c79a490d80e,S0002723,112,112,unproductive_cycle,False,False,True,False,False,,1.0
Final500,Final500_T000493,322b1c95dc154411b765d946f1c35357da8637c8cc7a93ddd22b1c79a490d80e,S0002724,0,1,productive_iteration,True,True,False,False,False,,2.0
Final500,Final500_T000493,322b1c95dc154411b765d946f1c35357da8637c8cc7a93ddd22b1c79a490d80e,S0002725,3,11,productive_iteration,False,True,False,False,False,,9.0
Final500,Final500_T000493,322b1c95dc154411b765d946f1c35357da8637c8cc7a93ddd22b1c79a490d80e,S0002726,13,20,productive_iteration,True,True,False,False,False,,8.0
Final500,Final500_T000493,322b1c95dc154411b765d946f1c35357da8637c8cc7a93ddd22b1c79a490d80e,S0002727,25,26,productive_iteration,False,True,False,False,False,,2.0
Final500,Final500_T000493,322b1c95dc154411b765d946f1c35357da8637c8cc7a93ddd22b1c79a490d80e,S0002728,42,44,productive_iteration,False,True,False,False,False,,3.0
Final500,Final500_T000493,322b1c95dc154411b765d946f1c35357da8637c8cc7a93ddd22b1c79a490d80e,S0002729,61,62,productive_iteration,True,True,False,False,False,,1.0
Final500,Final500_T000493,322b1c95dc154411b765d946f1c35357da8637c8cc7a93ddd22b1c79a490d80e,S0002730,61,62,unproductive_cycle,False,False,True,False,False,,1.0
Final500,Final500_T000493,322b1c95dc154411b765d946f1c35357da8637c8cc7a93ddd22b1c79a490d80e,S0002731,21,24,productive_iteration,True,True,False,False,False,,4.0
Final500,Final500_T000493,322b1c95dc154411b765d946f1c35357da8637c8cc7a93ddd22b1c79a490d80e,S0002732,27,29,productive_iteration,False,True,False,False,False,,3.0
Final500,Final500_T000493,322b1c95dc154411b765d946f1c35357da8637c8cc7a93ddd22b1c79a490d80e,S0002733,31,41,productive_iteration,True,True,False,False,False,,10.0
Final500,Final500_T000493,322b1c95dc154411b765d946f1c35357da8637c8cc7a93ddd22b1c79a490d80e,S0002734,31,41,unproductive_cycle,False,False,True,False,False,,1.0
Final500,Final500_T000493,322b1c95dc154411b765d946f1c35357da8637c8cc7a93ddd22b1c79a490d80e,S0002735,47,60,unproductive_cycle,False,False,True,False,False,,14.0
Final500,Final500_T000493,322b1c95dc154411b765d946f1c35357da8637c8cc7a93ddd22b1c79a490d80e,S0002736,63,111,unproductive_cycle,False,False,True,False,False,,49.0
Final500,Final500_T000493,322b1c95dc154411b765d946f1c35357da8637c8cc7a93ddd22b1c79a490d80e,S0002737,113,116,unproductive_cycle,False,False,True,False,False,,3.0
Final500,Final500_T000494,0c968fe48ab5a2402a02d834fad3afb4589f0f1ab0f20585b84faa42e81bf5e6,S0002738,40,40,productive_iteration,True,True,False,False,False,,1.0
Final500,Final500_T000494,0c968fe48ab5a2402a02d834fad3afb4589f0f1ab0f20585b84faa42e81bf5e6,S0002739,0,26,productive_iteration,True,True,False,False,False,,27.0
Final500,Final500_T000494,0c968fe48ab5a2402a02d834fad3afb4589f0f1ab0f20585b84faa42e81bf5e6,S0002740,28,35,productive_iteration,False,True,False,False,False,,8.0
Final500,Final500_T000494,0c968fe48ab5a2402a02d834fad3afb4589f0f1ab0f20585b84faa42e81bf5e6,S0002741,37,39,productive_iteration,False,True,False,False,False,,3.0
Final500,Final500_T000494,0c968fe48ab5a2402a02d834fad3afb4589f0f1ab0f20585b84faa42e81bf5e6,S0002742,41,52,productive_iteration,True,True,False,False,False,,12.0
Final500,Final500_T000495,05cee47dd14e26aa56c9e63b6e27e98058bc0717bae9be65ef6e8977d6b21483,S0002743,0,33,productive_iteration,True,True,False,False,False,,6.0
Final500,Final500_T000495,05cee47dd14e26aa56c9e63b6e27e98058bc0717bae9be65ef6e8977d6b21483,S0002744,4,16,productive_iteration,True,True,False,False,False,,13.0
Final500,Final500_T000495,05cee47dd14e26aa56c9e63b6e27e98058bc0717bae9be65ef6e8977d6b21483,S0002745,21,22,productive_iteration,True,True,False,False,False,,2.0
Final500,Final500_T000495,05cee47dd14e26aa56c9e63b6e27e98058bc0717bae9be65ef6e8977d6b21483,S0002746,24,31,productive_iteration,True,True,False,False,False,,8.0
Final500,Final500_T000495,05cee47dd14e26aa56c9e63b6e27e98058bc0717bae9be65ef6e8977d6b21483,S0002747,34,41,productive_iteration,True,True,False,False,False,,8.0
Final500,Final500_T000495,05cee47dd14e26aa56c9e63b6e27e98058bc0717bae9be65ef6e8977d6b21483,S0002748,17,20,productive_iteration,True,True,False,False,False,,4.0
Final500,Final500_T000496,beb498144752374dd5019892a7a91569283a76f136b8291cd97186e0f83acf19,S0002749,9,19,productive_iteration,True,True,False,False,False,,3.0
Final500,Final500_T000496,beb498144752374dd5019892a7a91569283a76f136b8291cd97186e0f83acf19,S0002750,0,8,productive_iteration,True,True,False,False,False,,9.0
Final500,Final500_T000496,beb498144752374dd5019892a7a91569283a76f136b8291cd97186e0f83acf19,S0002751,10,14,productive_iteration,True,True,False,False,False,,5.0
Final500,Final500_T000496,beb498144752374dd5019892a7a91569283a76f136b8291cd97186e0f83acf19,S0002752,16,18,productive_iteration,False,True,False,False,False,,2.0
Final500,Final500_T000496,beb498144752374dd5019892a7a91569283a76f136b8291cd97186e0f83acf19,S0002753,23,30,productive_iteration,True,True,False,False,False,,8.0
Final500,Final500_T000497,269ba1a07f7335c1db31590c842f941ca9fdda74f6891a05a5fcca0fd88a454d,S0002754,0,30,productive_iteration,False,True,False,False,False,,31.0
Final500,Final500_T000498,5ae1f23536f5742722be1e24b07451a29b2a4aa81ce0b874034dc531c0fca507,S0002755,8,38,productive_iteration,False,True,False,False,False,,4.0
Final500,Final500_T000498,5ae1f23536f5742722be1e24b07451a29b2a4aa81ce0b874034dc531c0fca507,S0002756,0,7,productive_iteration,True,True,False,False,False,,8.0
Final500,Final500_T000498,5ae1f23536f5742722be1e24b07451a29b2a4aa81ce0b874034dc531c0fca507,S0002757,9,20,productive_iteration,True,True,False,False,False,,12.0
Final500,Final500_T000498,5ae1f23536f5742722be1e24b07451a29b2a4aa81ce0b874034dc531c0fca507,S0002758,22,25,productive_iteration,False,True,False,False,False,,4.0
Final500,Final500_T000498,5ae1f23536f5742722be1e24b07451a29b2a4aa81ce0b874034dc531c0fca507,S0002759,28,37,productive_iteration,False,True,False,False,False,,10.0
Final500,Final500_T000499,d05d2fa5e99ab79f1ec8db4b6501072d7b83d3ef1e5c18bb5634b89696b5772e,S0002760,22,70,productive_iteration,True,True,False,False,False,,3.0
Final500,Final500_T000499,d05d2fa5e99ab79f1ec8db4b6501072d7b83d3ef1e5c18bb5634b89696b5772e,S0002761,63,73,unproductive_cycle,False,False,True,False,False,,3.0
Final500,Final500_T000499,d05d2fa5e99ab79f1ec8db4b6501072d7b83d3ef1e5c18bb5634b89696b5772e,S0002762,0,21,productive_iteration,True,True,False,False,False,,22.0
Final500,Final500_T000499,d05d2fa5e99ab79f1ec8db4b6501072d7b83d3ef1e5c18bb5634b89696b5772e,S0002763,24,29,productive_iteration,True,True,False,False,False,,6.0
Final500,Final500_T000499,d05d2fa5e99ab79f1ec8db4b6501072d7b83d3ef1e5c18bb5634b89696b5772e,S0002764,31,32,productive_iteration,False,True,False,False,False,,2.0
Final500,Final500_T000499,d05d2fa5e99ab79f1ec8db4b6501072d7b83d3ef1e5c18bb5634b89696b5772e,S0002765,34,46,productive_iteration,False,True,False,False,False,,13.0
Final500,Final500_T000499,d05d2fa5e99ab79f1ec8db4b6501072d7b83d3ef1e5c18bb5634b89696b5772e,S0002766,48,52,productive_iteration,False,True,False,False,False,,5.0
Final500,Final500_T000499,d05d2fa5e99ab79f1ec8db4b6501072d7b83d3ef1e5c18bb5634b89696b5772e,S0002767,56,62,productive_iteration,False,True,False,False,False,,7.0
Final500,Final500_T000499,d05d2fa5e99ab79f1ec8db4b6501072d7b83d3ef1e5c18bb5634b89696b5772e,S0002768,64,69,productive_iteration,False,True,False,False,False,,5.0
Final500,Final500_T000499,d05d2fa5e99ab79f1ec8db4b6501072d7b83d3ef1e5c18bb5634b89696b5772e,S0002769,64,69,unproductive_cycle,False,False,True,False,False,,1.0
Final500,Final500_T000499,d05d2fa5e99ab79f1ec8db4b6501072d7b83d3ef1e5c18bb5634b89696b5772e,S0002770,53,55,unproductive_cycle,False,False,True,False,False,,3.0
Final500,Final500_T000500,d3c4dec03fec0e311a7bba1cff6d39a3eaeda44be3738146a58c17418f0998f1,S0002771,27,28,productive_iteration,False,True,False,False,False,,2.0
Final500,Final500_T000500,d3c4dec03fec0e311a7bba1cff6d39a3eaeda44be3738146a58c17418f0998f1,S0002772,0,7,productive_iteration,True,True,False,False,False,,7.0
Final500,Final500_T000500,d3c4dec03fec0e311a7bba1cff6d39a3eaeda44be3738146a58c17418f0998f1,S0002773,29,30,productive_iteration,False,True,False,False,False,,2.0
Final500,Final500_T000500,d3c4dec03fec0e311a7bba1cff6d39a3eaeda44be3738146a58c17418f0998f1,S0002774,48,55,unproductive_cycle,False,False,True,False,False,,8.0
Final500,Final500_T000500,d3c4dec03fec0e311a7bba1cff6d39a3eaeda44be3738146a58c17418f0998f1,S0002775,138,142,productive_iteration,False,True,False,False,False,,4.0
Final500,Final500_T000500,d3c4dec03fec0e311a7bba1cff6d39a3eaeda44be3738146a58c17418f0998f1,S0002776,138,142,unproductive_cycle,False,False,True,False,False,,1.0
Final500,Final500_T000500,d3c4dec03fec0e311a7bba1cff6d39a3eaeda44be3738146a58c17418f0998f1,S0002777,8,26,productive_iteration,False,True,False,False,False,,11.0
Final500,Final500_T000500,d3c4dec03fec0e311a7bba1cff6d39a3eaeda44be3738146a58c17418f0998f1,S0002778,8,26,unproductive_cycle,False,False,True,False,False,,8.0
Final500,Final500_T000500,d3c4dec03fec0e311a7bba1cff6d39a3eaeda44be3738146a58c17418f0998f1,S0002779,31,47,productive_iteration,False,True,False,False,False,,4.0
Final500,Final500_T000500,d3c4dec03fec0e311a7bba1cff6d39a3eaeda44be3738146a58c17418f0998f1,S0002780,31,47,unproductive_cycle,False,False,True,False,False,,13.0
Final500,Final500_T000500,d3c4dec03fec0e311a7bba1cff6d39a3eaeda44be3738146a58c17418f0998f1,S0002781,56,137,unproductive_cycle,False,False,True,False,False,,82.0
Natural500,Natural500_T000001,f1326d59ca2fef87cb0fccd123b0f766a93d7ed72f537ac45a5e92dfc7f3eb44,S0002782,6,6,productive_iteration,True,True,False,False,False,,1.0
Natural500,Natural500_T000001,f1326d59ca2fef87cb0fccd123b0f766a93d7ed72f537ac45a5e92dfc7f3eb44,S0002783,0,1,productive_iteration,False,True,False,False,False,,2.0
Natural500,Natural500_T000001,f1326d59ca2fef87cb0fccd123b0f766a93d7ed72f537ac45a5e92dfc7f3eb44,S0002784,7,12,productive_iteration,False,True,False,False,False,,6.0
Natural500,Natural500_T000001,f1326d59ca2fef87cb0fccd123b0f766a93d7ed72f537ac45a5e92dfc7f3eb44,S0002785,2,4,productive_iteration,True,True,False,False,False,,3.0
Natural500,Natural500_T000002,1825eb753b89930ee706614d23d1a25654eeb25448f73e04f26cdc0f8f306095,S0002786,0,8,productive_iteration,False,True,False,False,False,,8.0
Natural500,Natural500_T000003,d285e5627e673149dc7a1fff135571251d9f93244cd852b43626f21af865d5b9,S0002787,0,9,productive_iteration,False,True,False,False,False,,10.0
Natural500,Natural500_T000003,d285e5627e673149dc7a1fff135571251d9f93244cd852b43626f21af865d5b9,S0002788,11,12,productive_iteration,False,True,False,False,False,,2.0
Natural500,Natural500_T000004,42c4bd06ec5bfa1f6ee6af35adc79c8adde0a1fc376597a460063e670883f23d,S0002789,4,4,productive_iteration,False,True,False,False,False,,1.0
Natural500,Natural500_T000004,42c4bd06ec5bfa1f6ee6af35adc79c8adde0a1fc376597a460063e670883f23d,S0002790,0,3,productive_iteration,False,True,False,False,False,,4.0
Natural500,Natural500_T000004,42c4bd06ec5bfa1f6ee6af35adc79c8adde0a1fc376597a460063e670883f23d,S0002791,5,9,productive_iteration,False,True,False,False,False,,5.0
Natural500,Natural500_T000005,ab97560f8d220941d7f425e2577890be1210b35acb70a0afd21d6331096b8ae8,S0002792,0,14,productive_iteration,False,True,False,False,False,,15.0
Natural500,Natural500_T000006,64616f21ef2dbb6a43010505f9807bb2de8f1fbb6d8f46a4b51cafb44eb95d04,S0002793,2,11,productive_iteration,False,True,False,False,False,,9.0
Natural500,Natural500_T000007,0400dae36d9679d36453ef887003e3129d9460d19aefa5a9dc5959404a882994,S0002794,12,12,unproductive_cycle,False,False,True,False,False,,1.0
Natural500,Natural500_T000007,0400dae36d9679d36453ef887003e3129d9460d19aefa5a9dc5959404a882994,S0002795,4,10,productive_iteration,False,True,False,False,False,,7.0
Natural500,Natural500_T000008,6df96cb6ddd2aad92e7afdd1ef1c681b88b6745e996bd063e922347fdc4023c8,S0002796,14,22,productive_iteration,True,True,False,False,False,,4.0
Natural500,Natural500_T000008,6df96cb6ddd2aad92e7afdd1ef1c681b88b6745e996bd063e922347fdc4023c8,S0002797,36,45,unproductive_cycle,False,False,True,False,False,,4.0
Natural500,Natural500_T000008,6df96cb6ddd2aad92e7afdd1ef1c681b88b6745e996bd063e922347fdc4023c8,S0002798,3,9,productive_iteration,False,True,False,False,False,,7.0
Natural500,Natural500_T000008,6df96cb6ddd2aad92e7afdd1ef1c681b88b6745e996bd063e922347fdc4023c8,S0002799,15,17,productive_iteration,False,True,False,False,False,,3.0
Natural500,Natural500_T000008,6df96cb6ddd2aad92e7afdd1ef1c681b88b6745e996bd063e922347fdc4023c8,S0002800,24,35,unproductive_cycle,False,False,True,False,False,,12.0
Natural500,Natural500_T000008,6df96cb6ddd2aad92e7afdd1ef1c681b88b6745e996bd063e922347fdc4023c8,S0002801,37,39,unproductive_cycle,False,False,True,False,False,,3.0
Natural500,Natural500_T000008,6df96cb6ddd2aad92e7afdd1ef1c681b88b6745e996bd063e922347fdc4023c8,S0002802,41,43,unproductive_cycle,False,False,True,False,False,,3.0
Natural500,Natural500_T000009,d957f88f866a604e238ef9db7a0c7b1f2c02f6068ad5ea2db342adcae9b7af15,S0002803,0,14,unproductive_cycle,False,False,True,False,False,,15.0
Natural500,Natural500_T000010,8d66651ed7b3ab4f419a084152a6671e469c17282374c18d792bb9bcecca8ffc,S0002804,0,1,productive_iteration,True,True,False,False,False,,2.0
Natural500,Natural500_T000011,0ce822459e0919e12883bb4a4bfdcd56c59e41726d94120dd6ad53d35fca34ac,S0002805,2,4,unproductive_cycle,False,False,True,False,False,,3.0
Natural500,Natural500_T000011,0ce822459e0919e12883bb4a4bfdcd56c59e41726d94120dd6ad53d35fca34ac,S0002806,0,1,productive_iteration,False,True,False,False,False,,2.0
Natural500,Natural500_T000011,0ce822459e0919e12883bb4a4bfdcd56c59e41726d94120dd6ad53d35fca34ac,S0002807,5,6,productive_iteration,False,True,False,False,False,,2.0
Natural500,Natural500_T000012,66bb99ae2a174277b13814806ce66e27114755977d26d6c49227f98e4a86a3c0,S0002808,1,8,productive_iteration,False,True,False,False,False,,8.0
Natural500,Natural500_T000013,ec5c094e6e5db82530d91aa3b8619bc7f66fd8b8a7474e50f28f16115ae1b31f,S0002809,0,5,productive_iteration,False,True,False,False,False,,5.0
Natural500,Natural500_T000014,4cb7b62e0126aca52fe8b209dc0ec5ba3243d5a6a228f27a87d6f87011de8123,S0002810,0,7,productive_iteration,False,True,False,False,False,,8.0
Natural500,Natural500_T000015,79a2a8a21dcbaf876c6dccbc63c6394288dd73f317970af86e99974c8eb113f7,S0002811,3,15,productive_iteration,True,True,False,False,False,,11.0
Natural500,Natural500_T000015,79a2a8a21dcbaf876c6dccbc63c6394288dd73f317970af86e99974c8eb113f7,S0002812,0,2,productive_iteration,False,True,False,False,False,,3.0
Natural500,Natural500_T000015,79a2a8a21dcbaf876c6dccbc63c6394288dd73f317970af86e99974c8eb113f7,S0002813,12,13,productive_iteration,False,True,False,False,False,,2.0
Natural500,Natural500_T000015,79a2a8a21dcbaf876c6dccbc63c6394288dd73f317970af86e99974c8eb113f7,S0002814,16,17,productive_iteration,False,True,False,False,False,,2.0
Natural500,Natural500_T000016,290e272dd4cd437ee0134b7ffe4d15d5a9a77fc403eca9313fa4628c2ed398d6,S0002815,1,6,productive_iteration,False,True,False,False,False,,6.0
Natural500,Natural500_T000016,290e272dd4cd437ee0134b7ffe4d15d5a9a77fc403eca9313fa4628c2ed398d6,S0002816,12,14,productive_iteration,True,True,False,False,False,,3.0
Natural500,Natural500_T000016,290e272dd4cd437ee0134b7ffe4d15d5a9a77fc403eca9313fa4628c2ed398d6,S0002817,9,11,productive_iteration,True,True,False,False,False,,3.0
Natural500,Natural500_T000017,03f22ddc68f0510dda335c705fa8ed9e9b70373757a3dd18ab789cd537be1645,S0002818,0,11,productive_iteration,False,True,False,False,False,,11.0
Natural500,Natural500_T000018,7ea5a82546b68fa8bf05b79f38752f82cac8885691e9891de5ce8af4a6a211f0,S0002819,5,24,productive_iteration,True,True,False,False,False,,4.0
Natural500,Natural500_T000018,7ea5a82546b68fa8bf05b79f38752f82cac8885691e9891de5ce8af4a6a211f0,S0002820,10,20,unproductive_cycle,False,False,True,False,False,,6.0
Natural500,Natural500_T000018,7ea5a82546b68fa8bf05b79f38752f82cac8885691e9891de5ce8af4a6a211f0,S0002821,0,4,productive_iteration,False,True,False,False,False,,5.0
Natural500,Natural500_T000018,7ea5a82546b68fa8bf05b79f38752f82cac8885691e9891de5ce8af4a6a211f0,S0002822,6,8,productive_iteration,True,True,False,False,False,,3.0
Natural500,Natural500_T000018,7ea5a82546b68fa8bf05b79f38752f82cac8885691e9891de5ce8af4a6a211f0,S0002823,15,17,productive_iteration,False,True,False,False,False,,3.0
Natural500,Natural500_T000018,7ea5a82546b68fa8bf05b79f38752f82cac8885691e9891de5ce8af4a6a211f0,S0002824,25,26,productive_iteration,False,True,False,False,False,,1.0
Natural500,Natural500_T000019,5a633ad1598dd4c94f07d8863c17a17794bb5ea5223c711eb1bac60eea4c0b31,S0002825,23,25,unproductive_cycle,False,False,True,False,False,,3.0
Natural500,Natural500_T000019,5a633ad1598dd4c94f07d8863c17a17794bb5ea5223c711eb1bac60eea4c0b31,S0002826,0,7,productive_iteration,False,True,False,False,False,,8.0
Natural500,Natural500_T000019,5a633ad1598dd4c94f07d8863c17a17794bb5ea5223c711eb1bac60eea4c0b31,S0002827,10,14,productive_iteration,False,True,False,False,False,,5.0
Natural500,Natural500_T000019,5a633ad1598dd4c94f07d8863c17a17794bb5ea5223c711eb1bac60eea4c0b31,S0002828,17,18,productive_iteration,False,True,False,False,False,,2.0
Natural500,Natural500_T000019,5a633ad1598dd4c94f07d8863c17a17794bb5ea5223c711eb1bac60eea4c0b31,S0002829,21,22,productive_iteration,False,True,False,False,False,,2.0
Natural500,Natural500_T000020,f722802af6f64bcaa307bdfd6ae670b6929041503a10d06c0cf2a4e935b0d547,S0002830,7,10,productive_iteration,True,True,False,False,False,,2.0
Natural500,Natural500_T000020,f722802af6f64bcaa307bdfd6ae670b6929041503a10d06c0cf2a4e935b0d547,S0002831,0,6,productive_iteration,False,True,False,False,False,,7.0
Natural500,Natural500_T000020,f722802af6f64bcaa307bdfd6ae670b6929041503a10d06c0cf2a4e935b0d547,S0002832,8,9,productive_iteration,True,True,False,False,False,,2.0
Natural500,Natural500_T000021,9ae6cfc30362794be4443c03a9eda58dd22fe1ff83a94329da6e29b897c1d52c,S0002833,0,6,productive_iteration,True,True,False,False,False,,6.0
Natural500,Natural500_T000022,0a4ab49382310d4e35814beb6e7374228a532ca5c102c96c40cd14b8dbd676f0,S0002834,0,3,productive_iteration,False,True,False,False,False,,2.0
Natural500,Natural500_T000022,0a4ab49382310d4e35814beb6e7374228a532ca5c102c96c40cd14b8dbd676f0,S0002835,6,16,unproductive_cycle,False,False,True,False,False,,9.0
Natural500,Natural500_T000022,0a4ab49382310d4e35814beb6e7374228a532ca5c102c96c40cd14b8dbd676f0,S0002836,1,2,productive_iteration,False,True,False,False,False,,2.0
Natural500,Natural500_T000022,0a4ab49382310d4e35814beb6e7374228a532ca5c102c96c40cd14b8dbd676f0,S0002837,4,5,productive_iteration,False,True,False,False,False,,2.0
Natural500,Natural500_T000022,0a4ab49382310d4e35814beb6e7374228a532ca5c102c96c40cd14b8dbd676f0,S0002838,13,14,productive_iteration,False,True,False,False,False,,2.0
Natural500,Natural500_T000023,0a87667b9e354b54a762a76287677eb45be3326b2f1a488873c4864faaed6a04,S0002839,0,1,productive_iteration,False,True,False,False,False,,2.0
Natural500,Natural500_T000023,0a87667b9e354b54a762a76287677eb45be3326b2f1a488873c4864faaed6a04,S0002840,3,6,productive_iteration,False,True,False,False,False,,3.0
Natural500,Natural500_T000024,1afdbba83e961fef7b418a0de42a784789f47e5d78d6ecd26be5d839ae0c68c8,S0002841,0,2,productive_iteration,False,True,False,False,False,,3.0
Natural500,Natural500_T000025,06d478bb8a58ac82a2a2c914f4be9c5b73d93f7abdbc9b3b8a8bbea01c7acc3a,S0002842,7,7,productive_iteration,True,True,False,False,False,,1.0
Natural500,Natural500_T000025,06d478bb8a58ac82a2a2c914f4be9c5b73d93f7abdbc9b3b8a8bbea01c7acc3a,S0002843,0,2,productive_iteration,False,True,False,False,False,,3.0
Natural500,Natural500_T000025,06d478bb8a58ac82a2a2c914f4be9c5b73d93f7abdbc9b3b8a8bbea01c7acc3a,S0002844,4,6,productive_iteration,True,True,False,False,False,,3.0
Natural500,Natural500_T000026,717eccbc496cce5c2fcb86409f19153395e151603ec019c215112c18aba973db,S0002845,0,8,productive_iteration,False,True,False,False,False,,9.0
Natural500,Natural500_T000027,949149d5367c4f2d86147ec9171f1908fed0bb003aa0399c55312a974aedb9d7,S0002846,0,5,productive_iteration,False,True,False,False,False,,6.0
Natural500,Natural500_T000027,949149d5367c4f2d86147ec9171f1908fed0bb003aa0399c55312a974aedb9d7,S0002847,9,13,productive_iteration,False,True,False,False,False,,5.0
Natural500,Natural500_T000027,949149d5367c4f2d86147ec9171f1908fed0bb003aa0399c55312a974aedb9d7,S0002848,6,8,unproductive_cycle,False,False,True,False,False,,3.0
Natural500,Natural500_T000028,6f58313a553730119335a3e5d804247ccf273cc6566348ce943ea72d25da989c,S0002849,5,6,productive_iteration,True,True,False,False,False,,2.0
Natural500,Natural500_T000028,6f58313a553730119335a3e5d804247ccf273cc6566348ce943ea72d25da989c,S0002850,0,4,productive_iteration,False,True,False,False,False,,5.0
Natural500,Natural500_T000028,6f58313a553730119335a3e5d804247ccf273cc6566348ce943ea72d25da989c,S0002851,8,11,productive_iteration,True,True,False,False,False,,4.0
Natural500,Natural500_T000029,943fbd3501b0b3e966940a52db76370cd84d7b39980b3b4e84565d96fb21e93a,S0002852,0,5,productive_iteration,True,True,False,False,False,,5.0
Natural500,Natural500_T000030,4751602520053ccf36350625edab76ac965eb287b8631af64de2190164d7ddaa,S0002853,0,3,productive_iteration,False,True,False,False,False,,4.0
Natural500,Natural500_T000030,4751602520053ccf36350625edab76ac965eb287b8631af64de2190164d7ddaa,S0002854,7,12,productive_iteration,False,True,False,False,False,,5.0
Natural500,Natural500_T000030,4751602520053ccf36350625edab76ac965eb287b8631af64de2190164d7ddaa,S0002855,4,6,unproductive_cycle,False,False,True,False,False,,3.0
Natural500,Natural500_T000031,ca815bb513c3ddb5baa1e567525cab561c5ed1524a07878d4ca7f6fb13257321,S0002856,0,2,productive_iteration,False,True,False,False,False,,3.0
Natural500,Natural500_T000032,9e465c43b099feeeccbbd196deb6df59c867bd64387028cbeaff7d7047c185ba,S0002857,0,10,productive_iteration,False,True,False,False,False,,11.0
Natural500,Natural500_T000033,795c867ba0125b702b2b5d8b4563931d2297729c2f7ec17d71acc0b7473b5f12,S0002858,2,2,productive_iteration,False,True,False,False,False,,1.0
Natural500,Natural500_T000033,795c867ba0125b702b2b5d8b4563931d2297729c2f7ec17d71acc0b7473b5f12,S0002859,0,1,productive_iteration,False,True,False,False,False,,2.0
Natural500,Natural500_T000033,795c867ba0125b702b2b5d8b4563931d2297729c2f7ec17d71acc0b7473b5f12,S0002860,3,7,productive_iteration,True,True,False,False,False,,5.0
Natural500,Natural500_T000034,63ad54e15f17c0670fe76a52891bcf5ed3bcc2c6cfd91201d72115146d647f68,S0002861,4,11,productive_iteration,True,True,False,False,False,,2.0
Natural500,Natural500_T000034,63ad54e15f17c0670fe76a52891bcf5ed3bcc2c6cfd91201d72115146d647f68,S0002862,0,1,productive_iteration,False,True,False,False,False,,2.0
Natural500,Natural500_T000034,63ad54e15f17c0670fe76a52891bcf5ed3bcc2c6cfd91201d72115146d647f68,S0002863,5,8,productive_iteration,False,True,False,False,False,,4.0
Natural500,Natural500_T000034,63ad54e15f17c0670fe76a52891bcf5ed3bcc2c6cfd91201d72115146d647f68,S0002864,13,14,productive_iteration,False,True,False,False,False,,1.0
Natural500,Natural500_T000035,9f25a4131680d90449c9c8f6a25ff0a1aa2c2076b066ac881d5690fea1c0189f,S0002865,7,7,productive_iteration,True,True,False,False,False,,1.0
Natural500,Natural500_T000035,9f25a4131680d90449c9c8f6a25ff0a1aa2c2076b066ac881d5690fea1c0189f,S0002866,8,9,unproductive_cycle,False,False,True,False,False,,2.0
Natural500,Natural500_T000035,9f25a4131680d90449c9c8f6a25ff0a1aa2c2076b066ac881d5690fea1c0189f,S0002867,4,6,productive_iteration,False,True,False,False,False,,3.0
Natural500,Natural500_T000035,9f25a4131680d90449c9c8f6a25ff0a1aa2c2076b066ac881d5690fea1c0189f,S0002868,10,12,productive_iteration,False,True,False,False,False,,3.0
Natural500,Natural500_T000036,465943517bec156055cfafe0143322aa7e8ea1fecbd27a8bf6f7e8e33b0d40ca,S0002869,0,2,productive_iteration,False,True,False,False,False,,3.0
Natural500,Natural500_T000036,465943517bec156055cfafe0143322aa7e8ea1fecbd27a8bf6f7e8e33b0d40ca,S0002870,4,6,productive_iteration,False,True,False,False,False,,3.0
Natural500,Natural500_T000037,b5e970654350c518f28f9ce831afdfeb4688ab4083d88698f24a29006540eedf,S0002871,0,4,productive_iteration,False,True,False,False,False,,5.0
Natural500,Natural500_T000037,b5e970654350c518f28f9ce831afdfeb4688ab4083d88698f24a29006540eedf,S0002872,6,9,productive_iteration,False,True,False,False,False,,4.0
Natural500,Natural500_T000038,e4e366e1fee168b7010cb12557c70c71841fe9b05cd56d8053b6e5cfc9a09404,S0002873,0,4,unproductive_cycle,False,False,True,False,False,,5.0
Natural500,Natural500_T000039,0852ec7e5e31eadc95d77f9a812a520b5551b4e2aa575dcb26a966f42c065014,S0002874,6,6,productive_iteration,False,True,False,False,False,,1.0
Natural500,Natural500_T000039,0852ec7e5e31eadc95d77f9a812a520b5551b4e2aa575dcb26a966f42c065014,S0002875,1,2,productive_iteration,False,True,False,False,False,,2.0
Natural500,Natural500_T000039,0852ec7e5e31eadc95d77f9a812a520b5551b4e2aa575dcb26a966f42c065014,S0002876,4,5,productive_iteration,False,True,False,False,False,,2.0
Natural500,Natural500_T000039,0852ec7e5e31eadc95d77f9a812a520b5551b4e2aa575dcb26a966f42c065014,S0002877,7,9,productive_iteration,False,True,False,False,False,,3.0
Natural500,Natural500_T000040,06907df4b7ea5eacc1eebd4ea5b2c1120e4320641edba235f1ed43215f95f41c,S0002878,12,12,productive_iteration,True,True,False,False,False,,1.0
Natural500,Natural500_T000040,06907df4b7ea5eacc1eebd4ea5b2c1120e4320641edba235f1ed43215f95f41c,S0002879,4,11,productive_iteration,False,True,False,False,False,,8.0
Natural500,Natural500_T000040,06907df4b7ea5eacc1eebd4ea5b2c1120e4320641edba235f1ed43215f95f41c,S0002880,13,14,productive_iteration,False,True,False,False,False,,2.0
Natural500,Natural500_T000041,208557a61b5a54745670f964c3b9bf3bd61f29ad558a422365ad215c03d93190,S0002881,4,4,productive_iteration,False,True,False,False,False,,1.0
Natural500,Natural500_T000041,208557a61b5a54745670f964c3b9bf3bd61f29ad558a422365ad215c03d93190,S0002882,0,3,productive_iteration,False,True,False,False,False,,4.0
Natural500,Natural500_T000041,208557a61b5a54745670f964c3b9bf3bd61f29ad558a422365ad215c03d93190,S0002883,5,11,productive_iteration,False,True,False,False,False,,6.0
Natural500,Natural500_T000042,1840d2e3cf60768be51e9f9522f32408fa7aa1b50fea459cf6ff59d4498c269f,S0002884,0,10,productive_iteration,True,True,False,False,False,,11.0
Natural500,Natural500_T000043,84e76cb34293bd3fb16a512a51930b92245219d0069bdd2ee3520fb088abe880,S0002885,0,2,productive_iteration,True,True,False,False,False,,3.0
Natural500,Natural500_T000043,84e76cb34293bd3fb16a512a51930b92245219d0069bdd2ee3520fb088abe880,S0002886,4,11,productive_iteration,False,True,False,False,False,,8.0
Natural500,Natural500_T000044,7097dbcd78f8a4b1db2286b8c7eda771bc2cb7726138ac77919f623c03d4b71d,S0002887,0,11,productive_iteration,False,True,False,False,False,,12.0
Natural500,Natural500_T000045,71904eed1aebc7b7dbff6983914581f7ca0a60f3a3fbf524717657c3dc9d1fa3,S0002888,3,35,productive_iteration,True,True,False,False,False,,10.0
Natural500,Natural500_T000045,71904eed1aebc7b7dbff6983914581f7ca0a60f3a3fbf524717657c3dc9d1fa3,S0002889,36,49,unproductive_cycle,False,False,True,False,False,,14.0
Natural500,Natural500_T000045,71904eed1aebc7b7dbff6983914581f7ca0a60f3a3fbf524717657c3dc9d1fa3,S0002890,0,2,productive_iteration,False,True,False,False,False,,3.0
Natural500,Natural500_T000045,71904eed1aebc7b7dbff6983914581f7ca0a60f3a3fbf524717657c3dc9d1fa3,S0002891,5,7,productive_iteration,False,True,False,False,False,,3.0
Natural500,Natural500_T000045,71904eed1aebc7b7dbff6983914581f7ca0a60f3a3fbf524717657c3dc9d1fa3,S0002892,12,13,productive_iteration,False,True,False,False,False,,2.0
Natural500,Natural500_T000045,71904eed1aebc7b7dbff6983914581f7ca0a60f3a3fbf524717657c3dc9d1fa3,S0002893,8,11,productive_iteration,True,True,False,False,False,,2.0
Natural500,Natural500_T000045,71904eed1aebc7b7dbff6983914581f7ca0a60f3a3fbf524717657c3dc9d1fa3,S0002894,28,33,unproductive_cycle,False,False,True,False,False,,1.0
Natural500,Natural500_T000046,6b346c694c77746df33aae44d111b3ce0966a619155fb1ba6a82f62662a81461,S0002895,0,7,productive_iteration,False,True,False,False,False,,8.0
Natural500,Natural500_T000047,248242c5afe163f201374e18741057e7f6e559d1cfef27d7f67e44af3098fdac,S0002896,0,3,productive_iteration,False,True,False,False,False,,4.0
Natural500,Natural500_T000048,e0a1b88f87e0893891fe408a663ba48d904ff77b8b8daf3b7d535152564db8fb,S0002897,0,3,productive_iteration,False,True,False,False,False,,4.0
Natural500,Natural500_T000048,e0a1b88f87e0893891fe408a663ba48d904ff77b8b8daf3b7d535152564db8fb,S0002898,6,7,productive_iteration,True,True,False,False,False,,2.0
Natural500,Natural500_T000049,9d87e40620c3106f4509ae3fa4041fa5211430d5fdd6ba9d1143333c315d7c26,S0002899,0,12,productive_iteration,False,True,False,False,False,,13.0
Natural500,Natural500_T000050,327b48cd3318eaeb6d293c3ceea373e388bdfb2c1d80a266c8e5e60fc04cb6a8,S0002900,3,11,productive_iteration,False,True,False,False,False,,8.0
Natural500,Natural500_T000051,c48bce85c0cb46717c15f754aa85f48b8d76607958a7a74fd619f853cb00f776,S0002901,0,1,productive_iteration,False,True,False,False,False,,2.0
Natural500,Natural500_T000051,c48bce85c0cb46717c15f754aa85f48b8d76607958a7a74fd619f853cb00f776,S0002902,3,8,productive_iteration,False,True,False,False,False,,6.0
Natural500,Natural500_T000051,c48bce85c0cb46717c15f754aa85f48b8d76607958a7a74fd619f853cb00f776,S0002903,10,11,productive_iteration,False,True,False,False,False,,2.0
Natural500,Natural500_T000052,81ffe41c1b5b026b3fd8e75c5d6c16adfab4524c96506dc769a773cbaae5eddf,S0002904,0,2,productive_iteration,False,True,False,False,False,,3.0
Natural500,Natural500_T000053,af2dfe21c1355b316b96160c65bef9f0120ef3f7f8fdaeab729c1eb131346246,S0002905,0,3,productive_iteration,False,True,False,False,False,,4.0
Natural500,Natural500_T000053,af2dfe21c1355b316b96160c65bef9f0120ef3f7f8fdaeab729c1eb131346246,S0002906,5,9,productive_iteration,False,True,False,False,False,,5.0
Natural500,Natural500_T000054,04b3e7a6c6cb0d4869f563970c46f682835e9052e20f64f89dbe2dbcde7a20c1,S0002907,0,7,productive_iteration,False,True,False,False,False,,7.0
Natural500,Natural500_T000055,2987e4afb63a0a03c76c8e45339e745f5a0bb46071ec16125ebbdbc33d2893df,S0002908,5,20,productive_iteration,True,True,False,False,False,,9.0
Natural500,Natural500_T000055,2987e4afb63a0a03c76c8e45339e745f5a0bb46071ec16125ebbdbc33d2893df,S0002909,0,4,productive_iteration,False,True,False,False,False,,5.0
Natural500,Natural500_T000055,2987e4afb63a0a03c76c8e45339e745f5a0bb46071ec16125ebbdbc33d2893df,S0002910,7,9,productive_iteration,False,True,False,False,False,,3.0
Natural500,Natural500_T000055,2987e4afb63a0a03c76c8e45339e745f5a0bb46071ec16125ebbdbc33d2893df,S0002911,12,13,productive_iteration,False,True,False,False,False,,2.0
Natural500,Natural500_T000056,1a907c864c4df0b5fa24ca2e302ef13b4b62c9f816ecb781a101c7c640791bee,S0002912,0,1,productive_iteration,False,True,False,False,False,,2.0
Natural500,Natural500_T000056,1a907c864c4df0b5fa24ca2e302ef13b4b62c9f816ecb781a101c7c640791bee,S0002913,3,4,productive_iteration,False,True,False,False,False,,2.0
Natural500,Natural500_T000057,f7bebdd201dac201b6e0daf4353b045a8371b26140af8b54c1358cf8b017e05a,S0002914,0,13,productive_iteration,False,True,False,False,False,,14.0
Natural500,Natural500_T000058,da6fcb556e532325cc65429b913413c2eb698b2fdba0179a5ae7d4c4aa14829d,S0002915,0,4,productive_iteration,False,True,False,False,False,,5.0
Natural500,Natural500_T000058,da6fcb556e532325cc65429b913413c2eb698b2fdba0179a5ae7d4c4aa14829d,S0002916,6,8,productive_iteration,False,True,False,False,False,,3.0
Natural500,Natural500_T000059,781a03d03cff5dc5eb67f73b1ddb14b3006997b3c50c17b0d4f1c4a546b22310,S0002917,0,1,productive_iteration,False,True,False,False,False,,2.0
Natural500,Natural500_T000059,781a03d03cff5dc5eb67f73b1ddb14b3006997b3c50c17b0d4f1c4a546b22310,S0002918,4,53,unproductive_cycle,False,False,True,False,False,,49.0
Natural500,Natural500_T000060,a5ff95b8369ec3281561845e4a12b113348037ad37af627dcb1b8825c91662e4,S0002919,18,18,productive_iteration,True,True,False,False,False,,1.0
Natural500,Natural500_T000060,a5ff95b8369ec3281561845e4a12b113348037ad37af627dcb1b8825c91662e4,S0002920,23,27,unproductive_cycle,False,False,True,False,False,,4.0
Natural500,Natural500_T000060,a5ff95b8369ec3281561845e4a12b113348037ad37af627dcb1b8825c91662e4,S0002921,0,17,productive_iteration,False,True,False,False,False,,18.0
Natural500,Natural500_T000060,a5ff95b8369ec3281561845e4a12b113348037ad37af627dcb1b8825c91662e4,S0002922,21,22,productive_iteration,False,True,False,False,False,,2.0
Natural500,Natural500_T000060,a5ff95b8369ec3281561845e4a12b113348037ad37af627dcb1b8825c91662e4,S0002923,29,33,productive_iteration,False,True,False,False,False,,5.0
Natural500,Natural500_T000061,7bc550a332d8e2faf13917eb54608a435d34863fa3e4514c19332994406510ec,S0002924,0,4,productive_iteration,False,True,False,False,False,,5.0
Natural500,Natural500_T000061,7bc550a332d8e2faf13917eb54608a435d34863fa3e4514c19332994406510ec,S0002925,6,9,productive_iteration,True,True,False,False,False,,4.0
Natural500,Natural500_T000062,4f7a3dd6eac7e76e2b10155ce611f17710fb4596e82492496e019510fe835b60,S0002926,0,4,productive_iteration,False,True,False,False,False,,5.0
Natural500,Natural500_T000062,4f7a3dd6eac7e76e2b10155ce611f17710fb4596e82492496e019510fe835b60,S0002927,6,11,productive_iteration,False,True,False,False,False,,6.0
Natural500,Natural500_T000062,4f7a3dd6eac7e76e2b10155ce611f17710fb4596e82492496e019510fe835b60,S0002928,13,14,productive_iteration,False,True,False,False,False,,2.0
Natural500,Natural500_T000063,5f01170db1b7b931646d8cd84312a5adf8e77e189651f2aee5c589c5064d78a2,S0002929,0,3,productive_iteration,False,True,False,False,False,,4.0
Natural500,Natural500_T000063,5f01170db1b7b931646d8cd84312a5adf8e77e189651f2aee5c589c5064d78a2,S0002930,7,12,productive_iteration,False,True,False,False,False,,6.0
Natural500,Natural500_T000064,54f1678f09331923aff74710c37aa361ed619bb86ef2df2b158376cb3b17751b,S0002931,0,9,productive_iteration,True,True,False,False,False,,10.0
Natural500,Natural500_T000065,fbc185deabce95b358347d0889e4bed3ead8f9c71567f53ffbb95f0c8a068d75,S0002932,0,13,productive_iteration,False,True,False,False,False,,14.0
Natural500,Natural500_T000065,fbc185deabce95b358347d0889e4bed3ead8f9c71567f53ffbb95f0c8a068d75,S0002933,15,16,productive_iteration,False,True,False,False,False,,2.0
Natural500,Natural500_T000066,d519e19209f101ec1faba40b31d1fd6d54eff96fbd0475d28cdd06b23791c223,S0002934,0,1,productive_iteration,False,True,False,False,False,,2.0
Natural500,Natural500_T000066,d519e19209f101ec1faba40b31d1fd6d54eff96fbd0475d28cdd06b23791c223,S0002935,3,8,productive_iteration,False,True,False,False,False,,5.0
Natural500,Natural500_T000067,cf890ee49deeed2e171aed6b301fe0133ccecc9772129a78a5bf6b5f2b6f7d8c,S0002936,0,2,productive_iteration,False,True,False,False,False,,3.0
Natural500,Natural500_T000067,cf890ee49deeed2e171aed6b301fe0133ccecc9772129a78a5bf6b5f2b6f7d8c,S0002937,4,7,productive_iteration,True,True,False,False,False,,4.0
Natural500,Natural500_T000068,037396ccd6c9ee7fc50614a273fe33b933a59ee3a4cb676456e51f6218eda123,S0002938,0,6,productive_iteration,False,True,False,False,False,,7.0
Natural500,Natural500_T000068,037396ccd6c9ee7fc50614a273fe33b933a59ee3a4cb676456e51f6218eda123,S0002939,9,11,productive_iteration,False,True,False,False,False,,3.0
Natural500,Natural500_T000069,4174dd801d4089e6cd17e9c65f8205e1e9f542788a34027928fb60df3f313fd7,S0002940,10,10,productive_iteration,True,True,False,False,False,,1.0
Natural500,Natural500_T000069,4174dd801d4089e6cd17e9c65f8205e1e9f542788a34027928fb60df3f313fd7,S0002941,0,9,productive_iteration,False,True,False,False,False,,10.0
Natural500,Natural500_T000070,aa2159a45558bb3f0507d11e100a429fed2aa66530be7e3d24726079339797cd,S0002942,0,2,productive_iteration,False,True,False,False,False,,3.0
Natural500,Natural500_T000070,aa2159a45558bb3f0507d11e100a429fed2aa66530be7e3d24726079339797cd,S0002943,4,16,productive_iteration,True,True,False,False,False,,13.0
Natural500,Natural500_T000071,7fca0cf2438d4acf9c5c9ead70259db4b5ab09be9d929b4dfb25a80ea8bfd672,S0002944,0,1,productive_iteration,False,True,False,False,False,,2.0
Natural500,Natural500_T000071,7fca0cf2438d4acf9c5c9ead70259db4b5ab09be9d929b4dfb25a80ea8bfd672,S0002945,3,113,unproductive_cycle,False,False,True,False,False,,111.0
Natural500,Natural500_T000072,3b23c9635a3466d8783d702cca35e5cc8c25b7b4a53c3c8c6bd5d85508630730,S0002946,0,7,productive_iteration,True,True,False,False,False,,8.0
Natural500,Natural500_T000073,6bf37a80ea6fe42a35b634d9c30c9ded8f29663157fa4130164fe5277609edc0,S0002947,1,7,productive_iteration,False,True,False,False,False,,7.0
Natural500,Natural500_T000074,546195c822deee5169ea8087efe673df79c616cbc9ad254d30a3d7f25abc9867,S0002948,3,6,productive_iteration,True,True,False,False,False,,4.0
Natural500,Natural500_T000074,546195c822deee5169ea8087efe673df79c616cbc9ad254d30a3d7f25abc9867,S0002949,0,2,productive_iteration,False,True,False,False,False,,3.0
Natural500,Natural500_T000074,546195c822deee5169ea8087efe673df79c616cbc9ad254d30a3d7f25abc9867,S0002950,7,12,productive_iteration,False,True,False,False,False,,6.0
Natural500,Natural500_T000074,546195c822deee5169ea8087efe673df79c616cbc9ad254d30a3d7f25abc9867,S0002951,16,19,productive_iteration,False,True,False,False,False,,3.0
Natural500,Natural500_T000075,8f2d9592fbfe1907c1d6af07cefe9cada16a43930f244c161258014c873e3201,S0002952,4,10,productive_iteration,True,True,False,False,False,,2.0
Natural500,Natural500_T000075,8f2d9592fbfe1907c1d6af07cefe9cada16a43930f244c161258014c873e3201,S0002953,2,3,unproductive_cycle,False,False,True,False,False,,2.0
Natural500,Natural500_T000075,8f2d9592fbfe1907c1d6af07cefe9cada16a43930f244c161258014c873e3201,S0002954,11,20,productive_iteration,False,True,False,False,False,,10.0
Natural500,Natural500_T000075,8f2d9592fbfe1907c1d6af07cefe9cada16a43930f244c161258014c873e3201,S0002955,6,8,unproductive_cycle,False,False,True,False,False,,3.0
Natural500,Natural500_T000076,d1ffe04d3ea162d428ef640e08eb122cfdd0d0237f71a2da039f6eb8fd434a9e,S0002956,0,12,productive_iteration,False,True,False,False,False,,13.0
Natural500,Natural500_T000077,aa28dd3a608edd745bfdfbd05b813294f29be31d597786d71ebd59834e201a23,S0002957,0,9,productive_iteration,False,True,False,False,False,,10.0
Natural500,Natural500_T000078,952abd278759c4985cb26b3d417aa8631a6a0da995f130bb6362ac52e7f0dea3,S0002958,0,12,productive_iteration,False,True,False,False,False,,13.0
Natural500,Natural500_T000079,9ef01e6b8c3f867c4357ff652cc9cc152100d1aca0f0ea4291219b26de18233b,S0002959,7,15,productive_iteration,True,True,False,False,False,,3.0
Natural500,Natural500_T000079,9ef01e6b8c3f867c4357ff652cc9cc152100d1aca0f0ea4291219b26de18233b,S0002960,0,2,productive_iteration,False,True,False,False,False,,3.0
Natural500,Natural500_T000079,9ef01e6b8c3f867c4357ff652cc9cc152100d1aca0f0ea4291219b26de18233b,S0002961,8,13,productive_iteration,False,True,False,False,False,,6.0
Natural500,Natural500_T000079,9ef01e6b8c3f867c4357ff652cc9cc152100d1aca0f0ea4291219b26de18233b,S0002962,16,17,productive_iteration,False,True,False,False,False,,2.0
Natural500,Natural500_T000079,9ef01e6b8c3f867c4357ff652cc9cc152100d1aca0f0ea4291219b26de18233b,S0002963,3,6,unproductive_cycle,False,False,True,False,False,,4.0
Natural500,Natural500_T000080,3861e7b17f2a1833418a0ccb7138a41989ccd27b7009aa68da800bc8d62cf385,S0002964,0,9,productive_iteration,True,True,False,False,False,,10.0
Natural500,Natural500_T000081,adc4cdf7ae23730a024d55f790b6c88049e7afdf56a1df0bf238b0908113203d,S0002965,0,6,productive_iteration,False,True,False,False,False,,7.0
Natural500,Natural500_T000082,b8bc02d41e1c5b99099b82deae96c7255d302c49c9bcd2f54b0a683734baf34e,S0002966,0,2,productive_iteration,False,True,False,False,False,,3.0
Natural500,Natural500_T000082,b8bc02d41e1c5b99099b82deae96c7255d302c49c9bcd2f54b0a683734baf34e,S0002967,6,18,productive_iteration,False,True,False,False,False,,13.0
Natural500,Natural500_T000083,4d64e5eb679bed36fa4748ef0a973eeb08e5803e2eea6d71e0b7a74bbd59172e,S0002968,2,10,productive_iteration,False,True,False,False,False,,9.0
Natural500,Natural500_T000083,4d64e5eb679bed36fa4748ef0a973eeb08e5803e2eea6d71e0b7a74bbd59172e,S0002969,12,14,productive_iteration,False,True,False,False,False,,3.0
Natural500,Natural500_T000083,4d64e5eb679bed36fa4748ef0a973eeb08e5803e2eea6d71e0b7a74bbd59172e,S0002970,16,18,productive_iteration,False,True,False,False,False,,3.0
Natural500,Natural500_T000083,4d64e5eb679bed36fa4748ef0a973eeb08e5803e2eea6d71e0b7a74bbd59172e,S0002971,20,23,productive_iteration,True,True,False,False,False,,4.0
Natural500,Natural500_T000084,1f36118a82f7948333017178a2ee223f7531ed251d3b6ce6902ddc57aa194f19,S0002972,0,7,productive_iteration,False,True,False,False,False,,8.0
Natural500,Natural500_T000085,742670fc0f521f1c5ab8aacfd0ed8ceb2b2f5592aae25bdda7b9e4f47bbf8b36,S0002973,6,12,productive_iteration,True,True,False,False,False,,5.0
Natural500,Natural500_T000085,742670fc0f521f1c5ab8aacfd0ed8ceb2b2f5592aae25bdda7b9e4f47bbf8b36,S0002974,4,5,productive_iteration,False,True,False,False,False,,2.0
Natural500,Natural500_T000085,742670fc0f521f1c5ab8aacfd0ed8ceb2b2f5592aae25bdda7b9e4f47bbf8b36,S0002975,10,11,productive_iteration,False,True,False,False,False,,2.0
Natural500,Natural500_T000085,742670fc0f521f1c5ab8aacfd0ed8ceb2b2f5592aae25bdda7b9e4f47bbf8b36,S0002976,13,15,productive_iteration,False,True,False,False,False,,3.0
Natural500,Natural500_T000085,742670fc0f521f1c5ab8aacfd0ed8ceb2b2f5592aae25bdda7b9e4f47bbf8b36,S0002977,19,20,productive_iteration,False,True,False,False,False,,2.0
Natural500,Natural500_T000086,ba2e1600d7a86c4f2030998ff78f03f8f72928e354e6179827be595cb0f40e22,S0002978,0,3,productive_iteration,False,True,False,False,False,,4.0
Natural500,Natural500_T000086,ba2e1600d7a86c4f2030998ff78f03f8f72928e354e6179827be595cb0f40e22,S0002979,5,6,productive_iteration,False,True,False,False,False,,2.0
Natural500,Natural500_T000087,effe31a2070c75d4275135cfa47bc2db123f717bd3537054988cff2bb381783e,S0002980,3,8,productive_iteration,False,True,False,False,False,,6.0
Natural500,Natural500_T000088,45edd1a0280c8856209624e1bf67da1bcfc8b489d60ab38556920c576446fb2b,S0002981,6,6,productive_iteration,True,True,False,False,False,,1.0
Natural500,Natural500_T000088,45edd1a0280c8856209624e1bf67da1bcfc8b489d60ab38556920c576446fb2b,S0002982,1,4,productive_iteration,False,True,False,False,False,,4.0
Natural500,Natural500_T000088,45edd1a0280c8856209624e1bf67da1bcfc8b489d60ab38556920c576446fb2b,S0002983,7,12,productive_iteration,False,True,False,False,False,,6.0
Natural500,Natural500_T000089,14d092626ed256734fa002e072ddfdbe67611545808666713c138205b71883a7,S0002984,22,22,unproductive_cycle,False,False,True,False,False,,1.0
Natural500,Natural500_T000089,14d092626ed256734fa002e072ddfdbe67611545808666713c138205b71883a7,S0002985,3,21,productive_iteration,True,True,False,False,False,,2.0
Natural500,Natural500_T000089,14d092626ed256734fa002e072ddfdbe67611545808666713c138205b71883a7,S0002986,3,21,unproductive_cycle,False,False,True,False,False,,17.0
Natural500,Natural500_T000090,749cdd818aabd4237b84eb43413540f1922a5334b77073af4b13005361cdc334,S0002987,3,5,productive_iteration,True,True,False,False,False,,3.0
Natural500,Natural500_T000090,749cdd818aabd4237b84eb43413540f1922a5334b77073af4b13005361cdc334,S0002988,7,7,unproductive_cycle,False,False,True,False,False,,1.0
Natural500,Natural500_T000090,749cdd818aabd4237b84eb43413540f1922a5334b77073af4b13005361cdc334,S0002989,0,2,productive_iteration,False,True,False,False,False,,3.0
Natural500,Natural500_T000091,d9cc2e669f2dd2cbbb5603421d58a8bfa6142e8db5860aee22429c90905c6608,S0002990,1,4,productive_iteration,False,True,False,False,False,,4.0
Natural500,Natural500_T000091,d9cc2e669f2dd2cbbb5603421d58a8bfa6142e8db5860aee22429c90905c6608,S0002991,9,11,productive_iteration,False,True,False,False,False,,2.0
Natural500,Natural500_T000092,57f9008c16005e1ad9814bbee3aad7a34dddadd5870489b74f4d3d5451c90c2f,S0002992,0,9,productive_iteration,False,True,False,False,False,,9.0
Natural500,Natural500_T000093,4b836f82331f2edee2771a07c3fb96271456bd4438f8986558e1330583909591,S0002993,0,6,productive_iteration,False,True,False,False,False,,7.0
Natural500,Natural500_T000093,4b836f82331f2edee2771a07c3fb96271456bd4438f8986558e1330583909591,S0002994,8,11,productive_iteration,False,True,False,False,False,,4.0
Natural500,Natural500_T000094,48190b9c9f27a6a5911a59a8fa50ea225096e6c869b122b11cecbc53beccc57d,S0002995,12,12,productive_iteration,True,True,False,False,False,,1.0
Natural500,Natural500_T000094,48190b9c9f27a6a5911a59a8fa50ea225096e6c869b122b11cecbc53beccc57d,S0002996,22,37,unproductive_cycle,False,False,True,False,False,,2.0
Natural500,Natural500_T000094,48190b9c9f27a6a5911a59a8fa50ea225096e6c869b122b11cecbc53beccc57d,S0002997,0,9,productive_iteration,True,True,False,False,False,,10.0
Natural500,Natural500_T000094,48190b9c9f27a6a5911a59a8fa50ea225096e6c869b122b11cecbc53beccc57d,S0002998,13,14,productive_iteration,False,True,False,False,False,,2.0
Natural500,Natural500_T000094,48190b9c9f27a6a5911a59a8fa50ea225096e6c869b122b11cecbc53beccc57d,S0002999,16,21,unproductive_cycle,False,False,True,False,False,,6.0
Natural500,Natural500_T000094,48190b9c9f27a6a5911a59a8fa50ea225096e6c869b122b11cecbc53beccc57d,S0003000,23,36,unproductive_cycle,False,False,True,False,False,,14.0
Natural500,Natural500_T000095,7dc5853fedc58b5e69d3f8b666c0d5da3ece484a2df70edf08d2fdc674aacef5,S0003001,10,10,unproductive_cycle,False,False,True,False,False,,1.0
Natural500,Natural500_T000095,7dc5853fedc58b5e69d3f8b666c0d5da3ece484a2df70edf08d2fdc674aacef5,S0003002,0,9,productive_iteration,False,True,False,False,False,,10.0
Natural500,Natural500_T000095,7dc5853fedc58b5e69d3f8b666c0d5da3ece484a2df70edf08d2fdc674aacef5,S0003003,14,21,productive_iteration,False,True,False,False,False,,8.0
Natural500,Natural500_T000095,7dc5853fedc58b5e69d3f8b666c0d5da3ece484a2df70edf08d2fdc674aacef5,S0003004,11,13,unproductive_cycle,False,False,True,False,False,,3.0
Natural500,Natural500_T000096,f41fd4ea84840157e9df90b89ee1658ad792434598f8f34774d835925f21d658,S0003005,0,5,productive_iteration,False,True,False,False,False,,6.0
Natural500,Natural500_T000096,f41fd4ea84840157e9df90b89ee1658ad792434598f8f34774d835925f21d658,S0003006,7,12,productive_iteration,False,True,False,False,False,,6.0
Natural500,Natural500_T000097,b121bf647b4be18ecc5b64f0e0fdcb4de01069171630c93fd015150467258311,S0003007,0,13,productive_iteration,False,True,False,False,False,,14.0
Natural500,Natural500_T000098,bc22fd98c06e3cb6ccf1dcd1f065ec4b4680458849549ac58a6272d5cefd267e,S0003008,0,2,productive_iteration,False,True,False,False,False,,3.0
Natural500,Natural500_T000098,bc22fd98c06e3cb6ccf1dcd1f065ec4b4680458849549ac58a6272d5cefd267e,S0003009,3,6,productive_iteration,True,True,False,False,False,,2.0
Natural500,Natural500_T000098,bc22fd98c06e3cb6ccf1dcd1f065ec4b4680458849549ac58a6272d5cefd267e,S0003010,3,6,unproductive_cycle,False,False,True,False,False,,2.0
Natural500,Natural500_T000099,5bf4216e8ab93e90d926474175cb199c2cccb3b4d07805b4d5263eeaab61f052,S0003011,0,2,productive_iteration,False,True,False,False,False,,3.0
Natural500,Natural500_T000099,5bf4216e8ab93e90d926474175cb199c2cccb3b4d07805b4d5263eeaab61f052,S0003012,4,5,productive_iteration,False,True,False,False,False,,2.0
Natural500,Natural500_T000100,32187b42794af7e2ef1a80e2b0d65ae9a3ddb2d55f1120f0799161cefa4ae62a,S0003013,7,24,productive_iteration,False,True,False,False,False,,7.0
Natural500,Natural500_T000100,32187b42794af7e2ef1a80e2b0d65ae9a3ddb2d55f1120f0799161cefa4ae62a,S0003014,82,82,unproductive_cycle,False,False,True,False,False,,1.0
Natural500,Natural500_T000100,32187b42794af7e2ef1a80e2b0d65ae9a3ddb2d55f1120f0799161cefa4ae62a,S0003015,9,10,productive_iteration,False,True,False,False,False,,2.0
Natural500,Natural500_T000100,32187b42794af7e2ef1a80e2b0d65ae9a3ddb2d55f1120f0799161cefa4ae62a,S0003016,14,22,productive_iteration,False,True,False,False,False,,3.0
Natural500,Natural500_T000100,32187b42794af7e2ef1a80e2b0d65ae9a3ddb2d55f1120f0799161cefa4ae62a,S0003017,14,22,unproductive_cycle,False,False,True,False,False,,5.0
Natural500,Natural500_T000100,32187b42794af7e2ef1a80e2b0d65ae9a3ddb2d55f1120f0799161cefa4ae62a,S0003018,25,81,unproductive_cycle,False,False,True,False,False,,56.0
Natural500,Natural500_T000101,665fb51f27fc1679a7ffd745d0bd06a42b0cc9311fe7013149f9c53728557627,S0003019,0,9,productive_iteration,False,True,False,False,False,,10.0
Natural500,Natural500_T000102,8719e8566d9d22edb19ac05b4c804e032989a2a9f67528e5286df20272ea1546,S0003020,3,8,productive_iteration,False,True,False,False,False,,6.0
Natural500,Natural500_T000103,0787c38db3c64c6f7809339c3e0a0fd2e95505e8bf6837e18117b7cbd4684e32,S0003021,0,2,productive_iteration,False,True,False,False,False,,3.0
Natural500,Natural500_T000103,0787c38db3c64c6f7809339c3e0a0fd2e95505e8bf6837e18117b7cbd4684e32,S0003022,4,6,productive_iteration,False,True,False,False,False,,3.0
Natural500,Natural500_T000104,300f1b8c1b165120579569732c7ee25693fa47650a2e2a1a25d045c55fe098ab,S0003023,0,2,productive_iteration,False,True,False,False,False,,3.0
Natural500,Natural500_T000104,300f1b8c1b165120579569732c7ee25693fa47650a2e2a1a25d045c55fe098ab,S0003024,6,7,productive_iteration,False,True,False,False,False,,2.0
Natural500,Natural500_T000105,40d585514792d4c094141a85d1d4bf17bfbd69e79802f86fe7e46c55ba9e8a03,S0003025,6,6,productive_iteration,True,True,False,False,False,,1.0
Natural500,Natural500_T000105,40d585514792d4c094141a85d1d4bf17bfbd69e79802f86fe7e46c55ba9e8a03,S0003026,0,3,productive_iteration,False,True,False,False,False,,4.0
Natural500,Natural500_T000105,40d585514792d4c094141a85d1d4bf17bfbd69e79802f86fe7e46c55ba9e8a03,S0003027,7,10,productive_iteration,True,True,False,False,False,,4.0
Natural500,Natural500_T000106,04a2d0a646bb5862058259bf821b9f75dd7e4c874b057adf28bdce50d6978866,S0003028,9,9,productive_iteration,True,True,False,False,False,,1.0
Natural500,Natural500_T000106,04a2d0a646bb5862058259bf821b9f75dd7e4c874b057adf28bdce50d6978866,S0003029,0,6,productive_iteration,False,True,False,False,False,,7.0
Natural500,Natural500_T000106,04a2d0a646bb5862058259bf821b9f75dd7e4c874b057adf28bdce50d6978866,S0003030,10,11,productive_iteration,False,True,False,False,False,,1.0
Natural500,Natural500_T000107,d1859a401fd9b8ef892f65ba94baea9ca49b76e8c2b9c63335cbfb1c2fde5e64,S0003031,1,1,productive_iteration,True,True,False,False,False,,1.0
Natural500,Natural500_T000107,d1859a401fd9b8ef892f65ba94baea9ca49b76e8c2b9c63335cbfb1c2fde5e64,S0003032,2,3,productive_iteration,False,True,False,False,False,,2.0
Natural500,Natural500_T000107,d1859a401fd9b8ef892f65ba94baea9ca49b76e8c2b9c63335cbfb1c2fde5e64,S0003033,5,12,productive_iteration,False,True,False,False,False,,7.0
Natural500,Natural500_T000108,a4bbcb05c2da631108caf773c8908e0a8052f2f5f19afb9550e3b763975048c4,S0003034,0,8,productive_iteration,False,True,False,False,False,,9.0
Natural500,Natural500_T000108,a4bbcb05c2da631108caf773c8908e0a8052f2f5f19afb9550e3b763975048c4,S0003035,11,12,productive_iteration,False,True,False,False,False,,2.0
Natural500,Natural500_T000109,d69b381b157e255d2f0ddee9ad87cf402fe7868e58d114fdda36fcf92ca2bb67,S0003036,0,1,productive_iteration,False,True,False,False,False,,2.0
Natural500,Natural500_T000109,d69b381b157e255d2f0ddee9ad87cf402fe7868e58d114fdda36fcf92ca2bb67,S0003037,7,10,productive_iteration,False,True,False,False,False,,4.0
Natural500,Natural500_T000109,d69b381b157e255d2f0ddee9ad87cf402fe7868e58d114fdda36fcf92ca2bb67,S0003038,12,15,productive_iteration,True,True,False,False,False,,4.0
Natural500,Natural500_T000110,e9eef7573edb361ec201a79be229a2e44b7e5ed7189f74f8795748a560e63fca,S0003039,8,8,productive_iteration,True,True,False,False,False,,1.0
Natural500,Natural500_T000110,e9eef7573edb361ec201a79be229a2e44b7e5ed7189f74f8795748a560e63fca,S0003040,0,5,productive_iteration,False,True,False,False,False,,6.0
Natural500,Natural500_T000110,e9eef7573edb361ec201a79be229a2e44b7e5ed7189f74f8795748a560e63fca,S0003041,9,13,productive_iteration,False,True,False,False,False,,5.0
Natural500,Natural500_T000111,3d76db8aa77e0d8b7b88ba714b97246b70b7ae4a6e9bfe696dc2b6822144e2fb,S0003042,0,5,productive_iteration,False,True,False,False,False,,6.0
Natural500,Natural500_T000112,b051c3b1476676902a5efd8172e4c538ee94d48f7ea7fcf0b244f8fa75418717,S0003043,17,19,productive_iteration,True,True,False,False,False,,2.0
Natural500,Natural500_T000112,b051c3b1476676902a5efd8172e4c538ee94d48f7ea7fcf0b244f8fa75418717,S0003044,0,16,productive_iteration,True,True,False,False,False,,17.0
Natural500,Natural500_T000113,06b0be29033410437ce5c0187fc53ab7c5c81ca5a9d97166596dfcf7ea625026,S0003045,0,5,productive_iteration,False,True,False,False,False,,6.0
Natural500,Natural500_T000113,06b0be29033410437ce5c0187fc53ab7c5c81ca5a9d97166596dfcf7ea625026,S0003046,7,10,productive_iteration,False,True,False,False,False,,4.0
Natural500,Natural500_T000114,473207827569eb00896530e5f072eec7a0ec99dec3d940972847cc904133b49d,S0003047,0,19,productive_iteration,True,True,False,False,False,,7.0
Natural500,Natural500_T000114,473207827569eb00896530e5f072eec7a0ec99dec3d940972847cc904133b49d,S0003048,40,57,unproductive_cycle,False,False,True,False,False,,5.0
Natural500,Natural500_T000114,473207827569eb00896530e5f072eec7a0ec99dec3d940972847cc904133b49d,S0003049,3,4,productive_iteration,False,True,False,False,False,,2.0
Natural500,Natural500_T000114,473207827569eb00896530e5f072eec7a0ec99dec3d940972847cc904133b49d,S0003050,7,17,productive_iteration,True,True,False,False,False,,11.0
Natural500,Natural500_T000114,473207827569eb00896530e5f072eec7a0ec99dec3d940972847cc904133b49d,S0003051,20,33,productive_iteration,False,True,False,False,False,,9.0
Natural500,Natural500_T000114,473207827569eb00896530e5f072eec7a0ec99dec3d940972847cc904133b49d,S0003052,20,33,unproductive_cycle,False,False,True,False,False,,5.0
Natural500,Natural500_T000114,473207827569eb00896530e5f072eec7a0ec99dec3d940972847cc904133b49d,S0003053,35,39,unproductive_cycle,False,False,True,False,False,,5.0
Natural500,Natural500_T000114,473207827569eb00896530e5f072eec7a0ec99dec3d940972847cc904133b49d,S0003054,41,48,unproductive_cycle,False,False,True,False,False,,8.0
Natural500,Natural500_T000114,473207827569eb00896530e5f072eec7a0ec99dec3d940972847cc904133b49d,S0003055,50,54,unproductive_cycle,False,False,True,False,False,,5.0
Natural500,Natural500_T000115,d73f1e7903e8bdb605fe9f36761856e7fb39544b6b55c2cfddc9e319dc426b70,S0003056,0,13,productive_iteration,False,True,False,False,False,,14.0
Natural500,Natural500_T000116,53634b3d35259fe3096f96d960e1a099926352db838c1e4fe97c6d7aed13b95d,S0003057,0,2,productive_iteration,False,True,False,False,False,,3.0
Natural500,Natural500_T000116,53634b3d35259fe3096f96d960e1a099926352db838c1e4fe97c6d7aed13b95d,S0003058,5,7,productive_iteration,False,True,False,False,False,,3.0
Natural500,Natural500_T000117,65fe6f2a34b8e2f523a0c2ae18996bf13f86e6dd3e7007ef69089122c16b55ff,S0003059,1,5,productive_iteration,False,True,False,False,False,,5.0
Natural500,Natural500_T000117,65fe6f2a34b8e2f523a0c2ae18996bf13f86e6dd3e7007ef69089122c16b55ff,S0003060,7,8,productive_iteration,False,True,False,False,False,,2.0
Natural500,Natural500_T000118,8ff43e94e0b852e996f32d370c9be4b57ba8f7dc7f9ee7ee1e6c88e5bdc76fb7,S0003061,0,8,productive_iteration,False,True,False,False,False,,9.0
Natural500,Natural500_T000119,bea996d0be296952adc33c6da32e0f422cf15981a6ba328503529001d0af5a9e,S0003062,0,3,productive_iteration,False,True,False,False,False,,4.0
Natural500,Natural500_T000119,bea996d0be296952adc33c6da32e0f422cf15981a6ba328503529001d0af5a9e,S0003063,5,7,productive_iteration,True,True,False,False,False,,3.0
Natural500,Natural500_T000119,bea996d0be296952adc33c6da32e0f422cf15981a6ba328503529001d0af5a9e,S0003064,9,10,productive_iteration,False,True,False,False,False,,2.0
Natural500,Natural500_T000120,98b2371984933ad4c1e95593dbff49312b0a508a0af497561b1a35b9676af170,S0003065,0,1,productive_iteration,False,True,False,False,False,,2.0
Natural500,Natural500_T000120,98b2371984933ad4c1e95593dbff49312b0a508a0af497561b1a35b9676af170,S0003066,3,8,productive_iteration,False,True,False,False,False,,6.0
Natural500,Natural500_T000121,f11567142664b1c51d99d5fa3c6cd17bad7fd1cdfa9fe5453ddaf2977ea2649b,S0003067,0,1,productive_iteration,False,True,False,False,False,,2.0
Natural500,Natural500_T000121,f11567142664b1c51d99d5fa3c6cd17bad7fd1cdfa9fe5453ddaf2977ea2649b,S0003068,3,11,productive_iteration,False,True,False,False,False,,9.0
Natural500,Natural500_T000122,3a043183b5810b71c06af72d0fddefec652ee6c780c1c3a3e0023c9d96b52029,S0003069,6,8,productive_iteration,False,True,False,False,False,,3.0
Natural500,Natural500_T000122,3a043183b5810b71c06af72d0fddefec652ee6c780c1c3a3e0023c9d96b52029,S0003070,10,11,productive_iteration,False,True,False,False,False,,2.0
Natural500,Natural500_T000123,bad3811d63b5914a5c8d774d482812aaeb127b81cfca2100c4ef612f51d28bb7,S0003071,2,10,productive_iteration,False,True,False,False,False,,9.0
Natural500,Natural500_T000124,52b1f963a554f6340dcfe0ee3985e41b4686072c4a8dc0fcabd10188add4a399,S0003072,4,5,unproductive_cycle,False,False,True,False,False,,2.0
Natural500,Natural500_T000124,52b1f963a554f6340dcfe0ee3985e41b4686072c4a8dc0fcabd10188add4a399,S0003073,0,2,productive_iteration,False,True,False,False,False,,3.0
Natural500,Natural500_T000124,52b1f963a554f6340dcfe0ee3985e41b4686072c4a8dc0fcabd10188add4a399,S0003074,6,15,productive_iteration,False,True,False,False,False,,8.0
Natural500,Natural500_T000125,ec750d96b8e9b9d4206f66a80a86bfd76198133f7da918934676e68e5efbc7f2,S0003075,2,7,productive_iteration,False,True,False,False,False,,6.0
Natural500,Natural500_T000125,ec750d96b8e9b9d4206f66a80a86bfd76198133f7da918934676e68e5efbc7f2,S0003076,12,104,unproductive_cycle,False,False,True,False,False,,8.0
Natural500,Natural500_T000125,ec750d96b8e9b9d4206f66a80a86bfd76198133f7da918934676e68e5efbc7f2,S0003077,8,11,productive_iteration,False,True,False,False,False,,3.0
Natural500,Natural500_T000125,ec750d96b8e9b9d4206f66a80a86bfd76198133f7da918934676e68e5efbc7f2,S0003078,8,11,unproductive_cycle,False,False,True,False,False,,1.0
Natural500,Natural500_T000125,ec750d96b8e9b9d4206f66a80a86bfd76198133f7da918934676e68e5efbc7f2,S0003079,13,25,unproductive_cycle,False,False,True,False,False,,13.0
Natural500,Natural500_T000125,ec750d96b8e9b9d4206f66a80a86bfd76198133f7da918934676e68e5efbc7f2,S0003080,27,29,unproductive_cycle,False,False,True,False,False,,3.0
Natural500,Natural500_T000125,ec750d96b8e9b9d4206f66a80a86bfd76198133f7da918934676e68e5efbc7f2,S0003081,31,49,unproductive_cycle,False,False,True,False,False,,19.0
Natural500,Natural500_T000125,ec750d96b8e9b9d4206f66a80a86bfd76198133f7da918934676e68e5efbc7f2,S0003082,51,53,unproductive_cycle,False,False,True,False,False,,3.0
Natural500,Natural500_T000125,ec750d96b8e9b9d4206f66a80a86bfd76198133f7da918934676e68e5efbc7f2,S0003083,55,73,unproductive_cycle,False,False,True,False,False,,19.0
Natural500,Natural500_T000125,ec750d96b8e9b9d4206f66a80a86bfd76198133f7da918934676e68e5efbc7f2,S0003084,75,77,unproductive_cycle,False,False,True,False,False,,3.0
Natural500,Natural500_T000125,ec750d96b8e9b9d4206f66a80a86bfd76198133f7da918934676e68e5efbc7f2,S0003085,79,103,unproductive_cycle,False,False,True,False,False,,25.0
Natural500,Natural500_T000126,a083f9ede3729f8ccdf7f212dc50b486c8e86500cbe9a9cf0db77a456e289d7a,S0003086,0,6,productive_iteration,False,True,False,False,False,,7.0
Natural500,Natural500_T000126,a083f9ede3729f8ccdf7f212dc50b486c8e86500cbe9a9cf0db77a456e289d7a,S0003087,8,11,productive_iteration,False,True,False,False,False,,4.0
Natural500,Natural500_T000127,5a7daf6a792ae5ac9a6f55ac1c59abcc735f790e145d70f51eea466e9ad335e2,S0003088,0,4,productive_iteration,False,True,False,False,False,,5.0
Natural500,Natural500_T000128,438dcd1c2748e4e5c9064bd8bff600b946ff4f0ed1d2dacd5af4d5c07de0a6df,S0003089,15,15,productive_iteration,True,True,False,False,False,,1.0
Natural500,Natural500_T000128,438dcd1c2748e4e5c9064bd8bff600b946ff4f0ed1d2dacd5af4d5c07de0a6df,S0003090,0,14,productive_iteration,False,True,False,False,False,,15.0
Natural500,Natural500_T000128,438dcd1c2748e4e5c9064bd8bff600b946ff4f0ed1d2dacd5af4d5c07de0a6df,S0003091,16,25,unproductive_cycle,False,False,True,False,False,,10.0
Natural500,Natural500_T000129,3167519e359bb92721ff93e83f5b2bd44e25b53c9cc993d2f4bdf53bfb3c1154,S0003092,0,1,productive_iteration,False,True,False,False,False,,2.0
Natural500,Natural500_T000129,3167519e359bb92721ff93e83f5b2bd44e25b53c9cc993d2f4bdf53bfb3c1154,S0003093,3,6,productive_iteration,False,True,False,False,False,,4.0
Natural500,Natural500_T000129,3167519e359bb92721ff93e83f5b2bd44e25b53c9cc993d2f4bdf53bfb3c1154,S0003094,10,11,productive_iteration,True,True,False,False,False,,2.0
Natural500,Natural500_T000129,3167519e359bb92721ff93e83f5b2bd44e25b53c9cc993d2f4bdf53bfb3c1154,S0003095,7,9,productive_iteration,True,True,False,False,False,,1.0
Natural500,Natural500_T000129,3167519e359bb92721ff93e83f5b2bd44e25b53c9cc993d2f4bdf53bfb3c1154,S0003096,7,9,unproductive_cycle,False,False,True,False,False,,2.0
Natural500,Natural500_T000130,aec184a3531042196aadadb5cd18d0c04fdd67900b9170d5fc4caa9b8c6b9087,S0003097,8,12,productive_iteration,True,True,False,False,False,,3.0
Natural500,Natural500_T000130,aec184a3531042196aadadb5cd18d0c04fdd67900b9170d5fc4caa9b8c6b9087,S0003098,10,10,unproductive_cycle,False,False,True,False,False,,1.0
Natural500,Natural500_T000130,aec184a3531042196aadadb5cd18d0c04fdd67900b9170d5fc4caa9b8c6b9087,S0003099,1,7,productive_iteration,False,True,False,False,False,,7.0
Natural500,Natural500_T000130,aec184a3531042196aadadb5cd18d0c04fdd67900b9170d5fc4caa9b8c6b9087,S0003100,13,14,productive_iteration,False,True,False,False,False,,2.0
Natural500,Natural500_T000131,d0849c415fd2223346e12688dafd7fc3c26fd888cf71f90660990104eafa5f59,S0003101,11,16,unproductive_cycle,False,False,True,False,False,,4.0
Natural500,Natural500_T000131,d0849c415fd2223346e12688dafd7fc3c26fd888cf71f90660990104eafa5f59,S0003102,0,10,productive_iteration,False,True,False,False,False,,11.0
Natural500,Natural500_T000131,d0849c415fd2223346e12688dafd7fc3c26fd888cf71f90660990104eafa5f59,S0003103,13,14,productive_iteration,False,True,False,False,False,,2.0
Natural500,Natural500_T000131,d0849c415fd2223346e12688dafd7fc3c26fd888cf71f90660990104eafa5f59,S0003104,17,19,productive_iteration,False,True,False,False,False,,2.0
Natural500,Natural500_T000132,9cc36562deef941f94d9d3c6b776266079ad3af3bd2ea17f3243f3000ce8fe32,S0003105,15,18,unproductive_cycle,False,False,True,False,False,,4.0
Natural500,Natural500_T000132,9cc36562deef941f94d9d3c6b776266079ad3af3bd2ea17f3243f3000ce8fe32,S0003106,2,4,productive_iteration,False,True,False,False,False,,3.0
Natural500,Natural500_T000132,9cc36562deef941f94d9d3c6b776266079ad3af3bd2ea17f3243f3000ce8fe32,S0003107,6,8,productive_iteration,False,True,False,False,False,,3.0
Natural500,Natural500_T000132,9cc36562deef941f94d9d3c6b776266079ad3af3bd2ea17f3243f3000ce8fe32,S0003108,9,14,unproductive_cycle,False,False,True,False,False,,6.0
Natural500,Natural500_T000133,707108ddec07c515ecbbf02f0e6cb0989569e6b4b8f7f02fdfc5d87aca6adda9,S0003109,0,8,productive_iteration,False,True,False,False,False,,9.0
Natural500,Natural500_T000134,2cd34a13667366c61a3ab50c2fa8b2e92b6b85d3bbf4b062383c70a99c4552b1,S0003110,0,7,productive_iteration,False,True,False,False,False,,8.0
Natural500,Natural500_T000135,2cc2aeea8b54cc49ab8f4f3b9b697b0dcc7350789bd274c34f80b0f1a3f01f04,S0003111,0,10,productive_iteration,False,True,False,False,False,,11.0
Natural500,Natural500_T000135,2cc2aeea8b54cc49ab8f4f3b9b697b0dcc7350789bd274c34f80b0f1a3f01f04,S0003112,12,15,productive_iteration,False,True,False,False,False,,4.0
Natural500,Natural500_T000136,832fe9537735a5405d641e140694b9e55cb52bf7bd19892fb720b49b290f8249,S0003113,1,5,productive_iteration,False,True,False,False,False,,5.0
Natural500,Natural500_T000137,903b64f34611324a9f86f123071dca6bb15f73672624bc29257c693b79fd8cd2,S0003114,9,9,productive_iteration,False,True,False,False,False,,1.0
Natural500,Natural500_T000137,903b64f34611324a9f86f123071dca6bb15f73672624bc29257c693b79fd8cd2,S0003115,0,4,productive_iteration,False,True,False,False,False,,5.0
Natural500,Natural500_T000137,903b64f34611324a9f86f123071dca6bb15f73672624bc29257c693b79fd8cd2,S0003116,6,7,productive_iteration,False,True,False,False,False,,2.0
Natural500,Natural500_T000138,b79b1f7258e823100122db7dc5e37a143caf02c6b2c9bb8d16be5d882e732b1b,S0003117,6,16,productive_iteration,True,True,False,False,False,,5.0
Natural500,Natural500_T000138,b79b1f7258e823100122db7dc5e37a143caf02c6b2c9bb8d16be5d882e732b1b,S0003118,0,5,productive_iteration,False,True,False,False,False,,6.0
Natural500,Natural500_T000138,b79b1f7258e823100122db7dc5e37a143caf02c6b2c9bb8d16be5d882e732b1b,S0003119,8,9,productive_iteration,True,True,False,False,False,,2.0
Natural500,Natural500_T000138,b79b1f7258e823100122db7dc5e37a143caf02c6b2c9bb8d16be5d882e732b1b,S0003120,12,15,productive_iteration,True,True,False,False,False,,4.0
Natural500,Natural500_T000138,b79b1f7258e823100122db7dc5e37a143caf02c6b2c9bb8d16be5d882e732b1b,S0003121,17,54,productive_iteration,True,True,False,False,False,,4.0
Natural500,Natural500_T000138,b79b1f7258e823100122db7dc5e37a143caf02c6b2c9bb8d16be5d882e732b1b,S0003122,17,54,unproductive_cycle,False,False,True,False,False,,33.0
Natural500,Natural500_T000139,ab544f013db59fe42809e486b20c89b62df3a57d2c0e1f933e23940e6d5544e3,S0003123,5,6,unproductive_cycle,False,False,True,False,False,,2.0
Natural500,Natural500_T000139,ab544f013db59fe42809e486b20c89b62df3a57d2c0e1f933e23940e6d5544e3,S0003124,0,2,productive_iteration,False,True,False,False,False,,3.0
Natural500,Natural500_T000139,ab544f013db59fe42809e486b20c89b62df3a57d2c0e1f933e23940e6d5544e3,S0003125,7,9,productive_iteration,False,True,False,False,False,,3.0
Natural500,Natural500_T000139,ab544f013db59fe42809e486b20c89b62df3a57d2c0e1f933e23940e6d5544e3,S0003126,11,15,productive_iteration,False,True,False,False,False,,5.0
Natural500,Natural500_T000139,ab544f013db59fe42809e486b20c89b62df3a57d2c0e1f933e23940e6d5544e3,S0003127,17,20,productive_iteration,False,True,False,False,False,,4.0
Natural500,Natural500_T000140,1c6c2a0c958f8db812308b75f820f58afa7bc35371e5db56a3e1a36d9050cd46,S0003128,0,1,productive_iteration,False,True,False,False,False,,2.0
Natural500,Natural500_T000140,1c6c2a0c958f8db812308b75f820f58afa7bc35371e5db56a3e1a36d9050cd46,S0003129,3,5,productive_iteration,False,True,False,False,False,,3.0
Natural500,Natural500_T000140,1c6c2a0c958f8db812308b75f820f58afa7bc35371e5db56a3e1a36d9050cd46,S0003130,8,18,productive_iteration,True,True,False,False,False,,11.0
Natural500,Natural500_T000141,a3ffcac5312aaeb2c81b2a98ea7cb7871e89954c86eace4f4e684f6c04b12a39,S0003131,0,11,productive_iteration,False,True,False,False,False,,12.0
Natural500,Natural500_T000141,a3ffcac5312aaeb2c81b2a98ea7cb7871e89954c86eace4f4e684f6c04b12a39,S0003132,15,17,productive_iteration,False,True,False,False,False,,3.0
Natural500,Natural500_T000141,a3ffcac5312aaeb2c81b2a98ea7cb7871e89954c86eace4f4e684f6c04b12a39,S0003133,19,41,unproductive_cycle,False,False,True,False,False,,23.0
Natural500,Natural500_T000142,cc98645db025bdbd9e6382e9afc309a5d89a286ba744cd9d13608c12b650384e,S0003134,1,2,productive_iteration,False,True,False,False,False,,2.0
Natural500,Natural500_T000142,cc98645db025bdbd9e6382e9afc309a5d89a286ba744cd9d13608c12b650384e,S0003135,4,8,productive_iteration,False,True,False,False,False,,5.0
Natural500,Natural500_T000142,cc98645db025bdbd9e6382e9afc309a5d89a286ba744cd9d13608c12b650384e,S0003136,10,12,productive_iteration,False,True,False,False,False,,3.0
Natural500,Natural500_T000142,cc98645db025bdbd9e6382e9afc309a5d89a286ba744cd9d13608c12b650384e,S0003137,14,17,productive_iteration,False,True,False,False,False,,4.0
Natural500,Natural500_T000143,a254a59cac1fdd6af4fe93bf3c59e709546868de335e5cae883461f2723e859d,S0003138,0,4,productive_iteration,False,True,False,False,False,,5.0
Natural500,Natural500_T000143,a254a59cac1fdd6af4fe93bf3c59e709546868de335e5cae883461f2723e859d,S0003139,6,8,productive_iteration,False,True,False,False,False,,3.0
Natural500,Natural500_T000143,a254a59cac1fdd6af4fe93bf3c59e709546868de335e5cae883461f2723e859d,S0003140,10,14,productive_iteration,False,True,False,False,False,,5.0
Natural500,Natural500_T000144,ad549aa6ceff5876032cb2d547e425825471f00c7d931febadee63d2797c91fe,S0003141,6,12,productive_iteration,True,True,False,False,False,,2.0
Natural500,Natural500_T000144,ad549aa6ceff5876032cb2d547e425825471f00c7d931febadee63d2797c91fe,S0003142,7,7,unproductive_cycle,False,False,True,False,False,,1.0
Natural500,Natural500_T000144,ad549aa6ceff5876032cb2d547e425825471f00c7d931febadee63d2797c91fe,S0003143,0,2,productive_iteration,False,True,False,False,False,,3.0
Natural500,Natural500_T000144,ad549aa6ceff5876032cb2d547e425825471f00c7d931febadee63d2797c91fe,S0003144,4,5,productive_iteration,False,True,False,False,False,,2.0
Natural500,Natural500_T000144,ad549aa6ceff5876032cb2d547e425825471f00c7d931febadee63d2797c91fe,S0003145,10,11,productive_iteration,False,True,False,False,False,,2.0
Natural500,Natural500_T000145,0f22a604fb7cebc59e275dca9f48dfdccc799d47873ccfd78b554a047bebc2cc,S0003146,2,6,productive_iteration,False,True,False,False,False,,5.0
Natural500,Natural500_T000145,0f22a604fb7cebc59e275dca9f48dfdccc799d47873ccfd78b554a047bebc2cc,S0003147,8,9,productive_iteration,False,True,False,False,False,,2.0
Natural500,Natural500_T000145,0f22a604fb7cebc59e275dca9f48dfdccc799d47873ccfd78b554a047bebc2cc,S0003148,11,14,productive_iteration,False,True,False,False,False,,4.0
Natural500,Natural500_T000146,fb1538dfa26993fc946b796a79fa3accc8dd1de5bdb8b8eb159e4d890d290537,S0003149,0,3,productive_iteration,False,True,False,False,False,,4.0
Natural500,Natural500_T000146,fb1538dfa26993fc946b796a79fa3accc8dd1de5bdb8b8eb159e4d890d290537,S0003150,5,13,productive_iteration,False,True,False,False,False,,9.0
Natural500,Natural500_T000147,d8bd09d803fb31a55f9b7854488b09940841949de4cf54f1f26338f18fe7548a,S0003151,0,4,productive_iteration,False,True,False,False,False,,5.0
Natural500,Natural500_T000147,d8bd09d803fb31a55f9b7854488b09940841949de4cf54f1f26338f18fe7548a,S0003152,7,13,productive_iteration,False,True,False,False,False,,7.0
Natural500,Natural500_T000148,3476392e9f305c1f8c3a7e103634546fbd035ba24fbf0da134f215a536f40266,S0003153,2,3,productive_iteration,False,True,False,False,False,,2.0
Natural500,Natural500_T000149,79819e002fae77d5b5d15fe218698f350c6bebabc871f2405a78198cae183ec0,S0003154,0,2,productive_iteration,False,True,False,False,False,,3.0
Natural500,Natural500_T000149,79819e002fae77d5b5d15fe218698f350c6bebabc871f2405a78198cae183ec0,S0003155,4,14,productive_iteration,True,True,False,False,False,,10.0
Natural500,Natural500_T000149,79819e002fae77d5b5d15fe218698f350c6bebabc871f2405a78198cae183ec0,S0003156,16,23,productive_iteration,True,True,False,False,False,,7.0
Natural500,Natural500_T000150,8196554418fb5e38f7f8f0f7435c648246cf4059d23c45e51a7cce7ccb1f2306,S0003157,0,2,productive_iteration,False,True,False,False,False,,3.0
Natural500,Natural500_T000150,8196554418fb5e38f7f8f0f7435c648246cf4059d23c45e51a7cce7ccb1f2306,S0003158,4,6,productive_iteration,False,True,False,False,False,,3.0
Natural500,Natural500_T000151,c14cc7a920caba98ae612899db62b6182439654b28b8b30f6726021078722d70,S0003159,0,4,productive_iteration,False,True,False,False,False,,5.0
Natural500,Natural500_T000151,c14cc7a920caba98ae612899db62b6182439654b28b8b30f6726021078722d70,S0003160,9,12,productive_iteration,True,True,False,False,False,,3.0
Natural500,Natural500_T000152,42373518d4d2128ff9d47e0dda8ba4d99659e097f073a203d6edfbcf8b432401,S0003161,12,17,productive_iteration,True,True,False,False,False,,2.0
Natural500,Natural500_T000152,42373518d4d2128ff9d47e0dda8ba4d99659e097f073a203d6edfbcf8b432401,S0003162,29,37,unproductive_cycle,False,False,True,False,False,,9.0
Natural500,Natural500_T000152,42373518d4d2128ff9d47e0dda8ba4d99659e097f073a203d6edfbcf8b432401,S0003163,0,11,productive_iteration,True,True,False,False,False,,12.0
Natural500,Natural500_T000152,42373518d4d2128ff9d47e0dda8ba4d99659e097f073a203d6edfbcf8b432401,S0003164,26,28,productive_iteration,False,True,False,False,False,,3.0
Natural500,Natural500_T000153,9ed8ec9edd9d5e8d87dad2ce7404aba4cb0cb5193ca52a66f59c1b5b8ae331f1,S0003165,4,6,productive_iteration,True,True,False,False,False,,3.0
Natural500,Natural500_T000153,9ed8ec9edd9d5e8d87dad2ce7404aba4cb0cb5193ca52a66f59c1b5b8ae331f1,S0003166,0,3,productive_iteration,False,True,False,False,False,,4.0
Natural500,Natural500_T000153,9ed8ec9edd9d5e8d87dad2ce7404aba4cb0cb5193ca52a66f59c1b5b8ae331f1,S0003167,7,8,productive_iteration,True,True,False,False,False,,1.0
Natural500,Natural500_T000154,4aae813a015fa0965a0974d3581b69ffe9c09474304d69199010c135c630da3a,S0003168,0,5,productive_iteration,False,True,False,False,False,,6.0
Natural500,Natural500_T000154,4aae813a015fa0965a0974d3581b69ffe9c09474304d69199010c135c630da3a,S0003169,7,10,productive_iteration,False,True,False,False,False,,4.0
Natural500,Natural500_T000155,287b916298c1e0279844a6bbc5b6c5b1ef6cc228a08e8ff89e2be438d4792e6a,S0003170,0,6,productive_iteration,False,True,False,False,False,,7.0
Natural500,Natural500_T000156,061ad8176ac3f0418347b8b561de0b0bb1f2d58ce3f1f7abf01d82b003391319,S0003171,0,9,productive_iteration,False,True,False,False,False,,10.0
Natural500,Natural500_T000157,d26d0edcc22432801f721505c11316e9f0cdcb617881cbb77d759e6403f24381,S0003172,0,6,productive_iteration,False,True,False,False,False,,7.0
Natural500,Natural500_T000158,7c0918b5abe89699d5f28d94f190c15e8e8dc4414a9e590d7b4016f75f1deb31,S0003173,0,17,productive_iteration,False,True,False,False,False,,18.0
Natural500,Natural500_T000159,3b9038a7e723e6955f0d8a03aed889db905b3828985c63ba958e47d8c5e8b343,S0003174,0,10,productive_iteration,False,True,False,False,False,,11.0
Natural500,Natural500_T000160,123013bd34dbadc67ffbb27cc0d30971155814302afce2d5901c9b87303815a3,S0003175,0,7,productive_iteration,False,True,False,False,False,,8.0
Natural500,Natural500_T000160,123013bd34dbadc67ffbb27cc0d30971155814302afce2d5901c9b87303815a3,S0003176,9,14,productive_iteration,False,True,False,False,False,,6.0
Natural500,Natural500_T000161,f4946bc39038f19e60886b667fb5b7d8fe644d61db6d741ea89bdf113ce99f7d,S0003177,0,9,productive_iteration,False,True,False,False,False,,10.0
Natural500,Natural500_T000162,93a1af7cbea70656d1db3c06e86d56233222f70a4beb58e9df15927e2abd4153,S0003178,0,8,productive_iteration,False,True,False,False,False,,9.0
Natural500,Natural500_T000163,5ae02b298bb08c57e293382ed289a3bd049089d9ac55d5fcc53a50fbb250d84b,S0003179,0,10,productive_iteration,False,True,False,False,False,,7.0
Natural500,Natural500_T000163,5ae02b298bb08c57e293382ed289a3bd049089d9ac55d5fcc53a50fbb250d84b,S0003180,32,89,unproductive_cycle,False,False,True,False,False,,8.0
Natural500,Natural500_T000163,5ae02b298bb08c57e293382ed289a3bd049089d9ac55d5fcc53a50fbb250d84b,S0003181,7,9,productive_iteration,False,True,False,False,False,,3.0
Natural500,Natural500_T000163,5ae02b298bb08c57e293382ed289a3bd049089d9ac55d5fcc53a50fbb250d84b,S0003182,11,14,productive_iteration,False,True,False,False,False,,4.0
Natural500,Natural500_T000163,5ae02b298bb08c57e293382ed289a3bd049089d9ac55d5fcc53a50fbb250d84b,S0003183,24,31,unproductive_cycle,False,False,True,False,False,,8.0
Natural500,Natural500_T000163,5ae02b298bb08c57e293382ed289a3bd049089d9ac55d5fcc53a50fbb250d84b,S0003184,39,88,unproductive_cycle,False,False,True,False,False,,50.0
Natural500,Natural500_T000164,b44a42ce9df41338c1f6b9d4ad44b4a13d41ceb9920c2342e6d015c6000b004a,S0003185,4,4,unproductive_cycle,False,False,True,False,False,,1.0
Natural500,Natural500_T000164,b44a42ce9df41338c1f6b9d4ad44b4a13d41ceb9920c2342e6d015c6000b004a,S0003186,0,2,productive_iteration,False,True,False,False,False,,3.0
Natural500,Natural500_T000165,41fd7f45e76539e3d6174deb9dfeaadbdaf8bdcb9b4371c03b93aa0886cb58f4,S0003187,1,3,productive_iteration,False,True,False,False,False,,3.0
Natural500,Natural500_T000165,41fd7f45e76539e3d6174deb9dfeaadbdaf8bdcb9b4371c03b93aa0886cb58f4,S0003188,6,12,productive_iteration,False,True,False,False,False,,7.0
Natural500,Natural500_T000167,ce6579194fa2aae28e022d7598f8c7836d811aff8e73be6b2d557a05ecd0f8e6,S0003189,10,15,productive_iteration,True,True,False,False,False,,2.0
Natural500,Natural500_T000167,ce6579194fa2aae28e022d7598f8c7836d811aff8e73be6b2d557a05ecd0f8e6,S0003190,11,12,unproductive_cycle,False,False,True,False,False,,2.0
Natural500,Natural500_T000167,ce6579194fa2aae28e022d7598f8c7836d811aff8e73be6b2d557a05ecd0f8e6,S0003191,0,9,productive_iteration,False,True,False,False,False,,10.0
Natural500,Natural500_T000168,fb72a04eda01d9b51ccba0f0c5be2a78d97005facde28dabf59fc2905c66d23b,S0003192,0,5,productive_iteration,False,True,False,False,False,,6.0
Natural500,Natural500_T000168,fb72a04eda01d9b51ccba0f0c5be2a78d97005facde28dabf59fc2905c66d23b,S0003193,7,12,productive_iteration,False,True,False,False,False,,4.0
Natural500,Natural500_T000169,af991c80c8c12e60ecd1d21f8da644101e4ed4a14e95ffcc6a33575fd6c48d65,S0003194,10,10,productive_iteration,False,True,False,False,False,,1.0
Natural500,Natural500_T000169,af991c80c8c12e60ecd1d21f8da644101e4ed4a14e95ffcc6a33575fd6c48d65,S0003195,0,9,productive_iteration,False,True,False,False,False,,10.0
Natural500,Natural500_T000170,2d797cfad947e5d995d2297c20225846b52aebd451f0ee3c35dc169b80826ddc,S0003196,0,10,productive_iteration,True,True,False,False,False,,11.0
Natural500,Natural500_T000171,3d1a37f1cd8d304249a83d2f39a817d1903c1f18439c4e432814b3149008b900,S0003197,0,10,productive_iteration,True,True,False,False,False,,11.0
Natural500,Natural500_T000172,983c3f2d39c0988f7212b34901f4e2a7dc9ae88c22dc700e50d281f25bd51bde,S0003198,0,3,productive_iteration,False,True,False,False,False,,4.0
Natural500,Natural500_T000172,983c3f2d39c0988f7212b34901f4e2a7dc9ae88c22dc700e50d281f25bd51bde,S0003199,5,10,productive_iteration,False,True,False,False,False,,5.0
Natural500,Natural500_T000173,a71df6b67a22565a171428a039ec78e0da1d314a1807e59d549144f9ab95d2a2,S0003200,0,6,productive_iteration,False,True,False,False,False,,7.0
Natural500,Natural500_T000174,45db81dd26ef8b970f37ab28b8c3d71c905332d7742b495603dda9c31034c7cc,S0003201,16,16,unproductive_cycle,False,False,True,False,False,,1.0
Natural500,Natural500_T000174,45db81dd26ef8b970f37ab28b8c3d71c905332d7742b495603dda9c31034c7cc,S0003202,0,3,productive_iteration,False,True,False,False,False,,4.0
Natural500,Natural500_T000174,45db81dd26ef8b970f37ab28b8c3d71c905332d7742b495603dda9c31034c7cc,S0003203,4,15,unproductive_cycle,False,False,True,False,False,,12.0
Natural500,Natural500_T000175,d54dd5c7727bc9f7a1da1f01e5efe767ea846f2ef9f501bdf01473bf800a9c03,S0003204,0,10,productive_iteration,True,True,False,False,False,,11.0
Natural500,Natural500_T000176,95530294cb01010fbdd891587bfdc7a3ec7869759e26ef9d727c0b4f12839ce2,S0003205,0,12,productive_iteration,False,True,False,False,False,,13.0
Natural500,Natural500_T000177,c6f3f91f99cc00d1ccd70747c3d67c8a29f1ef8f32b01afd923c6f0918bf65f5,S0003206,0,10,productive_iteration,False,True,False,False,False,,11.0
Natural500,Natural500_T000177,c6f3f91f99cc00d1ccd70747c3d67c8a29f1ef8f32b01afd923c6f0918bf65f5,S0003207,12,15,productive_iteration,False,True,False,False,False,,4.0
Natural500,Natural500_T000178,94b780ad20ffee4adde90ea94bdad44d8a73d92ffe92312872a46a0ddc1ef4d5,S0003208,22,22,productive_iteration,True,True,False,False,False,,1.0
Natural500,Natural500_T000178,94b780ad20ffee4adde90ea94bdad44d8a73d92ffe92312872a46a0ddc1ef4d5,S0003209,0,11,productive_iteration,False,True,False,False,False,,12.0
Natural500,Natural500_T000178,94b780ad20ffee4adde90ea94bdad44d8a73d92ffe92312872a46a0ddc1ef4d5,S0003210,13,15,productive_iteration,True,True,False,False,False,,3.0
Natural500,Natural500_T000178,94b780ad20ffee4adde90ea94bdad44d8a73d92ffe92312872a46a0ddc1ef4d5,S0003211,17,21,productive_iteration,True,True,False,False,False,,5.0
Natural500,Natural500_T000178,94b780ad20ffee4adde90ea94bdad44d8a73d92ffe92312872a46a0ddc1ef4d5,S0003212,24,31,productive_iteration,True,True,False,False,False,,8.0
Natural500,Natural500_T000179,46f1c5934f688b2cc4be1ed4620a8967a66dffa82dcc5ae89364d34b11b17ada,S0003213,2,14,productive_iteration,True,True,False,False,False,,6.0
Natural500,Natural500_T000179,46f1c5934f688b2cc4be1ed4620a8967a66dffa82dcc5ae89364d34b11b17ada,S0003214,0,1,productive_iteration,False,True,False,False,False,,2.0
Natural500,Natural500_T000179,46f1c5934f688b2cc4be1ed4620a8967a66dffa82dcc5ae89364d34b11b17ada,S0003215,3,5,productive_iteration,True,True,False,False,False,,3.0
Natural500,Natural500_T000179,46f1c5934f688b2cc4be1ed4620a8967a66dffa82dcc5ae89364d34b11b17ada,S0003216,16,75,productive_iteration,False,True,False,False,False,,1.0
Natural500,Natural500_T000179,46f1c5934f688b2cc4be1ed4620a8967a66dffa82dcc5ae89364d34b11b17ada,S0003217,16,75,unproductive_cycle,False,False,True,False,False,,56.0
Natural500,Natural500_T000180,cb8cf76a52559537eedc8e08a96f6e38ab9443842e1e6c440a0e6c11effd8338,S0003218,0,1,productive_iteration,False,True,False,False,False,,2.0
Natural500,Natural500_T000181,0733bd51b342c7b8dfd15e4dd8e9c52d53145442d6e2ce1244ac45b13629d2f8,S0003219,2,6,productive_iteration,False,True,False,False,False,,5.0
Natural500,Natural500_T000181,0733bd51b342c7b8dfd15e4dd8e9c52d53145442d6e2ce1244ac45b13629d2f8,S0003220,8,9,productive_iteration,False,True,False,False,False,,2.0
Natural500,Natural500_T000181,0733bd51b342c7b8dfd15e4dd8e9c52d53145442d6e2ce1244ac45b13629d2f8,S0003221,11,12,productive_iteration,False,True,False,False,False,,2.0
Natural500,Natural500_T000182,102999c304c2851ab790da59b18a1c698119d5b7ecdbdf5983b8cc17d3fe5017,S0003222,0,3,productive_iteration,False,True,False,False,False,,4.0
Natural500,Natural500_T000182,102999c304c2851ab790da59b18a1c698119d5b7ecdbdf5983b8cc17d3fe5017,S0003223,5,12,productive_iteration,False,True,False,False,False,,8.0
Natural500,Natural500_T000183,b4b6f2e5657fb504c379a633c53bd098f9664bf339eb03d30a85cf8754324392,S0003224,0,4,productive_iteration,False,True,False,False,False,,5.0
Natural500,Natural500_T000184,de38b8634b463481afdbd0beb316b383d3a6f4405cf474703ca30bc2b220b234,S0003225,0,6,productive_iteration,False,True,False,False,False,,7.0
Natural500,Natural500_T000184,de38b8634b463481afdbd0beb316b383d3a6f4405cf474703ca30bc2b220b234,S0003226,7,29,unproductive_cycle,False,False,True,False,False,,22.0
Natural500,Natural500_T000185,7a12921e7f93d8828fdee53449588d7d9fec795a8143b8e08b16ad1c3bf1b6cf,S0003227,9,14,productive_iteration,True,True,False,False,False,,3.0
Natural500,Natural500_T000185,7a12921e7f93d8828fdee53449588d7d9fec795a8143b8e08b16ad1c3bf1b6cf,S0003228,0,8,productive_iteration,False,True,False,False,False,,9.0
Natural500,Natural500_T000185,7a12921e7f93d8828fdee53449588d7d9fec795a8143b8e08b16ad1c3bf1b6cf,S0003229,12,13,productive_iteration,False,True,False,False,False,,2.0
Natural500,Natural500_T000185,7a12921e7f93d8828fdee53449588d7d9fec795a8143b8e08b16ad1c3bf1b6cf,S0003230,15,16,productive_iteration,False,True,False,False,False,,2.0
Natural500,Natural500_T000186,849a8cd457f21044662d5b7de7757e738895e035557a05c78092ba058402eec0,S0003231,3,5,productive_iteration,True,True,False,False,False,,3.0
Natural500,Natural500_T000186,849a8cd457f21044662d5b7de7757e738895e035557a05c78092ba058402eec0,S0003232,0,2,productive_iteration,False,True,False,False,False,,3.0
Natural500,Natural500_T000186,849a8cd457f21044662d5b7de7757e738895e035557a05c78092ba058402eec0,S0003233,6,7,productive_iteration,True,True,False,False,False,,2.0
Natural500,Natural500_T000186,849a8cd457f21044662d5b7de7757e738895e035557a05c78092ba058402eec0,S0003234,9,10,productive_iteration,False,True,False,False,False,,2.0
Natural500,Natural500_T000187,9388df0f2f7fd4b9214db96b69d742912a9869f1a46680153287988247e20507,S0003235,18,48,unproductive_cycle,False,False,True,False,False,,13.0
Natural500,Natural500_T000187,9388df0f2f7fd4b9214db96b69d742912a9869f1a46680153287988247e20507,S0003236,1,7,productive_iteration,False,True,False,False,False,,7.0
Natural500,Natural500_T000187,9388df0f2f7fd4b9214db96b69d742912a9869f1a46680153287988247e20507,S0003237,10,13,productive_iteration,False,True,False,False,False,,4.0
Natural500,Natural500_T000187,9388df0f2f7fd4b9214db96b69d742912a9869f1a46680153287988247e20507,S0003238,16,17,productive_iteration,False,True,False,False,False,,2.0
Natural500,Natural500_T000187,9388df0f2f7fd4b9214db96b69d742912a9869f1a46680153287988247e20507,S0003239,27,31,unproductive_cycle,False,False,True,False,False,,5.0
Natural500,Natural500_T000187,9388df0f2f7fd4b9214db96b69d742912a9869f1a46680153287988247e20507,S0003240,33,36,unproductive_cycle,False,False,True,False,False,,4.0
Natural500,Natural500_T000187,9388df0f2f7fd4b9214db96b69d742912a9869f1a46680153287988247e20507,S0003241,40,43,unproductive_cycle,False,False,True,False,False,,4.0
Natural500,Natural500_T000187,9388df0f2f7fd4b9214db96b69d742912a9869f1a46680153287988247e20507,S0003242,45,47,unproductive_cycle,False,False,True,False,False,,3.0
Natural500,Natural500_T000188,e7b581594d83a25fdf951f24377f73679b2202aebc2662ce889b8aef4a82165f,S0003243,1,2,productive_iteration,False,True,False,False,False,,2.0
Natural500,Natural500_T000188,e7b581594d83a25fdf951f24377f73679b2202aebc2662ce889b8aef4a82165f,S0003244,4,7,productive_iteration,False,True,False,False,False,,4.0
Natural500,Natural500_T000189,14f1d08b693da1aed3dc8ed4521d4ee5df7c1b1281d171dfcaee9aa70bbc346f,S0003245,1,7,productive_iteration,True,True,False,False,False,,5.0
Natural500,Natural500_T000189,14f1d08b693da1aed3dc8ed4521d4ee5df7c1b1281d171dfcaee9aa70bbc346f,S0003246,8,15,unproductive_cycle,False,False,True,False,False,,8.0
Natural500,Natural500_T000190,c53b90591b8988370ddc1228339da041d2c84f66959f0c398e596643983331b9,S0003247,10,24,unproductive_cycle,False,False,True,False,False,,3.0
Natural500,Natural500_T000190,c53b90591b8988370ddc1228339da041d2c84f66959f0c398e596643983331b9,S0003248,1,3,productive_iteration,False,True,False,False,False,,3.0
Natural500,Natural500_T000190,c53b90591b8988370ddc1228339da041d2c84f66959f0c398e596643983331b9,S0003249,5,9,productive_iteration,False,True,False,False,False,,5.0
Natural500,Natural500_T000190,c53b90591b8988370ddc1228339da041d2c84f66959f0c398e596643983331b9,S0003250,11,14,productive_iteration,False,True,False,False,False,,4.0
Natural500,Natural500_T000190,c53b90591b8988370ddc1228339da041d2c84f66959f0c398e596643983331b9,S0003251,16,20,productive_iteration,False,True,False,False,False,,5.0
Natural500,Natural500_T000190,c53b90591b8988370ddc1228339da041d2c84f66959f0c398e596643983331b9,S0003252,25,26,productive_iteration,False,True,False,False,False,,2.0
Natural500,Natural500_T000190,c53b90591b8988370ddc1228339da041d2c84f66959f0c398e596643983331b9,S0003253,21,23,unproductive_cycle,False,False,True,False,False,,3.0
Natural500,Natural500_T000191,38f51e450323ef0cc290515404238e898e979da88574454355a03a93475154fe,S0003254,5,8,productive_iteration,True,True,False,False,False,,4.0
Natural500,Natural500_T000191,38f51e450323ef0cc290515404238e898e979da88574454355a03a93475154fe,S0003255,11,16,productive_iteration,False,True,False,False,False,,6.0
Natural500,Natural500_T000192,3d4d23085fe7959ccb9d8e6aaa22639e61cd746b271163ff43010a95a71f5740,S0003256,0,10,productive_iteration,False,True,False,False,False,,11.0
Natural500,Natural500_T000193,617cdf6053ebde84eceba5a3b8c448ff5231cb968953e9979bf9926dde5f7602,S0003257,0,12,productive_iteration,False,True,False,False,False,,13.0
Natural500,Natural500_T000194,51ad8f128ef6483789ed429d98476b36ec8f0dfc21ad1656704102223830b258,S0003258,29,39,unproductive_cycle,False,False,True,False,False,,8.0
Natural500,Natural500_T000194,51ad8f128ef6483789ed429d98476b36ec8f0dfc21ad1656704102223830b258,S0003259,1,6,productive_iteration,True,True,False,False,False,,6.0
Natural500,Natural500_T000194,51ad8f128ef6483789ed429d98476b36ec8f0dfc21ad1656704102223830b258,S0003260,7,28,unproductive_cycle,False,False,True,False,False,,17.0
Natural500,Natural500_T000194,51ad8f128ef6483789ed429d98476b36ec8f0dfc21ad1656704102223830b258,S0003261,34,36,unproductive_cycle,False,False,True,False,False,,3.0
Natural500,Natural500_T000195,730996a97ca248017c27686a90651df23e1d478fa3a429274f02d4003168d4a9,S0003262,6,7,productive_iteration,False,True,False,False,False,,2.0
Natural500,Natural500_T000196,1e18a08d09bc70af905bca521e98069beadb9e38bfd8289dc9fe24ac3dc2d7fa,S0003263,0,10,productive_iteration,False,True,False,False,False,,11.0
Natural500,Natural500_T000197,2c4de5220a686b7f3c4c9e579a33dc575a60f8d895771c01916916fa0a13e419,S0003264,0,1,productive_iteration,False,True,False,False,False,,2.0
Natural500,Natural500_T000197,2c4de5220a686b7f3c4c9e579a33dc575a60f8d895771c01916916fa0a13e419,S0003265,3,5,productive_iteration,False,True,False,False,False,,3.0
Natural500,Natural500_T000198,94a98c43af253bdebb53676c93142b6b092995eb74859429fcdbb9fc0b11fe79,S0003266,13,13,unproductive_cycle,False,False,True,False,False,,1.0
Natural500,Natural500_T000198,94a98c43af253bdebb53676c93142b6b092995eb74859429fcdbb9fc0b11fe79,S0003267,2,3,productive_iteration,False,True,False,False,False,,2.0
Natural500,Natural500_T000198,94a98c43af253bdebb53676c93142b6b092995eb74859429fcdbb9fc0b11fe79,S0003268,6,9,productive_iteration,False,True,False,False,False,,4.0
Natural500,Natural500_T000198,94a98c43af253bdebb53676c93142b6b092995eb74859429fcdbb9fc0b11fe79,S0003269,11,12,productive_iteration,False,True,False,False,False,,2.0
Natural500,Natural500_T000198,94a98c43af253bdebb53676c93142b6b092995eb74859429fcdbb9fc0b11fe79,S0003270,14,15,productive_iteration,False,True,False,False,False,,2.0
Natural500,Natural500_T000199,22f84df176c364d260d54e0ce9c6555c7eeb3104664d1013d80ef9e628e0ba95,S0003271,0,4,productive_iteration,False,True,False,False,False,,5.0
Natural500,Natural500_T000199,22f84df176c364d260d54e0ce9c6555c7eeb3104664d1013d80ef9e628e0ba95,S0003272,9,16,productive_iteration,False,True,False,False,False,,8.0
Natural500,Natural500_T000200,50112d9adc0bd85b06a1ebc53fbbb3e2ede4310b5c3916b13f2c04af8f6d1436,S0003273,0,13,productive_iteration,False,True,False,False,False,,14.0
Natural500,Natural500_T000201,e6d0eab952947651cf9873d82675502a66252c050692626120e092d8783622ef,S0003274,0,2,productive_iteration,False,True,False,False,False,,3.0
Natural500,Natural500_T000202,0bf26e42673207d72c8572d1734be3f176d2ed0b9199f0af3aac6dc230cc82ad,S0003275,0,11,productive_iteration,False,True,False,False,False,,12.0
Natural500,Natural500_T000203,58d8cee591b6d1f1ec3bc5ed69eee6195d4a56719d156e25dc8d571bb898942a,S0003276,0,10,productive_iteration,False,True,False,False,False,,11.0
Natural500,Natural500_T000204,0f47f69d4aed7c8b13ef3678ff4087741fd970e8149f3332484d2897b2a63bbc,S0003277,0,5,productive_iteration,False,True,False,False,False,,6.0
Natural500,Natural500_T000205,b821a6bfc54e7b50cc0a7db7281b317852c511789b79d7fab82dd3e3a04828b9,S0003278,0,12,productive_iteration,False,True,False,False,False,,13.0
Natural500,Natural500_T000206,ebefe98742df7f744ee5997e0f100f738ab1cff09de1bc7b50d1a374582db438,S0003279,136,136,unproductive_cycle,False,False,True,False,False,,1.0
Natural500,Natural500_T000206,ebefe98742df7f744ee5997e0f100f738ab1cff09de1bc7b50d1a374582db438,S0003280,1,3,productive_iteration,False,True,False,False,False,,3.0
Natural500,Natural500_T000206,ebefe98742df7f744ee5997e0f100f738ab1cff09de1bc7b50d1a374582db438,S0003281,11,135,unproductive_cycle,False,False,True,False,False,,125.0
Natural500,Natural500_T000206,ebefe98742df7f744ee5997e0f100f738ab1cff09de1bc7b50d1a374582db438,S0003282,137,139,unproductive_cycle,False,False,True,False,False,,3.0
Natural500,Natural500_T000207,d7e5a638660d1000e1cb608b6944724cda4d8b8534318523d189eb5b1ec0223e,S0003283,16,16,unproductive_cycle,False,False,True,False,False,,1.0
Natural500,Natural500_T000207,d7e5a638660d1000e1cb608b6944724cda4d8b8534318523d189eb5b1ec0223e,S0003284,0,15,productive_iteration,False,True,False,False,False,,16.0
Natural500,Natural500_T000207,d7e5a638660d1000e1cb608b6944724cda4d8b8534318523d189eb5b1ec0223e,S0003285,17,26,unproductive_cycle,False,False,True,False,False,,10.0
Natural500,Natural500_T000208,4c8debc4c822fbae99eacff1ee893f482689fa28a3fe7407dca09e2e7c488448,S0003286,0,10,productive_iteration,False,True,False,False,False,,11.0
Natural500,Natural500_T000209,3f9c216109b6f759b97dd72b11e76dfd6ace676b03bf91f24290c581e852df1e,S0003287,0,7,productive_iteration,False,True,False,False,False,,8.0
Natural500,Natural500_T000210,863e4cf779ea3f24b771a94c53ba6830503103dbc487839c648b9bb5c15857b8,S0003288,0,4,productive_iteration,False,True,False,False,False,,5.0
Natural500,Natural500_T000210,863e4cf779ea3f24b771a94c53ba6830503103dbc487839c648b9bb5c15857b8,S0003289,6,11,productive_iteration,False,True,False,False,False,,5.0
Natural500,Natural500_T000210,863e4cf779ea3f24b771a94c53ba6830503103dbc487839c648b9bb5c15857b8,S0003290,13,16,productive_iteration,False,True,False,False,False,,2.0
Natural500,Natural500_T000211,d57e1c0348bd1ade20f1211bebe4d1e7dd135cc61a61494a1b43048c3689cff0,S0003291,0,6,productive_iteration,False,True,False,False,False,,7.0
Natural500,Natural500_T000212,4490074e71211feb1579527a2f21c9f1e85997cace84d43c3d297df804dea5e7,S0003292,23,39,productive_iteration,True,True,False,False,False,,3.0
Natural500,Natural500_T000212,4490074e71211feb1579527a2f21c9f1e85997cace84d43c3d297df804dea5e7,S0003293,31,51,unproductive_cycle,False,False,True,False,False,,8.0
Natural500,Natural500_T000212,4490074e71211feb1579527a2f21c9f1e85997cace84d43c3d297df804dea5e7,S0003294,0,5,productive_iteration,False,True,False,False,False,,6.0
Natural500,Natural500_T000212,4490074e71211feb1579527a2f21c9f1e85997cace84d43c3d297df804dea5e7,S0003295,8,15,productive_iteration,True,True,False,False,False,,8.0
Natural500,Natural500_T000212,4490074e71211feb1579527a2f21c9f1e85997cace84d43c3d297df804dea5e7,S0003296,18,19,productive_iteration,False,True,False,False,False,,2.0
Natural500,Natural500_T000212,4490074e71211feb1579527a2f21c9f1e85997cace84d43c3d297df804dea5e7,S0003297,25,28,productive_iteration,False,True,False,False,False,,4.0
Natural500,Natural500_T000212,4490074e71211feb1579527a2f21c9f1e85997cace84d43c3d297df804dea5e7,S0003298,40,50,unproductive_cycle,False,False,True,False,False,,10.0
Natural500,Natural500_T000213,0f98662c7c9e32716cc1e7b94cec0c72974452b01830091db621aec6c07513a3,S0003299,9,10,productive_iteration,True,True,False,False,False,,2.0
Natural500,Natural500_T000213,0f98662c7c9e32716cc1e7b94cec0c72974452b01830091db621aec6c07513a3,S0003300,0,8,productive_iteration,True,True,False,False,False,,9.0
Natural500,Natural500_T000214,fb8f518d967d777759bd3778ad8636ce297a55e5b4b1c5805de2c0f150030cb6,S0003301,2,9,productive_iteration,True,True,False,False,False,,4.0
Natural500,Natural500_T000214,fb8f518d967d777759bd3778ad8636ce297a55e5b4b1c5805de2c0f150030cb6,S0003302,0,1,productive_iteration,False,True,False,False,False,,2.0
Natural500,Natural500_T000214,fb8f518d967d777759bd3778ad8636ce297a55e5b4b1c5805de2c0f150030cb6,S0003303,7,8,productive_iteration,False,True,False,False,False,,2.0
Natural500,Natural500_T000215,9c0dd63aaa538b470e3b298ba9b7780594fc798eb208abcfa3afb479320b83cb,S0003304,6,12,productive_iteration,True,True,False,False,False,,5.0
Natural500,Natural500_T000215,9c0dd63aaa538b470e3b298ba9b7780594fc798eb208abcfa3afb479320b83cb,S0003305,21,46,unproductive_cycle,False,False,True,False,False,,5.0
Natural500,Natural500_T000215,9c0dd63aaa538b470e3b298ba9b7780594fc798eb208abcfa3afb479320b83cb,S0003306,1,5,productive_iteration,False,True,False,False,False,,5.0
Natural500,Natural500_T000215,9c0dd63aaa538b470e3b298ba9b7780594fc798eb208abcfa3afb479320b83cb,S0003307,13,20,productive_iteration,True,True,False,False,False,,1.0
Natural500,Natural500_T000215,9c0dd63aaa538b470e3b298ba9b7780594fc798eb208abcfa3afb479320b83cb,S0003308,13,20,unproductive_cycle,False,False,True,False,False,,3.0
Natural500,Natural500_T000215,9c0dd63aaa538b470e3b298ba9b7780594fc798eb208abcfa3afb479320b83cb,S0003309,23,30,unproductive_cycle,False,False,True,False,False,,8.0
Natural500,Natural500_T000215,9c0dd63aaa538b470e3b298ba9b7780594fc798eb208abcfa3afb479320b83cb,S0003310,32,40,unproductive_cycle,False,False,True,False,False,,9.0
Natural500,Natural500_T000215,9c0dd63aaa538b470e3b298ba9b7780594fc798eb208abcfa3afb479320b83cb,S0003311,42,45,unproductive_cycle,False,False,True,False,False,,4.0
Natural500,Natural500_T000215,9c0dd63aaa538b470e3b298ba9b7780594fc798eb208abcfa3afb479320b83cb,S0003312,47,58,unproductive_cycle,False,False,True,False,False,,12.0
Natural500,Natural500_T000216,ea769b298ceeb2e510c447fb437e9bf98d61c976ca5ff40fe5022e7e30d4cbf3,S0003313,1,6,productive_iteration,False,True,False,False,False,,6.0
Natural500,Natural500_T000216,ea769b298ceeb2e510c447fb437e9bf98d61c976ca5ff40fe5022e7e30d4cbf3,S0003314,8,9,productive_iteration,False,True,False,False,False,,2.0
Natural500,Natural500_T000217,ceb185442c110c5f273f57aa5f9bc268477e04ed936516f38570d8e0a17c9c30,S0003315,0,8,productive_iteration,False,True,False,False,False,,9.0
Natural500,Natural500_T000218,7d13f37d2a28322e7642908272455c7aac79bb5aec02b0d7f49bb689152499d2,S0003316,1,7,productive_iteration,False,True,False,False,False,,7.0
Natural500,Natural500_T000219,772f565b346628e133a23acdf839bec1fe2be200e1ff57e020fd861c2a43f08b,S0003317,1,2,productive_iteration,False,True,False,False,False,,2.0
Natural500,Natural500_T000219,772f565b346628e133a23acdf839bec1fe2be200e1ff57e020fd861c2a43f08b,S0003318,5,6,productive_iteration,True,True,False,False,False,,2.0
Natural500,Natural500_T000219,772f565b346628e133a23acdf839bec1fe2be200e1ff57e020fd861c2a43f08b,S0003319,8,10,productive_iteration,False,True,False,False,False,,3.0
Natural500,Natural500_T000220,3a439acf6f430fc97ad39c2891f57d2efc5ed2a04ed237116e3522bf6f1ba15d,S0003320,0,7,productive_iteration,True,True,False,False,False,,8.0
Natural500,Natural500_T000221,3e56a879aa1824eaeec70e83ea27b5df92f773a7ca750b114bcea24b21a7cf51,S0003321,7,7,productive_iteration,True,True,False,False,False,,1.0
Natural500,Natural500_T000221,3e56a879aa1824eaeec70e83ea27b5df92f773a7ca750b114bcea24b21a7cf51,S0003322,0,2,productive_iteration,False,True,False,False,False,,3.0
Natural500,Natural500_T000221,3e56a879aa1824eaeec70e83ea27b5df92f773a7ca750b114bcea24b21a7cf51,S0003323,8,9,productive_iteration,True,True,False,False,False,,1.0
Natural500,Natural500_T000222,19d451c0999b712a29436e95d2eb9cc7b630c1090e78497b788f822c0b7292be,S0003324,20,22,unproductive_cycle,False,False,True,False,False,,2.0
Natural500,Natural500_T000222,19d451c0999b712a29436e95d2eb9cc7b630c1090e78497b788f822c0b7292be,S0003325,0,3,productive_iteration,False,True,False,False,False,,2.0
Natural500,Natural500_T000222,19d451c0999b712a29436e95d2eb9cc7b630c1090e78497b788f822c0b7292be,S0003326,0,3,unproductive_cycle,False,False,True,False,False,,2.0
Natural500,Natural500_T000222,19d451c0999b712a29436e95d2eb9cc7b630c1090e78497b788f822c0b7292be,S0003327,5,14,productive_iteration,False,True,False,False,False,,9.0
Natural500,Natural500_T000222,19d451c0999b712a29436e95d2eb9cc7b630c1090e78497b788f822c0b7292be,S0003328,18,19,productive_iteration,False,True,False,False,False,,2.0
Natural500,Natural500_T000222,19d451c0999b712a29436e95d2eb9cc7b630c1090e78497b788f822c0b7292be,S0003329,23,24,productive_iteration,False,True,False,False,False,,1.0
Natural500,Natural500_T000222,19d451c0999b712a29436e95d2eb9cc7b630c1090e78497b788f822c0b7292be,S0003330,23,24,unproductive_cycle,False,False,True,False,False,,1.0
Natural500,Natural500_T000222,19d451c0999b712a29436e95d2eb9cc7b630c1090e78497b788f822c0b7292be,S0003331,15,17,unproductive_cycle,False,False,True,False,False,,3.0
Natural500,Natural500_T000223,8f95c47b8e82619f4b6a69101e00479fd1dbabf662492a639d12b6f7cab44b2c,S0003332,0,2,productive_iteration,False,True,False,False,False,,3.0
Natural500,Natural500_T000223,8f95c47b8e82619f4b6a69101e00479fd1dbabf662492a639d12b6f7cab44b2c,S0003333,4,7,productive_iteration,False,True,False,False,False,,4.0
Natural500,Natural500_T000223,8f95c47b8e82619f4b6a69101e00479fd1dbabf662492a639d12b6f7cab44b2c,S0003334,9,12,productive_iteration,True,True,False,False,False,,4.0
Natural500,Natural500_T000224,9a2ab0bdbe30a408064661f4c46ec8eeb5d20e436f25d2a829f9419aab05d4c3,S0003335,27,27,unproductive_cycle,False,False,True,False,False,,1.0
Natural500,Natural500_T000224,9a2ab0bdbe30a408064661f4c46ec8eeb5d20e436f25d2a829f9419aab05d4c3,S0003336,0,1,productive_iteration,False,True,False,False,False,,2.0
Natural500,Natural500_T000224,9a2ab0bdbe30a408064661f4c46ec8eeb5d20e436f25d2a829f9419aab05d4c3,S0003337,3,26,unproductive_cycle,False,False,True,False,False,,24.0
Natural500,Natural500_T000225,4ac756dcb1ac4f552c0deeb84e5f6558e53a6b19cb6fca6272b78508fb7eb53b,S0003338,3,16,productive_iteration,True,True,False,False,False,,6.0
Natural500,Natural500_T000225,4ac756dcb1ac4f552c0deeb84e5f6558e53a6b19cb6fca6272b78508fb7eb53b,S0003339,0,2,productive_iteration,False,True,False,False,False,,3.0
Natural500,Natural500_T000225,4ac756dcb1ac4f552c0deeb84e5f6558e53a6b19cb6fca6272b78508fb7eb53b,S0003340,8,10,productive_iteration,True,True,False,False,False,,3.0
Natural500,Natural500_T000225,4ac756dcb1ac4f552c0deeb84e5f6558e53a6b19cb6fca6272b78508fb7eb53b,S0003341,17,23,productive_iteration,True,True,False,False,False,,7.0
Natural500,Natural500_T000226,a2b0a2c70fe7b4feb1dbb46c523dff462577b81632f4e4ad6a45c3e67ba3f878,S0003342,0,6,productive_iteration,False,True,False,False,False,,7.0
Natural500,Natural500_T000228,f5d4b39077ea067e77c9e724987c482c63a960625e8b56580f08bb7a87dfdd49,S0003343,0,9,productive_iteration,False,True,False,False,False,,10.0
Natural500,Natural500_T000229,f9e2ba60678e0e2395ea916e2c8fbc41002c4c79b77ef42c636d3f9458b464f2,S0003344,6,15,productive_iteration,True,True,False,False,False,,3.0
Natural500,Natural500_T000229,f9e2ba60678e0e2395ea916e2c8fbc41002c4c79b77ef42c636d3f9458b464f2,S0003345,0,3,productive_iteration,False,True,False,False,False,,4.0
Natural500,Natural500_T000229,f9e2ba60678e0e2395ea916e2c8fbc41002c4c79b77ef42c636d3f9458b464f2,S0003346,10,11,productive_iteration,False,True,False,False,False,,2.0
Natural500,Natural500_T000229,f9e2ba60678e0e2395ea916e2c8fbc41002c4c79b77ef42c636d3f9458b464f2,S0003347,13,14,productive_iteration,False,True,False,False,False,,2.0
Natural500,Natural500_T000229,f9e2ba60678e0e2395ea916e2c8fbc41002c4c79b77ef42c636d3f9458b464f2,S0003348,19,22,productive_iteration,False,True,False,False,False,,3.0
Natural500,Natural500_T000229,f9e2ba60678e0e2395ea916e2c8fbc41002c4c79b77ef42c636d3f9458b464f2,S0003349,16,18,unproductive_cycle,False,False,True,False,False,,3.0
Natural500,Natural500_T000230,8a915aa27225d13733c6ddba7946713da50bd6fb2ee8946d77f96536bc115c57,S0003350,0,40,productive_iteration,True,True,False,False,False,,19.0
Natural500,Natural500_T000230,8a915aa27225d13733c6ddba7946713da50bd6fb2ee8946d77f96536bc115c57,S0003351,89,89,unproductive_cycle,False,False,True,False,False,,1.0
Natural500,Natural500_T000230,8a915aa27225d13733c6ddba7946713da50bd6fb2ee8946d77f96536bc115c57,S0003352,8,10,productive_iteration,False,True,False,False,False,,3.0
Natural500,Natural500_T000230,8a915aa27225d13733c6ddba7946713da50bd6fb2ee8946d77f96536bc115c57,S0003353,12,13,productive_iteration,False,True,False,False,False,,2.0
Natural500,Natural500_T000230,8a915aa27225d13733c6ddba7946713da50bd6fb2ee8946d77f96536bc115c57,S0003354,16,20,productive_iteration,False,True,False,False,False,,5.0
Natural500,Natural500_T000230,8a915aa27225d13733c6ddba7946713da50bd6fb2ee8946d77f96536bc115c57,S0003355,32,39,unproductive_cycle,False,False,True,False,False,,8.0
Natural500,Natural500_T000230,8a915aa27225d13733c6ddba7946713da50bd6fb2ee8946d77f96536bc115c57,S0003356,41,88,productive_iteration,True,True,False,False,False,,1.0
Natural500,Natural500_T000230,8a915aa27225d13733c6ddba7946713da50bd6fb2ee8946d77f96536bc115c57,S0003357,41,88,unproductive_cycle,False,False,True,False,False,,47.0
Natural500,Natural500_T000231,f85678fe476630c980c6f733de91d9dfeee6fa798fffd27e1e583bdbbf5704d7,S0003358,0,2,productive_iteration,False,True,False,False,False,,3.0
Natural500,Natural500_T000231,f85678fe476630c980c6f733de91d9dfeee6fa798fffd27e1e583bdbbf5704d7,S0003359,6,8,productive_iteration,False,True,False,False,False,,3.0
Natural500,Natural500_T000232,50fd0d9539490fced21bb70976730de348148d7783340cc591014bdf22130e50,S0003360,6,6,productive_iteration,True,True,False,False,False,,1.0
Natural500,Natural500_T000232,50fd0d9539490fced21bb70976730de348148d7783340cc591014bdf22130e50,S0003361,7,15,unproductive_cycle,False,False,True,False,False,,4.0
Natural500,Natural500_T000232,50fd0d9539490fced21bb70976730de348148d7783340cc591014bdf22130e50,S0003362,13,14,productive_iteration,False,True,False,False,False,,2.0
Natural500,Natural500_T000232,50fd0d9539490fced21bb70976730de348148d7783340cc591014bdf22130e50,S0003363,9,11,unproductive_cycle,False,False,True,False,False,,3.0
Natural500,Natural500_T000233,764aca97a7f63f416246c429c2039b9b4c7af631ec69f42efd4f1ed429403353,S0003364,1,5,unproductive_cycle,False,False,True,False,False,,3.0
Natural500,Natural500_T000233,764aca97a7f63f416246c429c2039b9b4c7af631ec69f42efd4f1ed429403353,S0003365,2,3,productive_iteration,True,True,False,False,False,,1.0
Natural500,Natural500_T000233,764aca97a7f63f416246c429c2039b9b4c7af631ec69f42efd4f1ed429403353,S0003366,2,3,unproductive_cycle,False,False,True,False,False,,1.0
Natural500,Natural500_T000233,764aca97a7f63f416246c429c2039b9b4c7af631ec69f42efd4f1ed429403353,S0003367,6,8,productive_iteration,False,True,False,False,False,,2.0
Natural500,Natural500_T000234,696b59756556be2393f67a9cbae20989d3247f5feef5006f5d6590b0118ea95a,S0003368,3,8,productive_iteration,False,True,False,False,False,,6.0
Natural500,Natural500_T000235,6135936ddf3673a944cc9d4c46bfb14385c8b35d1c741dc98a01d0a2750e72c8,S0003369,1,20,productive_iteration,False,True,False,False,False,,20.0
Natural500,Natural500_T000236,39b218b40ebc812c61d0ad46b1be7ba481c61c4670e252ee7043baff39eeb51a,S0003370,2,3,productive_iteration,False,True,False,False,False,,2.0
Natural500,Natural500_T000236,39b218b40ebc812c61d0ad46b1be7ba481c61c4670e252ee7043baff39eeb51a,S0003371,4,41,unproductive_cycle,False,False,True,False,False,,38.0
Natural500,Natural500_T000236,39b218b40ebc812c61d0ad46b1be7ba481c61c4670e252ee7043baff39eeb51a,S0003372,45,80,unproductive_cycle,False,False,True,False,False,,36.0
Natural500,Natural500_T000237,710ed5351862b9f0c107d2d8519f81a5ca4864b1ca01023ea94c1da0962ff3ec,S0003373,0,11,productive_iteration,False,True,False,False,False,,12.0
Natural500,Natural500_T000238,06dde90f37e26f85696cf3851007a75dc6c7183ae024994f3d5bcaa3d60dbad6,S0003374,22,22,productive_iteration,True,True,False,False,False,,1.0
Natural500,Natural500_T000238,06dde90f37e26f85696cf3851007a75dc6c7183ae024994f3d5bcaa3d60dbad6,S0003375,0,9,productive_iteration,False,True,False,False,False,,10.0
Natural500,Natural500_T000238,06dde90f37e26f85696cf3851007a75dc6c7183ae024994f3d5bcaa3d60dbad6,S0003376,12,21,productive_iteration,True,True,False,False,False,,10.0
Natural500,Natural500_T000238,06dde90f37e26f85696cf3851007a75dc6c7183ae024994f3d5bcaa3d60dbad6,S0003377,23,25,productive_iteration,False,True,False,False,False,,3.0
Natural500,Natural500_T000239,fc368e0721098d4337b39b6ad0ac8f5b31fb4c55963ab50c7876cc6ddb31728f,S0003378,2,35,productive_iteration,True,True,False,False,False,,18.0
Natural500,Natural500_T000239,fc368e0721098d4337b39b6ad0ac8f5b31fb4c55963ab50c7876cc6ddb31728f,S0003379,0,1,productive_iteration,False,True,False,False,False,,2.0
Natural500,Natural500_T000239,fc368e0721098d4337b39b6ad0ac8f5b31fb4c55963ab50c7876cc6ddb31728f,S0003380,7,8,productive_iteration,False,True,False,False,False,,2.0
Natural500,Natural500_T000239,fc368e0721098d4337b39b6ad0ac8f5b31fb4c55963ab50c7876cc6ddb31728f,S0003381,15,21,productive_iteration,True,True,False,False,False,,6.0
Natural500,Natural500_T000239,fc368e0721098d4337b39b6ad0ac8f5b31fb4c55963ab50c7876cc6ddb31728f,S0003382,36,69,unproductive_cycle,False,False,True,False,False,,34.0
Natural500,Natural500_T000240,ea4895f8a69a6db79887e4050bc84ddd361939133c6ac69be4c02c17f2ce6514,S0003383,5,11,productive_iteration,False,True,False,False,False,,6.0
Natural500,Natural500_T000241,6fb48d1a2fcd758b3de0adebad3e161841c4ada60d4a82124277e933b1a90ac9,S0003384,7,34,productive_iteration,True,True,False,False,False,,8.0
Natural500,Natural500_T000241,6fb48d1a2fcd758b3de0adebad3e161841c4ada60d4a82124277e933b1a90ac9,S0003385,35,38,unproductive_cycle,False,False,True,False,False,,4.0
Natural500,Natural500_T000241,6fb48d1a2fcd758b3de0adebad3e161841c4ada60d4a82124277e933b1a90ac9,S0003386,0,6,productive_iteration,False,True,False,False,False,,7.0
Natural500,Natural500_T000241,6fb48d1a2fcd758b3de0adebad3e161841c4ada60d4a82124277e933b1a90ac9,S0003387,11,20,productive_iteration,False,True,False,False,False,,10.0
Natural500,Natural500_T000241,6fb48d1a2fcd758b3de0adebad3e161841c4ada60d4a82124277e933b1a90ac9,S0003388,24,25,productive_iteration,False,True,False,False,False,,2.0
Natural500,Natural500_T000241,6fb48d1a2fcd758b3de0adebad3e161841c4ada60d4a82124277e933b1a90ac9,S0003389,29,31,unproductive_cycle,False,False,True,False,False,,2.0
Natural500,Natural500_T000242,7f0378b407560610e7b1cd8dbac6aec853d5cd48928716737bfe41ec31299653,S0003390,14,35,productive_iteration,True,True,False,False,False,,19.0
Natural500,Natural500_T000242,7f0378b407560610e7b1cd8dbac6aec853d5cd48928716737bfe41ec31299653,S0003391,0,2,productive_iteration,False,True,False,False,False,,3.0
Natural500,Natural500_T000242,7f0378b407560610e7b1cd8dbac6aec853d5cd48928716737bfe41ec31299653,S0003392,7,9,productive_iteration,False,True,False,False,False,,3.0
Natural500,Natural500_T000242,7f0378b407560610e7b1cd8dbac6aec853d5cd48928716737bfe41ec31299653,S0003393,11,13,productive_iteration,False,True,False,False,False,,3.0
Natural500,Natural500_T000242,7f0378b407560610e7b1cd8dbac6aec853d5cd48928716737bfe41ec31299653,S0003394,36,37,productive_iteration,False,True,False,False,False,,2.0
Natural500,Natural500_T000243,59e60ddb3709f1768080c02bc102ab366a1a802066753c2d08ebbe9b6528a2f1,S0003395,4,5,productive_iteration,False,True,False,False,False,,2.0
Natural500,Natural500_T000244,7aa4be012fac7e1d25ae22fd9c07e18217ba6289fdc47ceccaf27db59de281b1,S0003396,3,10,productive_iteration,True,True,False,False,False,,4.0
Natural500,Natural500_T000244,7aa4be012fac7e1d25ae22fd9c07e18217ba6289fdc47ceccaf27db59de281b1,S0003397,0,2,productive_iteration,False,True,False,False,False,,3.0
Natural500,Natural500_T000244,7aa4be012fac7e1d25ae22fd9c07e18217ba6289fdc47ceccaf27db59de281b1,S0003398,5,8,productive_iteration,False,True,False,False,False,,4.0
Natural500,Natural500_T000244,7aa4be012fac7e1d25ae22fd9c07e18217ba6289fdc47ceccaf27db59de281b1,S0003399,11,14,productive_iteration,False,True,False,False,False,,4.0
Natural500,Natural500_T000245,1381284a372d05a365634a5da84a2d44916b34cd852d7d65df03aa9078bff649,S0003400,4,10,productive_iteration,True,True,False,False,False,,4.0
Natural500,Natural500_T000245,1381284a372d05a365634a5da84a2d44916b34cd852d7d65df03aa9078bff649,S0003401,26,27,unproductive_cycle,False,False,True,False,False,,2.0
Natural500,Natural500_T000245,1381284a372d05a365634a5da84a2d44916b34cd852d7d65df03aa9078bff649,S0003402,0,2,productive_iteration,False,True,False,False,False,,3.0
Natural500,Natural500_T000245,1381284a372d05a365634a5da84a2d44916b34cd852d7d65df03aa9078bff649,S0003403,24,25,productive_iteration,False,True,False,False,False,,1.0
Natural500,Natural500_T000245,1381284a372d05a365634a5da84a2d44916b34cd852d7d65df03aa9078bff649,S0003404,24,25,unproductive_cycle,False,False,True,False,False,,1.0
Natural500,Natural500_T000245,1381284a372d05a365634a5da84a2d44916b34cd852d7d65df03aa9078bff649,S0003405,31,34,productive_iteration,False,True,False,False,False,,3.0
Natural500,Natural500_T000245,1381284a372d05a365634a5da84a2d44916b34cd852d7d65df03aa9078bff649,S0003406,12,23,unproductive_cycle,False,False,True,False,False,,12.0
Natural500,Natural500_T000245,1381284a372d05a365634a5da84a2d44916b34cd852d7d65df03aa9078bff649,S0003407,28,30,unproductive_cycle,False,False,True,False,False,,3.0
Natural500,Natural500_T000246,a4a3f642f3e60323d023fa1bc194bf26d69a71ce7377e62a5432ae959d276c93,S0003408,18,20,unproductive_cycle,False,False,True,False,False,,3.0
Natural500,Natural500_T000246,a4a3f642f3e60323d023fa1bc194bf26d69a71ce7377e62a5432ae959d276c93,S0003409,0,7,productive_iteration,False,True,False,False,False,,8.0
Natural500,Natural500_T000246,a4a3f642f3e60323d023fa1bc194bf26d69a71ce7377e62a5432ae959d276c93,S0003410,8,17,unproductive_cycle,False,False,True,False,False,,10.0
Natural500,Natural500_T000246,a4a3f642f3e60323d023fa1bc194bf26d69a71ce7377e62a5432ae959d276c93,S0003411,21,46,unproductive_cycle,False,False,True,False,False,,26.0
Natural500,Natural500_T000247,0462223b2b20425c1b6ed7ee68d743a5c3fc37966a7dfcc54227950abc33f3c6,S0003412,0,3,productive_iteration,False,True,False,False,False,,4.0
Natural500,Natural500_T000247,0462223b2b20425c1b6ed7ee68d743a5c3fc37966a7dfcc54227950abc33f3c6,S0003413,5,6,productive_iteration,False,True,False,False,False,,2.0
Natural500,Natural500_T000248,253e4a6f34dac9f2c0f1483a50b1fac0ec55a662a286bee597312211e6b405c1,S0003414,14,14,unproductive_cycle,False,False,True,False,False,,1.0
Natural500,Natural500_T000248,253e4a6f34dac9f2c0f1483a50b1fac0ec55a662a286bee597312211e6b405c1,S0003415,2,4,productive_iteration,False,True,False,False,False,,3.0
Natural500,Natural500_T000248,253e4a6f34dac9f2c0f1483a50b1fac0ec55a662a286bee597312211e6b405c1,S0003416,10,13,unproductive_cycle,False,False,True,False,False,,4.0
Natural500,Natural500_T000249,f9c247e7643bb182884935297c4bab4d4fc1c99b5d455ace4bc480dfa89d97d8,S0003417,8,11,productive_iteration,True,True,False,False,False,,2.0
Natural500,Natural500_T000249,f9c247e7643bb182884935297c4bab4d4fc1c99b5d455ace4bc480dfa89d97d8,S0003418,0,7,productive_iteration,False,True,False,False,False,,7.0
Natural500,Natural500_T000249,f9c247e7643bb182884935297c4bab4d4fc1c99b5d455ace4bc480dfa89d97d8,S0003419,9,10,productive_iteration,False,True,False,False,False,,2.0
Natural500,Natural500_T000249,f9c247e7643bb182884935297c4bab4d4fc1c99b5d455ace4bc480dfa89d97d8,S0003420,12,15,productive_iteration,True,True,False,False,False,,4.0
Natural500,Natural500_T000250,cb78f9ec6bcdf9096416b2d2b2d59feb0893c951241af979511e924246dde750,S0003421,0,7,productive_iteration,False,True,False,False,False,,8.0
Natural500,Natural500_T000250,cb78f9ec6bcdf9096416b2d2b2d59feb0893c951241af979511e924246dde750,S0003422,9,12,productive_iteration,False,True,False,False,False,,4.0
Natural500,Natural500_T000251,a605c287833ef8516522c22db40c741c9dbf6490f37c853bab6610df8caa37e5,S0003423,5,34,productive_iteration,True,True,False,False,False,,15.0
Natural500,Natural500_T000251,a605c287833ef8516522c22db40c741c9dbf6490f37c853bab6610df8caa37e5,S0003424,0,4,productive_iteration,False,True,False,False,False,,5.0
Natural500,Natural500_T000251,a605c287833ef8516522c22db40c741c9dbf6490f37c853bab6610df8caa37e5,S0003425,16,17,productive_iteration,False,True,False,False,False,,2.0
Natural500,Natural500_T000251,a605c287833ef8516522c22db40c741c9dbf6490f37c853bab6610df8caa37e5,S0003426,24,27,productive_iteration,False,True,False,False,False,,4.0
Natural500,Natural500_T000251,a605c287833ef8516522c22db40c741c9dbf6490f37c853bab6610df8caa37e5,S0003427,8,11,productive_iteration,False,True,False,False,False,,1.0
Natural500,Natural500_T000251,a605c287833ef8516522c22db40c741c9dbf6490f37c853bab6610df8caa37e5,S0003428,8,11,unproductive_cycle,False,False,True,False,False,,3.0
Natural500,Natural500_T000252,b770f6e66d62307cd186e6124b2cb59978c283306cf898912de64bc97983088e,S0003429,0,9,productive_iteration,False,True,False,False,False,,10.0
Natural500,Natural500_T000253,1fa926f0c9ea056f562375e3aff1a0a551f2c75903a39956cf3764d5df62c180,S0003430,0,5,productive_iteration,False,True,False,False,False,,6.0
Natural500,Natural500_T000253,1fa926f0c9ea056f562375e3aff1a0a551f2c75903a39956cf3764d5df62c180,S0003431,10,13,productive_iteration,False,True,False,False,False,,4.0
Natural500,Natural500_T000253,1fa926f0c9ea056f562375e3aff1a0a551f2c75903a39956cf3764d5df62c180,S0003432,6,9,unproductive_cycle,False,False,True,False,False,,4.0
Natural500,Natural500_T000254,d8475ec558f10e5d6a5220aa95d3556cab381ad72de56ffe932ab50eb41642ec,S0003433,3,10,unproductive_cycle,False,False,True,False,False,,3.0
Natural500,Natural500_T000254,d8475ec558f10e5d6a5220aa95d3556cab381ad72de56ffe932ab50eb41642ec,S0003434,0,1,productive_iteration,False,True,False,False,False,,2.0
Natural500,Natural500_T000254,d8475ec558f10e5d6a5220aa95d3556cab381ad72de56ffe932ab50eb41642ec,S0003435,4,8,unproductive_cycle,False,False,True,False,False,,5.0
Natural500,Natural500_T000255,e9f2ec64a47f1e704e05d065b935e930687e03b200f965fe74e0363cea979ca4,S0003436,0,8,productive_iteration,False,True,False,False,False,,9.0
Natural500,Natural500_T000256,83642787119c3514cbeb59a6bd8cccc72f47ceb403387657bf5b3bf77b531231,S0003437,0,10,productive_iteration,False,True,False,False,False,,11.0
Natural500,Natural500_T000257,15a2de9269b509a3ed6d22900fac66666e976c451fb089b19d2cbc1548fc08a7,S0003438,0,5,productive_iteration,False,True,False,False,False,,6.0
Natural500,Natural500_T000258,cfe809ae70e300a5d1b221da8cde0dbbed507e75946aad9ee6ba0d5c9bfde9c1,S0003439,0,8,productive_iteration,True,True,False,False,False,,9.0
Natural500,Natural500_T000259,96c923c87bfe8304a38ecfd9ec9ae93d70b7fcd0b5d8c9a7bf62ddc0ee82da12,S0003440,0,2,productive_iteration,False,True,False,False,False,,3.0
Natural500,Natural500_T000259,96c923c87bfe8304a38ecfd9ec9ae93d70b7fcd0b5d8c9a7bf62ddc0ee82da12,S0003441,4,10,productive_iteration,False,True,False,False,False,,7.0
Natural500,Natural500_T000260,d687a97406313b4eeb3ad08a53f7ef70d2f3413b0feba7b8ad1e410f33ca9b5e,S0003442,8,12,productive_iteration,True,True,False,False,False,,4.0
Natural500,Natural500_T000260,d687a97406313b4eeb3ad08a53f7ef70d2f3413b0feba7b8ad1e410f33ca9b5e,S0003443,10,10,unproductive_cycle,False,False,True,False,False,,1.0
Natural500,Natural500_T000260,d687a97406313b4eeb3ad08a53f7ef70d2f3413b0feba7b8ad1e410f33ca9b5e,S0003444,0,7,productive_iteration,False,True,False,False,False,,8.0
Natural500,Natural500_T000260,d687a97406313b4eeb3ad08a53f7ef70d2f3413b0feba7b8ad1e410f33ca9b5e,S0003445,13,17,productive_iteration,False,True,False,False,False,,4.0
Natural500,Natural500_T000261,82f19da1d798ef71dcaf518951e1ee469c0b0439d239d63dce9b6d3068ceae66,S0003446,10,52,productive_iteration,True,True,False,False,False,,18.0
Natural500,Natural500_T000261,82f19da1d798ef71dcaf518951e1ee469c0b0439d239d63dce9b6d3068ceae66,S0003447,58,58,unproductive_cycle,False,False,True,False,False,,1.0
Natural500,Natural500_T000261,82f19da1d798ef71dcaf518951e1ee469c0b0439d239d63dce9b6d3068ceae66,S0003448,7,9,productive_iteration,False,True,False,False,False,,3.0
Natural500,Natural500_T000261,82f19da1d798ef71dcaf518951e1ee469c0b0439d239d63dce9b6d3068ceae66,S0003449,28,30,productive_iteration,False,True,False,False,False,,3.0
Natural500,Natural500_T000261,82f19da1d798ef71dcaf518951e1ee469c0b0439d239d63dce9b6d3068ceae66,S0003450,37,39,productive_iteration,True,True,False,False,False,,3.0
Natural500,Natural500_T000261,82f19da1d798ef71dcaf518951e1ee469c0b0439d239d63dce9b6d3068ceae66,S0003451,49,50,productive_iteration,False,True,False,False,False,,2.0
Natural500,Natural500_T000261,82f19da1d798ef71dcaf518951e1ee469c0b0439d239d63dce9b6d3068ceae66,S0003452,46,48,productive_iteration,True,True,False,False,False,,1.0
Natural500,Natural500_T000261,82f19da1d798ef71dcaf518951e1ee469c0b0439d239d63dce9b6d3068ceae66,S0003453,46,48,unproductive_cycle,False,False,True,False,False,,1.0
Natural500,Natural500_T000261,82f19da1d798ef71dcaf518951e1ee469c0b0439d239d63dce9b6d3068ceae66,S0003454,53,57,unproductive_cycle,False,False,True,False,False,,5.0
Natural500,Natural500_T000262,4c892cc6744658ca8929d6176a3c63695cf7bf656510ad54cae7934aff020be5,S0003455,0,2,productive_iteration,False,True,False,False,False,,3.0
Natural500,Natural500_T000262,4c892cc6744658ca8929d6176a3c63695cf7bf656510ad54cae7934aff020be5,S0003456,5,7,productive_iteration,False,True,False,False,False,,3.0
Natural500,Natural500_T000262,4c892cc6744658ca8929d6176a3c63695cf7bf656510ad54cae7934aff020be5,S0003457,9,13,productive_iteration,False,True,False,False,False,,5.0
Natural500,Natural500_T000262,4c892cc6744658ca8929d6176a3c63695cf7bf656510ad54cae7934aff020be5,S0003458,18,22,productive_iteration,False,True,False,False,False,,5.0
Natural500,Natural500_T000263,4d832a58cce6b0889adb63f6785e25967190ea31bdb5dc3b9166617006eca0b3,S0003459,5,7,productive_iteration,True,True,False,False,False,,3.0
Natural500,Natural500_T000263,4d832a58cce6b0889adb63f6785e25967190ea31bdb5dc3b9166617006eca0b3,S0003460,8,9,unproductive_cycle,False,False,True,False,False,,2.0
Natural500,Natural500_T000263,4d832a58cce6b0889adb63f6785e25967190ea31bdb5dc3b9166617006eca0b3,S0003461,0,3,productive_iteration,False,True,False,False,False,,4.0
Natural500,Natural500_T000264,cbb9a147b7a86fcc2f8b20ce6a2e49f0ae0a91db0b01f38a326dc8dbccb9af7a,S0003462,5,8,productive_iteration,False,True,False,False,False,,4.0
Natural500,Natural500_T000264,cbb9a147b7a86fcc2f8b20ce6a2e49f0ae0a91db0b01f38a326dc8dbccb9af7a,S0003463,0,4,productive_iteration,False,True,False,False,False,,5.0
Natural500,Natural500_T000265,ceb90f426db862384e26368b7faf2496bd238dec2b83477de129a624cc8b5395,S0003464,0,6,unproductive_cycle,False,False,True,False,False,,7.0
Natural500,Natural500_T000266,217a1f24163e31ee1b15cd055438a7376c779bbc0c4203c2b8195fe6558d2df6,S0003465,0,8,productive_iteration,False,True,False,False,False,,9.0
Natural500,Natural500_T000267,8de03d391515a054e75520ba7d1e7370f1a8020dde571b15a57b8caa4928f76c,S0003466,0,8,productive_iteration,False,True,False,False,False,,9.0
Natural500,Natural500_T000268,182d71d26e0d0252b8f506c5cc72acfa5f9a60afb040c519d024f143c95d1840,S0003467,0,2,productive_iteration,False,True,False,False,False,,3.0
Natural500,Natural500_T000268,182d71d26e0d0252b8f506c5cc72acfa5f9a60afb040c519d024f143c95d1840,S0003468,4,7,unproductive_cycle,False,False,True,False,False,,4.0
Natural500,Natural500_T000269,b0eb91a498c3a782252b332b7984bc1fd24c9ef0afb03852333c09b853d0f0b9,S0003469,1,4,productive_iteration,False,True,False,False,False,,4.0
Natural500,Natural500_T000269,b0eb91a498c3a782252b332b7984bc1fd24c9ef0afb03852333c09b853d0f0b9,S0003470,6,13,productive_iteration,False,True,False,False,False,,8.0
Natural500,Natural500_T000270,38b524c112e649dfa853ac9b596cbb19785ee592f364c0a5ecfa73d7e4e83470,S0003471,0,10,productive_iteration,False,True,False,False,False,,11.0
Natural500,Natural500_T000271,89362915104bb4b2f66d6ebc69d0ddc4a9575e10c6072afc084068c974db8b60,S0003472,0,3,productive_iteration,False,True,False,False,False,,4.0
Natural500,Natural500_T000272,e1a24256c30a01cb29fcc0c11254606ad6dc02eb743144ceaa9e2e2cc1646788,S0003473,0,10,productive_iteration,False,True,False,False,False,,11.0
Natural500,Natural500_T000273,4e644e9d4bf204fa66c8b91f7a4fbcc60dd4083bca8db7cef8bc216246b4b5eb,S0003474,22,27,productive_iteration,True,True,False,False,False,,6.0
Natural500,Natural500_T000273,4e644e9d4bf204fa66c8b91f7a4fbcc60dd4083bca8db7cef8bc216246b4b5eb,S0003475,2,11,unproductive_cycle,False,False,True,False,False,,6.0
Natural500,Natural500_T000273,4e644e9d4bf204fa66c8b91f7a4fbcc60dd4083bca8db7cef8bc216246b4b5eb,S0003476,6,7,productive_iteration,False,True,False,False,False,,2.0
Natural500,Natural500_T000273,4e644e9d4bf204fa66c8b91f7a4fbcc60dd4083bca8db7cef8bc216246b4b5eb,S0003477,12,21,productive_iteration,True,True,False,False,False,,10.0
Natural500,Natural500_T000273,4e644e9d4bf204fa66c8b91f7a4fbcc60dd4083bca8db7cef8bc216246b4b5eb,S0003478,28,30,productive_iteration,False,True,False,False,False,,3.0
Natural500,Natural500_T000274,b817ac7e02cb05b83176f6c5a7b73386476e2e7e903a2a4b30727bd7bc26edb9,S0003479,0,4,productive_iteration,False,True,False,False,False,,5.0
Natural500,Natural500_T000274,b817ac7e02cb05b83176f6c5a7b73386476e2e7e903a2a4b30727bd7bc26edb9,S0003480,6,9,productive_iteration,False,True,False,False,False,,4.0
Natural500,Natural500_T000275,28fefbae30a60149d2a7b9a0f065d5ad6c9709d70112da49723e3ca017d24532,S0003481,0,12,productive_iteration,False,True,False,False,False,,13.0
Natural500,Natural500_T000276,a397802a93f91b4f47e0822702cb9ec994e7a67017e898a1123ea099d88d1449,S0003482,8,11,productive_iteration,True,True,False,False,False,,4.0
Natural500,Natural500_T000276,a397802a93f91b4f47e0822702cb9ec994e7a67017e898a1123ea099d88d1449,S0003483,15,15,unproductive_cycle,False,False,True,False,False,,1.0
Natural500,Natural500_T000276,a397802a93f91b4f47e0822702cb9ec994e7a67017e898a1123ea099d88d1449,S0003484,0,3,productive_iteration,False,True,False,False,False,,4.0
Natural500,Natural500_T000276,a397802a93f91b4f47e0822702cb9ec994e7a67017e898a1123ea099d88d1449,S0003485,5,7,productive_iteration,False,True,False,False,False,,3.0
Natural500,Natural500_T000276,a397802a93f91b4f47e0822702cb9ec994e7a67017e898a1123ea099d88d1449,S0003486,12,14,productive_iteration,True,True,False,False,False,,3.0
Natural500,Natural500_T000276,a397802a93f91b4f47e0822702cb9ec994e7a67017e898a1123ea099d88d1449,S0003487,16,19,productive_iteration,False,True,False,False,False,,4.0
Natural500,Natural500_T000277,6382e9e82d644a52a9390537b8d180c5b076917f96ec113d13c8f3ab20d16149,S0003488,0,2,productive_iteration,False,True,False,False,False,,3.0
Natural500,Natural500_T000277,6382e9e82d644a52a9390537b8d180c5b076917f96ec113d13c8f3ab20d16149,S0003489,4,6,productive_iteration,False,True,False,False,False,,3.0
Natural500,Natural500_T000277,6382e9e82d644a52a9390537b8d180c5b076917f96ec113d13c8f3ab20d16149,S0003490,8,11,productive_iteration,False,True,False,False,False,,4.0
Natural500,Natural500_T000277,6382e9e82d644a52a9390537b8d180c5b076917f96ec113d13c8f3ab20d16149,S0003491,13,15,productive_iteration,False,True,False,False,False,,3.0
Natural500,Natural500_T000277,6382e9e82d644a52a9390537b8d180c5b076917f96ec113d13c8f3ab20d16149,S0003492,17,18,productive_iteration,False,True,False,False,False,,2.0
Natural500,Natural500_T000278,ad3b3f3f5d9ded7fb3406f523f2d8df844365e9c4bccdbbb3d0355d4fb9b8317,S0003493,9,33,productive_iteration,True,True,False,False,False,,8.0
Natural500,Natural500_T000278,ad3b3f3f5d9ded7fb3406f523f2d8df844365e9c4bccdbbb3d0355d4fb9b8317,S0003494,30,35,unproductive_cycle,False,False,True,False,False,,4.0
Natural500,Natural500_T000278,ad3b3f3f5d9ded7fb3406f523f2d8df844365e9c4bccdbbb3d0355d4fb9b8317,S0003495,0,7,productive_iteration,False,True,False,False,False,,8.0
Natural500,Natural500_T000278,ad3b3f3f5d9ded7fb3406f523f2d8df844365e9c4bccdbbb3d0355d4fb9b8317,S0003496,11,16,productive_iteration,False,True,False,False,False,,6.0
Natural500,Natural500_T000278,ad3b3f3f5d9ded7fb3406f523f2d8df844365e9c4bccdbbb3d0355d4fb9b8317,S0003497,18,19,productive_iteration,False,True,False,False,False,,2.0
Natural500,Natural500_T000278,ad3b3f3f5d9ded7fb3406f523f2d8df844365e9c4bccdbbb3d0355d4fb9b8317,S0003498,36,42,productive_iteration,False,True,False,False,False,,7.0
Natural500,Natural500_T000278,ad3b3f3f5d9ded7fb3406f523f2d8df844365e9c4bccdbbb3d0355d4fb9b8317,S0003499,24,26,unproductive_cycle,False,False,True,False,False,,3.0
Natural500,Natural500_T000279,e861e660f9f01be5fd6de620ea6264e8fc5fc8160bfdfb24b0cb6d3712eb9a7b,S0003500,1,6,productive_iteration,False,True,False,False,False,,6.0
Natural500,Natural500_T000279,e861e660f9f01be5fd6de620ea6264e8fc5fc8160bfdfb24b0cb6d3712eb9a7b,S0003501,8,10,productive_iteration,False,True,False,False,False,,3.0
Natural500,Natural500_T000279,e861e660f9f01be5fd6de620ea6264e8fc5fc8160bfdfb24b0cb6d3712eb9a7b,S0003502,12,13,productive_iteration,False,True,False,False,False,,2.0
Natural500,Natural500_T000281,6ed4563d12160a77f4a8367bcb56413aa051c2d5c7ef00bcb63bec0c2c5d6d43,S0003503,5,8,productive_iteration,True,True,False,False,False,,2.0
Natural500,Natural500_T000281,6ed4563d12160a77f4a8367bcb56413aa051c2d5c7ef00bcb63bec0c2c5d6d43,S0003504,0,4,productive_iteration,False,True,False,False,False,,5.0
Natural500,Natural500_T000281,6ed4563d12160a77f4a8367bcb56413aa051c2d5c7ef00bcb63bec0c2c5d6d43,S0003505,6,7,productive_iteration,True,True,False,False,False,,2.0
Natural500,Natural500_T000281,6ed4563d12160a77f4a8367bcb56413aa051c2d5c7ef00bcb63bec0c2c5d6d43,S0003506,9,10,productive_iteration,True,True,False,False,False,,1.0
Natural500,Natural500_T000282,76d061006cb63e465c27b2070e55720e233a3bb1ca35aed06b02ac9d759697fd,S0003507,4,10,productive_iteration,False,True,False,False,False,,6.0
Natural500,Natural500_T000283,f244e3c87a906902dca9f6647bfa8b86ef770840533b3c94e9ba26e100c6c8ba,S0003508,14,14,productive_iteration,True,True,False,False,False,,1.0
Natural500,Natural500_T000283,f244e3c87a906902dca9f6647bfa8b86ef770840533b3c94e9ba26e100c6c8ba,S0003509,0,8,productive_iteration,False,True,False,False,False,,9.0
Natural500,Natural500_T000283,f244e3c87a906902dca9f6647bfa8b86ef770840533b3c94e9ba26e100c6c8ba,S0003510,11,13,productive_iteration,False,True,False,False,False,,3.0
Natural500,Natural500_T000284,b26f9b74fdd6a934857943126641ed96c20cd472ebcad5389cafb927178eff79,S0003511,1,9,productive_iteration,True,True,False,False,False,,9.0
Natural500,Natural500_T000285,a2c82d0baa2bd14e4d535adc98e82f00f5e041086d6e9a729b127f9a8cac11a2,S0003512,0,6,productive_iteration,False,True,False,False,False,,7.0
Natural500,Natural500_T000286,4000734bc6b8e33cd624d2982578307565f16af83fefdf4cfae402abcf4b1ac1,S0003513,0,7,productive_iteration,False,True,False,False,False,,8.0
Natural500,Natural500_T000287,72f9ae9b748c7f0571566ffb8dc91f1a47ea300c4ae3ca83b180108b1ee2fef0,S0003514,0,1,productive_iteration,False,True,False,False,False,,2.0
Natural500,Natural500_T000287,72f9ae9b748c7f0571566ffb8dc91f1a47ea300c4ae3ca83b180108b1ee2fef0,S0003515,3,5,productive_iteration,False,True,False,False,False,,3.0
Natural500,Natural500_T000288,6c5bb11380a1417eeb51a4dd7a3678c658b350b409a62cc6569958c57f18cb7a,S0003516,3,3,productive_iteration,True,True,False,False,False,,1.0
Natural500,Natural500_T000288,6c5bb11380a1417eeb51a4dd7a3678c658b350b409a62cc6569958c57f18cb7a,S0003517,0,1,productive_iteration,False,True,False,False,False,,2.0
Natural500,Natural500_T000289,7ecf815b4bacdadb15331ffe7a3a04c2a116376e43ba2e44b7800174f7d27c1b,S0003518,6,7,productive_iteration,True,True,False,False,False,,2.0
Natural500,Natural500_T000289,7ecf815b4bacdadb15331ffe7a3a04c2a116376e43ba2e44b7800174f7d27c1b,S0003519,0,1,productive_iteration,False,True,False,False,False,,2.0
Natural500,Natural500_T000289,7ecf815b4bacdadb15331ffe7a3a04c2a116376e43ba2e44b7800174f7d27c1b,S0003520,3,4,productive_iteration,False,True,False,False,False,,2.0
Natural500,Natural500_T000289,7ecf815b4bacdadb15331ffe7a3a04c2a116376e43ba2e44b7800174f7d27c1b,S0003521,8,14,productive_iteration,False,True,False,False,False,,7.0
Natural500,Natural500_T000290,c1bf8ce6b1b811f794fa261249fb76c0edcf85809e24c7791c287149e77385c8,S0003522,0,12,productive_iteration,False,True,False,False,False,,13.0
Natural500,Natural500_T000290,c1bf8ce6b1b811f794fa261249fb76c0edcf85809e24c7791c287149e77385c8,S0003523,14,16,productive_iteration,False,True,False,False,False,,3.0
Natural500,Natural500_T000291,4af7f9ba8657a6c8cfc1d0850c80a4f4433b9f8f285f50cd2c5976a72aa0222c,S0003524,6,12,productive_iteration,True,True,False,False,False,,5.0
Natural500,Natural500_T000291,4af7f9ba8657a6c8cfc1d0850c80a4f4433b9f8f285f50cd2c5976a72aa0222c,S0003525,16,128,unproductive_cycle,False,False,True,False,False,,12.0
Natural500,Natural500_T000291,4af7f9ba8657a6c8cfc1d0850c80a4f4433b9f8f285f50cd2c5976a72aa0222c,S0003526,1,5,productive_iteration,False,True,False,False,False,,5.0
Natural500,Natural500_T000291,4af7f9ba8657a6c8cfc1d0850c80a4f4433b9f8f285f50cd2c5976a72aa0222c,S0003527,13,15,productive_iteration,True,True,False,False,False,,3.0
Natural500,Natural500_T000291,4af7f9ba8657a6c8cfc1d0850c80a4f4433b9f8f285f50cd2c5976a72aa0222c,S0003528,23,79,unproductive_cycle,False,False,True,False,False,,57.0
Natural500,Natural500_T000291,4af7f9ba8657a6c8cfc1d0850c80a4f4433b9f8f285f50cd2c5976a72aa0222c,S0003529,82,96,unproductive_cycle,False,False,True,False,False,,15.0
Natural500,Natural500_T000291,4af7f9ba8657a6c8cfc1d0850c80a4f4433b9f8f285f50cd2c5976a72aa0222c,S0003530,98,120,unproductive_cycle,False,False,True,False,False,,23.0
Natural500,Natural500_T000291,4af7f9ba8657a6c8cfc1d0850c80a4f4433b9f8f285f50cd2c5976a72aa0222c,S0003531,122,127,unproductive_cycle,False,False,True,False,False,,6.0
Natural500,Natural500_T000291,4af7f9ba8657a6c8cfc1d0850c80a4f4433b9f8f285f50cd2c5976a72aa0222c,S0003532,130,135,unproductive_cycle,False,False,True,False,False,,6.0
Natural500,Natural500_T000292,7960bcea804dc9e444d7805f1b98282125eb0f4a6ff335098a0f6ee803121d07,S0003533,0,6,productive_iteration,False,True,False,False,False,,7.0
Natural500,Natural500_T000293,092d020490a51dfb8aac08faf74e2f1a048f311b620a5980229262b15bf28a5c,S0003534,0,7,productive_iteration,False,True,False,False,False,,8.0
Natural500,Natural500_T000294,3d2a0970245bc2bb509521d6af4fe3e9332ce7deca0536636a1d82e1b268b3a8,S0003535,0,7,productive_iteration,False,True,False,False,False,,8.0
Natural500,Natural500_T000294,3d2a0970245bc2bb509521d6af4fe3e9332ce7deca0536636a1d82e1b268b3a8,S0003536,8,30,unproductive_cycle,False,False,True,False,False,,22.0
Natural500,Natural500_T000295,d7424d53cb7e601bb4d6c81813fda939c4812c44e1788f8af6abb88bfd2765b4,S0003537,3,12,productive_iteration,False,True,False,False,False,,10.0
Natural500,Natural500_T000296,ea17ee907117151aec999b2e9439631ac1e9a23277c1465a23792205775998bb,S0003538,0,1,productive_iteration,False,True,False,False,False,,2.0
Natural500,Natural500_T000296,ea17ee907117151aec999b2e9439631ac1e9a23277c1465a23792205775998bb,S0003539,3,5,productive_iteration,False,True,False,False,False,,3.0
Natural500,Natural500_T000296,ea17ee907117151aec999b2e9439631ac1e9a23277c1465a23792205775998bb,S0003540,7,13,productive_iteration,False,True,False,False,False,,7.0
Natural500,Natural500_T000297,6d9088686e6b30312e7083789e2f6733285b23dad3dfd264a06c8d69aaec34f7,S0003541,0,7,productive_iteration,False,True,False,False,False,,8.0
Natural500,Natural500_T000298,a59c14d5a11575ba70e32dc52be575905f625ca26fe6596be5a6f4055b18803f,S0003542,3,4,productive_iteration,False,True,False,False,False,,2.0
Natural500,Natural500_T000298,a59c14d5a11575ba70e32dc52be575905f625ca26fe6596be5a6f4055b18803f,S0003543,6,8,productive_iteration,False,True,False,False,False,,3.0
Natural500,Natural500_T000299,36e2de1b1ed277763594bd1a5e8f97390b959766c23931bdbf5ba650c0457c08,S0003544,3,3,productive_iteration,False,True,False,False,False,,1.0
Natural500,Natural500_T000299,36e2de1b1ed277763594bd1a5e8f97390b959766c23931bdbf5ba650c0457c08,S0003545,7,8,unproductive_cycle,False,False,True,False,False,,2.0
Natural500,Natural500_T000299,36e2de1b1ed277763594bd1a5e8f97390b959766c23931bdbf5ba650c0457c08,S0003546,0,2,productive_iteration,False,True,False,False,False,,3.0
Natural500,Natural500_T000299,36e2de1b1ed277763594bd1a5e8f97390b959766c23931bdbf5ba650c0457c08,S0003547,4,6,productive_iteration,False,True,False,False,False,,3.0
Natural500,Natural500_T000299,36e2de1b1ed277763594bd1a5e8f97390b959766c23931bdbf5ba650c0457c08,S0003548,9,10,productive_iteration,False,True,False,False,False,,2.0
Natural500,Natural500_T000299,36e2de1b1ed277763594bd1a5e8f97390b959766c23931bdbf5ba650c0457c08,S0003549,11,16,unproductive_cycle,False,False,True,False,False,,6.0
Natural500,Natural500_T000300,b6f5e6178ceb2c1175ebc4fabf0c93b1d9e5ffc73e50826281948d8bc4924521,S0003550,2,10,productive_iteration,False,True,False,False,False,,9.0
Natural500,Natural500_T000301,8d80f8198dfd077b397f22b7643f621e95ca5e71592c6fc8d45c1acc27ce01ae,S0003551,19,26,productive_iteration,True,True,False,False,False,,3.0
Natural500,Natural500_T000301,8d80f8198dfd077b397f22b7643f621e95ca5e71592c6fc8d45c1acc27ce01ae,S0003552,0,6,productive_iteration,False,True,False,False,False,,7.0
Natural500,Natural500_T000301,8d80f8198dfd077b397f22b7643f621e95ca5e71592c6fc8d45c1acc27ce01ae,S0003553,8,17,productive_iteration,False,True,False,False,False,,10.0
Natural500,Natural500_T000301,8d80f8198dfd077b397f22b7643f621e95ca5e71592c6fc8d45c1acc27ce01ae,S0003554,21,24,productive_iteration,True,True,False,False,False,,4.0
Natural500,Natural500_T000302,e20e70589e468841add509dbd089e5b35c3690658ad7e6e0adb32739d6b66ac3,S0003555,0,7,productive_iteration,False,True,False,False,False,,8.0
Natural500,Natural500_T000303,b4d31b524efc7a1965019777bf42a0c451aea8b5a9116372d14f414352ac3658,S0003556,12,12,productive_iteration,True,True,False,False,False,,1.0
Natural500,Natural500_T000303,b4d31b524efc7a1965019777bf42a0c451aea8b5a9116372d14f414352ac3658,S0003557,8,30,unproductive_cycle,False,False,True,False,False,,11.0
Natural500,Natural500_T000303,b4d31b524efc7a1965019777bf42a0c451aea8b5a9116372d14f414352ac3658,S0003558,0,4,productive_iteration,False,True,False,False,False,,5.0
Natural500,Natural500_T000304,f7f5c6b74a4fc1afcf24d097078436938e7daff2fdf3a7a80b24dc882fdc1ee2,S0003559,17,29,unproductive_cycle,False,False,True,False,False,,7.0
Natural500,Natural500_T000304,f7f5c6b74a4fc1afcf24d097078436938e7daff2fdf3a7a80b24dc882fdc1ee2,S0003560,0,16,productive_iteration,False,True,False,False,False,,17.0
Natural500,Natural500_T000304,f7f5c6b74a4fc1afcf24d097078436938e7daff2fdf3a7a80b24dc882fdc1ee2,S0003561,18,19,productive_iteration,False,True,False,False,False,,2.0
Natural500,Natural500_T000304,f7f5c6b74a4fc1afcf24d097078436938e7daff2fdf3a7a80b24dc882fdc1ee2,S0003562,20,22,unproductive_cycle,False,False,True,False,False,,3.0
Natural500,Natural500_T000305,2a208481e902a7e7d366a340b41bf864b2ebff61ec7abd1e89b8aadf56a111d4,S0003563,3,14,unproductive_cycle,False,False,True,False,False,,11.0
Natural500,Natural500_T000306,f5b1ef29fcd977991089ca36f08dc95e51fd339c3b8a2f8892d076ca11e8b7bd,S0003564,14,14,productive_iteration,True,True,False,False,False,,1.0
Natural500,Natural500_T000306,f5b1ef29fcd977991089ca36f08dc95e51fd339c3b8a2f8892d076ca11e8b7bd,S0003565,0,1,productive_iteration,False,True,False,False,False,,2.0
Natural500,Natural500_T000306,f5b1ef29fcd977991089ca36f08dc95e51fd339c3b8a2f8892d076ca11e8b7bd,S0003566,5,13,productive_iteration,False,True,False,False,False,,9.0
Natural500,Natural500_T000307,5add852732cad8aba8feea2d01367226de43824879c50dbbedff0e4f69e59d6a,S0003567,0,10,productive_iteration,False,True,False,False,False,,11.0
Natural500,Natural500_T000308,a497aa236f3391614da367643961218535bb31db96ebe05917934ca2cfda884b,S0003568,10,11,unproductive_cycle,False,False,True,False,False,,2.0
Natural500,Natural500_T000308,a497aa236f3391614da367643961218535bb31db96ebe05917934ca2cfda884b,S0003569,0,2,productive_iteration,False,True,False,False,False,,3.0
Natural500,Natural500_T000308,a497aa236f3391614da367643961218535bb31db96ebe05917934ca2cfda884b,S0003570,4,5,productive_iteration,False,True,False,False,False,,2.0
Natural500,Natural500_T000308,a497aa236f3391614da367643961218535bb31db96ebe05917934ca2cfda884b,S0003571,7,9,productive_iteration,False,True,False,False,False,,3.0
Natural500,Natural500_T000308,a497aa236f3391614da367643961218535bb31db96ebe05917934ca2cfda884b,S0003572,12,14,productive_iteration,False,True,False,False,False,,3.0
Natural500,Natural500_T000309,ec2732200c2e3719be5d2d40cb72682cf331aa067e631e9b23752673d5da13e0,S0003573,0,6,productive_iteration,False,True,False,False,False,,7.0
Natural500,Natural500_T000309,ec2732200c2e3719be5d2d40cb72682cf331aa067e631e9b23752673d5da13e0,S0003574,9,26,productive_iteration,False,True,False,False,False,,18.0
Natural500,Natural500_T000310,e7719ca156ea94383452d99e9307daa60afa245fd786cabaad9c37bc750ccf9b,S0003575,0,10,productive_iteration,False,True,False,False,False,,11.0
Natural500,Natural500_T000311,a536776dfeebdca979eec62fd2e1782bd706cb9dc84f059cabd6da59a45311bd,S0003576,0,8,productive_iteration,False,True,False,False,False,,9.0
Natural500,Natural500_T000312,01d65a5216bd0d69a19032b86d228435e34b1f87bf0eb569d739c644a553612e,S0003577,0,2,productive_iteration,False,True,False,False,False,,3.0
Natural500,Natural500_T000312,01d65a5216bd0d69a19032b86d228435e34b1f87bf0eb569d739c644a553612e,S0003578,4,14,productive_iteration,False,True,False,False,False,,11.0
Natural500,Natural500_T000313,dd667f2cddede8cef7d573a7d6f435ba71f194ae1782fa9ba32ad65df8c511ad,S0003579,9,9,unproductive_cycle,False,False,True,False,False,,1.0
Natural500,Natural500_T000313,dd667f2cddede8cef7d573a7d6f435ba71f194ae1782fa9ba32ad65df8c511ad,S0003580,0,8,productive_iteration,False,True,False,False,False,,9.0
Natural500,Natural500_T000313,dd667f2cddede8cef7d573a7d6f435ba71f194ae1782fa9ba32ad65df8c511ad,S0003581,10,22,unproductive_cycle,False,False,True,False,False,,13.0
Natural500,Natural500_T000314,86b8425333dd4e5e43840528770c5886e782132b54492347af4ad8dc4cfd0dd6,S0003582,5,27,productive_iteration,True,True,False,False,False,,7.0
Natural500,Natural500_T000314,86b8425333dd4e5e43840528770c5886e782132b54492347af4ad8dc4cfd0dd6,S0003583,0,4,productive_iteration,False,True,False,False,False,,5.0
Natural500,Natural500_T000314,86b8425333dd4e5e43840528770c5886e782132b54492347af4ad8dc4cfd0dd6,S0003584,8,9,productive_iteration,False,True,False,False,False,,2.0
Natural500,Natural500_T000314,86b8425333dd4e5e43840528770c5886e782132b54492347af4ad8dc4cfd0dd6,S0003585,13,14,productive_iteration,False,True,False,False,False,,2.0
Natural500,Natural500_T000314,86b8425333dd4e5e43840528770c5886e782132b54492347af4ad8dc4cfd0dd6,S0003586,20,24,productive_iteration,False,True,False,False,False,,5.0
Natural500,Natural500_T000315,30befcbd29eb59b7f99a5b1170b9e5bc13f30e5a0a3954bec7c1a66e326b2755,S0003587,0,7,productive_iteration,False,True,False,False,False,,8.0
Natural500,Natural500_T000316,43a99c1f284293505fa4fee5992c9c5c3ee90905c97ae831f025a3b7a00e20d8,S0003588,2,8,productive_iteration,True,True,False,False,False,,5.0
Natural500,Natural500_T000316,43a99c1f284293505fa4fee5992c9c5c3ee90905c97ae831f025a3b7a00e20d8,S0003589,0,1,productive_iteration,False,True,False,False,False,,2.0
Natural500,Natural500_T000316,43a99c1f284293505fa4fee5992c9c5c3ee90905c97ae831f025a3b7a00e20d8,S0003590,6,7,productive_iteration,False,True,False,False,False,,2.0
Natural500,Natural500_T000316,43a99c1f284293505fa4fee5992c9c5c3ee90905c97ae831f025a3b7a00e20d8,S0003591,10,11,productive_iteration,False,True,False,False,False,,2.0
Natural500,Natural500_T000317,333533ab5016a0eb442d781e9c65b65b6bd771236cc3ee5cb73feeff0b5f2485,S0003592,2,9,productive_iteration,True,True,False,False,False,,6.0
Natural500,Natural500_T000317,333533ab5016a0eb442d781e9c65b65b6bd771236cc3ee5cb73feeff0b5f2485,S0003593,0,1,productive_iteration,False,True,False,False,False,,2.0
Natural500,Natural500_T000317,333533ab5016a0eb442d781e9c65b65b6bd771236cc3ee5cb73feeff0b5f2485,S0003594,10,15,productive_iteration,True,True,False,False,False,,6.0
Natural500,Natural500_T000318,0406e147ec99dc6e52e8b19f0929f7f0f2d2b8d73e1ddd4277c312f0801cdf05,S0003595,3,7,productive_iteration,False,True,False,False,False,,5.0
Natural500,Natural500_T000318,0406e147ec99dc6e52e8b19f0929f7f0f2d2b8d73e1ddd4277c312f0801cdf05,S0003596,9,12,productive_iteration,False,True,False,False,False,,4.0
Natural500,Natural500_T000319,3f5981a80887e1febbd7e0e58e03d79662ee601d2b26bdb15b64104345f239af,S0003597,0,9,productive_iteration,False,True,False,False,False,,10.0
Natural500,Natural500_T000320,40fd3be60ec8a6a2e11b0f0c9531c5085a390807a0a431853acd2acd3873d367,S0003598,5,13,productive_iteration,True,True,False,False,False,,3.0
Natural500,Natural500_T000320,40fd3be60ec8a6a2e11b0f0c9531c5085a390807a0a431853acd2acd3873d367,S0003599,21,21,unproductive_cycle,False,False,True,False,False,,1.0
Natural500,Natural500_T000320,40fd3be60ec8a6a2e11b0f0c9531c5085a390807a0a431853acd2acd3873d367,S0003600,0,2,productive_iteration,False,True,False,False,False,,3.0
Natural500,Natural500_T000320,40fd3be60ec8a6a2e11b0f0c9531c5085a390807a0a431853acd2acd3873d367,S0003601,6,10,productive_iteration,False,True,False,False,False,,5.0
Natural500,Natural500_T000320,40fd3be60ec8a6a2e11b0f0c9531c5085a390807a0a431853acd2acd3873d367,S0003602,18,20,unproductive_cycle,False,False,True,False,False,,2.0
Natural500,Natural500_T000320,40fd3be60ec8a6a2e11b0f0c9531c5085a390807a0a431853acd2acd3873d367,S0003603,22,33,unproductive_cycle,False,False,True,False,False,,12.0
Natural500,Natural500_T000321,5fa2275d604c1af22749d7026b8eee67b5a9adae34068f96c83398a32abe5df1,S0003604,48,51,unproductive_cycle,False,False,True,False,False,,2.0
Natural500,Natural500_T000321,5fa2275d604c1af22749d7026b8eee67b5a9adae34068f96c83398a32abe5df1,S0003605,1,11,productive_iteration,True,True,False,False,False,,10.0
Natural500,Natural500_T000321,5fa2275d604c1af22749d7026b8eee67b5a9adae34068f96c83398a32abe5df1,S0003606,12,47,productive_iteration,True,True,False,False,False,,1.0
Natural500,Natural500_T000321,5fa2275d604c1af22749d7026b8eee67b5a9adae34068f96c83398a32abe5df1,S0003607,12,47,unproductive_cycle,False,False,True,False,False,,34.0
Natural500,Natural500_T000322,4eb0cea483cdacce6228177a59202962b5b46eeabeb159dcf2d106d2836d4206,S0003608,0,6,productive_iteration,False,True,False,False,False,,7.0
Natural500,Natural500_T000323,3381eae063e9e18b50dcfc8384147e0883eca0f319e062daa586549439ad81f8,S0003609,2,37,productive_iteration,True,True,False,False,False,,20.0
Natural500,Natural500_T000323,3381eae063e9e18b50dcfc8384147e0883eca0f319e062daa586549439ad81f8,S0003610,47,56,unproductive_cycle,False,False,True,False,False,,3.0
Natural500,Natural500_T000323,3381eae063e9e18b50dcfc8384147e0883eca0f319e062daa586549439ad81f8,S0003611,0,1,productive_iteration,False,True,False,False,False,,2.0
Natural500,Natural500_T000323,3381eae063e9e18b50dcfc8384147e0883eca0f319e062daa586549439ad81f8,S0003612,10,12,productive_iteration,False,True,False,False,False,,3.0
Natural500,Natural500_T000323,3381eae063e9e18b50dcfc8384147e0883eca0f319e062daa586549439ad81f8,S0003613,16,19,productive_iteration,True,True,False,False,False,,4.0
Natural500,Natural500_T000323,3381eae063e9e18b50dcfc8384147e0883eca0f319e062daa586549439ad81f8,S0003614,21,23,productive_iteration,False,True,False,False,False,,3.0
Natural500,Natural500_T000323,3381eae063e9e18b50dcfc8384147e0883eca0f319e062daa586549439ad81f8,S0003615,24,26,productive_iteration,True,True,False,False,False,,3.0
Natural500,Natural500_T000323,3381eae063e9e18b50dcfc8384147e0883eca0f319e062daa586549439ad81f8,S0003616,38,46,unproductive_cycle,False,False,True,False,False,,7.0
Natural500,Natural500_T000323,3381eae063e9e18b50dcfc8384147e0883eca0f319e062daa586549439ad81f8,S0003617,48,51,unproductive_cycle,False,False,True,False,False,,4.0
Natural500,Natural500_T000323,3381eae063e9e18b50dcfc8384147e0883eca0f319e062daa586549439ad81f8,S0003618,53,55,unproductive_cycle,False,False,True,False,False,,3.0
Natural500,Natural500_T000324,b3b8085892c088f6a6ccaefa72d7dff9a44b468c170a301f8c2d6df29bd9bdd2,S0003619,0,4,productive_iteration,False,True,False,False,False,,5.0
Natural500,Natural500_T000325,3f0e45465ab21e2c1a3c7cb39ae902e7f904f1bb0c88189523384e7b699b5932,S0003620,0,1,productive_iteration,False,True,False,False,False,,2.0
Natural500,Natural500_T000325,3f0e45465ab21e2c1a3c7cb39ae902e7f904f1bb0c88189523384e7b699b5932,S0003621,6,7,productive_iteration,False,True,False,False,False,,2.0
Natural500,Natural500_T000326,1b3e48e947f88e93925fdf6a9ca853cafff6e2e1050fc01a2bde73571bfd09e7,S0003622,0,9,productive_iteration,False,True,False,False,False,,10.0
Natural500,Natural500_T000326,1b3e48e947f88e93925fdf6a9ca853cafff6e2e1050fc01a2bde73571bfd09e7,S0003623,11,12,productive_iteration,False,True,False,False,False,,2.0
Natural500,Natural500_T000327,9fb40042c0368abeac03f6780244bbacab19668a90e3865720b7204a6b26b80a,S0003624,4,8,productive_iteration,True,True,False,False,False,,5.0
Natural500,Natural500_T000327,9fb40042c0368abeac03f6780244bbacab19668a90e3865720b7204a6b26b80a,S0003625,0,2,productive_iteration,False,True,False,False,False,,3.0
Natural500,Natural500_T000327,9fb40042c0368abeac03f6780244bbacab19668a90e3865720b7204a6b26b80a,S0003626,9,10,productive_iteration,True,True,False,False,False,,1.0
Natural500,Natural500_T000328,51215082c384f5b33c30069268f495c233bf15db9760ecd7e8efabac6cf08833,S0003627,0,2,productive_iteration,False,True,False,False,False,,3.0
Natural500,Natural500_T000328,51215082c384f5b33c30069268f495c233bf15db9760ecd7e8efabac6cf08833,S0003628,4,10,productive_iteration,False,True,False,False,False,,7.0
Natural500,Natural500_T000329,7676c0ab44ea2ad3c20c235d78493a0e36bb2c4e05fdba2b82b969bc03d5b9ed,S0003629,0,12,productive_iteration,False,True,False,False,False,,13.0
Natural500,Natural500_T000330,30109cbcd125adea49c832480247ca21e365dc02e923e5f78c9e3c6791c6ddc5,S0003630,0,7,productive_iteration,False,True,False,False,False,,8.0
Natural500,Natural500_T000331,5e817c51f0f34e0c71c9642ea858c62367c49e17726a80f19d2b884bc9142ddc,S0003631,3,6,productive_iteration,False,True,False,False,False,,4.0
Natural500,Natural500_T000332,559b1ff96dc3e0bdb91f1afa4fab0510cd584a9fbdad1677135e882544bc11ff,S0003632,7,22,productive_iteration,True,True,False,False,False,,2.0
Natural500,Natural500_T000332,559b1ff96dc3e0bdb91f1afa4fab0510cd584a9fbdad1677135e882544bc11ff,S0003633,32,32,unproductive_cycle,False,False,True,False,False,,1.0
Natural500,Natural500_T000332,559b1ff96dc3e0bdb91f1afa4fab0510cd584a9fbdad1677135e882544bc11ff,S0003634,0,1,productive_iteration,False,True,False,False,False,,2.0
Natural500,Natural500_T000332,559b1ff96dc3e0bdb91f1afa4fab0510cd584a9fbdad1677135e882544bc11ff,S0003635,3,6,productive_iteration,False,True,False,False,False,,3.0
Natural500,Natural500_T000332,559b1ff96dc3e0bdb91f1afa4fab0510cd584a9fbdad1677135e882544bc11ff,S0003636,8,21,productive_iteration,True,True,False,False,False,,14.0
Natural500,Natural500_T000332,559b1ff96dc3e0bdb91f1afa4fab0510cd584a9fbdad1677135e882544bc11ff,S0003637,27,28,productive_iteration,False,True,False,False,False,,2.0
Natural500,Natural500_T000332,559b1ff96dc3e0bdb91f1afa4fab0510cd584a9fbdad1677135e882544bc11ff,S0003638,33,36,productive_iteration,False,True,False,False,False,,4.0
Natural500,Natural500_T000332,559b1ff96dc3e0bdb91f1afa4fab0510cd584a9fbdad1677135e882544bc11ff,S0003639,40,43,productive_iteration,False,True,False,False,False,,4.0
Natural500,Natural500_T000332,559b1ff96dc3e0bdb91f1afa4fab0510cd584a9fbdad1677135e882544bc11ff,S0003640,37,39,unproductive_cycle,False,False,True,False,False,,3.0
Natural500,Natural500_T000333,b695fc204be0a8f0b0df3ef3a132c6388da342c6fd79437c9bd3b0fa05048755,S0003641,0,6,productive_iteration,False,True,False,False,False,,7.0
Natural500,Natural500_T000334,d9282602c1f8f79b6a1bf8e029707ad388c3a37ca4d908e1e69248efe879d280,S0003642,8,8,productive_iteration,False,True,False,False,False,,1.0
Natural500,Natural500_T000334,d9282602c1f8f79b6a1bf8e029707ad388c3a37ca4d908e1e69248efe879d280,S0003643,0,7,productive_iteration,False,True,False,False,False,,8.0
Natural500,Natural500_T000335,4c0d517465406c5b960e950e843bae94cea4a67855dab1da46cf809ac5da4bcc,S0003644,0,7,productive_iteration,False,True,False,False,False,,8.0
Natural500,Natural500_T000336,a374a98a595d2661457ebe2029abc98f0e844c704373b47c8fb6b8ee8dba8479,S0003645,0,10,productive_iteration,False,True,False,False,False,,11.0
Natural500,Natural500_T000337,9d30dafd2f361d7ed5909ddaaca8f09cce0b3ae03a9a4b1c66ac73ae6be7ea04,S0003646,0,6,productive_iteration,False,True,False,False,False,,7.0
Natural500,Natural500_T000338,dff3811c5cb9146ecede70df752890efbb0c71ca15a1882e0932118ac9170417,S0003647,1,8,productive_iteration,False,True,False,False,False,,8.0
Natural500,Natural500_T000339,f37ed1bce0d1b57d23b1f8af1a8503334adf6ef1c4bd4ead9a44af92566c15f1,S0003648,0,4,productive_iteration,False,True,False,False,False,,5.0
Natural500,Natural500_T000339,f37ed1bce0d1b57d23b1f8af1a8503334adf6ef1c4bd4ead9a44af92566c15f1,S0003649,6,9,productive_iteration,False,True,False,False,False,,4.0
Natural500,Natural500_T000340,90011334013f75fc369893d7e180ff38af6cdbcec948a91cf94b3042ec85da07,S0003650,1,3,productive_iteration,False,True,False,False,False,,3.0
Natural500,Natural500_T000340,90011334013f75fc369893d7e180ff38af6cdbcec948a91cf94b3042ec85da07,S0003651,10,17,productive_iteration,False,True,False,False,False,,8.0
Natural500,Natural500_T000341,67542d15294107ec6f8e3804dbce7ab500466c56c6d3801335134c34258657a7,S0003652,13,29,productive_iteration,True,True,False,False,False,,3.0
Natural500,Natural500_T000341,67542d15294107ec6f8e3804dbce7ab500466c56c6d3801335134c34258657a7,S0003653,25,25,unproductive_cycle,False,False,True,False,False,,1.0
Natural500,Natural500_T000341,67542d15294107ec6f8e3804dbce7ab500466c56c6d3801335134c34258657a7,S0003654,0,12,productive_iteration,False,True,False,False,False,,13.0
Natural500,Natural500_T000341,67542d15294107ec6f8e3804dbce7ab500466c56c6d3801335134c34258657a7,S0003655,16,21,productive_iteration,False,True,False,False,False,,6.0
Natural500,Natural500_T000341,67542d15294107ec6f8e3804dbce7ab500466c56c6d3801335134c34258657a7,S0003656,30,33,productive_iteration,False,True,False,False,False,,3.0
Natural500,Natural500_T000341,67542d15294107ec6f8e3804dbce7ab500466c56c6d3801335134c34258657a7,S0003657,26,28,unproductive_cycle,False,False,True,False,False,,3.0
Natural500,Natural500_T000342,6091d2f690a4ef55ab342eb1ad949c920e225c7b1481a9cbd7fdfc8c60719fae,S0003658,0,5,productive_iteration,True,True,False,False,False,,6.0
Natural500,Natural500_T000343,9a4a8f57e27ca76f720523ca27ddd8fc11ec62973d698b801ad59609bb77728d,S0003659,0,11,productive_iteration,False,True,False,False,False,,12.0
Natural500,Natural500_T000344,5838de42e117f497c4e31bf78e5cfd91f5f3c21db2a86323b80ccee7fc8e5cc8,S0003660,4,5,productive_iteration,False,True,False,False,False,,2.0
Natural500,Natural500_T000345,8f7f506ccd1e429a0f9d14e5e4e282bdd8b8e9311f92680422c9949f84fae55c,S0003661,0,5,productive_iteration,False,True,False,False,False,,6.0
Natural500,Natural500_T000345,8f7f506ccd1e429a0f9d14e5e4e282bdd8b8e9311f92680422c9949f84fae55c,S0003662,7,10,productive_iteration,False,True,False,False,False,,4.0
Natural500,Natural500_T000346,c61d38c837714cffd01e597b3a406dcea65c361d1036da25190e4e1e2f39493a,S0003663,0,7,productive_iteration,False,True,False,False,False,,8.0
Natural500,Natural500_T000347,e201ff4c4f59ab852f029b42fe9d045b68e48fc94b782198105f26739e7f7ba0,S0003664,0,10,productive_iteration,False,True,False,False,False,,11.0
Natural500,Natural500_T000348,4cc0ae9042997cc9a9990242dc1aa503e6800dfdd1246f53aa75d1bb08e09839,S0003665,0,2,productive_iteration,False,True,False,False,False,,3.0
Natural500,Natural500_T000348,4cc0ae9042997cc9a9990242dc1aa503e6800dfdd1246f53aa75d1bb08e09839,S0003666,3,9,unproductive_cycle,False,False,True,False,False,,7.0
Natural500,Natural500_T000349,85ddb87aad21a48bcc4f996982c48fbf7f07d1f05225c41e4d716b772927e20c,S0003667,5,5,productive_iteration,True,True,False,False,False,,1.0
Natural500,Natural500_T000349,85ddb87aad21a48bcc4f996982c48fbf7f07d1f05225c41e4d716b772927e20c,S0003668,1,3,productive_iteration,False,True,False,False,False,,3.0
Natural500,Natural500_T000349,85ddb87aad21a48bcc4f996982c48fbf7f07d1f05225c41e4d716b772927e20c,S0003669,7,9,productive_iteration,False,True,False,False,False,,3.0
Natural500,Natural500_T000350,9c9c6e1290fb016a2e8057a33c2fabf90ff4bb60fe37f4dbfe3c54d5edb65203,S0003670,0,8,productive_iteration,False,True,False,False,False,,9.0
Natural500,Natural500_T000351,ec27238ce2079fa1290a2c68e4c4c87407feb7549ba118fe0e1d5985438363f5,S0003671,8,8,productive_iteration,True,True,False,False,False,,1.0
Natural500,Natural500_T000351,ec27238ce2079fa1290a2c68e4c4c87407feb7549ba118fe0e1d5985438363f5,S0003672,0,6,productive_iteration,False,True,False,False,False,,7.0
Natural500,Natural500_T000351,ec27238ce2079fa1290a2c68e4c4c87407feb7549ba118fe0e1d5985438363f5,S0003673,9,12,productive_iteration,True,True,False,False,False,,3.0
Natural500,Natural500_T000352,91e897d9a6051dca4f6a0d04c7f901b3818623202b131219011236a27a290882,S0003674,0,7,productive_iteration,False,True,False,False,False,,8.0
Natural500,Natural500_T000353,7dfd819d437ba21217f862c69461b7bdf778782d30e7d23103b78cacb7cf2d3d,S0003675,0,8,productive_iteration,False,True,False,False,False,,9.0
Natural500,Natural500_T000354,28f60d3bb2b39fc2530e0bbbb4152315e1b6f7f303d6f11e835c51ef6832c52f,S0003676,5,7,productive_iteration,True,True,False,False,False,,3.0
Natural500,Natural500_T000354,28f60d3bb2b39fc2530e0bbbb4152315e1b6f7f303d6f11e835c51ef6832c52f,S0003677,0,4,productive_iteration,False,True,False,False,False,,5.0
Natural500,Natural500_T000354,28f60d3bb2b39fc2530e0bbbb4152315e1b6f7f303d6f11e835c51ef6832c52f,S0003678,8,12,productive_iteration,False,True,False,False,False,,5.0
Natural500,Natural500_T000354,28f60d3bb2b39fc2530e0bbbb4152315e1b6f7f303d6f11e835c51ef6832c52f,S0003679,13,29,productive_iteration,True,True,False,False,False,,1.0
Natural500,Natural500_T000354,28f60d3bb2b39fc2530e0bbbb4152315e1b6f7f303d6f11e835c51ef6832c52f,S0003680,13,29,unproductive_cycle,False,False,True,False,False,,16.0
Natural500,Natural500_T000355,31dbc0029ff9deb5da67a6f8470bd66960180c29ced76733ed0a2be1285f8889,S0003681,0,4,productive_iteration,False,True,False,False,False,,5.0
Natural500,Natural500_T000355,31dbc0029ff9deb5da67a6f8470bd66960180c29ced76733ed0a2be1285f8889,S0003682,6,9,productive_iteration,False,True,False,False,False,,4.0
Natural500,Natural500_T000356,deb519026f37ba8a4f19011fa8ce40f2fc82dc971bed20c1e3971bd428141994,S0003683,0,16,productive_iteration,False,True,False,False,False,,17.0
Natural500,Natural500_T000357,47e7543c6d2edc600cf39890df0b000b0a8f40a026e937c86ac8db36dd64fb1f,S0003684,8,10,productive_iteration,True,True,False,False,False,,2.0
Natural500,Natural500_T000357,47e7543c6d2edc600cf39890df0b000b0a8f40a026e937c86ac8db36dd64fb1f,S0003685,0,3,productive_iteration,False,True,False,False,False,,4.0
Natural500,Natural500_T000357,47e7543c6d2edc600cf39890df0b000b0a8f40a026e937c86ac8db36dd64fb1f,S0003686,6,7,productive_iteration,False,True,False,False,False,,2.0
Natural500,Natural500_T000357,47e7543c6d2edc600cf39890df0b000b0a8f40a026e937c86ac8db36dd64fb1f,S0003687,11,12,productive_iteration,True,True,False,False,False,,2.0
Natural500,Natural500_T000358,f1b8af30521879fff283108597630173acde8c0352321cdbf1b257fba1e8be56,S0003688,0,14,productive_iteration,False,True,False,False,False,,15.0
Natural500,Natural500_T000359,d211a2c380a99f46acf23e1bf837610d4c569b795e4235fc82a3467b9ffccbae,S0003689,0,8,productive_iteration,False,True,False,False,False,,9.0
Natural500,Natural500_T000360,e578823941decf5d37c719949beada594ba0fc8bfbfc72462cbd0ddef67baa22,S0003690,0,1,productive_iteration,False,True,False,False,False,,2.0
Natural500,Natural500_T000360,e578823941decf5d37c719949beada594ba0fc8bfbfc72462cbd0ddef67baa22,S0003691,3,7,productive_iteration,False,True,False,False,False,,5.0
Natural500,Natural500_T000361,bb27d2f32dc625a6574ba27a6f4c30ec85efe28cdae7afefdcb982c52eca4a7a,S0003692,0,1,productive_iteration,False,True,False,False,False,,2.0
Natural500,Natural500_T000361,bb27d2f32dc625a6574ba27a6f4c30ec85efe28cdae7afefdcb982c52eca4a7a,S0003693,2,6,productive_iteration,True,True,False,False,False,,5.0
Natural500,Natural500_T000362,76a565ab28862f2dfa3e2274d31260b5f83405680465ce31e93c0f9936a511be,S0003694,0,2,productive_iteration,False,True,False,False,False,,3.0
Natural500,Natural500_T000362,76a565ab28862f2dfa3e2274d31260b5f83405680465ce31e93c0f9936a511be,S0003695,4,5,productive_iteration,False,True,False,False,False,,2.0
Natural500,Natural500_T000362,76a565ab28862f2dfa3e2274d31260b5f83405680465ce31e93c0f9936a511be,S0003696,7,13,productive_iteration,False,True,False,False,False,,7.0
Natural500,Natural500_T000362,76a565ab28862f2dfa3e2274d31260b5f83405680465ce31e93c0f9936a511be,S0003697,15,19,productive_iteration,False,True,False,False,False,,5.0
Natural500,Natural500_T000363,9e2b1118d4b30a8fc8e8005017134ea8f0484f4489ac88cc34aba32aa19695b9,S0003698,0,9,productive_iteration,False,True,False,False,False,,10.0
Natural500,Natural500_T000364,93588363cf3aa3976c9219bbf1ac91b0f4ad44a1efdb74d4b2217bbcc0a0229a,S0003699,0,8,productive_iteration,False,True,False,False,False,,9.0
Natural500,Natural500_T000365,726193279fdc39387d17113501cf3979a1c71f5bf9ec19b16b773746097a3f92,S0003700,0,4,productive_iteration,False,True,False,False,False,,5.0
Natural500,Natural500_T000366,54dd65edadf97f27bb3794c50099543c7c93a8523e70212b1abae6e10ca45e75,S0003701,0,10,productive_iteration,False,True,False,False,False,,11.0
Natural500,Natural500_T000367,aab4aa9cc8b3ee0b601134573364c652b524d46d6be01188e91dedb682530fd7,S0003702,0,22,productive_iteration,False,True,False,False,False,,23.0
Natural500,Natural500_T000368,c6c225deb6bf963e94f0781cc0cfc5d8835417dcdbff4d730e6f3f05d1c079aa,S0003703,0,11,productive_iteration,False,True,False,False,False,,12.0
Natural500,Natural500_T000369,74fc85f6fe800e527f348f961280d40003fc17a44c3f5ce25ffb9d1ccc000ef5,S0003704,7,7,productive_iteration,True,True,False,False,False,,1.0
Natural500,Natural500_T000369,74fc85f6fe800e527f348f961280d40003fc17a44c3f5ce25ffb9d1ccc000ef5,S0003705,0,6,productive_iteration,False,True,False,False,False,,7.0
Natural500,Natural500_T000369,74fc85f6fe800e527f348f961280d40003fc17a44c3f5ce25ffb9d1ccc000ef5,S0003706,9,39,productive_iteration,True,True,False,False,False,,1.0
Natural500,Natural500_T000369,74fc85f6fe800e527f348f961280d40003fc17a44c3f5ce25ffb9d1ccc000ef5,S0003707,9,39,unproductive_cycle,False,False,True,False,False,,29.0
Natural500,Natural500_T000370,bb2bb658e952f80d4be93b1a7887c65730a6eea212c3cc594d8495ffaec5b6eb,S0003708,2,13,productive_iteration,True,True,False,False,False,,5.0
Natural500,Natural500_T000370,bb2bb658e952f80d4be93b1a7887c65730a6eea212c3cc594d8495ffaec5b6eb,S0003709,0,1,productive_iteration,False,True,False,False,False,,2.0
Natural500,Natural500_T000370,bb2bb658e952f80d4be93b1a7887c65730a6eea212c3cc594d8495ffaec5b6eb,S0003710,5,10,productive_iteration,True,True,False,False,False,,6.0
Natural500,Natural500_T000370,bb2bb658e952f80d4be93b1a7887c65730a6eea212c3cc594d8495ffaec5b6eb,S0003711,14,47,unproductive_cycle,False,False,True,False,False,,34.0
Natural500,Natural500_T000371,c43604258983cfbbc4449af5fd81b1a2b078dd274af0bfecd6d85dc8a1112794,S0003712,0,1,productive_iteration,False,True,False,False,False,,2.0
Natural500,Natural500_T000371,c43604258983cfbbc4449af5fd81b1a2b078dd274af0bfecd6d85dc8a1112794,S0003713,3,6,productive_iteration,False,True,False,False,False,,4.0
Natural500,Natural500_T000372,a00681ba9da1ef18a0e7135a49cad4698d8b03757429ea4c816cd24f64b3f456,S0003714,0,14,productive_iteration,False,True,False,False,False,,15.0
Natural500,Natural500_T000373,2995b5438f302b1913480ce96630aeb0b3ea4563dfc81ac591d6d49ea9224a8c,S0003715,11,11,productive_iteration,True,True,False,False,False,,1.0
Natural500,Natural500_T000373,2995b5438f302b1913480ce96630aeb0b3ea4563dfc81ac591d6d49ea9224a8c,S0003716,16,20,productive_iteration,False,True,False,False,False,,5.0
Natural500,Natural500_T000373,2995b5438f302b1913480ce96630aeb0b3ea4563dfc81ac591d6d49ea9224a8c,S0003717,0,9,unproductive_cycle,False,False,True,False,False,,8.0
Natural500,Natural500_T000373,2995b5438f302b1913480ce96630aeb0b3ea4563dfc81ac591d6d49ea9224a8c,S0003718,13,15,unproductive_cycle,False,False,True,False,False,,3.0
Natural500,Natural500_T000374,dc94f6cd2f7ae45c059a01dcb88833d38c6c92b503c8dab994045b17e7149cf4,S0003719,0,8,productive_iteration,False,True,False,False,False,,9.0
Natural500,Natural500_T000375,45bc23b9d47ab3ae41768b35bf1d2a15bd951f0df80d45617d3dd24287c1607f,S0003720,4,10,productive_iteration,False,True,False,False,False,,2.0
Natural500,Natural500_T000375,45bc23b9d47ab3ae41768b35bf1d2a15bd951f0df80d45617d3dd24287c1607f,S0003721,0,3,productive_iteration,False,True,False,False,False,,4.0
Natural500,Natural500_T000375,45bc23b9d47ab3ae41768b35bf1d2a15bd951f0df80d45617d3dd24287c1607f,S0003722,5,9,productive_iteration,False,True,False,False,False,,5.0
Natural500,Natural500_T000375,45bc23b9d47ab3ae41768b35bf1d2a15bd951f0df80d45617d3dd24287c1607f,S0003723,11,12,productive_iteration,False,True,False,False,False,,2.0
Natural500,Natural500_T000376,b3bf5dd45d6c236b1c042e8eb1f29b7b0b2a874357343b0b538b132356927039,S0003724,0,12,productive_iteration,False,True,False,False,False,,13.0
Natural500,Natural500_T000377,30bb54b1e8bb629e599a96d7ec1499cf654c1f469455a10ff38ae286acd760b9,S0003725,0,10,productive_iteration,False,True,False,False,False,,11.0
Natural500,Natural500_T000378,7a0d02408ed6e6c3421e2ce43a21b36b97ec57355f8eaab62916f51b906ff008,S0003726,0,0,productive_iteration,False,True,False,False,False,,1.0
Natural500,Natural500_T000378,7a0d02408ed6e6c3421e2ce43a21b36b97ec57355f8eaab62916f51b906ff008,S0003727,1,2,productive_iteration,False,True,False,False,False,,2.0
Natural500,Natural500_T000379,db4662c7ce62ba02b49a82fc047529ddf8165432e89fe1072460ad1b5c08c59d,S0003728,0,9,productive_iteration,False,True,False,False,False,,10.0
Natural500,Natural500_T000380,0d66b79d351f6a332d1587a7b671b8f3855d60bb93adda59adcfc74fafb581e3,S0003729,8,27,unproductive_cycle,False,False,True,False,False,,5.0
Natural500,Natural500_T000380,0d66b79d351f6a332d1587a7b671b8f3855d60bb93adda59adcfc74fafb581e3,S0003730,0,6,productive_iteration,False,True,False,False,False,,7.0
Natural500,Natural500_T000380,0d66b79d351f6a332d1587a7b671b8f3855d60bb93adda59adcfc74fafb581e3,S0003731,9,17,productive_iteration,False,True,False,False,False,,9.0
Natural500,Natural500_T000380,0d66b79d351f6a332d1587a7b671b8f3855d60bb93adda59adcfc74fafb581e3,S0003732,19,20,productive_iteration,True,True,False,False,False,,2.0
Natural500,Natural500_T000380,0d66b79d351f6a332d1587a7b671b8f3855d60bb93adda59adcfc74fafb581e3,S0003733,22,23,productive_iteration,False,True,False,False,False,,2.0
Natural500,Natural500_T000380,0d66b79d351f6a332d1587a7b671b8f3855d60bb93adda59adcfc74fafb581e3,S0003734,25,26,unproductive_cycle,False,False,True,False,False,,2.0
Natural500,Natural500_T000381,9d5e121dc2ae96d36b20f16e1a1569cf10b315b94073cc84e97f71146f6923b1,S0003735,0,6,productive_iteration,True,True,False,False,False,,7.0
Natural500,Natural500_T000382,62469ca9bb9eb06c6123297bcbc4459c90be6bfbe04a8f5e77c1982c25fdac6a,S0003736,1,8,productive_iteration,False,True,False,False,False,,8.0
Natural500,Natural500_T000383,128337f6d8d7c20d1783172fc1dd3972203afbbc2ad69bb7cef0f135b142b91f,S0003737,18,23,productive_iteration,True,True,False,False,False,,6.0
Natural500,Natural500_T000383,128337f6d8d7c20d1783172fc1dd3972203afbbc2ad69bb7cef0f135b142b91f,S0003738,81,82,unproductive_cycle,False,False,True,False,False,,2.0
Natural500,Natural500_T000383,128337f6d8d7c20d1783172fc1dd3972203afbbc2ad69bb7cef0f135b142b91f,S0003739,0,6,productive_iteration,False,True,False,False,False,,7.0
Natural500,Natural500_T000383,128337f6d8d7c20d1783172fc1dd3972203afbbc2ad69bb7cef0f135b142b91f,S0003740,8,16,productive_iteration,True,True,False,False,False,,9.0
Natural500,Natural500_T000383,128337f6d8d7c20d1783172fc1dd3972203afbbc2ad69bb7cef0f135b142b91f,S0003741,24,80,unproductive_cycle,False,False,True,False,False,,57.0
Natural500,Natural500_T000384,55b902631518f2224e8ec55cb905a8948bf6265fd7f4af4fb96aa01cf2a69323,S0003742,0,6,productive_iteration,False,True,False,False,False,,6.0
Natural500,Natural500_T000385,2d4e727d175f774633c3465a19a3ed339ab9c006debb98ad45a7ca6b1b07de53,S0003743,0,4,productive_iteration,False,True,False,False,False,,5.0
Natural500,Natural500_T000385,2d4e727d175f774633c3465a19a3ed339ab9c006debb98ad45a7ca6b1b07de53,S0003744,6,9,productive_iteration,False,True,False,False,False,,4.0
Natural500,Natural500_T000385,2d4e727d175f774633c3465a19a3ed339ab9c006debb98ad45a7ca6b1b07de53,S0003745,19,23,productive_iteration,False,True,False,False,False,,5.0
Natural500,Natural500_T000386,9994562908b85df1838a7a8a6fb9a6761b151186bf981870ac7dadc6e30236bf,S0003746,3,7,productive_iteration,False,True,False,False,False,,5.0
Natural500,Natural500_T000387,0c6909d5416810d10387df6e5a565bf95dd09fbf483397f3590ab5b61f25539f,S0003747,0,7,productive_iteration,False,True,False,False,False,,8.0
Natural500,Natural500_T000388,2f693996c99246f4d078ed7811c8a90203f7a2cce521e54a57404d8b967aab48,S0003748,2,6,unproductive_cycle,False,False,True,False,False,,4.0
Natural500,Natural500_T000388,2f693996c99246f4d078ed7811c8a90203f7a2cce521e54a57404d8b967aab48,S0003749,7,9,productive_iteration,False,True,False,False,False,,3.0
Natural500,Natural500_T000389,415e72a0aaa7b2a3e5d08ef5621dd89dbb7cca011643093f9e328cdbdaac1121,S0003750,0,2,productive_iteration,False,True,False,False,False,,3.0
Natural500,Natural500_T000389,415e72a0aaa7b2a3e5d08ef5621dd89dbb7cca011643093f9e328cdbdaac1121,S0003751,6,8,productive_iteration,False,True,False,False,False,,2.0
Natural500,Natural500_T000390,7acf3622fd85fb1709df6d51f786291be90f837d540b60fc45e92a03cacfbf97,S0003752,0,3,productive_iteration,False,True,False,False,False,,4.0
Natural500,Natural500_T000391,193ebcd988eb61b7a0af157cccae986edfdfb953bb24367fb1e3525cd5bad761,S0003753,0,4,unproductive_cycle,False,False,True,False,False,,5.0
Natural500,Natural500_T000391,193ebcd988eb61b7a0af157cccae986edfdfb953bb24367fb1e3525cd5bad761,S0003754,5,14,productive_iteration,True,True,False,False,False,,9.0
Natural500,Natural500_T000392,243edc83bec77eddf78e7cf46b2f535f2464c23b651ddbd7ebe4b3b2a76e676a,S0003755,0,9,productive_iteration,False,True,False,False,False,,10.0
Natural500,Natural500_T000393,dee7254b7994bb747cf2d7b1578cba67155fc19b0407beac0048eee21b665350,S0003756,0,3,productive_iteration,False,True,False,False,False,,4.0
Natural500,Natural500_T000393,dee7254b7994bb747cf2d7b1578cba67155fc19b0407beac0048eee21b665350,S0003757,5,8,productive_iteration,False,True,False,False,False,,4.0
Natural500,Natural500_T000394,a3d8e6403c6369ddd446f62b360510e1802bc8c1b81122e23f895dea4445d99d,S0003758,0,11,productive_iteration,False,True,False,False,False,,12.0
Natural500,Natural500_T000395,cc3d6890d27bc582343447a684ed5343cf396784850e8d9a62f69dbaa26436fa,S0003759,1,5,productive_iteration,False,True,False,False,False,,5.0
Natural500,Natural500_T000395,cc3d6890d27bc582343447a684ed5343cf396784850e8d9a62f69dbaa26436fa,S0003760,8,10,productive_iteration,False,True,False,False,False,,3.0
Natural500,Natural500_T000396,e898a6ad77912d7b188338dd212b02f76063607709d40560ad623054c7d09696,S0003761,4,4,productive_iteration,True,True,False,False,False,,1.0
Natural500,Natural500_T000396,e898a6ad77912d7b188338dd212b02f76063607709d40560ad623054c7d09696,S0003762,0,2,productive_iteration,False,True,False,False,False,,3.0
Natural500,Natural500_T000396,e898a6ad77912d7b188338dd212b02f76063607709d40560ad623054c7d09696,S0003763,6,7,productive_iteration,True,True,False,False,False,,2.0
Natural500,Natural500_T000397,931088cc0fe9a4ba850154855cd3438ff1dba815a0e74e2a630f2bb21e65c997,S0003764,0,18,productive_iteration,False,True,False,False,False,,19.0
Natural500,Natural500_T000398,a923e0ba76591a1d82d3c0a588afc0a46672781fcb925d5c874fbfe66c6bc526,S0003765,5,7,productive_iteration,True,True,False,False,False,,3.0
Natural500,Natural500_T000398,a923e0ba76591a1d82d3c0a588afc0a46672781fcb925d5c874fbfe66c6bc526,S0003766,8,8,unproductive_cycle,False,False,True,False,False,,1.0
Natural500,Natural500_T000398,a923e0ba76591a1d82d3c0a588afc0a46672781fcb925d5c874fbfe66c6bc526,S0003767,2,4,productive_iteration,False,True,False,False,False,,3.0
Natural500,Natural500_T000399,89adde6b3d898bf2acf7e9325389e5db8c65a5c72d1403094261c02836b988e7,S0003768,0,13,productive_iteration,False,True,False,False,False,,14.0
Natural500,Natural500_T000400,42e4f503524318fe36c391eaa254233d8123c2f668017c065af62348c866aea8,S0003769,7,27,productive_iteration,True,True,False,False,False,,9.0
Natural500,Natural500_T000400,42e4f503524318fe36c391eaa254233d8123c2f668017c065af62348c866aea8,S0003770,30,30,unproductive_cycle,False,False,True,False,False,,1.0
Natural500,Natural500_T000400,42e4f503524318fe36c391eaa254233d8123c2f668017c065af62348c866aea8,S0003771,0,6,productive_iteration,False,True,False,False,False,,7.0
Natural500,Natural500_T000400,42e4f503524318fe36c391eaa254233d8123c2f668017c065af62348c866aea8,S0003772,24,25,productive_iteration,False,True,False,False,False,,2.0
Natural500,Natural500_T000400,42e4f503524318fe36c391eaa254233d8123c2f668017c065af62348c866aea8,S0003773,28,29,productive_iteration,True,True,False,False,False,,2.0
Natural500,Natural500_T000400,42e4f503524318fe36c391eaa254233d8123c2f668017c065af62348c866aea8,S0003774,13,15,productive_iteration,True,True,False,False,False,,3.0
Natural500,Natural500_T000400,42e4f503524318fe36c391eaa254233d8123c2f668017c065af62348c866aea8,S0003775,18,23,productive_iteration,True,True,False,False,False,,6.0
Natural500,Natural500_T000401,7dfa4d86ac2f6ff630057899277e59f5f82d914e000fcf21877c2b4c202defb6,S0003776,0,13,productive_iteration,False,True,False,False,False,,14.0
Natural500,Natural500_T000402,1f2b8f18d4ab3e6188f2a77a6b61f399c805f5cb24efb80e640770b14ff21408,S0003777,0,6,productive_iteration,False,True,False,False,False,,7.0
Natural500,Natural500_T000403,e310c20e56a76f9580a06e2215c8e3924b9afe313ae7cbf7f93d7ec2891f7cd1,S0003778,9,12,productive_iteration,True,True,False,False,False,,4.0
Natural500,Natural500_T000403,e310c20e56a76f9580a06e2215c8e3924b9afe313ae7cbf7f93d7ec2891f7cd1,S0003779,30,32,unproductive_cycle,False,False,True,False,False,,3.0
Natural500,Natural500_T000403,e310c20e56a76f9580a06e2215c8e3924b9afe313ae7cbf7f93d7ec2891f7cd1,S0003780,0,2,productive_iteration,False,True,False,False,False,,3.0
Natural500,Natural500_T000403,e310c20e56a76f9580a06e2215c8e3924b9afe313ae7cbf7f93d7ec2891f7cd1,S0003781,4,8,productive_iteration,False,True,False,False,False,,5.0
Natural500,Natural500_T000403,e310c20e56a76f9580a06e2215c8e3924b9afe313ae7cbf7f93d7ec2891f7cd1,S0003782,15,18,productive_iteration,False,True,False,False,False,,4.0
Natural500,Natural500_T000403,e310c20e56a76f9580a06e2215c8e3924b9afe313ae7cbf7f93d7ec2891f7cd1,S0003783,24,29,productive_iteration,False,True,False,False,False,,6.0
Natural500,Natural500_T000403,e310c20e56a76f9580a06e2215c8e3924b9afe313ae7cbf7f93d7ec2891f7cd1,S0003784,19,21,unproductive_cycle,False,False,True,False,False,,3.0
Natural500,Natural500_T000404,470488d558c867118d5412ae8065946a5c185272c7137c8c7f01182de48d16b8,S0003785,0,12,productive_iteration,True,True,False,False,False,,13.0
Natural500,Natural500_T000405,6d74ff90259e6aba61e1719815814b35ed2e0750f271b136639103a1a91efa09,S0003786,0,1,productive_iteration,False,True,False,False,False,,2.0
Natural500,Natural500_T000405,6d74ff90259e6aba61e1719815814b35ed2e0750f271b136639103a1a91efa09,S0003787,8,14,productive_iteration,False,True,False,False,False,,7.0
Natural500,Natural500_T000405,6d74ff90259e6aba61e1719815814b35ed2e0750f271b136639103a1a91efa09,S0003788,4,7,unproductive_cycle,False,False,True,False,False,,4.0
Natural500,Natural500_T000406,48928b01d2560269726acd306488f79afc6b3778c3058340fe24c1389aa51cd9,S0003789,5,6,productive_iteration,False,True,False,False,False,,2.0
Natural500,Natural500_T000406,48928b01d2560269726acd306488f79afc6b3778c3058340fe24c1389aa51cd9,S0003790,0,4,productive_iteration,False,True,False,False,False,,5.0
Natural500,Natural500_T000406,48928b01d2560269726acd306488f79afc6b3778c3058340fe24c1389aa51cd9,S0003791,7,15,productive_iteration,False,True,False,False,False,,7.0
Natural500,Natural500_T000406,48928b01d2560269726acd306488f79afc6b3778c3058340fe24c1389aa51cd9,S0003792,7,15,unproductive_cycle,False,False,True,False,False,,1.0
Natural500,Natural500_T000407,b10ef235fd601663b16a3fd4b1920493359e1128e029637b054fb5c8b717ca59,S0003793,0,17,productive_iteration,False,True,False,False,False,,18.0
Natural500,Natural500_T000408,1bb66dbe0c0fae298d7a38cdda612ade0cf11ea75f53bfb02fb834c9a6e2b72c,S0003794,14,17,productive_iteration,True,True,False,False,False,,2.0
Natural500,Natural500_T000408,1bb66dbe0c0fae298d7a38cdda612ade0cf11ea75f53bfb02fb834c9a6e2b72c,S0003795,0,9,productive_iteration,False,True,False,False,False,,9.0
Natural500,Natural500_T000408,1bb66dbe0c0fae298d7a38cdda612ade0cf11ea75f53bfb02fb834c9a6e2b72c,S0003796,11,13,productive_iteration,False,True,False,False,False,,3.0
Natural500,Natural500_T000408,1bb66dbe0c0fae298d7a38cdda612ade0cf11ea75f53bfb02fb834c9a6e2b72c,S0003797,20,25,productive_iteration,False,True,False,False,False,,6.0
Natural500,Natural500_T000409,7513df75c0ffa4b4f6d587ff261f64972c11a5dbecd30dbb73fba953209b67fa,S0003798,14,24,productive_iteration,True,True,False,False,False,,6.0
Natural500,Natural500_T000409,7513df75c0ffa4b4f6d587ff261f64972c11a5dbecd30dbb73fba953209b67fa,S0003799,25,32,unproductive_cycle,False,False,True,False,False,,8.0
Natural500,Natural500_T000409,7513df75c0ffa4b4f6d587ff261f64972c11a5dbecd30dbb73fba953209b67fa,S0003800,0,1,productive_iteration,False,True,False,False,False,,2.0
Natural500,Natural500_T000409,7513df75c0ffa4b4f6d587ff261f64972c11a5dbecd30dbb73fba953209b67fa,S0003801,5,10,productive_iteration,False,True,False,False,False,,6.0
Natural500,Natural500_T000409,7513df75c0ffa4b4f6d587ff261f64972c11a5dbecd30dbb73fba953209b67fa,S0003802,12,13,productive_iteration,False,True,False,False,False,,2.0
Natural500,Natural500_T000409,7513df75c0ffa4b4f6d587ff261f64972c11a5dbecd30dbb73fba953209b67fa,S0003803,16,20,productive_iteration,False,True,False,False,False,,5.0
Natural500,Natural500_T000410,c0f60343ae9082fd4920a0acf1cf913a43f905dda4d1250be39656fb06d3ca4b,S0003804,0,2,productive_iteration,False,True,False,False,False,,3.0
Natural500,Natural500_T000410,c0f60343ae9082fd4920a0acf1cf913a43f905dda4d1250be39656fb06d3ca4b,S0003805,6,8,productive_iteration,False,True,False,False,False,,2.0
Natural500,Natural500_T000410,c0f60343ae9082fd4920a0acf1cf913a43f905dda4d1250be39656fb06d3ca4b,S0003806,3,5,unproductive_cycle,False,False,True,False,False,,3.0
Natural500,Natural500_T000411,1de8721cc4e0328b98716e80ca9312040f7281454e113d51e6ca6be84e210316,S0003807,0,7,productive_iteration,False,True,False,False,False,,8.0
Natural500,Natural500_T000412,766371f0af593797fe4dbb6af123515d2b034d18d3e42089bde77c3d22bd4426,S0003808,13,13,productive_iteration,True,True,False,False,False,,1.0
Natural500,Natural500_T000412,766371f0af593797fe4dbb6af123515d2b034d18d3e42089bde77c3d22bd4426,S0003809,27,42,unproductive_cycle,False,False,True,False,False,,7.0
Natural500,Natural500_T000412,766371f0af593797fe4dbb6af123515d2b034d18d3e42089bde77c3d22bd4426,S0003810,0,1,productive_iteration,False,True,False,False,False,,2.0
Natural500,Natural500_T000412,766371f0af593797fe4dbb6af123515d2b034d18d3e42089bde77c3d22bd4426,S0003811,6,9,productive_iteration,False,True,False,False,False,,4.0
Natural500,Natural500_T000412,766371f0af593797fe4dbb6af123515d2b034d18d3e42089bde77c3d22bd4426,S0003812,24,26,productive_iteration,False,True,False,False,False,,3.0
Natural500,Natural500_T000412,766371f0af593797fe4dbb6af123515d2b034d18d3e42089bde77c3d22bd4426,S0003813,28,29,productive_iteration,False,True,False,False,False,,2.0
Natural500,Natural500_T000412,766371f0af593797fe4dbb6af123515d2b034d18d3e42089bde77c3d22bd4426,S0003814,43,47,productive_iteration,False,True,False,False,False,,5.0
Natural500,Natural500_T000412,766371f0af593797fe4dbb6af123515d2b034d18d3e42089bde77c3d22bd4426,S0003815,2,5,unproductive_cycle,False,False,True,False,False,,2.0
Natural500,Natural500_T000412,766371f0af593797fe4dbb6af123515d2b034d18d3e42089bde77c3d22bd4426,S0003816,10,12,unproductive_cycle,False,False,True,False,False,,2.0
Natural500,Natural500_T000412,766371f0af593797fe4dbb6af123515d2b034d18d3e42089bde77c3d22bd4426,S0003817,15,23,unproductive_cycle,False,False,True,False,False,,8.0
Natural500,Natural500_T000412,766371f0af593797fe4dbb6af123515d2b034d18d3e42089bde77c3d22bd4426,S0003818,36,38,unproductive_cycle,False,False,True,False,False,,3.0
Natural500,Natural500_T000413,f3bdd7aa45344a74fc97c87d322bbe3fe1f420c36d4405874f77d033ee3d227b,S0003819,12,14,productive_iteration,True,True,False,False,False,,3.0
Natural500,Natural500_T000413,f3bdd7aa45344a74fc97c87d322bbe3fe1f420c36d4405874f77d033ee3d227b,S0003820,1,11,productive_iteration,True,True,False,False,False,,11.0
Natural500,Natural500_T000413,f3bdd7aa45344a74fc97c87d322bbe3fe1f420c36d4405874f77d033ee3d227b,S0003821,15,21,productive_iteration,True,True,False,False,False,,7.0
Natural500,Natural500_T000414,72d29ce25884cea889ae317dc958aeb3b874de8bcc76000bd83ff76f815846fc,S0003822,0,6,productive_iteration,False,True,False,False,False,,7.0
Natural500,Natural500_T000414,72d29ce25884cea889ae317dc958aeb3b874de8bcc76000bd83ff76f815846fc,S0003823,8,9,productive_iteration,False,True,False,False,False,,2.0
Natural500,Natural500_T000415,f2a831c2c6ac2fc860b8937b9b7190e508c45a5dffe65549ac2d265aad5d61b3,S0003824,0,7,productive_iteration,False,True,False,False,False,,8.0
Natural500,Natural500_T000416,fdcaa505aa743e8c37bfa7e7efa4d01ae6439afa8c9a3c9f0aef253e6d1f236f,S0003825,7,12,unproductive_cycle,False,False,True,False,False,,6.0
Natural500,Natural500_T000416,fdcaa505aa743e8c37bfa7e7efa4d01ae6439afa8c9a3c9f0aef253e6d1f236f,S0003826,0,6,productive_iteration,False,True,False,False,False,,7.0
Natural500,Natural500_T000417,e40a61d7e27776014d8a7122d108a51fe107e20ad9753fa38c283e3199073797,S0003827,0,6,productive_iteration,False,True,False,False,False,,7.0
Natural500,Natural500_T000418,2ca43afc90e933ea8543de3c364bb1ec1c75527489751f3511309210f521c501,S0003828,6,6,productive_iteration,True,True,False,False,False,,1.0
Natural500,Natural500_T000418,2ca43afc90e933ea8543de3c364bb1ec1c75527489751f3511309210f521c501,S0003829,5,5,unproductive_cycle,False,False,True,False,False,,1.0
Natural500,Natural500_T000418,2ca43afc90e933ea8543de3c364bb1ec1c75527489751f3511309210f521c501,S0003830,0,1,productive_iteration,False,True,False,False,False,,2.0
Natural500,Natural500_T000419,6e547a6a3f36eee8a3478f7d0431cc929f4dab5e439496a9f113f11f7216a860,S0003831,10,16,productive_iteration,True,True,False,False,False,,7.0
Natural500,Natural500_T000419,6e547a6a3f36eee8a3478f7d0431cc929f4dab5e439496a9f113f11f7216a860,S0003832,20,26,unproductive_cycle,False,False,True,False,False,,4.0
Natural500,Natural500_T000419,6e547a6a3f36eee8a3478f7d0431cc929f4dab5e439496a9f113f11f7216a860,S0003833,1,2,productive_iteration,False,True,False,False,False,,2.0
Natural500,Natural500_T000419,6e547a6a3f36eee8a3478f7d0431cc929f4dab5e439496a9f113f11f7216a860,S0003834,4,9,productive_iteration,False,True,False,False,False,,5.0
Natural500,Natural500_T000419,6e547a6a3f36eee8a3478f7d0431cc929f4dab5e439496a9f113f11f7216a860,S0003835,17,19,unproductive_cycle,False,False,True,False,False,,1.0
Natural500,Natural500_T000419,6e547a6a3f36eee8a3478f7d0431cc929f4dab5e439496a9f113f11f7216a860,S0003836,22,24,unproductive_cycle,False,False,True,False,False,,3.0
Natural500,Natural500_T000420,85230a1ebb500e3137d4f991a4144a53357319d0bbe1a4ca607feb14bec5d071,S0003837,0,11,productive_iteration,False,True,False,False,False,,12.0
Natural500,Natural500_T000421,103560061cf3a3e34e319ae8ca2da6359b59ff3333098a46297be548f7409aef,S0003838,0,8,productive_iteration,False,True,False,False,False,,9.0
Natural500,Natural500_T000422,5ffdb17b86c0eac9099282b7eb40279b7e1c38c61265513de87d76fbaaddbc32,S0003839,0,7,productive_iteration,False,True,False,False,False,,8.0
Natural500,Natural500_T000422,5ffdb17b86c0eac9099282b7eb40279b7e1c38c61265513de87d76fbaaddbc32,S0003840,9,14,productive_iteration,False,True,False,False,False,,6.0
Natural500,Natural500_T000423,48d3a468904a33ae302e6e1a56e095a1000f58d53d4ffe7f4ae83a2e2312cb44,S0003841,0,4,productive_iteration,False,True,False,False,False,,5.0
Natural500,Natural500_T000423,48d3a468904a33ae302e6e1a56e095a1000f58d53d4ffe7f4ae83a2e2312cb44,S0003842,7,10,productive_iteration,False,True,False,False,False,,4.0
Natural500,Natural500_T000424,4c3f6bfcada8935827787b64611c52cdacfa5d0814456775efc28e187c911c26,S0003843,6,7,unproductive_cycle,False,False,True,False,False,,2.0
Natural500,Natural500_T000424,4c3f6bfcada8935827787b64611c52cdacfa5d0814456775efc28e187c911c26,S0003844,0,5,productive_iteration,False,True,False,False,False,,6.0
Natural500,Natural500_T000424,4c3f6bfcada8935827787b64611c52cdacfa5d0814456775efc28e187c911c26,S0003845,8,10,productive_iteration,False,True,False,False,False,,3.0
Natural500,Natural500_T000424,4c3f6bfcada8935827787b64611c52cdacfa5d0814456775efc28e187c911c26,S0003846,11,29,unproductive_cycle,False,False,True,False,False,,19.0
Natural500,Natural500_T000425,367e5b73b553140d09ea0c99fb4aa6a4433badabbe2a4b63144793708db542bd,S0003847,11,12,productive_iteration,True,True,False,False,False,,2.0
Natural500,Natural500_T000425,367e5b73b553140d09ea0c99fb4aa6a4433badabbe2a4b63144793708db542bd,S0003848,0,1,productive_iteration,False,True,False,False,False,,2.0
Natural500,Natural500_T000425,367e5b73b553140d09ea0c99fb4aa6a4433badabbe2a4b63144793708db542bd,S0003849,3,9,productive_iteration,False,True,False,False,False,,7.0
Natural500,Natural500_T000426,f2b4a097ab28c95855f36fc4a59fe26aa103df976d235c82a84cb8c9b0551c51,S0003850,0,2,productive_iteration,False,True,False,False,False,,3.0
Natural500,Natural500_T000426,f2b4a097ab28c95855f36fc4a59fe26aa103df976d235c82a84cb8c9b0551c51,S0003851,6,12,productive_iteration,False,True,False,False,False,,7.0
Natural500,Natural500_T000427,dacdd50c476e9bbc4a9d6edd85382e9641a5ddb542d01501cc86ea89758b1b97,S0003852,0,6,productive_iteration,False,True,False,False,False,,7.0
Natural500,Natural500_T000427,dacdd50c476e9bbc4a9d6edd85382e9641a5ddb542d01501cc86ea89758b1b97,S0003853,9,12,productive_iteration,False,True,False,False,False,,4.0
Natural500,Natural500_T000427,dacdd50c476e9bbc4a9d6edd85382e9641a5ddb542d01501cc86ea89758b1b97,S0003854,14,23,productive_iteration,False,True,False,False,False,,10.0
Natural500,Natural500_T000428,6b1583daf0068459f99f2d4b2986d1034f78f6a4d1e1c991b55ed8550b93f047,S0003855,2,3,productive_iteration,False,True,False,False,False,,2.0
Natural500,Natural500_T000428,6b1583daf0068459f99f2d4b2986d1034f78f6a4d1e1c991b55ed8550b93f047,S0003856,5,7,productive_iteration,False,True,False,False,False,,3.0
Natural500,Natural500_T000429,996e6872cc949cc4bc82da5dc72c71919b5cb2bbf9e9313fd41ac75b27979723,S0003857,10,18,productive_iteration,True,True,False,False,False,,3.0
Natural500,Natural500_T000429,996e6872cc949cc4bc82da5dc72c71919b5cb2bbf9e9313fd41ac75b27979723,S0003858,0,9,productive_iteration,False,True,False,False,False,,10.0
Natural500,Natural500_T000429,996e6872cc949cc4bc82da5dc72c71919b5cb2bbf9e9313fd41ac75b27979723,S0003859,11,12,productive_iteration,False,True,False,False,False,,2.0
Natural500,Natural500_T000429,996e6872cc949cc4bc82da5dc72c71919b5cb2bbf9e9313fd41ac75b27979723,S0003860,22,26,productive_iteration,True,True,False,False,False,,5.0
Natural500,Natural500_T000429,996e6872cc949cc4bc82da5dc72c71919b5cb2bbf9e9313fd41ac75b27979723,S0003861,19,21,unproductive_cycle,False,False,True,False,False,,3.0
Natural500,Natural500_T000430,dc0ee76a9bf79397cedf3202657495bf8cad5b08701e7ad2aecf58b725b6a942,S0003862,0,7,productive_iteration,False,True,False,False,False,,8.0
Natural500,Natural500_T000430,dc0ee76a9bf79397cedf3202657495bf8cad5b08701e7ad2aecf58b725b6a942,S0003863,9,11,productive_iteration,False,True,False,False,False,,2.0
Natural500,Natural500_T000431,2cfce37c964f33d3a614bfa473f0e2199ffb6876b4eff015bd2432191f5130f7,S0003864,7,8,productive_iteration,True,True,False,False,False,,2.0
Natural500,Natural500_T000431,2cfce37c964f33d3a614bfa473f0e2199ffb6876b4eff015bd2432191f5130f7,S0003865,0,2,productive_iteration,False,True,False,False,False,,3.0
Natural500,Natural500_T000431,2cfce37c964f33d3a614bfa473f0e2199ffb6876b4eff015bd2432191f5130f7,S0003866,9,11,productive_iteration,True,True,False,False,False,,2.0
Natural500,Natural500_T000431,2cfce37c964f33d3a614bfa473f0e2199ffb6876b4eff015bd2432191f5130f7,S0003867,4,6,unproductive_cycle,False,False,True,False,False,,3.0
Natural500,Natural500_T000432,85a2ea9fe79702de434fc413db7d0c90601f1f69be773a1b53358f35135f2e47,S0003868,1,3,productive_iteration,False,True,False,False,False,,3.0
Natural500,Natural500_T000432,85a2ea9fe79702de434fc413db7d0c90601f1f69be773a1b53358f35135f2e47,S0003869,9,14,productive_iteration,False,True,False,False,False,,6.0
Natural500,Natural500_T000433,dff76e0b3c5d7bb97150bc95c649d7d3678b9f62ec1ad1c485cee898c8a2df88,S0003870,0,6,productive_iteration,False,True,False,False,False,,6.0
Natural500,Natural500_T000434,d214db2e424493bd9063e7b8e14c432de94c992c320720398ec7597619e029fb,S0003871,0,6,productive_iteration,False,True,False,False,False,,7.0
Natural500,Natural500_T000435,127e3ca837e852e296b3b784f9085fa1e5b6ed19048861203fcb8812d66bdd79,S0003872,2,20,productive_iteration,True,True,False,False,False,,9.0
Natural500,Natural500_T000435,127e3ca837e852e296b3b784f9085fa1e5b6ed19048861203fcb8812d66bdd79,S0003873,0,1,productive_iteration,False,True,False,False,False,,2.0
Natural500,Natural500_T000435,127e3ca837e852e296b3b784f9085fa1e5b6ed19048861203fcb8812d66bdd79,S0003874,8,10,productive_iteration,True,True,False,False,False,,2.0
Natural500,Natural500_T000435,127e3ca837e852e296b3b784f9085fa1e5b6ed19048861203fcb8812d66bdd79,S0003875,13,16,productive_iteration,True,True,False,False,False,,2.0
Natural500,Natural500_T000435,127e3ca837e852e296b3b784f9085fa1e5b6ed19048861203fcb8812d66bdd79,S0003876,13,16,unproductive_cycle,False,False,True,False,False,,1.0
Natural500,Natural500_T000435,127e3ca837e852e296b3b784f9085fa1e5b6ed19048861203fcb8812d66bdd79,S0003877,21,69,unproductive_cycle,False,False,True,False,False,,47.0
Natural500,Natural500_T000436,fc2c044b668e1feeb8856a3e6127f345173186dfa41db9d1febb317f313e9d86,S0003878,4,7,unproductive_cycle,False,False,True,False,False,,4.0
Natural500,Natural500_T000436,fc2c044b668e1feeb8856a3e6127f345173186dfa41db9d1febb317f313e9d86,S0003879,0,3,productive_iteration,False,True,False,False,False,,4.0
Natural500,Natural500_T000436,fc2c044b668e1feeb8856a3e6127f345173186dfa41db9d1febb317f313e9d86,S0003880,8,12,productive_iteration,False,True,False,False,False,,5.0
Natural500,Natural500_T000437,39a28f5505bc579c8075842649c1a525dbc09bd9e207cf1cb46371f290c9a725,S0003881,2,3,productive_iteration,False,True,False,False,False,,2.0
Natural500,Natural500_T000437,39a28f5505bc579c8075842649c1a525dbc09bd9e207cf1cb46371f290c9a725,S0003882,5,8,unproductive_cycle,False,False,True,False,False,,4.0
Natural500,Natural500_T000438,4fb3f7c85390b443c89cc69d8337ea831aacb28509633ab060530738b03c03b9,S0003883,4,6,productive_iteration,True,True,False,False,False,,2.0
Natural500,Natural500_T000438,4fb3f7c85390b443c89cc69d8337ea831aacb28509633ab060530738b03c03b9,S0003884,0,3,productive_iteration,False,True,False,False,False,,4.0
Natural500,Natural500_T000438,4fb3f7c85390b443c89cc69d8337ea831aacb28509633ab060530738b03c03b9,S0003885,7,8,productive_iteration,True,True,False,False,False,,1.0
Natural500,Natural500_T000439,b25989b9e6aa011782463658f306673ff6ccfe9eef1ccfff07519540d2433e40,S0003886,0,4,productive_iteration,False,True,False,False,False,,5.0
Natural500,Natural500_T000439,b25989b9e6aa011782463658f306673ff6ccfe9eef1ccfff07519540d2433e40,S0003887,9,10,productive_iteration,False,True,False,False,False,,2.0
Natural500,Natural500_T000440,241ee5e3cb55c2e77cdbec0d3fb2b6e238ee60e90c2ddcb044782d948a634d84,S0003888,4,4,unproductive_cycle,False,False,True,False,False,,1.0
Natural500,Natural500_T000440,241ee5e3cb55c2e77cdbec0d3fb2b6e238ee60e90c2ddcb044782d948a634d84,S0003889,0,2,productive_iteration,False,True,False,False,False,,3.0
Natural500,Natural500_T000440,241ee5e3cb55c2e77cdbec0d3fb2b6e238ee60e90c2ddcb044782d948a634d84,S0003890,5,8,productive_iteration,False,True,False,False,False,,3.0
Natural500,Natural500_T000441,bef60f00af6b14b108ac30b624c0ca637808e4bd7e82432cbaeebccd0ed3fa2a,S0003891,0,12,productive_iteration,False,True,False,False,False,,12.0
Natural500,Natural500_T000442,201bc25d35b460912592ca3316061fe63f4961d41a9a8cfe7be3ba45fb889622,S0003892,0,13,productive_iteration,False,True,False,False,False,,13.0
Natural500,Natural500_T000443,77754e06ea88e1d56d40e22104237e8ad5860ec3137d5b9ed3de37345db4d170,S0003893,7,7,productive_iteration,True,True,False,False,False,,1.0
Natural500,Natural500_T000443,77754e06ea88e1d56d40e22104237e8ad5860ec3137d5b9ed3de37345db4d170,S0003894,0,2,productive_iteration,False,True,False,False,False,,3.0
Natural500,Natural500_T000443,77754e06ea88e1d56d40e22104237e8ad5860ec3137d5b9ed3de37345db4d170,S0003895,4,6,productive_iteration,False,True,False,False,False,,3.0
Natural500,Natural500_T000443,77754e06ea88e1d56d40e22104237e8ad5860ec3137d5b9ed3de37345db4d170,S0003896,9,10,productive_iteration,False,True,False,False,False,,2.0
Natural500,Natural500_T000444,ac4511d0907b7ea80775dd513bcec3f8ca57c67360fc6aa884a832bedcc6e1dd,S0003897,10,10,productive_iteration,False,True,False,False,False,,1.0
Natural500,Natural500_T000444,ac4511d0907b7ea80775dd513bcec3f8ca57c67360fc6aa884a832bedcc6e1dd,S0003898,11,11,unproductive_cycle,False,False,True,False,False,,1.0
Natural500,Natural500_T000444,ac4511d0907b7ea80775dd513bcec3f8ca57c67360fc6aa884a832bedcc6e1dd,S0003899,0,9,productive_iteration,False,True,False,False,False,,10.0
Natural500,Natural500_T000444,ac4511d0907b7ea80775dd513bcec3f8ca57c67360fc6aa884a832bedcc6e1dd,S0003900,12,15,productive_iteration,True,True,False,False,False,,4.0
Natural500,Natural500_T000445,173b9d39c0671fdf82f77936e58373ecf4ace753d276a604c47de9213590c82e,S0003901,0,13,productive_iteration,False,True,False,False,False,,14.0
Natural500,Natural500_T000445,173b9d39c0671fdf82f77936e58373ecf4ace753d276a604c47de9213590c82e,S0003902,20,21,productive_iteration,False,True,False,False,False,,1.0
Natural500,Natural500_T000445,173b9d39c0671fdf82f77936e58373ecf4ace753d276a604c47de9213590c82e,S0003903,14,19,unproductive_cycle,False,False,True,False,False,,6.0
Natural500,Natural500_T000446,52bc43e45049a51dc6f20262fc907acc826246acbc424f11d72767010490a802,S0003904,0,8,productive_iteration,False,True,False,False,False,,9.0
Natural500,Natural500_T000447,5a9d5c57a975ba38f90fe3f50e57f61280c2cf468e91ed1b89cbc09f2de60c6d,S0003905,2,8,productive_iteration,True,True,False,False,False,,3.0
Natural500,Natural500_T000447,5a9d5c57a975ba38f90fe3f50e57f61280c2cf468e91ed1b89cbc09f2de60c6d,S0003906,0,1,productive_iteration,False,True,False,False,False,,2.0
Natural500,Natural500_T000447,5a9d5c57a975ba38f90fe3f50e57f61280c2cf468e91ed1b89cbc09f2de60c6d,S0003907,3,6,productive_iteration,False,True,False,False,False,,4.0
Natural500,Natural500_T000448,a3b325496fd150ec62fb9fea39c29e171fd18b1ca740c5b78d5b3e89ade369bd,S0003908,8,10,unproductive_cycle,False,False,True,False,False,,2.0
Natural500,Natural500_T000448,a3b325496fd150ec62fb9fea39c29e171fd18b1ca740c5b78d5b3e89ade369bd,S0003909,0,7,productive_iteration,False,True,False,False,False,,8.0
Natural500,Natural500_T000449,74d634e074736e14cb3db29a0c2816b445a1bf03d8192882dbcb7142e427e24a,S0003910,3,8,productive_iteration,False,True,False,False,False,,6.0
Natural500,Natural500_T000449,74d634e074736e14cb3db29a0c2816b445a1bf03d8192882dbcb7142e427e24a,S0003911,10,15,productive_iteration,True,True,False,False,False,,5.0
Natural500,Natural500_T000450,67fab9d926afca23c4480e64a325021cd43348b409153d25b0b3fd404588eb90,S0003912,0,5,productive_iteration,False,True,False,False,False,,6.0
Natural500,Natural500_T000451,b44c2e5aac0ebaa628eb96a0ef36cba90488db4e15dbaafd8151e838f0fefcb6,S0003913,5,11,productive_iteration,True,True,False,False,False,,4.0
Natural500,Natural500_T000451,b44c2e5aac0ebaa628eb96a0ef36cba90488db4e15dbaafd8151e838f0fefcb6,S0003914,0,1,productive_iteration,False,True,False,False,False,,2.0
Natural500,Natural500_T000451,b44c2e5aac0ebaa628eb96a0ef36cba90488db4e15dbaafd8151e838f0fefcb6,S0003915,8,10,productive_iteration,False,True,False,False,False,,3.0
Natural500,Natural500_T000451,b44c2e5aac0ebaa628eb96a0ef36cba90488db4e15dbaafd8151e838f0fefcb6,S0003916,13,14,productive_iteration,False,True,False,False,False,,1.0
Natural500,Natural500_T000451,b44c2e5aac0ebaa628eb96a0ef36cba90488db4e15dbaafd8151e838f0fefcb6,S0003917,2,4,productive_iteration,True,True,False,False,False,,3.0
Natural500,Natural500_T000452,5b97f7aea6d555f03af256b92ae51b30c2991b3b1a4595c594ba2d12b4aa26c7,S0003918,3,23,productive_iteration,True,True,False,False,False,,9.0
Natural500,Natural500_T000452,5b97f7aea6d555f03af256b92ae51b30c2991b3b1a4595c594ba2d12b4aa26c7,S0003919,24,24,unproductive_cycle,False,False,True,False,False,,1.0
Natural500,Natural500_T000452,5b97f7aea6d555f03af256b92ae51b30c2991b3b1a4595c594ba2d12b4aa26c7,S0003920,0,2,productive_iteration,False,True,False,False,False,,2.0
Natural500,Natural500_T000452,5b97f7aea6d555f03af256b92ae51b30c2991b3b1a4595c594ba2d12b4aa26c7,S0003921,6,7,productive_iteration,False,True,False,False,False,,2.0
Natural500,Natural500_T000452,5b97f7aea6d555f03af256b92ae51b30c2991b3b1a4595c594ba2d12b4aa26c7,S0003922,25,28,productive_iteration,False,True,False,False,False,,4.0
Natural500,Natural500_T000452,5b97f7aea6d555f03af256b92ae51b30c2991b3b1a4595c594ba2d12b4aa26c7,S0003923,18,20,productive_iteration,True,True,False,False,False,,1.0
Natural500,Natural500_T000452,5b97f7aea6d555f03af256b92ae51b30c2991b3b1a4595c594ba2d12b4aa26c7,S0003924,18,20,unproductive_cycle,False,False,True,False,False,,2.0
Natural500,Natural500_T000453,d077e38af00bdcc2169765780098d3e5f0f90a3747004bb5d9e0b5a01648deb9,S0003925,9,9,unproductive_cycle,False,False,True,False,False,,1.0
Natural500,Natural500_T000453,d077e38af00bdcc2169765780098d3e5f0f90a3747004bb5d9e0b5a01648deb9,S0003926,2,7,productive_iteration,False,True,False,False,False,,6.0
Natural500,Natural500_T000453,d077e38af00bdcc2169765780098d3e5f0f90a3747004bb5d9e0b5a01648deb9,S0003927,10,14,productive_iteration,False,True,False,False,False,,5.0
Natural500,Natural500_T000454,3db81f3e9f8123e77caba3c9e771a3baba81524791e8cfa4e3aa2cdce00af005,S0003928,7,7,unproductive_cycle,False,False,True,False,False,,1.0
Natural500,Natural500_T000454,3db81f3e9f8123e77caba3c9e771a3baba81524791e8cfa4e3aa2cdce00af005,S0003929,0,6,productive_iteration,False,True,False,False,False,,7.0
Natural500,Natural500_T000454,3db81f3e9f8123e77caba3c9e771a3baba81524791e8cfa4e3aa2cdce00af005,S0003930,8,15,unproductive_cycle,False,False,True,False,False,,8.0
Natural500,Natural500_T000455,b7bd808225298028c0f36c3190eda7b554c192cece291e785dbffc2baf9476e3,S0003931,0,5,productive_iteration,True,True,False,False,False,,5.0
Natural500,Natural500_T000456,64cd305dc740356fc549e7a4ba68d6b0c43b0281e62a682b86b447c8ff59a661,S0003932,0,7,productive_iteration,False,True,False,False,False,,8.0
Natural500,Natural500_T000457,807cf3fc39a85b0e9cb0f5aad4b938fada938553d071313e5990b5d8ae461fd1,S0003933,6,23,productive_iteration,False,True,False,False,False,,18.0
Natural500,Natural500_T000458,dcac584621089531552c04b7c796a7a9a30999f721cdc55b725762216c22290e,S0003934,8,9,productive_iteration,True,True,False,False,False,,2.0
Natural500,Natural500_T000458,dcac584621089531552c04b7c796a7a9a30999f721cdc55b725762216c22290e,S0003935,7,7,unproductive_cycle,False,False,True,False,False,,1.0
Natural500,Natural500_T000458,dcac584621089531552c04b7c796a7a9a30999f721cdc55b725762216c22290e,S0003936,0,4,productive_iteration,False,True,False,False,False,,5.0
Natural500,Natural500_T000459,ddfd0aa780d06abd0c3cf0fb76e2fe18b33fbd5d9823dcd675890ebf2d77ebba,S0003937,0,5,productive_iteration,False,True,False,False,False,,6.0
Natural500,Natural500_T000460,2006546ee45cbb3eb5af881b4f9f82fdefa8e8684e71f9042ef75c8897615590,S0003938,0,8,productive_iteration,False,True,False,False,False,,8.0
Natural500,Natural500_T000461,9ac1fd4975e4665b4782359700d5db301350960205d7be9719db8d23aa0201fc,S0003939,5,16,productive_iteration,True,True,False,False,False,,6.0
Natural500,Natural500_T000461,9ac1fd4975e4665b4782359700d5db301350960205d7be9719db8d23aa0201fc,S0003940,0,4,productive_iteration,False,True,False,False,False,,5.0
Natural500,Natural500_T000461,9ac1fd4975e4665b4782359700d5db301350960205d7be9719db8d23aa0201fc,S0003941,7,9,unproductive_cycle,False,False,True,False,False,,3.0
Natural500,Natural500_T000461,9ac1fd4975e4665b4782359700d5db301350960205d7be9719db8d23aa0201fc,S0003942,11,13,unproductive_cycle,False,False,True,False,False,,3.0
Natural500,Natural500_T000461,9ac1fd4975e4665b4782359700d5db301350960205d7be9719db8d23aa0201fc,S0003943,17,24,unproductive_cycle,False,False,True,False,False,,8.0
Natural500,Natural500_T000462,4e5ba4a5e42d37f5de9658ec0f3eb5a1b5a1dde3eca03b10d8c52966780937b3,S0003944,0,13,productive_iteration,False,True,False,False,False,,14.0
Natural500,Natural500_T000463,ddf83e45ea0fef5f09c9346127f3d9b420e976f93609cbfe808e1b9e0a971f74,S0003945,10,15,productive_iteration,True,True,False,False,False,,2.0
Natural500,Natural500_T000463,ddf83e45ea0fef5f09c9346127f3d9b420e976f93609cbfe808e1b9e0a971f74,S0003946,11,23,unproductive_cycle,False,False,True,False,False,,12.0
Natural500,Natural500_T000463,ddf83e45ea0fef5f09c9346127f3d9b420e976f93609cbfe808e1b9e0a971f74,S0003947,0,5,productive_iteration,False,True,False,False,False,,6.0
Natural500,Natural500_T000464,e1acd87fbeb8aa00cec44ec5709a87ae18303c056f6347b7ea6de2615dfdc999,S0003948,0,4,productive_iteration,False,True,False,False,False,,5.0
Natural500,Natural500_T000464,e1acd87fbeb8aa00cec44ec5709a87ae18303c056f6347b7ea6de2615dfdc999,S0003949,6,9,productive_iteration,True,True,False,False,False,,4.0
Natural500,Natural500_T000465,69dc124ca201ff3a1d918f49f735c13df2b56f7a646b4e290fe98ac7f59f3668,S0003950,0,8,productive_iteration,True,True,False,False,False,,9.0
Natural500,Natural500_T000466,ac2d4e03cba123243fe0b4fec2aeb64027b8334b9436de51645f1f74dcd13794,S0003951,2,11,unproductive_cycle,False,False,True,False,False,,10.0
Natural500,Natural500_T000467,d3e8640ab4dfecd3c8d4ac2262cf2af76dfcd0db325ca91597827032496ce22b,S0003952,7,7,productive_iteration,False,True,False,False,False,,1.0
Natural500,Natural500_T000467,d3e8640ab4dfecd3c8d4ac2262cf2af76dfcd0db325ca91597827032496ce22b,S0003953,0,1,productive_iteration,False,True,False,False,False,,2.0
Natural500,Natural500_T000467,d3e8640ab4dfecd3c8d4ac2262cf2af76dfcd0db325ca91597827032496ce22b,S0003954,3,6,productive_iteration,False,True,False,False,False,,4.0
Natural500,Natural500_T000468,e07bcc4a13d3ccea1f70664d8d4a8ca62fb94cac592ad62dcc45b89826c64cbb,S0003955,13,18,productive_iteration,True,True,False,False,False,,3.0
Natural500,Natural500_T000468,e07bcc4a13d3ccea1f70664d8d4a8ca62fb94cac592ad62dcc45b89826c64cbb,S0003956,22,33,unproductive_cycle,False,False,True,False,False,,5.0
Natural500,Natural500_T000468,e07bcc4a13d3ccea1f70664d8d4a8ca62fb94cac592ad62dcc45b89826c64cbb,S0003957,0,4,productive_iteration,False,True,False,False,False,,5.0
Natural500,Natural500_T000468,e07bcc4a13d3ccea1f70664d8d4a8ca62fb94cac592ad62dcc45b89826c64cbb,S0003958,6,11,productive_iteration,False,True,False,False,False,,6.0
Natural500,Natural500_T000468,e07bcc4a13d3ccea1f70664d8d4a8ca62fb94cac592ad62dcc45b89826c64cbb,S0003959,19,21,productive_iteration,True,True,False,False,False,,3.0
Natural500,Natural500_T000468,e07bcc4a13d3ccea1f70664d8d4a8ca62fb94cac592ad62dcc45b89826c64cbb,S0003960,26,32,unproductive_cycle,False,False,True,False,False,,7.0
Natural500,Natural500_T000469,3e8568451d5af30c058d7bbbb15e22171ec57ea317d746466b3009027ad3ee0f,S0003961,1,2,productive_iteration,False,True,False,False,False,,2.0
Natural500,Natural500_T000469,3e8568451d5af30c058d7bbbb15e22171ec57ea317d746466b3009027ad3ee0f,S0003962,4,7,productive_iteration,False,True,False,False,False,,4.0
Natural500,Natural500_T000470,91d7650831caecebc5ac74df29d9564914bb0dc53dff3bf101771a13e36bcdc3,S0003963,0,9,productive_iteration,False,True,False,False,False,,10.0
Natural500,Natural500_T000471,3552fb8533d4c721bfaf75fc1d10d937cd6bf57e76304918cec48af3136a1368,S0003964,8,9,unproductive_cycle,False,False,True,False,False,,2.0
Natural500,Natural500_T000471,3552fb8533d4c721bfaf75fc1d10d937cd6bf57e76304918cec48af3136a1368,S0003965,0,5,productive_iteration,False,True,False,False,False,,6.0
Natural500,Natural500_T000472,5eed87de61e4845e60c9cd34c1bfc0d649622e6753d336cc082645822fe0669b,S0003966,0,5,productive_iteration,True,True,False,False,False,,3.0
Natural500,Natural500_T000472,5eed87de61e4845e60c9cd34c1bfc0d649622e6753d336cc082645822fe0669b,S0003967,1,3,productive_iteration,False,True,False,False,False,,3.0
Natural500,Natural500_T000472,5eed87de61e4845e60c9cd34c1bfc0d649622e6753d336cc082645822fe0669b,S0003968,7,9,productive_iteration,False,True,False,False,False,,2.0
Natural500,Natural500_T000473,63d460f9c13cac36fe70f25c37063d7d656aa67df2e3ab49519465a88fe22c76,S0003969,4,6,productive_iteration,True,True,False,False,False,,3.0
Natural500,Natural500_T000473,63d460f9c13cac36fe70f25c37063d7d656aa67df2e3ab49519465a88fe22c76,S0003970,0,3,productive_iteration,False,True,False,False,False,,4.0
Natural500,Natural500_T000474,b1e4caf39eaa32d6d28658610ffa37e6afcbd5ad8417e3e7c05f29f74df83c78,S0003971,0,6,productive_iteration,False,True,False,False,False,,6.0
Natural500,Natural500_T000475,fe3dd92650a11496d6bc45aad3a642643ddf98936c2e8420931e4537657046e8,S0003972,0,5,productive_iteration,False,True,False,False,False,,6.0
Natural500,Natural500_T000476,282b14c966f0d321e8d3861d2c2c897b551b6298f7c8064a0d3ded736abb6ec0,S0003973,10,12,productive_iteration,True,True,False,False,False,,2.0
Natural500,Natural500_T000476,282b14c966f0d321e8d3861d2c2c897b551b6298f7c8064a0d3ded736abb6ec0,S0003974,14,16,unproductive_cycle,False,False,True,False,False,,2.0
Natural500,Natural500_T000476,282b14c966f0d321e8d3861d2c2c897b551b6298f7c8064a0d3ded736abb6ec0,S0003975,0,9,productive_iteration,False,True,False,False,False,,10.0
Natural500,Natural500_T000477,7e5a097ef4ceb2eb56224ec58f6725bc4c57dfb34cfc1104106d4ef995ad5576,S0003976,14,14,unproductive_cycle,False,False,True,False,False,,1.0
Natural500,Natural500_T000477,7e5a097ef4ceb2eb56224ec58f6725bc4c57dfb34cfc1104106d4ef995ad5576,S0003977,6,10,productive_iteration,False,True,False,False,False,,5.0
Natural500,Natural500_T000477,7e5a097ef4ceb2eb56224ec58f6725bc4c57dfb34cfc1104106d4ef995ad5576,S0003978,12,13,productive_iteration,False,True,False,False,False,,2.0
Natural500,Natural500_T000477,7e5a097ef4ceb2eb56224ec58f6725bc4c57dfb34cfc1104106d4ef995ad5576,S0003979,16,33,unproductive_cycle,False,False,True,False,False,,18.0
Natural500,Natural500_T000478,e5b25b9fc4c28e044d03e6bab6788f45608c855372c0cff9d840e9cd3ec6b564,S0003980,13,13,productive_iteration,True,True,False,False,False,,1.0
Natural500,Natural500_T000478,e5b25b9fc4c28e044d03e6bab6788f45608c855372c0cff9d840e9cd3ec6b564,S0003981,12,12,unproductive_cycle,False,False,True,False,False,,1.0
Natural500,Natural500_T000478,e5b25b9fc4c28e044d03e6bab6788f45608c855372c0cff9d840e9cd3ec6b564,S0003982,0,8,productive_iteration,False,True,False,False,False,,8.0
Natural500,Natural500_T000478,e5b25b9fc4c28e044d03e6bab6788f45608c855372c0cff9d840e9cd3ec6b564,S0003983,0,8,unproductive_cycle,False,False,True,False,False,,1.0
Natural500,Natural500_T000478,e5b25b9fc4c28e044d03e6bab6788f45608c855372c0cff9d840e9cd3ec6b564,S0003984,10,11,productive_iteration,False,True,False,False,False,,2.0
Natural500,Natural500_T000478,e5b25b9fc4c28e044d03e6bab6788f45608c855372c0cff9d840e9cd3ec6b564,S0003985,14,18,productive_iteration,True,True,False,False,False,,4.0
Natural500,Natural500_T000478,e5b25b9fc4c28e044d03e6bab6788f45608c855372c0cff9d840e9cd3ec6b564,S0003986,14,18,unproductive_cycle,False,False,True,False,False,,1.0
Natural500,Natural500_T000479,3b1ef15028afd43ad30314d9ce237a566334f115d1c9d5cf03b57be95b1342ad,S0003987,0,5,productive_iteration,False,True,False,False,False,,6.0
Natural500,Natural500_T000479,3b1ef15028afd43ad30314d9ce237a566334f115d1c9d5cf03b57be95b1342ad,S0003988,7,8,productive_iteration,True,True,False,False,False,,1.0
Natural500,Natural500_T000480,da66b885a3aee6694e8c08352b2e30d6dc0d2521d467c2da82dd186a40127b32,S0003989,0,4,productive_iteration,False,True,False,False,False,,5.0
Natural500,Natural500_T000481,24f76acb31f18c24c60cbc4129f5e361f46d618ffb9a0e965faefcfb0bb88b1f,S0003990,0,8,productive_iteration,False,True,False,False,False,,9.0
Natural500,Natural500_T000482,f3e30b244efeb021082a3d300b06dadfde1d0e67eedb640a1b6113c7559e0414,S0003991,0,3,productive_iteration,False,True,False,False,False,,3.0
Natural500,Natural500_T000482,f3e30b244efeb021082a3d300b06dadfde1d0e67eedb640a1b6113c7559e0414,S0003992,4,18,unproductive_cycle,False,False,True,False,False,,15.0
Natural500,Natural500_T000483,56333e9e12068ee914bbdf3503bf0929b38d50f117f69e65341ca8fe39af1499,S0003993,8,18,productive_iteration,True,True,False,False,False,,8.0
Natural500,Natural500_T000483,56333e9e12068ee914bbdf3503bf0929b38d50f117f69e65341ca8fe39af1499,S0003994,0,4,productive_iteration,False,True,False,False,False,,5.0
Natural500,Natural500_T000483,56333e9e12068ee914bbdf3503bf0929b38d50f117f69e65341ca8fe39af1499,S0003995,19,22,productive_iteration,False,True,False,False,False,,4.0
Natural500,Natural500_T000484,94ae5afa2d0025cbfaee62b4ebd9cce0110b3353e9ce5f679b01f4d3b0a0db53,S0003996,11,11,unproductive_cycle,False,False,True,False,False,,1.0
Natural500,Natural500_T000484,94ae5afa2d0025cbfaee62b4ebd9cce0110b3353e9ce5f679b01f4d3b0a0db53,S0003997,0,5,productive_iteration,False,True,False,False,False,,6.0
Natural500,Natural500_T000484,94ae5afa2d0025cbfaee62b4ebd9cce0110b3353e9ce5f679b01f4d3b0a0db53,S0003998,7,10,productive_iteration,False,True,False,False,False,,4.0
Natural500,Natural500_T000484,94ae5afa2d0025cbfaee62b4ebd9cce0110b3353e9ce5f679b01f4d3b0a0db53,S0003999,12,23,productive_iteration,False,True,False,False,False,,12.0
Natural500,Natural500_T000485,796b86790355e6aa68c91a8d4131d73d383e068f96e96249d791713e8994ae0d,S0004000,11,13,unproductive_cycle,False,False,True,False,False,,3.0
Natural500,Natural500_T000485,796b86790355e6aa68c91a8d4131d73d383e068f96e96249d791713e8994ae0d,S0004001,0,10,productive_iteration,False,True,False,False,False,,11.0
Natural500,Natural500_T000485,796b86790355e6aa68c91a8d4131d73d383e068f96e96249d791713e8994ae0d,S0004002,14,15,productive_iteration,False,True,False,False,False,,1.0
Natural500,Natural500_T000485,796b86790355e6aa68c91a8d4131d73d383e068f96e96249d791713e8994ae0d,S0004003,14,15,unproductive_cycle,False,False,True,False,False,,1.0
Natural500,Natural500_T000486,84ecff020b674ff7865e1b8b051217668ebc729617607346be1f1506cf3fc29a,S0004004,13,22,productive_iteration,True,True,False,False,False,,3.0
Natural500,Natural500_T000486,84ecff020b674ff7865e1b8b051217668ebc729617607346be1f1506cf3fc29a,S0004005,0,6,productive_iteration,False,True,False,False,False,,7.0
Natural500,Natural500_T000486,84ecff020b674ff7865e1b8b051217668ebc729617607346be1f1506cf3fc29a,S0004006,8,11,productive_iteration,False,True,False,False,False,,4.0
Natural500,Natural500_T000486,84ecff020b674ff7865e1b8b051217668ebc729617607346be1f1506cf3fc29a,S0004007,14,15,productive_iteration,False,True,False,False,False,,2.0
Natural500,Natural500_T000486,84ecff020b674ff7865e1b8b051217668ebc729617607346be1f1506cf3fc29a,S0004008,18,21,productive_iteration,False,True,False,False,False,,4.0
Natural500,Natural500_T000486,84ecff020b674ff7865e1b8b051217668ebc729617607346be1f1506cf3fc29a,S0004009,23,26,productive_iteration,False,True,False,False,False,,4.0
Natural500,Natural500_T000487,aa961c35bce3ce86b367ef1c739ba529815a3750c0ad438f543b2b7edd5aa22a,S0004010,0,14,productive_iteration,False,True,False,False,False,,15.0
Natural500,Natural500_T000488,bc3b397074a38a1214622132587e69b53434231b286dff1a13fff392a92a8442,S0004011,0,7,productive_iteration,False,True,False,False,False,,7.0
Natural500,Natural500_T000489,7e3944fb025fd5bbc45cd152942042164b6af64df566b8d79c678dfc15e1b03f,S0004012,0,6,productive_iteration,True,True,False,False,False,,7.0
Natural500,Natural500_T000490,643f27005f4581cf6a4a1938a6097c54aed88cd001f937a6a937fef3608d4514,S0004013,0,6,productive_iteration,False,True,False,False,False,,7.0
Natural500,Natural500_T000491,41965e2f9039f57013fa2a222093fb3122e72d550dff97a1d17f3ecb2566a718,S0004014,0,1,productive_iteration,False,True,False,False,False,,2.0
Natural500,Natural500_T000491,41965e2f9039f57013fa2a222093fb3122e72d550dff97a1d17f3ecb2566a718,S0004015,4,10,productive_iteration,False,True,False,False,False,,7.0
Natural500,Natural500_T000492,958fd1fc990baa5735044961e4c0bf33087894bdb57ec20318ae2d95549bc69f,S0004016,0,7,productive_iteration,False,True,False,False,False,,8.0
Natural500,Natural500_T000492,958fd1fc990baa5735044961e4c0bf33087894bdb57ec20318ae2d95549bc69f,S0004017,9,12,productive_iteration,False,True,False,False,False,,4.0
Natural500,Natural500_T000493,4162f4b516a7a673e11bf910c3b500c3da1b56be3b7045c9b5c84aed3878a50b,S0004018,4,20,productive_iteration,True,True,False,False,False,,10.0
Natural500,Natural500_T000493,4162f4b516a7a673e11bf910c3b500c3da1b56be3b7045c9b5c84aed3878a50b,S0004019,21,23,unproductive_cycle,False,False,True,False,False,,3.0
Natural500,Natural500_T000493,4162f4b516a7a673e11bf910c3b500c3da1b56be3b7045c9b5c84aed3878a50b,S0004020,0,3,productive_iteration,False,True,False,False,False,,4.0
Natural500,Natural500_T000493,4162f4b516a7a673e11bf910c3b500c3da1b56be3b7045c9b5c84aed3878a50b,S0004021,6,9,productive_iteration,False,True,False,False,False,,4.0
Natural500,Natural500_T000493,4162f4b516a7a673e11bf910c3b500c3da1b56be3b7045c9b5c84aed3878a50b,S0004022,17,18,productive_iteration,False,True,False,False,False,,2.0
Natural500,Natural500_T000493,4162f4b516a7a673e11bf910c3b500c3da1b56be3b7045c9b5c84aed3878a50b,S0004023,24,33,unproductive_cycle,False,False,True,False,False,,10.0
Natural500,Natural500_T000494,904b349f7a4f54fa7d5d50e439dc41ae82adc94a24605a427f28eb224d86e363,S0004024,0,11,productive_iteration,True,True,False,False,False,,12.0
Natural500,Natural500_T000495,b3c691a9a913db54a63fc97252daa4959c406d5834473ff8265afbd1b5fc0ff3,S0004025,0,10,productive_iteration,False,True,False,False,False,,10.0
Natural500,Natural500_T000496,66991695093ef41f3239c973fd96eee34ab21573f67f1bb465b2d2c98eeccb21,S0004026,1,4,productive_iteration,False,True,False,False,False,,4.0
Natural500,Natural500_T000496,66991695093ef41f3239c973fd96eee34ab21573f67f1bb465b2d2c98eeccb21,S0004027,6,10,productive_iteration,False,True,False,False,False,,5.0
Natural500,Natural500_T000497,953751a3401cd88cb51f34cf7a12b87f8a306fbfb4d6991338d0775d6920c435,S0004028,0,7,productive_iteration,False,True,False,False,False,,7.0
Natural500,Natural500_T000498,3cf676c0f1747f4f634eabcad5811dc1abf4bfcfc85a3eb21898a722d815339f,S0004029,0,6,productive_iteration,False,True,False,False,False,,6.0
Natural500,Natural500_T000499,f4cd894a275389cb937f39ceaf9ee8801ea1770ecd820991eb0bfe33b48a430f,S0004030,0,4,productive_iteration,False,True,False,False,False,,5.0
Natural500,Natural500_T000499,f4cd894a275389cb937f39ceaf9ee8801ea1770ecd820991eb0bfe33b48a430f,S0004031,5,26,unproductive_cycle,False,False,True,False,False,,21.0
Natural500,Natural500_T000500,d9e608ea7b4d477200b438a21be848eafc35a18383b539a4c1e3fb1aa1eef9b1,S0004032,0,6,productive_iteration,False,True,False,False,False,,7.0
OpenHandsExternal330,OpenHandsExternal330_T000101,20193727eb52074cbb3ec5428d3b1f6ca0b2ee01148cfcab90a334e007549fc1,S0004033,104,176,productive_iteration,False,True,False,False,False,high,
OpenHandsExternal330,OpenHandsExternal330_T000102,7b6671c33c923fab74f6c246cdf785129261a2b4f998ba02d9b1c455fe9e6dcd,S0004034,54,99,productive_iteration,False,True,False,False,False,high,
OpenHandsExternal330,OpenHandsExternal330_T000103,717121ca8d832bfe62c7a120a35912b7a7fa20bf0e2ffaf17220fcaae7ad811d,S0004035,72,149,productive_iteration,False,True,False,False,False,high,
OpenHandsExternal330,OpenHandsExternal330_T000104,43c3cdffd29f3f721f36e06264f7319c433305835597fbc85cf596e8ec820ad9,S0004036,76,199,productive_iteration,False,True,False,False,False,medium,
OpenHandsExternal330,OpenHandsExternal330_T000104,43c3cdffd29f3f721f36e06264f7319c433305835597fbc85cf596e8ec820ad9,S0004037,200,200,unresolved,False,False,False,False,True,low,
OpenHandsExternal330,OpenHandsExternal330_T000105,b05313837f8a609b41a364d015403ee574029cb9b918bf6f8c4b389189009b42,S0004038,48,80,productive_iteration,False,True,False,False,False,high,
OpenHandsExternal330,OpenHandsExternal330_T000106,2d105df18c3a6014fc5c90c32215886032929669448a0dafc24793d9f254cf21,S0004039,42,83,productive_iteration,False,True,False,False,False,high,
OpenHandsExternal330,OpenHandsExternal330_T000107,5c1108d0bb9e36d17a2f2f4756a317ac9f5f055788a60472c22bfbe10070b130,S0004040,78,85,unproductive_cycle,False,False,True,False,False,high,
OpenHandsExternal330,OpenHandsExternal330_T000107,5c1108d0bb9e36d17a2f2f4756a317ac9f5f055788a60472c22bfbe10070b130,S0004041,90,103,unproductive_cycle,False,False,True,False,False,high,
OpenHandsExternal330,OpenHandsExternal330_T000107,5c1108d0bb9e36d17a2f2f4756a317ac9f5f055788a60472c22bfbe10070b130,S0004042,104,135,productive_iteration,False,True,False,False,False,high,
OpenHandsExternal330,OpenHandsExternal330_T000107,5c1108d0bb9e36d17a2f2f4756a317ac9f5f055788a60472c22bfbe10070b130,S0004043,110,125,productive_iteration,True,True,False,False,False,medium,
OpenHandsExternal330,OpenHandsExternal330_T000108,c5adabadeaa4d9b2914dfd06263d529d2c2d22eac604f767166aa5e035b4fcaf,S0004044,62,101,productive_iteration,False,True,False,False,False,high,
OpenHandsExternal330,OpenHandsExternal330_T000109,53f6ab5659fac925288e06d59618cf9546f1112e69328baee05712b092f70c35,S0004045,76,119,productive_iteration,False,True,False,False,False,high,
OpenHandsExternal330,OpenHandsExternal330_T000110,eb802e7a3b5f37fa42de7d7da1c8ff033311f410614c4f0b12d1c6e32aacac60,S0004046,50,101,productive_iteration,False,True,False,False,False,high,
OpenHandsExternal330,OpenHandsExternal330_T000111,b0f9cfe2c95e5e123eebbf72137a1bc3eebb6186a4a8ef855c6da6da503c174a,S0004047,66,173,productive_iteration,False,True,False,False,False,high,
OpenHandsExternal330,OpenHandsExternal330_T000112,16c60f99ed8a6f37d59152816d289fc50e7a5b50c2c4cde75211a5512390b8f0,S0004048,46,97,productive_iteration,False,True,False,False,False,high,
OpenHandsExternal330,OpenHandsExternal330_T000113,e453b8d14a9a5637ded6255b2442834c81769c76491af2261d47b9f8f5a8317c,S0004049,60,104,productive_iteration,False,True,False,False,False,high,
OpenHandsExternal330,OpenHandsExternal330_T000114,fc88cc94b52e25ca95153ed5a97d2099fbe73d4ab517161fff4bca45675e8894,S0004050,80,112,productive_iteration,False,True,False,False,False,high,
OpenHandsExternal330,OpenHandsExternal330_T000115,caae0ec7e482905a0f9858f8f2366deab9e4ac8bae9c7c34611a36474acb5acd,S0004051,62,101,productive_iteration,False,True,False,False,False,high,
OpenHandsExternal330,OpenHandsExternal330_T000116,6a312b63528cbb67b1983b438b5abfa0f286cd55a8815681f8ee4767e58126cb,S0004052,34,86,productive_iteration,False,True,False,False,False,high,
OpenHandsExternal330,OpenHandsExternal330_T000117,b7b9d981aeec227ba664a7bcca5944fa8f37e08d3db1c584a5617203908991f1,S0004053,64,111,productive_iteration,False,True,False,False,False,high,
OpenHandsExternal330,OpenHandsExternal330_T000118,90b94fa7624df4cc7bdd42d2b17d93d4574d7db8b789786e26327c08a2bdb6a2,S0004054,52,140,productive_iteration,False,True,False,False,False,high,
OpenHandsExternal330,OpenHandsExternal330_T000119,86464f89e449fadd30a9e507b77bc0e3ae76c91de543592adcd99f7be15d60f2,S0004055,40,96,productive_iteration,False,True,False,False,False,high,
OpenHandsExternal330,OpenHandsExternal330_T000120,235aed3d347731450e21f85a8e03d5e38c996c28be6b3c8e77916cfdcc7bf03e,S0004056,28,199,productive_iteration,False,True,False,False,False,high,
OpenHandsExternal330,OpenHandsExternal330_T000120,235aed3d347731450e21f85a8e03d5e38c996c28be6b3c8e77916cfdcc7bf03e,S0004057,200,200,unresolved,False,False,False,False,True,low,
OpenHandsExternal330,OpenHandsExternal330_T000120,235aed3d347731450e21f85a8e03d5e38c996c28be6b3c8e77916cfdcc7bf03e,S0004058,92,111,productive_iteration,True,True,False,False,False,medium,
OpenHandsExternal330,OpenHandsExternal330_T000120,235aed3d347731450e21f85a8e03d5e38c996c28be6b3c8e77916cfdcc7bf03e,S0004059,128,147,productive_iteration,True,True,False,False,False,medium,
OpenHandsExternal330,OpenHandsExternal330_T000001,389807d451efe9f9980f942864e4d7e27bde4abf2872e2e848e77b16f06c84be,S0004060,56,195,productive_iteration,False,True,False,False,False,high,
OpenHandsExternal330,OpenHandsExternal330_T000002,19bcd6429303edcff4680a0a0c11cfd82ddf27b64a18bb9885d112e49fdf877a,S0004061,56,123,productive_iteration,False,True,False,False,False,high,
OpenHandsExternal330,OpenHandsExternal330_T000003,953eac379f6b79077eaa57a98a38269ef8ecfd8eeed2c9d26502d8ac65135a13,S0004062,52,127,productive_iteration,False,True,False,False,False,medium,
OpenHandsExternal330,OpenHandsExternal330_T000004,8990328cf1cdd531fb35c5babd23a64cc585a986c113589b32717b34f9bea0c2,S0004063,42,112,productive_iteration,False,True,False,False,False,high,
OpenHandsExternal330,OpenHandsExternal330_T000005,c5d902af4965b153b517778dec1bfe7ce698c741daab4d8167dbb2b81724dd48,S0004064,34,123,productive_iteration,False,True,False,False,False,medium,
OpenHandsExternal330,OpenHandsExternal330_T000006,a4ea095da02c1c872f177669d779d1226e5bb53ff8886bb09a0300515f368897,S0004065,48,199,productive_iteration,False,True,False,False,False,medium,
OpenHandsExternal330,OpenHandsExternal330_T000006,a4ea095da02c1c872f177669d779d1226e5bb53ff8886bb09a0300515f368897,S0004066,200,200,unresolved,False,False,False,False,True,low,
OpenHandsExternal330,OpenHandsExternal330_T000007,e3879e19430bb0fe35da30c9b569f042af7b0d9ea87fd75a120b44f3a6757f42,S0004067,64,133,productive_iteration,False,True,False,False,False,high,
OpenHandsExternal330,OpenHandsExternal330_T000008,1c210bdeae1897e3d4a1e89d0cb3236d64b4799d46f38f1d22089a6f211c44d7,S0004068,48,111,productive_iteration,False,True,False,False,False,high,
OpenHandsExternal330,OpenHandsExternal330_T000009,261a4bc7b7f54f404188776bec363be213a80a4385a919efbb9965fb2bbe613e,S0004069,70,141,productive_iteration,False,True,False,False,False,high,
OpenHandsExternal330,OpenHandsExternal330_T000010,7b1bce8e91e5f7a5c263446978427604d92510c5f601ceb6988ebc86f1b461c6,S0004070,70,154,productive_iteration,False,True,False,False,False,high,
OpenHandsExternal330,OpenHandsExternal330_T000011,18a79ac59cf06d1b2f5a6487c4c53ec2269019b333837adaa70a268ef7039108,S0004071,42,116,productive_iteration,False,True,False,False,False,high,
OpenHandsExternal330,OpenHandsExternal330_T000012,262589764d209d8ebaeed7d808d91301f3b0eca3f1684162306b95337bcf9fa9,S0004072,48,166,productive_iteration,False,True,False,False,False,medium,
OpenHandsExternal330,OpenHandsExternal330_T000013,9ec07ed3fd90c4e2df50943bc0de894c0aa8484fa756187478e3f5821aae289b,S0004073,60,140,productive_iteration,False,True,False,False,False,medium,
OpenHandsExternal330,OpenHandsExternal330_T000014,b778acdb11d549deae823df57d72e0d9ee9035ef11f6680fc10a968484c024e7,S0004074,16,199,productive_iteration,False,True,False,False,False,medium,
OpenHandsExternal330,OpenHandsExternal330_T000014,b778acdb11d549deae823df57d72e0d9ee9035ef11f6680fc10a968484c024e7,S0004075,200,200,unresolved,False,False,False,False,True,low,
OpenHandsExternal330,OpenHandsExternal330_T000015,5272248cfb66a3f7432b3076b11c199154cfe3418b12f49ecaf78f75819756e8,S0004076,84,180,productive_iteration,False,True,False,False,False,high,
OpenHandsExternal330,OpenHandsExternal330_T000016,6ec2259198f5d8656a8a33326954855e5d5984d968d98d5fbbcb285fa70ae2d1,S0004077,42,93,productive_iteration,False,True,False,False,False,high,
OpenHandsExternal330,OpenHandsExternal330_T000017,c08671443df87b41d3a2d42a6261bd3ea0e6de734694ea9ed997c131b1508812,S0004078,56,137,productive_iteration,False,True,False,False,False,high,
OpenHandsExternal330,OpenHandsExternal330_T000018,a393829d9bbde5ea9f0fef600c50c98c2f7facf72e1450ef5df7562356403a2a,S0004079,40,111,productive_iteration,False,True,False,False,False,high,
OpenHandsExternal330,OpenHandsExternal330_T000019,e55a0dd6c896971bbe49cdfc7911d6ef1ae2e0f3d97d4d066f4e243d06397d78,S0004080,38,77,productive_iteration,False,True,False,False,False,high,
OpenHandsExternal330,OpenHandsExternal330_T000020,0b59781184b2b82aec9e14a2a36b56235f15d47a667ed7f77d394f5b0bf60b0d,S0004081,34,107,productive_iteration,False,True,False,False,False,high,
OpenHandsExternal330,OpenHandsExternal330_T000021,557b8a8af2aa7651f449a0a7acb5d8daa3c4848a633bce61270c965f9dddecd3,S0004082,64,199,productive_iteration,False,True,False,False,False,medium,
OpenHandsExternal330,OpenHandsExternal330_T000021,557b8a8af2aa7651f449a0a7acb5d8daa3c4848a633bce61270c965f9dddecd3,S0004083,200,200,unresolved,False,False,False,False,True,low,
OpenHandsExternal330,OpenHandsExternal330_T000022,d460470c1ddee89e539631ecadf93892122eded39b5b7a85df5454ecf5baed0a,S0004084,42,111,productive_iteration,False,True,False,False,False,high,
OpenHandsExternal330,OpenHandsExternal330_T000023,1eaed882d3397d96bf705217ab2bf70c0e183975e34f622d4562d86964d3cc39,S0004085,36,89,productive_iteration,False,True,False,False,False,high,
OpenHandsExternal330,OpenHandsExternal330_T000024,86aa2b7a5e337d2c2ee2107573376af1a8facdd221802b35378538255abca75f,S0004086,44,139,productive_iteration,False,True,False,False,False,medium,
OpenHandsExternal330,OpenHandsExternal330_T000025,c46a7822d52a3fad1495c27d4b76ec22cd5de0efed7ed7ad7f93e9d2e215c455,S0004087,48,99,productive_iteration,False,True,False,False,False,high,
OpenHandsExternal330,OpenHandsExternal330_T000026,c2927b036ff7aeab4285a3cc09458cdc613a3b307a766dac10d28704f922a1ae,S0004088,46,199,productive_iteration,False,True,False,False,False,medium,
OpenHandsExternal330,OpenHandsExternal330_T000026,c2927b036ff7aeab4285a3cc09458cdc613a3b307a766dac10d28704f922a1ae,S0004089,130,145,productive_iteration,True,True,False,False,False,medium,
OpenHandsExternal330,OpenHandsExternal330_T000026,c2927b036ff7aeab4285a3cc09458cdc613a3b307a766dac10d28704f922a1ae,S0004090,170,188,productive_iteration,True,True,False,False,False,medium,
OpenHandsExternal330,OpenHandsExternal330_T000026,c2927b036ff7aeab4285a3cc09458cdc613a3b307a766dac10d28704f922a1ae,S0004091,200,200,unresolved,False,False,False,False,True,low,
OpenHandsExternal330,OpenHandsExternal330_T000027,8e23b832c266f500f64360898ad7fdabafd8782f62ee722d6ece76ca5d1e35e5,S0004092,50,123,productive_iteration,False,True,False,False,False,high,
OpenHandsExternal330,OpenHandsExternal330_T000028,ee2f2914081f2a953474bb7ef2c0713fdad5cb3ccd1b2c5d18bc716282143499,S0004093,32,85,productive_iteration,False,True,False,False,False,high,
OpenHandsExternal330,OpenHandsExternal330_T000029,97142c385a17ccbdb8c63a6788aa977377931a7b23b42eb324e227c15d0013f6,S0004094,44,89,productive_iteration,False,True,False,False,False,high,
OpenHandsExternal330,OpenHandsExternal330_T000030,7fd22c86a0f79785993deaf455d2b7e86cfa209f183004cc9a69d01d44e3ad0e,S0004095,82,185,productive_iteration,False,True,False,False,False,medium,
OpenHandsExternal330,OpenHandsExternal330_T000031,656be312b1195ffef2a24f70bb557b7ed1842dd7dee42c8fe2554cdc5775eb2f,S0004096,36,103,productive_iteration,False,True,False,False,False,high,
OpenHandsExternal330,OpenHandsExternal330_T000032,7916a33bc7ba29fde0bf4481cb15d05f52f6aff2fda7811615c0a9ffc517352b,S0004097,38,71,productive_iteration,False,True,False,False,False,high,
OpenHandsExternal330,OpenHandsExternal330_T000033,ddcd4c53ab375ca22670137e28a0bc6a42cb1a4c4255959e72be4b60aa2c285d,S0004098,40,109,productive_iteration,False,True,False,False,False,high,
OpenHandsExternal330,OpenHandsExternal330_T000034,34c48205de6fe4f861e8b7263375932e56668076b3aa1a8c0a710779ead99b7c,S0004099,42,83,productive_iteration,False,True,False,False,False,high,
OpenHandsExternal330,OpenHandsExternal330_T000035,a66c19074b6bfafbc51495f8a7048ed6cf544ac1d707df6b25cfc0abd372ce54,S0004100,34,75,productive_iteration,False,True,False,False,False,high,
OpenHandsExternal330,OpenHandsExternal330_T000036,c23518f750f535d026f8423b87dc995f5d107a6ced53a3a21dbbbcd8bd69ff99,S0004101,72,183,productive_iteration,False,True,False,False,False,high,
OpenHandsExternal330,OpenHandsExternal330_T000037,7cffc1d267cda67b3e9b50bbb59976b00ebfd138e09bcd007298ea49453a768e,S0004102,52,191,productive_iteration,False,True,False,False,False,high,
OpenHandsExternal330,OpenHandsExternal330_T000038,07b10a2bd79c77bd3ac8764e8c335799f90d58e29eff2d2552d52c178ce13e8b,S0004103,74,179,productive_iteration,False,True,False,False,False,medium,
OpenHandsExternal330,OpenHandsExternal330_T000039,1568d78f84ecf252ff9e0c320e9d58eb52c8222fd59d8ec557546d20cdd8c88c,S0004104,42,115,productive_iteration,False,True,False,False,False,high,
OpenHandsExternal330,OpenHandsExternal330_T000040,7a0654d0457384a19893e456f7842b1428aea76f309d896fb277cfac0e71203d,S0004105,56,101,productive_iteration,False,True,False,False,False,high,
OpenHandsExternal330,OpenHandsExternal330_T000041,c6d41f9907c51b120961e695cfdfa8006ba91dbab5ad59a06ebee73124613705,S0004106,44,93,productive_iteration,False,True,False,False,False,high,
OpenHandsExternal330,OpenHandsExternal330_T000042,22825361f9e081fbf6d2b274932db5880b43a6f0f0f5cad7c2da5ee3f3cb9ba8,S0004107,38,89,productive_iteration,False,True,False,False,False,high,
OpenHandsExternal330,OpenHandsExternal330_T000043,a9eacdd31c343728e5ed23ab061c991f0f2d04ff7aea0ed18f9f6ef69e8f50c2,S0004108,122,199,productive_iteration,False,True,False,False,False,medium,
OpenHandsExternal330,OpenHandsExternal330_T000043,a9eacdd31c343728e5ed23ab061c991f0f2d04ff7aea0ed18f9f6ef69e8f50c2,S0004109,200,200,unresolved,False,False,False,False,True,low,
OpenHandsExternal330,OpenHandsExternal330_T000044,eed01690546a808cf55d3fa8b675e48195a4afcc557340a80059b7f39c65c5a7,S0004110,48,87,productive_iteration,False,True,False,False,False,high,
OpenHandsExternal330,OpenHandsExternal330_T000045,c40a1e5c396355b5f94d598b00d95a2b20fdf12e3d00606030782ade9d61cc8a,S0004111,104,199,productive_iteration,False,True,False,False,False,medium,
OpenHandsExternal330,OpenHandsExternal330_T000045,c40a1e5c396355b5f94d598b00d95a2b20fdf12e3d00606030782ade9d61cc8a,S0004112,200,200,unresolved,False,False,False,False,True,low,
OpenHandsExternal330,OpenHandsExternal330_T000046,80ce52d728906db2358a21f289b44e12bafcbe4d9b712d2210f6b47da456352a,S0004113,52,113,productive_iteration,False,True,False,False,False,high,
OpenHandsExternal330,OpenHandsExternal330_T000047,70219c5b8b0f6db5007534511787744d6f90a40a82d94b32cc68a1514576db0d,S0004114,76,153,productive_iteration,False,True,False,False,False,medium,
OpenHandsExternal330,OpenHandsExternal330_T000048,b6a8ddec8492f15dc8333b6c1e60fc53832d7c9d3533a65055529bc410136022,S0004115,70,151,productive_iteration,False,True,False,False,False,medium,
OpenHandsExternal330,OpenHandsExternal330_T000049,8f973cfa79ffb51f2865b28487f953a807d18d680f6772fd947f6429191e8270,S0004116,72,171,productive_iteration,False,True,False,False,False,medium,
OpenHandsExternal330,OpenHandsExternal330_T000050,439f326d9209a25eb7a4b5ba4c0e286a13be416a04be27c92f5ada244f48a3af,S0004117,62,127,productive_iteration,False,True,False,False,False,high,
OpenHandsExternal330,OpenHandsExternal330_T000051,6f140f88aba5d4c7c2b37ae405fe83fad1a8f8d61f97dee57a97c38b4492bd35,S0004118,50,115,productive_iteration,False,True,False,False,False,high,
OpenHandsExternal330,OpenHandsExternal330_T000052,967593d200e3f0dbacacd00fbabc16436e0dc4e47492d854618e78bfa1405046,S0004119,96,195,productive_iteration,False,True,False,False,False,medium,
OpenHandsExternal330,OpenHandsExternal330_T000053,68953cdbfa0e0daffc57ba86cc200d0857c0f3fa9f84c1293c751938e934e7ce,S0004120,122,199,productive_iteration,False,True,False,False,False,medium,
OpenHandsExternal330,OpenHandsExternal330_T000053,68953cdbfa0e0daffc57ba86cc200d0857c0f3fa9f84c1293c751938e934e7ce,S0004121,200,200,unresolved,False,False,False,False,True,low,
OpenHandsExternal330,OpenHandsExternal330_T000054,c2ec0613029361be12292c57efbfe76d1b61f8016c19e1ee0c2e7d154b7e5e7e,S0004122,44,103,productive_iteration,False,True,False,False,False,high,
OpenHandsExternal330,OpenHandsExternal330_T000055,600cc28179e526c53a929d79d2689f7dd153951f48d8ca0cd769930689eb7f3f,S0004123,40,81,productive_iteration,False,True,False,False,False,high,
OpenHandsExternal330,OpenHandsExternal330_T000056,e4bbc1e28c6066c4ce652237aa0e44858b7dc8e0b9af3399f9b4b1d98b3ed04e,S0004124,44,79,productive_iteration,False,True,False,False,False,high,
OpenHandsExternal330,OpenHandsExternal330_T000057,0ac4d21e90492b19e1b5550609d8b3a6577562fc3d39cbe4805c9c2c43471107,S0004125,74,86,unproductive_cycle,False,False,True,False,False,high,
OpenHandsExternal330,OpenHandsExternal330_T000058,f96ddfbefbc9bf1c5ea1e0f74ff1e90f1a99306a1387a87f76f6e11f94de4805,S0004126,50,95,productive_iteration,False,True,False,False,False,high,
OpenHandsExternal330,OpenHandsExternal330_T000059,cddbc2e25031256e047334ff11c082da2cec2b2ce21306d0269c1c5f4a6b7b11,S0004127,46,97,productive_iteration,False,True,False,False,False,high,
OpenHandsExternal330,OpenHandsExternal330_T000060,50839fe98b09213aee1837c541cb7fb3774ad9be6faf5c575db15f765a8677a0,S0004128,46,85,productive_iteration,False,True,False,False,False,high,
OpenHandsExternal330,OpenHandsExternal330_T000061,8d5fa15209ff8e5e0a06e6a847c54c89101edd3ed5a27159483bd13548116f64,S0004129,50,145,productive_iteration,False,True,False,False,False,medium,
OpenHandsExternal330,OpenHandsExternal330_T000062,3ccc26dae11aa12d26a9f5a3515f4da95aba7f46fcb456b3a121b909ed616b0d,S0004130,40,125,productive_iteration,False,True,False,False,False,medium,
OpenHandsExternal330,OpenHandsExternal330_T000063,c383d2f4f75920a556323f7180499b7359a4ca64db1510089e0f4c58c4d0dc52,S0004131,38,167,productive_iteration,False,True,False,False,False,medium,
OpenHandsExternal330,OpenHandsExternal330_T000064,d0c21f1ee0cd2c093e009e18f3e1fb987fb123a38276325207b9d172722f6af1,S0004132,58,191,productive_iteration,False,True,False,False,False,medium,
OpenHandsExternal330,OpenHandsExternal330_T000065,0199f6a297143108814b5a769b22c8e2ff5244c5a4015d732d4405fd8fe76b7d,S0004133,54,147,productive_iteration,False,True,False,False,False,medium,
OpenHandsExternal330,OpenHandsExternal330_T000066,b4a1bc584acc7ee37fcb57faca6a3de1ce54ba933b10c99c3ee8cf0be8f93b11,S0004134,92,159,productive_iteration,False,True,False,False,False,high,
OpenHandsExternal330,OpenHandsExternal330_T000067,b821a24f60967ea736ecd74f9de170f367bf1e9a16deca1ab001d5ed23782060,S0004135,72,169,productive_iteration,False,True,False,False,False,medium,
OpenHandsExternal330,OpenHandsExternal330_T000068,e77901f5f05345110575f6ef361fed2da99fb0314c1cabe9ef41c8f851410d50,S0004136,80,137,productive_iteration,False,True,False,False,False,high,
OpenHandsExternal330,OpenHandsExternal330_T000069,70ec3b600eafc6bddd06f18ebe914dab1e6c89dc1c7d1867e61e6756f7b3a0c9,S0004137,34,71,productive_iteration,False,True,False,False,False,high,
OpenHandsExternal330,OpenHandsExternal330_T000070,619bcec8c9bd7ad1675724db18db5d01dc4c30f4ce91d6108ff7a8f0f51fce81,S0004138,58,149,productive_iteration,False,True,False,False,False,medium,
OpenHandsExternal330,OpenHandsExternal330_T000071,673384e6b10c36b579cb7a8cc74a82269ad698bda5a50096838e72ec37ec6b74,S0004139,50,99,productive_iteration,False,True,False,False,False,medium,
OpenHandsExternal330,OpenHandsExternal330_T000072,97e1d1f16222fe9a4ed5147762b84b226f5032eee84f1f8a88fe4f498443f98c,S0004140,40,80,productive_iteration,False,True,False,False,False,medium,
OpenHandsExternal330,OpenHandsExternal330_T000073,d3ea46fd528f8abaec29003c45affff0b45a447904eef9e18223d3dafcb22f74,S0004141,12,199,productive_iteration,False,True,False,False,False,medium,
OpenHandsExternal330,OpenHandsExternal330_T000073,d3ea46fd528f8abaec29003c45affff0b45a447904eef9e18223d3dafcb22f74,S0004142,200,200,unresolved,False,False,False,False,True,medium,
OpenHandsExternal330,OpenHandsExternal330_T000073,d3ea46fd528f8abaec29003c45affff0b45a447904eef9e18223d3dafcb22f74,S0004143,128,145,productive_iteration,True,True,False,False,False,medium,
OpenHandsExternal330,OpenHandsExternal330_T000073,d3ea46fd528f8abaec29003c45affff0b45a447904eef9e18223d3dafcb22f74,S0004144,166,185,productive_iteration,True,True,False,False,False,medium,
OpenHandsExternal330,OpenHandsExternal330_T000074,1f38d9a47937c30300fd1117d0e287219ec0969b429b48115cba6f7aa06813af,S0004145,70,97,productive_iteration,False,True,False,False,False,high,
OpenHandsExternal330,OpenHandsExternal330_T000075,6aaa6f4c579c57fc3a46a331a3a3ad106e023eb63617aa2adcf8ade183848711,S0004146,48,117,productive_iteration,False,True,False,False,False,medium,
OpenHandsExternal330,OpenHandsExternal330_T000076,029eccdc633c83c8dc462170a1f63e1dd84ea62a47a34161c0e9571a5af2c5de,S0004147,54,199,productive_iteration,False,True,False,False,False,medium,
OpenHandsExternal330,OpenHandsExternal330_T000076,029eccdc633c83c8dc462170a1f63e1dd84ea62a47a34161c0e9571a5af2c5de,S0004148,200,200,unresolved,False,False,False,False,True,medium,
OpenHandsExternal330,OpenHandsExternal330_T000077,c4999b494298c5385af4bea96d403bf68e8860e038fbbd30a153595e0569d0bb,S0004149,58,130,productive_iteration,False,True,False,False,False,medium,
OpenHandsExternal330,OpenHandsExternal330_T000078,13a652ed9217042b06c6aa071a6680022282217abf9a638446fea444ea5d7e99,S0004150,42,103,productive_iteration,False,True,False,False,False,high,
OpenHandsExternal330,OpenHandsExternal330_T000079,2818b53c87149f1fd93915996ee313c979bcfa84ce98e7516f2702f6c9d6874c,S0004151,44,100,productive_iteration,False,True,False,False,False,medium,
OpenHandsExternal330,OpenHandsExternal330_T000080,a691a704a3786583cc4a9ecab7c6849634fb3e2328bf7b2d7fc10aafa9246f00,S0004152,54,117,productive_iteration,False,True,False,False,False,high,
OpenHandsExternal330,OpenHandsExternal330_T000081,be4984edd9927d886e0240e8ab6ed5bbdf9ad22b1160df66253277d271c16117,S0004153,46,135,productive_iteration,False,True,False,False,False,medium,
OpenHandsExternal330,OpenHandsExternal330_T000082,a1a7b26b0c15f6d514bf66a4d2982897500b16bb945b03e7949b528be68d385a,S0004154,54,107,productive_iteration,False,True,False,False,False,high,
OpenHandsExternal330,OpenHandsExternal330_T000083,6271cb0bd4f27a861f7930cc66d2f97d97c763e77cd8f517fd7911fd3c749845,S0004155,50,153,productive_iteration,False,True,False,False,False,medium,
OpenHandsExternal330,OpenHandsExternal330_T000084,e6f7010525143fea76c86fa4809a3a940f84f76197d5fd7d6db30415d9f4d9c6,S0004156,48,157,productive_iteration,False,True,False,False,False,medium,
OpenHandsExternal330,OpenHandsExternal330_T000085,41d5203fe65b92d382c5ac48c9ad1b245ae5390e3d4a9eb5187c521a76a81736,S0004157,68,153,productive_iteration,False,True,False,False,False,medium,
OpenHandsExternal330,OpenHandsExternal330_T000086,e230f143a733f4ca0ee8f04e6ed744e0c8a32718a2e2268dd104baf21b6f7ac4,S0004158,0,173,productive_iteration,False,True,False,False,False,medium,
OpenHandsExternal330,OpenHandsExternal330_T000086,e230f143a733f4ca0ee8f04e6ed744e0c8a32718a2e2268dd104baf21b6f7ac4,S0004159,70,79,productive_iteration,True,True,False,False,False,medium,
OpenHandsExternal330,OpenHandsExternal330_T000086,e230f143a733f4ca0ee8f04e6ed744e0c8a32718a2e2268dd104baf21b6f7ac4,S0004160,92,119,productive_iteration,True,True,False,False,False,medium,
OpenHandsExternal330,OpenHandsExternal330_T000086,e230f143a733f4ca0ee8f04e6ed744e0c8a32718a2e2268dd104baf21b6f7ac4,S0004161,156,168,productive_iteration,True,True,False,False,False,medium,
OpenHandsExternal330,OpenHandsExternal330_T000086,e230f143a733f4ca0ee8f04e6ed744e0c8a32718a2e2268dd104baf21b6f7ac4,S0004162,174,200,unresolved,False,False,False,False,True,medium,
OpenHandsExternal330,OpenHandsExternal330_T000087,7a392378278c6b772e2dc203c8c2dba0cb5bfc834ba879a5d327a16188a564ff,S0004163,56,165,productive_iteration,False,True,False,False,False,medium,
OpenHandsExternal330,OpenHandsExternal330_T000088,3ab30876383dcf741c6106efdd2b4ae1ef8c756397cc2e1ad55ff3aee9f52b6f,S0004164,0,177,productive_iteration,False,True,False,False,False,medium,
OpenHandsExternal330,OpenHandsExternal330_T000089,aefab75bef234fd1bbfe428abab0c07a1598b30ecd473788e62ba68500f12dca,S0004165,48,145,productive_iteration,False,True,False,False,False,medium,
OpenHandsExternal330,OpenHandsExternal330_T000090,ccd67103f9185342b4dd8199f419149347b237c84bd08c5af98cf0653efebf1c,S0004166,52,103,productive_iteration,False,True,False,False,False,high,
OpenHandsExternal330,OpenHandsExternal330_T000091,cefb67b6254ae42d8d4c0e718069613eeb7d86846a5377f6f2518f9c1282bacf,S0004167,68,111,productive_iteration,False,True,False,False,False,high,
OpenHandsExternal330,OpenHandsExternal330_T000092,208260e6cdd84f1a446fa47daa2ab220a7b3d8a30ba6c5473c2c61c44bcd1490,S0004168,80,179,productive_iteration,False,True,False,False,False,medium,
OpenHandsExternal330,OpenHandsExternal330_T000093,c37bd2c6edfd05a69d2211f20b88bea6878e667b2e8e2d5a5dfecdf1c7a96f71,S0004169,44,86,productive_iteration,False,True,False,False,False,high,
OpenHandsExternal330,OpenHandsExternal330_T000094,f42c327854048aaec838b2bbca7526bf2636cc24cd4351145a289efe878140d2,S0004170,38,107,productive_iteration,False,True,False,False,False,medium,
OpenHandsExternal330,OpenHandsExternal330_T000095,e45ac85b18fd93319fa6d37554e164b22eeee3c4e20407400e45c757f7c91e5c,S0004171,65,199,productive_iteration,False,True,False,False,False,medium,
OpenHandsExternal330,OpenHandsExternal330_T000095,e45ac85b18fd93319fa6d37554e164b22eeee3c4e20407400e45c757f7c91e5c,S0004172,200,200,unresolved,False,False,False,False,True,medium,
OpenHandsExternal330,OpenHandsExternal330_T000096,9ff240dfaa8ca78bc33f89e2765da08f4a07958f0b811605d17b9f73dc257255,S0004173,44,117,productive_iteration,False,True,False,False,False,high,
OpenHandsExternal330,OpenHandsExternal330_T000097,4cb9aef7eba30ff796b01bad62d42446476627c85abc3e795f683d01a190636f,S0004174,44,89,productive_iteration,False,True,False,False,False,medium,
OpenHandsExternal330,OpenHandsExternal330_T000098,8d27a73ce42e821dcbd7668c1bf5e66caaaa5f2cd8fa44456c944d12474705fd,S0004175,30,67,productive_iteration,False,True,False,False,False,high,
OpenHandsExternal330,OpenHandsExternal330_T000099,44454d4ed3416b115bca837bb33056951db017f2eb154adb3aa59237360b70d9,S0004176,58,129,productive_iteration,False,True,False,False,False,medium,
OpenHandsExternal330,OpenHandsExternal330_T000100,8648e5bd449e4d5d8b687c2ab4dc263a4fcba617f3d46b2e1bd1ca418897fb69,S0004177,46,147,productive_iteration,False,True,False,False,False,medium,
OpenHandsExternal330,OpenHandsExternal330_T000121,421773da16dd61c40f653df659b80ff120123707b91ed893fb4207ff8057095e,S0004178,46,143,productive_iteration,False,True,False,False,False,medium,
OpenHandsExternal330,OpenHandsExternal330_T000122,e61fbd2cbd685939cd2fa66fedb09eeb554dbd59fca6f1633fd2a59e896fbaea,S0004179,62,107,productive_iteration,False,True,False,False,False,high,
OpenHandsExternal330,OpenHandsExternal330_T000123,9c710a0687bb7375288453b5ffa814c8de34e4ad8d4b1bca0a726421f311e84b,S0004180,20,199,productive_iteration,False,True,False,False,False,medium,
OpenHandsExternal330,OpenHandsExternal330_T000123,9c710a0687bb7375288453b5ffa814c8de34e4ad8d4b1bca0a726421f311e84b,S0004181,200,200,unresolved,False,False,False,False,True,medium,
OpenHandsExternal330,OpenHandsExternal330_T000124,8bbb67288c02d4b149c5bd513afbcff2b308dc9e33d504f29fcd3f2b8a6f5dc5,S0004182,70,137,productive_iteration,False,True,False,False,False,medium,
OpenHandsExternal330,OpenHandsExternal330_T000125,508a01c279c2555f1dfa16410a2e8a6a33fdd5af9c087a092a5232e4597a730b,S0004183,74,131,productive_iteration,False,True,False,False,False,high,
OpenHandsExternal330,OpenHandsExternal330_T000126,5f2a06ea78fbd6ed5d18e5062c64a112fe35991dd3db20a98612cdc6256b4d5e,S0004184,70,199,productive_iteration,False,True,False,False,False,medium,
OpenHandsExternal330,OpenHandsExternal330_T000126,5f2a06ea78fbd6ed5d18e5062c64a112fe35991dd3db20a98612cdc6256b4d5e,S0004185,200,200,unresolved,False,False,False,False,True,medium,
OpenHandsExternal330,OpenHandsExternal330_T000126,5f2a06ea78fbd6ed5d18e5062c64a112fe35991dd3db20a98612cdc6256b4d5e,S0004186,120,125,productive_iteration,True,True,False,False,False,medium,
OpenHandsExternal330,OpenHandsExternal330_T000126,5f2a06ea78fbd6ed5d18e5062c64a112fe35991dd3db20a98612cdc6256b4d5e,S0004187,146,162,productive_iteration,True,True,False,False,False,medium,
OpenHandsExternal330,OpenHandsExternal330_T000126,5f2a06ea78fbd6ed5d18e5062c64a112fe35991dd3db20a98612cdc6256b4d5e,S0004188,178,195,productive_iteration,True,True,False,False,False,medium,
OpenHandsExternal330,OpenHandsExternal330_T000127,ddf62731112139383bba00a84c2b36cabe47ebc918269e5ba99a282b40877a22,S0004189,134,199,productive_iteration,False,True,False,False,False,medium,
OpenHandsExternal330,OpenHandsExternal330_T000127,ddf62731112139383bba00a84c2b36cabe47ebc918269e5ba99a282b40877a22,S0004190,200,200,unresolved,False,False,False,False,True,medium,
OpenHandsExternal330,OpenHandsExternal330_T000128,9bcb78762824d144fc1f8f8ebd1f5617750a7be10c2f7d621ebdcb0a9f8b93cc,S0004191,68,199,productive_iteration,False,True,False,False,False,medium,
OpenHandsExternal330,OpenHandsExternal330_T000128,9bcb78762824d144fc1f8f8ebd1f5617750a7be10c2f7d621ebdcb0a9f8b93cc,S0004192,200,200,unresolved,False,False,False,False,True,medium,
OpenHandsExternal330,OpenHandsExternal330_T000128,9bcb78762824d144fc1f8f8ebd1f5617750a7be10c2f7d621ebdcb0a9f8b93cc,S0004193,188,199,productive_iteration,True,True,False,False,False,medium,
OpenHandsExternal330,OpenHandsExternal330_T000129,3d422a6ba01ad75337ad7ac878d586c4ac325c213f92e009afa4f6b46df42135,S0004194,76,199,productive_iteration,False,True,False,False,False,medium,
OpenHandsExternal330,OpenHandsExternal330_T000130,883c851d24c7279783fc2a1ea190e98a6556be5cc82735d27db7690c3962e23c,S0004195,42,91,productive_iteration,False,True,False,False,False,high,
OpenHandsExternal330,OpenHandsExternal330_T000131,153f88d1d8f32e585c8c444c244e0ce9ffb949853f3efeed53a004fcc62310f1,S0004196,52,111,productive_iteration,False,True,False,False,False,high,
OpenHandsExternal330,OpenHandsExternal330_T000132,435baf91255590b93318fa35fc371cd86f8c7ffbe57a27f7a8b1954b74b33fe5,S0004197,42,185,productive_iteration,False,True,False,False,False,medium,
OpenHandsExternal330,OpenHandsExternal330_T000133,ff9ef520c5451c9f3d7a4d6a09d71e5926fee77637d77516512b26b9ee69e406,S0004198,70,133,productive_iteration,False,True,False,False,False,high,
OpenHandsExternal330,OpenHandsExternal330_T000134,2ada317bad27bde1c77e4ba0b6d6293328ba55d80d979b8c58a6f7d2a592a397,S0004199,70,123,productive_iteration,False,True,False,False,False,medium,
OpenHandsExternal330,OpenHandsExternal330_T000135,d19d85b23a2a04329df37f621e444b5f983853a9f5f532493b04d9d33f647bd7,S0004200,80,139,productive_iteration,False,True,False,False,False,medium,
OpenHandsExternal330,OpenHandsExternal330_T000136,6bc4162fa5588d620499a05d95668177be05cfe71dddb49b7f2318c1fd5d85f1,S0004201,72,134,productive_iteration,False,True,False,False,False,high,
OpenHandsExternal330,OpenHandsExternal330_T000137,e8727577a62f51a76d7a7be389b555a911b6e9a8abcfc01241cf52ba45ad0f53,S0004202,56,117,productive_iteration,False,True,False,False,False,medium,
OpenHandsExternal330,OpenHandsExternal330_T000138,b6dc250b35ca7dd33601fc6cb4a16b7d045b7dc4a77112f0b485d62ada763c3b,S0004203,58,121,productive_iteration,False,True,False,False,False,high,
OpenHandsExternal330,OpenHandsExternal330_T000139,964b5aede3d1b13523f8d01df7237e8a9403493d6f5e58172ddc0fb2af1bd715,S0004204,58,150,productive_iteration,False,True,False,False,False,medium,
OpenHandsExternal330,OpenHandsExternal330_T000140,9d69d2e1007039a16e4d4e22e0259d330a901d86939ca4585a13a3246a250b93,S0004205,30,85,productive_iteration,False,True,False,False,False,medium,
OpenHandsExternal330,OpenHandsExternal330_T000141,3dde51fa47ae7848f48f893e73df38c543476684c388eeab005d4ae439dd1e79,S0004206,60,199,productive_iteration,False,True,False,False,False,medium,
OpenHandsExternal330,OpenHandsExternal330_T000141,3dde51fa47ae7848f48f893e73df38c543476684c388eeab005d4ae439dd1e79,S0004207,200,200,unresolved,False,False,False,False,True,medium,
OpenHandsExternal330,OpenHandsExternal330_T000142,f70690095ac88604df245d6855d811b8e4b2d3c795e7c3cf0ec3b8bd6c2b8834,S0004208,98,165,productive_iteration,False,True,False,False,False,medium,
OpenHandsExternal330,OpenHandsExternal330_T000143,62d38fb1ca473e1c18a320b523c14d6f3990c3ebc3ab28b74b9faa34f0735640,S0004209,66,120,productive_iteration,False,True,False,False,False,high,
OpenHandsExternal330,OpenHandsExternal330_T000144,4e21a28f8c9c0ddc1514bd36ee26e028f8dbd80163a5dc6bbb88dd0937a4ecfe,S0004210,80,161,productive_iteration,False,True,False,False,False,medium,
OpenHandsExternal330,OpenHandsExternal330_T000145,c9e82b348ac45abccf3d3e448f8916ba34f5c1d6683c86dde1fdfbb9cb7292af,S0004211,40,188,productive_iteration,False,True,False,False,False,medium,
OpenHandsExternal330,OpenHandsExternal330_T000145,c9e82b348ac45abccf3d3e448f8916ba34f5c1d6683c86dde1fdfbb9cb7292af,S0004212,193,199,unresolved,False,False,False,False,True,medium,
OpenHandsExternal330,OpenHandsExternal330_T000146,c2b7ac43c2e2a45489cb2a64738ac825e76b199eb9a57c0e5bae874b39723418,S0004213,32,123,productive_iteration,False,True,False,False,False,high,
OpenHandsExternal330,OpenHandsExternal330_T000147,854b612cfbcc0a4d28bb7cfcc208f1914097c5cfbf2ed92708f2034f224ee67f,S0004214,64,199,productive_iteration,False,True,False,False,False,medium,
OpenHandsExternal330,OpenHandsExternal330_T000147,854b612cfbcc0a4d28bb7cfcc208f1914097c5cfbf2ed92708f2034f224ee67f,S0004215,200,200,unresolved,False,False,False,False,True,medium,
OpenHandsExternal330,OpenHandsExternal330_T000147,854b612cfbcc0a4d28bb7cfcc208f1914097c5cfbf2ed92708f2034f224ee67f,S0004216,188,200,productive_iteration,True,True,False,False,False,medium,
OpenHandsExternal330,OpenHandsExternal330_T000148,482a921df0ade858f9cd68e9d91887d7eaac2ac7a75ac25ef7ddcb57277e582e,S0004217,56,131,productive_iteration,False,True,False,False,False,high,
OpenHandsExternal330,OpenHandsExternal330_T000149,5393a2e73bd830092b549b1628def7e83377f5e448f92dfd961d120274d74efc,S0004218,52,153,productive_iteration,False,True,False,False,False,high,
OpenHandsExternal330,OpenHandsExternal330_T000150,430981aca880552b02b731362757b61e5e65fe13088f96cfc1713facc7aa1170,S0004219,68,199,productive_iteration,False,True,False,False,False,medium,
OpenHandsExternal330,OpenHandsExternal330_T000150,430981aca880552b02b731362757b61e5e65fe13088f96cfc1713facc7aa1170,S0004220,200,200,unresolved,False,False,False,False,True,medium,
OpenHandsExternal330,OpenHandsExternal330_T000151,2e3173fbcedfd4c8f64f9b5db3039346997235c9e608c5f7829e419c4baf4165,S0004221,68,157,productive_iteration,False,True,False,False,False,high,
OpenHandsExternal330,OpenHandsExternal330_T000152,a58864edbe6b847f0618850888a1e51306a6bb8b18872f29fa7b771d653b7cd3,S0004222,62,123,productive_iteration,False,True,False,False,False,high,
OpenHandsExternal330,OpenHandsExternal330_T000153,444aad9254efd2b41657cf5f925155ec50e82a19b4e59a3533e14e21c92b78bc,S0004223,52,139,productive_iteration,False,True,False,False,False,medium,
OpenHandsExternal330,OpenHandsExternal330_T000154,7cb69811be598728be4ce1d9ef5734be64f6969ec621ad22e1436902fe6614e5,S0004224,50,145,productive_iteration,False,True,False,False,False,high,
OpenHandsExternal330,OpenHandsExternal330_T000155,5ae6f654e9ff7146c1cdae8c985ae5d4143ed59c5be37e7f471d00d5e7df98f1,S0004225,50,145,productive_iteration,False,True,False,False,False,high,
OpenHandsExternal330,OpenHandsExternal330_T000156,03dec0d32bfd42375daf6e4dbc81a7ff9a9c521c7b3f385be36ae15b125b3f9d,S0004226,42,107,productive_iteration,False,True,False,False,False,high,
OpenHandsExternal330,OpenHandsExternal330_T000157,f10587304ac7f50ffa367da046910a7f9da658d98e7d89c8f657cbf8ee3a0fe9,S0004227,64,159,productive_iteration,False,True,False,False,False,medium,
OpenHandsExternal330,OpenHandsExternal330_T000158,41f0abbd12dd1c5ad7e05d3f2cf8dcee950139232218c8ca5277530082234286,S0004228,80,155,productive_iteration,False,True,False,False,False,high,
OpenHandsExternal330,OpenHandsExternal330_T000159,525678d5b17e85fd069d022602b8270a4512fb6711366a6ec8a059eb465e7958,S0004229,80,199,productive_iteration,False,True,False,False,False,medium,
OpenHandsExternal330,OpenHandsExternal330_T000160,3f947c223b3e112ceddb3f6bb264f056ad2e58c018583a9c15ca75519644ae7b,S0004230,78,151,productive_iteration,False,True,False,False,False,high,
OpenHandsExternal330,OpenHandsExternal330_T000161,9552f8fffcca32b52d8b07bc3e917d47ee8672803036fbdad45702c95a561ca6,S0004231,30,111,productive_iteration,False,True,False,False,False,high,
OpenHandsExternal330,OpenHandsExternal330_T000162,c142a79463540391f10cea7349e10ff188c4f322ae577023d5bcf7115b69d614,S0004232,70,149,productive_iteration,False,True,False,False,False,high,
OpenHandsExternal330,OpenHandsExternal330_T000163,159b0e10f02484904e41e44cfd27f8e077a28056f0888192d177f82efea8d62f,S0004233,64,173,productive_iteration,False,True,False,False,False,medium,
OpenHandsExternal330,OpenHandsExternal330_T000164,0f2d66ba1f6b6206d5d6d2579154bdec2d184a5f9a6a81d3c72546f0d4e36eef,S0004234,58,125,productive_iteration,False,True,False,False,False,high,
OpenHandsExternal330,OpenHandsExternal330_T000165,b0c31fa6023f3772ef69ff22e70c77d987ce9b9428007366531294046fa2d95d,S0004235,66,183,productive_iteration,False,True,False,False,False,medium,
OpenHandsExternal330,OpenHandsExternal330_T000166,201469a4307c0babb71a084861a4e49895de2c32723da95b3c5a8a2c21864ccc,S0004236,68,141,productive_iteration,False,True,False,False,False,high,
OpenHandsExternal330,OpenHandsExternal330_T000167,33963d4f8de38ff4bd88b6294f381d7b8864f00022b1a966f06fa6340e478df4,S0004237,84,195,productive_iteration,False,True,False,False,False,medium,
OpenHandsExternal330,OpenHandsExternal330_T000167,33963d4f8de38ff4bd88b6294f381d7b8864f00022b1a966f06fa6340e478df4,S0004238,200,200,unresolved,False,False,False,False,True,medium,
OpenHandsExternal330,OpenHandsExternal330_T000168,bbce46f8c24572ddfca7ff831ac2e33e7445aba134d11331d01ef26fa0da0011,S0004239,40,135,productive_iteration,False,True,False,False,False,medium,
OpenHandsExternal330,OpenHandsExternal330_T000169,3e7bbfab8c260cf12a1fc1f061507f33efae213ac982867b6ee7d685fcd31de4,S0004240,48,137,productive_iteration,False,True,False,False,False,medium,
OpenHandsExternal330,OpenHandsExternal330_T000170,3f5d994c150136d218a608ddcfb67fa812ceba117f86e61fd53d5aef5aa0a827,S0004241,60,173,productive_iteration,False,True,False,False,False,medium,
OpenHandsExternal330,OpenHandsExternal330_T000171,449c20d00482bdb14a78913d042da23be76047b09089167836ffa6a6aac37951,S0004242,54,135,productive_iteration,False,True,False,False,False,high,
OpenHandsExternal330,OpenHandsExternal330_T000172,513e3617320b6487b3533b1e1603b7a6ad221e4557e15d97fde4269598d4bf68,S0004243,76,179,productive_iteration,False,True,False,False,False,medium,
OpenHandsExternal330,OpenHandsExternal330_T000173,cc57b36b97b8406614c049b01184af97b97a7bbb173fd99bd9febddc7e3f83d3,S0004244,44,120,productive_iteration,False,True,False,False,False,medium,
OpenHandsExternal330,OpenHandsExternal330_T000174,17b6dc237449e55d001b834bad644136636892a8d8a5206551d8b5dbda995777,S0004245,54,115,productive_iteration,False,True,False,False,False,high,
OpenHandsExternal330,OpenHandsExternal330_T000175,f76eb1c49adf7514ae151c4f8f493f37566193f167c3d9c918be649bd2cb35bd,S0004246,60,199,productive_iteration,False,True,False,False,False,medium,
OpenHandsExternal330,OpenHandsExternal330_T000175,f76eb1c49adf7514ae151c4f8f493f37566193f167c3d9c918be649bd2cb35bd,S0004247,200,200,unresolved,False,False,False,False,True,medium,
OpenHandsExternal330,OpenHandsExternal330_T000176,cf484b4ac17644527fa6b7fdea67d93e4c7385b2cbf935d4f199598705db6ce6,S0004248,60,199,productive_iteration,False,True,False,False,False,medium,
OpenHandsExternal330,OpenHandsExternal330_T000176,cf484b4ac17644527fa6b7fdea67d93e4c7385b2cbf935d4f199598705db6ce6,S0004249,200,200,unresolved,False,False,False,False,True,medium,
OpenHandsExternal330,OpenHandsExternal330_T000177,82bc0bf7960aa339dd8ed51d070ebbf5fac3829f00e6d1fe1e517c7f65d83f13,S0004250,54,103,productive_iteration,False,True,False,False,False,high,
OpenHandsExternal330,OpenHandsExternal330_T000178,2685977977b9e5d03424e5c9234bece73940424e55e77cfb77bf84b42c0a714d,S0004251,58,141,productive_iteration,False,True,False,False,False,high,
OpenHandsExternal330,OpenHandsExternal330_T000179,0072568226daece8deeb3fa97c44ec815aa96a3e97bfd0b6566390250332cc68,S0004252,44,143,productive_iteration,False,True,False,False,False,high,
OpenHandsExternal330,OpenHandsExternal330_T000180,b683dcf1a419bf43a648cad7eee55003daca7c0b0143d162f95237c107016ce0,S0004253,56,139,productive_iteration,False,True,False,False,False,medium,
OpenHandsExternal330,OpenHandsExternal330_T000181,a1ce7ab01cd71f9414e7b0ff963653833d181ab2cb76f55a4c4ad3318f46dda2,S0004254,38,87,productive_iteration,False,True,False,False,False,high,
OpenHandsExternal330,OpenHandsExternal330_T000182,ff6cb2798ea8e0aa03602310e49b620ec9bd1eb3a66b845965cb8d386cc51cda,S0004255,62,151,productive_iteration,False,True,False,False,False,medium,
OpenHandsExternal330,OpenHandsExternal330_T000183,e4c11dd7e1ab16b5cae1eceabf6193b69591847e010bb33036bb5259afb1c2a2,S0004256,60,123,productive_iteration,False,True,False,False,False,medium,
OpenHandsExternal330,OpenHandsExternal330_T000184,046e8c91bb9fd8f4e6e76b53dd1d5bef2b6865194bdc4a78f04825f945ffca6a,S0004257,50,91,productive_iteration,False,True,False,False,False,high,
OpenHandsExternal330,OpenHandsExternal330_T000185,f1c241ad697808b83a673d6f33b23a1518cff7950f9d392c4648ed9a3ab897b3,S0004258,46,119,productive_iteration,False,True,False,False,False,high,
OpenHandsExternal330,OpenHandsExternal330_T000186,b9305e36b05631d7b738948be158dd9bf7ba55ee0d0934667a5154e286b113fb,S0004259,72,137,productive_iteration,False,True,False,False,False,medium,
OpenHandsExternal330,OpenHandsExternal330_T000187,f1ad92a70ae78a3acf5ed46239d1b3435d73f6a7bc5f81bab71a69be67f2e6ec,S0004260,48,195,productive_iteration,False,True,False,False,False,medium,
OpenHandsExternal330,OpenHandsExternal330_T000187,f1ad92a70ae78a3acf5ed46239d1b3435d73f6a7bc5f81bab71a69be67f2e6ec,S0004261,196,200,unresolved,False,False,False,False,True,low,
OpenHandsExternal330,OpenHandsExternal330_T000188,85e95012546aa5d87bdb0d139816cc56069c274e4075314475077f4ce3c88e3a,S0004262,58,165,productive_iteration,False,True,False,False,False,high,
OpenHandsExternal330,OpenHandsExternal330_T000189,177cf7f6d57ff5e9065876484ad48b297ecf638858e92b62b44ab569c6b34cdb,S0004263,60,137,productive_iteration,False,True,False,False,False,high,
OpenHandsExternal330,OpenHandsExternal330_T000190,3276c7aa1ef869b0330ef335e0cb2520cc69951d3aaf2ebb6170c806ff5b1e62,S0004264,64,185,productive_iteration,False,True,False,False,False,high,
OpenHandsExternal330,OpenHandsExternal330_T000191,9a01b3c32010e735254764ebcdba5212bb136a16ffd09a8398ed01a175600681,S0004265,48,105,productive_iteration,False,True,False,False,False,high,
OpenHandsExternal330,OpenHandsExternal330_T000192,b82e40034e9719637d9a9c8709964c111a72f744e6248e12bfc43c814e9c9ce6,S0004266,78,187,productive_iteration,False,True,False,False,False,medium,
OpenHandsExternal330,OpenHandsExternal330_T000193,c9c6400580968501b598494d181befda5792d2703e1b7bdc4650559516af95d6,S0004267,96,169,productive_iteration,False,True,False,False,False,high,
OpenHandsExternal330,OpenHandsExternal330_T000194,9c7f6b1f4a9d568c1819bc199035e648792416ddd5d14c2e52e7510804f39277,S0004268,64,151,productive_iteration,False,True,False,False,False,medium,
OpenHandsExternal330,OpenHandsExternal330_T000195,0559e99d4d68fd0001f1ac381ec06d3909f7bf3e7bef5f7265b7f253091dd47b,S0004269,70,193,productive_iteration,False,True,False,False,False,medium,
OpenHandsExternal330,OpenHandsExternal330_T000195,0559e99d4d68fd0001f1ac381ec06d3909f7bf3e7bef5f7265b7f253091dd47b,S0004270,194,200,unresolved,False,False,False,False,True,low,
OpenHandsExternal330,OpenHandsExternal330_T000195,0559e99d4d68fd0001f1ac381ec06d3909f7bf3e7bef5f7265b7f253091dd47b,S0004271,100,121,productive_iteration,True,True,False,False,False,medium,
OpenHandsExternal330,OpenHandsExternal330_T000195,0559e99d4d68fd0001f1ac381ec06d3909f7bf3e7bef5f7265b7f253091dd47b,S0004272,148,193,productive_iteration,True,True,False,False,False,medium,
OpenHandsExternal330,OpenHandsExternal330_T000196,4fb32cef8bad7aa53dd34cefddd59d41655320235901a4878323479e5c0adad3,S0004273,48,111,productive_iteration,False,True,False,False,False,medium,
OpenHandsExternal330,OpenHandsExternal330_T000197,4ac846a06f82d14bd85c4849679f4ed48472aa4b625c42621130d27f0b906037,S0004274,86,157,productive_iteration,False,True,False,False,False,high,
OpenHandsExternal330,OpenHandsExternal330_T000198,0396e7e0fc34ec0dd4b120619a1434aa9bda457a7b80cc75cb84d14bd89ab9ee,S0004275,50,101,productive_iteration,False,True,False,False,False,high,
OpenHandsExternal330,OpenHandsExternal330_T000199,69594421126f42a9a9c2f8da691c6bf66fb5c746933ca4e08f6430307855682a,S0004276,72,129,productive_iteration,False,True,False,False,False,high,
OpenHandsExternal330,OpenHandsExternal330_T000200,3ed791ce105b8f3fb60313a925af1ee8f2504b3e721f95dd61fa62f3c16938c9,S0004277,40,103,productive_iteration,False,True,False,False,False,high,
OpenHandsExternal330,OpenHandsExternal330_T000201,6ebfaebd84ec2c30cc70bedc2036e149517fe003f098c265da947b0e8feb72b2,S0004278,18,199,productive_iteration,False,True,False,False,False,medium,
OpenHandsExternal330,OpenHandsExternal330_T000201,6ebfaebd84ec2c30cc70bedc2036e149517fe003f098c265da947b0e8feb72b2,S0004279,200,200,unresolved,False,False,False,False,True,low,
OpenHandsExternal330,OpenHandsExternal330_T000202,90a2c65d0ff4218dea36e944d2c90873f6bce977a5c71446a93d033ba5c4478a,S0004280,74,181,productive_iteration,False,True,False,False,False,medium,
OpenHandsExternal330,OpenHandsExternal330_T000203,46261036aba061d034d8946a651edb61acab9a4e7a60aedecca663021b0101b6,S0004281,68,125,productive_iteration,False,True,False,False,False,high,
OpenHandsExternal330,OpenHandsExternal330_T000204,f683a105819c54f23d3d449f538c406b03f19f76cd62994c4dfc4c4a7c0d59ef,S0004282,80,185,productive_iteration,False,True,False,False,False,medium,
OpenHandsExternal330,OpenHandsExternal330_T000204,f683a105819c54f23d3d449f538c406b03f19f76cd62994c4dfc4c4a7c0d59ef,S0004283,186,200,unresolved,False,False,False,False,True,low,
OpenHandsExternal330,OpenHandsExternal330_T000205,1569f008b26e65c4cbb5a31c66b76d30505752e5d7233cca48b3cd11f461baee,S0004284,74,199,productive_iteration,False,True,False,False,False,medium,
OpenHandsExternal330,OpenHandsExternal330_T000205,1569f008b26e65c4cbb5a31c66b76d30505752e5d7233cca48b3cd11f461baee,S0004285,200,200,unresolved,False,False,False,False,True,low,
OpenHandsExternal330,OpenHandsExternal330_T000206,c3af5d19e380be2839fc909b499f80befb8d6d040877c5adc44264a2f3be83be,S0004286,48,141,productive_iteration,False,True,False,False,False,medium,
OpenHandsExternal330,OpenHandsExternal330_T000207,51c7134fac45e9108f173eda7a1188ac5c12c8162e03bc6906546b0635246333,S0004287,74,115,productive_iteration,False,True,False,False,False,high,
OpenHandsExternal330,OpenHandsExternal330_T000208,c42a67d7aaeb0fc313d286d6d1e23ace325f3eaa6a27181ef114a85294e661b3,S0004288,58,199,productive_iteration,False,True,False,False,False,high,
OpenHandsExternal330,OpenHandsExternal330_T000209,7a68eeecdcb9cd1807e0d9a4857e21adb12cd71bcb02a1f86d766288b84eebd2,S0004289,42,161,productive_iteration,False,True,False,False,False,high,
OpenHandsExternal330,OpenHandsExternal330_T000210,7b82a9338f830af7549cd0c0da44bff5a3999800d58cbc4639cc22d96696f881,S0004290,52,171,productive_iteration,False,True,False,False,False,medium,
OpenHandsExternal330,OpenHandsExternal330_T000211,83f82d06e65ffc72b961f00f33c68ed8033d426df131b48f84fcf31ee31b8a28,S0004291,80,171,productive_iteration,False,True,False,False,False,high,
OpenHandsExternal330,OpenHandsExternal330_T000212,41e19f6e44ac797962cebfbe2b77d2eeb7e5ffa5a3c11022727395ad3419e015,S0004292,60,153,productive_iteration,False,True,False,False,False,high,
OpenHandsExternal330,OpenHandsExternal330_T000213,7df3fcadd301808a50dfa508f790209e9073878011576710058d5e829ee60768,S0004293,46,101,productive_iteration,False,True,False,False,False,high,
OpenHandsExternal330,OpenHandsExternal330_T000214,499b526e2136d5eb4b90a6e280a27fe0ab53d9079f721dcabbf0db553ea3b321,S0004294,66,153,productive_iteration,False,True,False,False,False,high,
OpenHandsExternal330,OpenHandsExternal330_T000215,0e9b12bdd0fcce6fcf3b22c3c09c431c1e70e72daa8007258ebe7cfdb8ca5091,S0004295,42,149,productive_iteration,False,True,False,False,False,high,
OpenHandsExternal330,OpenHandsExternal330_T000216,43e8a94c13da18eed683bdbde4018e5dea8693a517b2e0cf46bd6ed63c824534,S0004296,66,121,productive_iteration,False,True,False,False,False,high,
OpenHandsExternal330,OpenHandsExternal330_T000217,ac43a1187caf6aa260e7e2a5ebc42a0f22f00800fd5ab2b7a291ad493c735b98,S0004297,68,197,productive_iteration,False,True,False,False,False,medium,
OpenHandsExternal330,OpenHandsExternal330_T000217,ac43a1187caf6aa260e7e2a5ebc42a0f22f00800fd5ab2b7a291ad493c735b98,S0004298,198,200,unresolved,False,False,False,False,True,low,
OpenHandsExternal330,OpenHandsExternal330_T000218,9550ab265fe3f618ca63252bd25f0ac7b768adc56b078e4cf80600b60f6c71df,S0004299,62,139,productive_iteration,False,True,False,False,False,high,
OpenHandsExternal330,OpenHandsExternal330_T000219,f41c933527d9234b0a645a144d0e10673e2889ffa891f37d9f4e77e7b2b1019b,S0004300,56,131,productive_iteration,False,True,False,False,False,high,
OpenHandsExternal330,OpenHandsExternal330_T000220,3628c6bc80367f26fa2eef8fb9371ec6b6c5ed7eff4bc296cf2694f38e932dd4,S0004301,90,137,productive_iteration,False,True,False,False,False,high,
OpenHandsExternal330,OpenHandsExternal330_T000221,1767aed1827e928be4ef570506a02958da53563ef7955b54049ea32c0eb48def,S0004302,80,167,productive_iteration,False,True,False,False,False,high,
OpenHandsExternal330,OpenHandsExternal330_T000222,0503b8c8c32997f319343c1fc0067ac0ab644ada98aa46d24737f3cc76431032,S0004303,46,199,productive_iteration,False,True,False,False,False,medium,
OpenHandsExternal330,OpenHandsExternal330_T000223,a24f3b32a9d74701a4106b7e4779101158e75067d6e5c72041c650f3c7459570,S0004304,60,147,productive_iteration,False,True,False,False,False,medium,
OpenHandsExternal330,OpenHandsExternal330_T000223,a24f3b32a9d74701a4106b7e4779101158e75067d6e5c72041c650f3c7459570,S0004305,162,199,productive_iteration,False,True,False,False,False,medium,
OpenHandsExternal330,OpenHandsExternal330_T000223,a24f3b32a9d74701a4106b7e4779101158e75067d6e5c72041c650f3c7459570,S0004306,200,200,unresolved,False,False,False,False,True,low,
OpenHandsExternal330,OpenHandsExternal330_T000223,a24f3b32a9d74701a4106b7e4779101158e75067d6e5c72041c650f3c7459570,S0004307,164,195,productive_iteration,True,True,False,False,False,medium,
OpenHandsExternal330,OpenHandsExternal330_T000224,aa37091e8d4d0c00628bd6cab16c712ad20170e9f29c0acb0a594e4e8869fd3e,S0004308,68,175,productive_iteration,False,True,False,False,False,high,
OpenHandsExternal330,OpenHandsExternal330_T000225,8a36f88a1a5b9313ab4e03cac990b0d42405fc40d149ec8dcb67b1f4f5360c72,S0004309,72,163,productive_iteration,False,True,False,False,False,medium,
OpenHandsExternal330,OpenHandsExternal330_T000226,7d680267560ce25c28cb1fb1ad5f6e2d60433aef657f2346f8e056746ca2d5eb,S0004310,62,145,productive_iteration,False,True,False,False,False,medium,
OpenHandsExternal330,OpenHandsExternal330_T000226,7d680267560ce25c28cb1fb1ad5f6e2d60433aef657f2346f8e056746ca2d5eb,S0004311,68,93,productive_iteration,True,True,False,False,False,medium,
OpenHandsExternal330,OpenHandsExternal330_T000226,7d680267560ce25c28cb1fb1ad5f6e2d60433aef657f2346f8e056746ca2d5eb,S0004312,94,114,productive_iteration,True,True,False,False,False,medium,
OpenHandsExternal330,OpenHandsExternal330_T000227,03b73df85c53c09f38443cc1bccc754474d63746cea5093afdbb4bf6c740b975,S0004313,52,135,productive_iteration,False,True,False,False,False,high,
OpenHandsExternal330,OpenHandsExternal330_T000228,5d30005812ca1cf3f556af1691a1b9bd1959c6ceb708e1d2fc4d9c8a700539ab,S0004314,28,175,productive_iteration,False,True,False,False,False,medium,
OpenHandsExternal330,OpenHandsExternal330_T000229,2f26b4c07d7e1b78c750d451e9c83ad2327be667f1203c3134d85206c1b1949c,S0004315,36,117,productive_iteration,False,True,False,False,False,medium,
OpenHandsExternal330,OpenHandsExternal330_T000230,d720da2b3993a1e59968f81575268fb80f9bd1acfa91f08a729c15d379ba9a39,S0004316,56,133,productive_iteration,False,True,False,False,False,high,
OpenHandsExternal330,OpenHandsExternal330_T000231,03eb6dc56398b5a17d04c0544562d4bdae6ae5e9dfb5a750414290c1aeef4216,S0004317,74,185,productive_iteration,False,True,False,False,False,medium,
OpenHandsExternal330,OpenHandsExternal330_T000232,09dd32272e754efccdab119caa1e4a14a10436b1ebdadb078780ec5a690656e9,S0004318,68,145,productive_iteration,False,True,False,False,False,high,
OpenHandsExternal330,OpenHandsExternal330_T000233,391ccceb37795d1e303377e5a75cbbe2ecad8d4b3ed2440bd7c8bc430a00a3d1,S0004319,72,125,productive_iteration,False,True,False,False,False,high,
OpenHandsExternal330,OpenHandsExternal330_T000234,a84d03636d8c2853c9ebe9bb4c2d4e55b92a62530a925d7bf9b9afd31e640a1d,S0004320,34,199,productive_iteration,False,True,False,False,False,medium,
OpenHandsExternal330,OpenHandsExternal330_T000234,a84d03636d8c2853c9ebe9bb4c2d4e55b92a62530a925d7bf9b9afd31e640a1d,S0004321,200,200,unresolved,False,False,False,False,True,low,
OpenHandsExternal330,OpenHandsExternal330_T000235,c6f89739c3f00612b65d51566d4e3af507c5c18ed7c52dbc6f6061f654610936,S0004322,46,117,productive_iteration,False,True,False,False,False,high,
OpenHandsExternal330,OpenHandsExternal330_T000236,517a47eb342e140763cea475054d05edfbdbdd9c6832b04324529a3856775d91,S0004323,38,161,productive_iteration,False,True,False,False,False,medium,
OpenHandsExternal330,OpenHandsExternal330_T000237,2a6583646cbda10a701ca82bf3201bd13f4b6502cb8298a6fb0785b9453d89c9,S0004324,56,149,productive_iteration,False,True,False,False,False,medium,
OpenHandsExternal330,OpenHandsExternal330_T000238,689d4fcf3c6ee11e9c10d02868c29d0d007d5e53b69899543ec621b1322d0796,S0004325,62,199,productive_iteration,False,True,False,False,False,medium,
OpenHandsExternal330,OpenHandsExternal330_T000238,689d4fcf3c6ee11e9c10d02868c29d0d007d5e53b69899543ec621b1322d0796,S0004326,200,200,unresolved,False,False,False,False,True,low,
OpenHandsExternal330,OpenHandsExternal330_T000239,67254126d8951ae5c87974721e36a29f33217426e4641e235fc6ca4d48ad72f8,S0004327,68,153,productive_iteration,False,True,False,False,False,high,
OpenHandsExternal330,OpenHandsExternal330_T000240,9a43dab374415b52f9d78757899ab38abdd3da1a50b89c096b6c98059044b087,S0004328,66,123,productive_iteration,False,True,False,False,False,high,
OpenHandsExternal330,OpenHandsExternal330_T000241,3376eb3096938cf31e087deb25d606d71932abaa5be29305275a1c4abfce1a9c,S0004329,26,173,productive_iteration,False,True,False,False,False,high,
OpenHandsExternal330,OpenHandsExternal330_T000242,93eec91c2529a607346d0f090e1d3f76b250bab477c4f7b9dab2ae64901a693c,S0004330,50,199,productive_iteration,False,True,False,False,False,medium,
OpenHandsExternal330,OpenHandsExternal330_T000242,93eec91c2529a607346d0f090e1d3f76b250bab477c4f7b9dab2ae64901a693c,S0004331,200,200,unresolved,False,False,False,False,True,low,
OpenHandsExternal330,OpenHandsExternal330_T000242,93eec91c2529a607346d0f090e1d3f76b250bab477c4f7b9dab2ae64901a693c,S0004332,182,199,productive_iteration,True,True,False,False,False,medium,
OpenHandsExternal330,OpenHandsExternal330_T000243,f38ce06ec6d7175c7e28e50af3353ac69bc2bf3e6cbd005954e70cb2d3a1c10c,S0004333,44,119,productive_iteration,False,True,False,False,False,high,
OpenHandsExternal330,OpenHandsExternal330_T000244,a03b78fadcdf3e9d9f91339a89441a449537680e7320f896fbd403be76086953,S0004334,30,183,productive_iteration,False,True,False,False,False,medium,
OpenHandsExternal330,OpenHandsExternal330_T000245,6230ad04305830c2360308496a665343b22351b0aaf9920e56c09f83b97e2f06,S0004335,68,127,productive_iteration,False,True,False,False,False,high,
OpenHandsExternal330,OpenHandsExternal330_T000246,03726d058fc0c488d821e759c6c99069090225fe0c6d0d0fe78bae552de4d0e1,S0004336,74,197,productive_iteration,False,True,False,False,False,high,
OpenHandsExternal330,OpenHandsExternal330_T000247,3521327f7d5171fb4528694f88d93fb19622a062d4516428de8cbe9b7420a416,S0004337,68,145,productive_iteration,False,True,False,False,False,medium,
OpenHandsExternal330,OpenHandsExternal330_T000248,f953baac0c9862cc79636e43cf30b4bf16a2d8ed85fefb885a419864677654d8,S0004338,68,199,productive_iteration,False,True,False,False,False,medium,
OpenHandsExternal330,OpenHandsExternal330_T000248,f953baac0c9862cc79636e43cf30b4bf16a2d8ed85fefb885a419864677654d8,S0004339,200,200,unresolved,False,False,False,False,True,low,
OpenHandsExternal330,OpenHandsExternal330_T000249,f94651d87d643a4bb06ed8fc2703398ec66c5e427aca6fdd073e4d447397c50b,S0004340,44,149,productive_iteration,False,True,False,False,False,high,
OpenHandsExternal330,OpenHandsExternal330_T000250,a70b5c27767298567db3f5f5f800be844514add16195f23bdb7bc8947c7cf923,S0004341,68,153,productive_iteration,False,True,False,False,False,high,
OpenHandsExternal330,OpenHandsExternal330_T000251,e370855e7d23545d3cacef3b58ff64b741c233290f02bb7f42777e70dadb2c2b,S0004342,70,168,productive_iteration,False,True,False,False,False,medium,
OpenHandsExternal330,OpenHandsExternal330_T000251,e370855e7d23545d3cacef3b58ff64b741c233290f02bb7f42777e70dadb2c2b,S0004343,200,200,unresolved,False,False,False,False,True,low,
OpenHandsExternal330,OpenHandsExternal330_T000252,5411a50af034b7153f7913720ba44bf63ac21843359cc4385b16b975cb659bf2,S0004344,66,199,productive_iteration,False,True,False,False,False,high,
OpenHandsExternal330,OpenHandsExternal330_T000252,5411a50af034b7153f7913720ba44bf63ac21843359cc4385b16b975cb659bf2,S0004345,200,200,unresolved,False,False,False,False,True,low,
OpenHandsExternal330,OpenHandsExternal330_T000253,8b615281ef60c43d4ebfb92daec143aed0304c343e67549bd1d985400f21216c,S0004346,0,41,productive_iteration,False,True,False,False,False,medium,
OpenHandsExternal330,OpenHandsExternal330_T000253,8b615281ef60c43d4ebfb92daec143aed0304c343e67549bd1d985400f21216c,S0004347,104,151,productive_iteration,False,True,False,False,False,high,
OpenHandsExternal330,OpenHandsExternal330_T000254,e8768a7d7edeaa4749d7a351648eb3005dcfceca811cddb224e3edc5a5ad26d3,S0004348,66,190,productive_iteration,False,True,False,False,False,medium,
OpenHandsExternal330,OpenHandsExternal330_T000254,e8768a7d7edeaa4749d7a351648eb3005dcfceca811cddb224e3edc5a5ad26d3,S0004349,200,200,unresolved,False,False,False,False,True,low,
OpenHandsExternal330,OpenHandsExternal330_T000255,0fc9bc1f8dc579fea8141cee91bc0a089d26d0fcd8dced9d4a437228ddf58c74,S0004350,54,65,productive_iteration,False,True,False,False,False,medium,
OpenHandsExternal330,OpenHandsExternal330_T000255,0fc9bc1f8dc579fea8141cee91bc0a089d26d0fcd8dced9d4a437228ddf58c74,S0004351,86,107,productive_iteration,False,True,False,False,False,high,
OpenHandsExternal330,OpenHandsExternal330_T000256,3369fa54607fa599544ce4ecc3282d514beab1247ea5d243a141e7168e0b1441,S0004352,50,65,productive_iteration,False,True,False,False,False,medium,
OpenHandsExternal330,OpenHandsExternal330_T000256,3369fa54607fa599544ce4ecc3282d514beab1247ea5d243a141e7168e0b1441,S0004353,86,123,productive_iteration,False,True,False,False,False,high,
OpenHandsExternal330,OpenHandsExternal330_T000257,a039116b23080cae256c00e32cfe74d45bbc4212266b9f43157416a9ece054d1,S0004354,50,75,productive_iteration,False,True,False,False,False,high,
OpenHandsExternal330,OpenHandsExternal330_T000257,a039116b23080cae256c00e32cfe74d45bbc4212266b9f43157416a9ece054d1,S0004355,90,109,productive_iteration,False,True,False,False,False,high,
OpenHandsExternal330,OpenHandsExternal330_T000257,a039116b23080cae256c00e32cfe74d45bbc4212266b9f43157416a9ece054d1,S0004356,122,129,productive_iteration,False,True,False,False,False,medium,
OpenHandsExternal330,OpenHandsExternal330_T000258,b43ddff9ac6854cf676f8c5d29afaccd13a242cca373f8d2be009db3ef509754,S0004357,78,177,productive_iteration,False,True,False,False,False,medium,
OpenHandsExternal330,OpenHandsExternal330_T000258,b43ddff9ac6854cf676f8c5d29afaccd13a242cca373f8d2be009db3ef509754,S0004358,178,199,productive_iteration,False,True,False,False,False,low,
OpenHandsExternal330,OpenHandsExternal330_T000258,b43ddff9ac6854cf676f8c5d29afaccd13a242cca373f8d2be009db3ef509754,S0004359,200,200,unresolved,False,False,False,False,True,low,
OpenHandsExternal330,OpenHandsExternal330_T000259,637e8b989a9c35f564cf35d67261fbd275024a0e5c5964b6760040d9b9e34205,S0004360,36,143,productive_iteration,False,True,False,False,False,high,
OpenHandsExternal330,OpenHandsExternal330_T000259,637e8b989a9c35f564cf35d67261fbd275024a0e5c5964b6760040d9b9e34205,S0004361,144,169,productive_iteration,False,True,False,False,False,medium,
OpenHandsExternal330,OpenHandsExternal330_T000259,637e8b989a9c35f564cf35d67261fbd275024a0e5c5964b6760040d9b9e34205,S0004362,180,191,productive_iteration,False,True,False,False,False,high,
OpenHandsExternal330,OpenHandsExternal330_T000260,a0e292f7bfffafff044996318f884c2fa7987e9fd4ff4cdc6a3265c09ac369a5,S0004363,70,114,productive_iteration,False,True,False,False,False,high,
OpenHandsExternal330,OpenHandsExternal330_T000260,a0e292f7bfffafff044996318f884c2fa7987e9fd4ff4cdc6a3265c09ac369a5,S0004364,129,188,productive_iteration,False,True,False,False,False,medium,
OpenHandsExternal330,OpenHandsExternal330_T000260,a0e292f7bfffafff044996318f884c2fa7987e9fd4ff4cdc6a3265c09ac369a5,S0004365,200,200,unresolved,False,False,False,False,True,low,
OpenHandsExternal330,OpenHandsExternal330_T000261,d2535efa51bf206fdabadecd4543f361e9c7760164c14943f1d6aeebe306d198,S0004366,96,111,productive_iteration,False,True,False,False,False,high,
OpenHandsExternal330,OpenHandsExternal330_T000261,d2535efa51bf206fdabadecd4543f361e9c7760164c14943f1d6aeebe306d198,S0004367,112,147,productive_iteration,False,True,False,False,False,high,
OpenHandsExternal330,OpenHandsExternal330_T000262,b39e23e72687aeffcaf26ab5f7599632b97125fdc3979847d19920a58a5e00a7,S0004368,62,185,productive_iteration,False,True,False,False,False,high,
OpenHandsExternal330,OpenHandsExternal330_T000262,b39e23e72687aeffcaf26ab5f7599632b97125fdc3979847d19920a58a5e00a7,S0004369,192,199,productive_iteration,False,True,False,False,False,medium,
OpenHandsExternal330,OpenHandsExternal330_T000262,b39e23e72687aeffcaf26ab5f7599632b97125fdc3979847d19920a58a5e00a7,S0004370,200,200,unresolved,False,False,False,False,True,low,
OpenHandsExternal330,OpenHandsExternal330_T000263,db2801c41eeee68dafc84923a07aeae4f542338b1cce27e8a8e28bda3f371616,S0004371,56,87,productive_iteration,False,True,False,False,False,high,
OpenHandsExternal330,OpenHandsExternal330_T000263,db2801c41eeee68dafc84923a07aeae4f542338b1cce27e8a8e28bda3f371616,S0004372,88,109,productive_iteration,False,True,False,False,False,high,
OpenHandsExternal330,OpenHandsExternal330_T000264,8a2101c5979c328766e840f8993ab1559e8d2d92e407d600d8aa2764dbf37c27,S0004373,80,135,productive_iteration,False,True,False,False,False,high,
OpenHandsExternal330,OpenHandsExternal330_T000264,8a2101c5979c328766e840f8993ab1559e8d2d92e407d600d8aa2764dbf37c27,S0004374,136,157,productive_iteration,False,True,False,False,False,medium,
OpenHandsExternal330,OpenHandsExternal330_T000265,a382437005345338ff107d8cb40042436f2e9743ca7c7b67cd0827d59ed420f6,S0004375,38,79,productive_iteration,False,True,False,False,False,high,
OpenHandsExternal330,OpenHandsExternal330_T000265,a382437005345338ff107d8cb40042436f2e9743ca7c7b67cd0827d59ed420f6,S0004376,84,105,productive_iteration,False,True,False,False,False,high,
OpenHandsExternal330,OpenHandsExternal330_T000266,68c67011b0dddcde06d30d84edfdf91488feb7b776ab6e5288e8fe5a0aaa19b0,S0004377,44,98,productive_iteration,False,True,False,False,False,high,
OpenHandsExternal330,OpenHandsExternal330_T000267,93533e6175a00f0c409b9aed76640ac0ac108cf7c7976632775eecf8cc005f80,S0004378,42,63,productive_iteration,False,True,False,False,False,high,
OpenHandsExternal330,OpenHandsExternal330_T000267,93533e6175a00f0c409b9aed76640ac0ac108cf7c7976632775eecf8cc005f80,S0004379,64,99,productive_iteration,False,True,False,False,False,medium,
OpenHandsExternal330,OpenHandsExternal330_T000268,34fde4960452b6f426dedea9a5c60f6a2203486fa23598825eb48f59e0c14f37,S0004380,64,115,productive_iteration,False,True,False,False,False,medium,
OpenHandsExternal330,OpenHandsExternal330_T000268,34fde4960452b6f426dedea9a5c60f6a2203486fa23598825eb48f59e0c14f37,S0004381,132,155,productive_iteration,False,True,False,False,False,medium,
OpenHandsExternal330,OpenHandsExternal330_T000268,34fde4960452b6f426dedea9a5c60f6a2203486fa23598825eb48f59e0c14f37,S0004382,156,169,productive_iteration,False,True,False,False,False,medium,
OpenHandsExternal330,OpenHandsExternal330_T000269,aea0f47f653771e906203256cb58f873bddf18caa237f36f71039ffbc88c183b,S0004383,32,49,productive_iteration,False,True,False,False,False,high,
OpenHandsExternal330,OpenHandsExternal330_T000269,aea0f47f653771e906203256cb58f873bddf18caa237f36f71039ffbc88c183b,S0004384,50,61,productive_iteration,False,True,False,False,False,medium,
OpenHandsExternal330,OpenHandsExternal330_T000270,7effb8b50cda6967d81c04f734c83e2fdba3db1c0f78ca10295a8e1ed3186a6f,S0004385,44,55,productive_iteration,False,True,False,False,False,high,
OpenHandsExternal330,OpenHandsExternal330_T000270,7effb8b50cda6967d81c04f734c83e2fdba3db1c0f78ca10295a8e1ed3186a6f,S0004386,68,87,productive_iteration,False,True,False,False,False,high,
OpenHandsExternal330,OpenHandsExternal330_T000270,7effb8b50cda6967d81c04f734c83e2fdba3db1c0f78ca10295a8e1ed3186a6f,S0004387,88,111,productive_iteration,False,True,False,False,False,medium,
OpenHandsExternal330,OpenHandsExternal330_T000271,addc130a1bd26fdc763d7dc7b93b7db981ff59e8e68a7a5c22e09d16d898cc20,S0004388,40,183,productive_iteration,False,True,False,False,False,medium,
OpenHandsExternal330,OpenHandsExternal330_T000271,addc130a1bd26fdc763d7dc7b93b7db981ff59e8e68a7a5c22e09d16d898cc20,S0004389,147,183,productive_iteration,True,True,False,False,False,medium,
OpenHandsExternal330,OpenHandsExternal330_T000271,addc130a1bd26fdc763d7dc7b93b7db981ff59e8e68a7a5c22e09d16d898cc20,S0004390,200,200,unresolved,False,False,False,False,True,low,
OpenHandsExternal330,OpenHandsExternal330_T000272,b3c6c688c35e7e3f28d2e5d3a7794a2b93486dc2910d784be46377e6672163d2,S0004391,35,170,productive_iteration,False,True,False,False,False,medium,
OpenHandsExternal330,OpenHandsExternal330_T000272,b3c6c688c35e7e3f28d2e5d3a7794a2b93486dc2910d784be46377e6672163d2,S0004392,80,120,productive_iteration,True,True,False,False,False,medium,
OpenHandsExternal330,OpenHandsExternal330_T000272,b3c6c688c35e7e3f28d2e5d3a7794a2b93486dc2910d784be46377e6672163d2,S0004393,200,200,unresolved,False,False,False,False,True,low,
OpenHandsExternal330,OpenHandsExternal330_T000273,354f40775b5585690e534191e897d98a96ad2305c49cf9887e959d20744f350d,S0004394,46,184,productive_iteration,False,True,False,False,False,high,
OpenHandsExternal330,OpenHandsExternal330_T000274,72f6aaac24a7a7cb1ac5c40c0232aad8849487428988ae9a8b87ac236004c765,S0004395,30,180,productive_iteration,False,True,False,False,False,medium,
OpenHandsExternal330,OpenHandsExternal330_T000274,72f6aaac24a7a7cb1ac5c40c0232aad8849487428988ae9a8b87ac236004c765,S0004396,200,200,unresolved,False,False,False,False,True,low,
OpenHandsExternal330,OpenHandsExternal330_T000275,7ceb51905b22c8a17808330654c0e613ebe994d5aeba7717a0ff1f73b5e960d3,S0004397,24,170,productive_iteration,False,True,False,False,False,high,
OpenHandsExternal330,OpenHandsExternal330_T000276,135307db0d442cf0d400a4548fcaa9cd9fec10f657e154ad5bfac2c1f969ee92,S0004398,30,175,productive_iteration,False,True,False,False,False,medium,
OpenHandsExternal330,OpenHandsExternal330_T000276,135307db0d442cf0d400a4548fcaa9cd9fec10f657e154ad5bfac2c1f969ee92,S0004399,200,200,unresolved,False,False,False,False,True,low,
OpenHandsExternal330,OpenHandsExternal330_T000277,7f0b9f97ec1facbbc385f2462200f2ee9ba0588f4e13776bfcd52ec6c830bf64,S0004400,25,180,productive_iteration,False,True,False,False,False,medium,
OpenHandsExternal330,OpenHandsExternal330_T000277,7f0b9f97ec1facbbc385f2462200f2ee9ba0588f4e13776bfcd52ec6c830bf64,S0004401,200,200,unresolved,False,False,False,False,True,low,
OpenHandsExternal330,OpenHandsExternal330_T000278,74ca8d8dd788d226833c75c4c057b47aa309f3e59487140f8611e2ac0f4471a4,S0004402,20,170,productive_iteration,False,True,False,False,False,high,
OpenHandsExternal330,OpenHandsExternal330_T000279,4a79cb9a73d130bca190dbddc3f7eede074b0251b546fa34e1bc8f35c42f4588,S0004403,35,170,productive_iteration,False,True,False,False,False,medium,
OpenHandsExternal330,OpenHandsExternal330_T000279,4a79cb9a73d130bca190dbddc3f7eede074b0251b546fa34e1bc8f35c42f4588,S0004404,105,130,productive_iteration,True,True,False,False,False,medium,
OpenHandsExternal330,OpenHandsExternal330_T000280,1354d66e79a70639e9c6eadb3aaad1ca275d399dd59150ea090f7bf071d4a085,S0004405,35,180,productive_iteration,False,True,False,False,False,medium,
OpenHandsExternal330,OpenHandsExternal330_T000280,1354d66e79a70639e9c6eadb3aaad1ca275d399dd59150ea090f7bf071d4a085,S0004406,200,200,unresolved,False,False,False,False,True,low,
OpenHandsExternal330,OpenHandsExternal330_T000281,68146e5d3a54946a0a9f62abc388fba6fb2ce01b31cb8e586e6606454a81f5b6,S0004407,35,175,productive_iteration,False,True,False,False,False,medium,
OpenHandsExternal330,OpenHandsExternal330_T000281,68146e5d3a54946a0a9f62abc388fba6fb2ce01b31cb8e586e6606454a81f5b6,S0004408,120,150,productive_iteration,True,True,False,False,False,medium,
OpenHandsExternal330,OpenHandsExternal330_T000282,fd16bab5f3added53dfd73789c2f3b548a4ebb1cf8ef28196a62c4803e79c8eb,S0004409,35,180,productive_iteration,False,True,False,False,False,medium,
OpenHandsExternal330,OpenHandsExternal330_T000282,fd16bab5f3added53dfd73789c2f3b548a4ebb1cf8ef28196a62c4803e79c8eb,S0004410,130,155,productive_iteration,True,True,False,False,False,medium,
OpenHandsExternal330,OpenHandsExternal330_T000282,fd16bab5f3added53dfd73789c2f3b548a4ebb1cf8ef28196a62c4803e79c8eb,S0004411,200,200,unresolved,False,False,False,False,True,low,
OpenHandsExternal330,OpenHandsExternal330_T000283,37662d649c8077e66305987fbd9d0e37538c357c5b78228c472f339314b04b1f,S0004412,40,175,productive_iteration,False,True,False,False,False,medium,
OpenHandsExternal330,OpenHandsExternal330_T000283,37662d649c8077e66305987fbd9d0e37538c357c5b78228c472f339314b04b1f,S0004413,176,187,productive_iteration,False,True,False,False,False,medium,
OpenHandsExternal330,OpenHandsExternal330_T000283,37662d649c8077e66305987fbd9d0e37538c357c5b78228c472f339314b04b1f,S0004414,188,195,productive_iteration,False,True,False,False,False,medium,
OpenHandsExternal330,OpenHandsExternal330_T000283,37662d649c8077e66305987fbd9d0e37538c357c5b78228c472f339314b04b1f,S0004415,196,199,unresolved,False,False,False,False,True,medium,
OpenHandsExternal330,OpenHandsExternal330_T000283,37662d649c8077e66305987fbd9d0e37538c357c5b78228c472f339314b04b1f,S0004416,200,200,unresolved,False,False,False,False,True,low,
OpenHandsExternal330,OpenHandsExternal330_T000284,acf33e405bfb3a67bdbeefd22db479696e7b3bb43878a1e27ee234913068068a,S0004417,35,180,productive_iteration,False,True,False,False,False,medium,
OpenHandsExternal330,OpenHandsExternal330_T000284,acf33e405bfb3a67bdbeefd22db479696e7b3bb43878a1e27ee234913068068a,S0004418,200,200,unresolved,False,False,False,False,True,low,
OpenHandsExternal330,OpenHandsExternal330_T000285,546f068c1b6d96262cd30cd1aabb3c2703da269af536c2a6d96071520e694289,S0004419,35,190,productive_iteration,False,True,False,False,False,medium,
OpenHandsExternal330,OpenHandsExternal330_T000285,546f068c1b6d96262cd30cd1aabb3c2703da269af536c2a6d96071520e694289,S0004420,130,170,productive_iteration,True,True,False,False,False,medium,
OpenHandsExternal330,OpenHandsExternal330_T000285,546f068c1b6d96262cd30cd1aabb3c2703da269af536c2a6d96071520e694289,S0004421,200,200,unresolved,False,False,False,False,True,low,
OpenHandsExternal330,OpenHandsExternal330_T000286,91d071046b0f0ad190ce1dc77993f11483bb3b30df9a2a4a02839fc2edc52f5a,S0004422,35,180,productive_iteration,False,True,False,False,False,medium,
OpenHandsExternal330,OpenHandsExternal330_T000286,91d071046b0f0ad190ce1dc77993f11483bb3b30df9a2a4a02839fc2edc52f5a,S0004423,130,155,productive_iteration,True,True,False,False,False,medium,
OpenHandsExternal330,OpenHandsExternal330_T000286,91d071046b0f0ad190ce1dc77993f11483bb3b30df9a2a4a02839fc2edc52f5a,S0004424,200,200,unresolved,False,False,False,False,True,low,
OpenHandsExternal330,OpenHandsExternal330_T000287,71a651506e983c2c89d6ffaad9e5e1dc9b7389d30d233d5a8b5d1891771ab27b,S0004425,35,180,productive_iteration,False,True,False,False,False,medium,
OpenHandsExternal330,OpenHandsExternal330_T000287,71a651506e983c2c89d6ffaad9e5e1dc9b7389d30d233d5a8b5d1891771ab27b,S0004426,118,145,productive_iteration,True,True,False,False,False,medium,
OpenHandsExternal330,OpenHandsExternal330_T000287,71a651506e983c2c89d6ffaad9e5e1dc9b7389d30d233d5a8b5d1891771ab27b,S0004427,200,200,unresolved,False,False,False,False,True,low,
OpenHandsExternal330,OpenHandsExternal330_T000288,0d17c964527cbd4050d8ab8a7a04ea40879e0c3b8707aa6da65761914afd1cd4,S0004428,35,190,productive_iteration,False,True,False,False,False,medium,
OpenHandsExternal330,OpenHandsExternal330_T000288,0d17c964527cbd4050d8ab8a7a04ea40879e0c3b8707aa6da65761914afd1cd4,S0004429,145,175,productive_iteration,True,True,False,False,False,medium,
OpenHandsExternal330,OpenHandsExternal330_T000288,0d17c964527cbd4050d8ab8a7a04ea40879e0c3b8707aa6da65761914afd1cd4,S0004430,200,200,unresolved,False,False,False,False,True,low,
OpenHandsExternal330,OpenHandsExternal330_T000289,2b33e95e581031676be0214578d004ae7ba0ed673f421e09696981bcc4bcdebf,S0004431,35,190,productive_iteration,False,True,False,False,False,medium,
OpenHandsExternal330,OpenHandsExternal330_T000289,2b33e95e581031676be0214578d004ae7ba0ed673f421e09696981bcc4bcdebf,S0004432,110,140,productive_iteration,True,True,False,False,False,medium,
OpenHandsExternal330,OpenHandsExternal330_T000289,2b33e95e581031676be0214578d004ae7ba0ed673f421e09696981bcc4bcdebf,S0004433,200,200,unresolved,False,False,False,False,True,low,
OpenHandsExternal330,OpenHandsExternal330_T000290,fd168984b09a83b739b52bc5c18c99bcc72c15235434fee4b99c9e489e7927c4,S0004434,30,180,productive_iteration,False,True,False,False,False,medium,
OpenHandsExternal330,OpenHandsExternal330_T000290,fd168984b09a83b739b52bc5c18c99bcc72c15235434fee4b99c9e489e7927c4,S0004435,200,200,unresolved,False,False,False,False,True,low,
OpenHandsExternal330,OpenHandsExternal330_T000291,e335daa9ca45a4fb6dccb19fc9cdcd2eb23110e6143185a5fb4874f732336df8,S0004436,35,175,productive_iteration,False,True,False,False,False,medium,
OpenHandsExternal330,OpenHandsExternal330_T000291,e335daa9ca45a4fb6dccb19fc9cdcd2eb23110e6143185a5fb4874f732336df8,S0004437,130,155,productive_iteration,True,True,False,False,False,medium,
OpenHandsExternal330,OpenHandsExternal330_T000292,f6d66861704fc4fd9603e1527dba4bfb45325bdd670e5dc6f4989cefaff988bf,S0004438,35,185,productive_iteration,False,True,False,False,False,medium,
OpenHandsExternal330,OpenHandsExternal330_T000292,f6d66861704fc4fd9603e1527dba4bfb45325bdd670e5dc6f4989cefaff988bf,S0004439,150,183,productive_iteration,True,True,False,False,False,medium,
OpenHandsExternal330,OpenHandsExternal330_T000292,f6d66861704fc4fd9603e1527dba4bfb45325bdd670e5dc6f4989cefaff988bf,S0004440,200,200,unresolved,False,False,False,False,True,low,
OpenHandsExternal330,OpenHandsExternal330_T000293,428fa361ce12ba57d6288026be0eb197820e87b10644da5c534d5dd7c1a21b0f,S0004441,35,180,productive_iteration,False,True,False,False,False,medium,
OpenHandsExternal330,OpenHandsExternal330_T000293,428fa361ce12ba57d6288026be0eb197820e87b10644da5c534d5dd7c1a21b0f,S0004442,200,200,unresolved,False,False,False,False,True,low,
OpenHandsExternal330,OpenHandsExternal330_T000294,24ac5373c94b8d03e7dec59c9a473caf94a4bda6a0bb31d58251dae5f9e54ffc,S0004443,35,180,productive_iteration,False,True,False,False,False,medium,
OpenHandsExternal330,OpenHandsExternal330_T000294,24ac5373c94b8d03e7dec59c9a473caf94a4bda6a0bb31d58251dae5f9e54ffc,S0004444,125,150,productive_iteration,True,True,False,False,False,medium,
OpenHandsExternal330,OpenHandsExternal330_T000294,24ac5373c94b8d03e7dec59c9a473caf94a4bda6a0bb31d58251dae5f9e54ffc,S0004445,200,200,unresolved,False,False,False,False,True,low,
OpenHandsExternal330,OpenHandsExternal330_T000295,69b136d34b6178c2d7dd7b29245967c6fda897b26d93e07fd67e9598714fd3a6,S0004446,0,169,productive_iteration,False,True,False,False,False,medium,
OpenHandsExternal330,OpenHandsExternal330_T000295,69b136d34b6178c2d7dd7b29245967c6fda897b26d93e07fd67e9598714fd3a6,S0004447,170,177,unproductive_cycle,False,False,True,False,False,high,
OpenHandsExternal330,OpenHandsExternal330_T000295,69b136d34b6178c2d7dd7b29245967c6fda897b26d93e07fd67e9598714fd3a6,S0004448,178,199,productive_iteration,True,True,False,False,False,medium,
OpenHandsExternal330,OpenHandsExternal330_T000295,69b136d34b6178c2d7dd7b29245967c6fda897b26d93e07fd67e9598714fd3a6,S0004449,200,200,unresolved,False,False,False,False,True,low,
OpenHandsExternal330,OpenHandsExternal330_T000296,5d6cdeeb46ea5f4d0bc44d60a63949d7cb585fa7083f6abfd84c6551ab59f06e,S0004450,35,185,productive_iteration,False,True,False,False,False,medium,
OpenHandsExternal330,OpenHandsExternal330_T000296,5d6cdeeb46ea5f4d0bc44d60a63949d7cb585fa7083f6abfd84c6551ab59f06e,S0004451,200,200,unresolved,False,False,False,False,True,low,
OpenHandsExternal330,OpenHandsExternal330_T000297,4fe313d7970875f5f7da361cab99254acbb62c81b49b1fb74cc47aee8c027f06,S0004452,35,190,productive_iteration,False,True,False,False,False,medium,
OpenHandsExternal330,OpenHandsExternal330_T000297,4fe313d7970875f5f7da361cab99254acbb62c81b49b1fb74cc47aee8c027f06,S0004453,145,180,productive_iteration,True,True,False,False,False,medium,
OpenHandsExternal330,OpenHandsExternal330_T000297,4fe313d7970875f5f7da361cab99254acbb62c81b49b1fb74cc47aee8c027f06,S0004454,200,200,unresolved,False,False,False,False,True,low,
OpenHandsExternal330,OpenHandsExternal330_T000298,f990258013a094961845c9bc310d923820a6a061e15121f398c5148d99072f88,S0004455,35,170,productive_iteration,False,True,False,False,False,medium,
OpenHandsExternal330,OpenHandsExternal330_T000299,d90b54870fb26beb4b5dccec60c51cbebd669217354b904c77ddce7314766c1d,S0004456,35,170,productive_iteration,False,True,False,False,False,medium,
OpenHandsExternal330,OpenHandsExternal330_T000299,d90b54870fb26beb4b5dccec60c51cbebd669217354b904c77ddce7314766c1d,S0004457,100,130,productive_iteration,True,True,False,False,False,medium,
OpenHandsExternal330,OpenHandsExternal330_T000300,3d6af66fecaae8176c26c3d87a637fb81564fe2c4e4d124452ea5bb79dda486b,S0004458,35,185,productive_iteration,False,True,False,False,False,medium,
OpenHandsExternal330,OpenHandsExternal330_T000300,3d6af66fecaae8176c26c3d87a637fb81564fe2c4e4d124452ea5bb79dda486b,S0004459,130,160,productive_iteration,True,True,False,False,False,medium,
OpenHandsExternal330,OpenHandsExternal330_T000300,3d6af66fecaae8176c26c3d87a637fb81564fe2c4e4d124452ea5bb79dda486b,S0004460,200,200,unresolved,False,False,False,False,True,low,
OpenHandsExternal330,OpenHandsExternal330_T000301,0727e99913e0a99435234c19459a1c62f7218fe0c24033c3609c5a9e46dc27e7,S0004461,35,180,productive_iteration,False,True,False,False,False,medium,
OpenHandsExternal330,OpenHandsExternal330_T000301,0727e99913e0a99435234c19459a1c62f7218fe0c24033c3609c5a9e46dc27e7,S0004462,200,200,unresolved,False,False,False,False,True,low,
OpenHandsExternal330,OpenHandsExternal330_T000302,2084218d0fe0d187bf2a1015340a3c03320134675bdcb326df5123874a93f750,S0004463,35,185,productive_iteration,False,True,False,False,False,medium,
OpenHandsExternal330,OpenHandsExternal330_T000302,2084218d0fe0d187bf2a1015340a3c03320134675bdcb326df5123874a93f750,S0004464,200,200,unresolved,False,False,False,False,True,low,
OpenHandsExternal330,OpenHandsExternal330_T000303,d9229ecb862d0f70aba05b9074a5919d3e3264518f132b02752e477391f8e44a,S0004465,35,185,productive_iteration,False,True,False,False,False,medium,
OpenHandsExternal330,OpenHandsExternal330_T000303,d9229ecb862d0f70aba05b9074a5919d3e3264518f132b02752e477391f8e44a,S0004466,200,200,unresolved,False,False,False,False,True,low,
OpenHandsExternal330,OpenHandsExternal330_T000304,41a356df39628f558be4eb82145445f989b24caad1e19c313a60f16990b080c0,S0004467,35,190,productive_iteration,False,True,False,False,False,medium,
OpenHandsExternal330,OpenHandsExternal330_T000304,41a356df39628f558be4eb82145445f989b24caad1e19c313a60f16990b080c0,S0004468,130,170,productive_iteration,True,True,False,False,False,medium,
OpenHandsExternal330,OpenHandsExternal330_T000304,41a356df39628f558be4eb82145445f989b24caad1e19c313a60f16990b080c0,S0004469,200,200,unresolved,False,False,False,False,True,low,
OpenHandsExternal330,OpenHandsExternal330_T000305,db80ee20a663447dde2b264dd24f742b74baddf56c21fdf4f29f253bd37647d7,S0004470,35,180,productive_iteration,False,True,False,False,False,medium,
OpenHandsExternal330,OpenHandsExternal330_T000305,db80ee20a663447dde2b264dd24f742b74baddf56c21fdf4f29f253bd37647d7,S0004471,100,140,productive_iteration,True,True,False,False,False,medium,
OpenHandsExternal330,OpenHandsExternal330_T000306,98327c4bd3d806b6c04ff33c4f1474bc9c47f169d1471f1a9175a83e2bd8fcff,S0004472,35,190,productive_iteration,False,True,False,False,False,medium,
OpenHandsExternal330,OpenHandsExternal330_T000306,98327c4bd3d806b6c04ff33c4f1474bc9c47f169d1471f1a9175a83e2bd8fcff,S0004473,130,170,productive_iteration,True,True,False,False,False,medium,
OpenHandsExternal330,OpenHandsExternal330_T000306,98327c4bd3d806b6c04ff33c4f1474bc9c47f169d1471f1a9175a83e2bd8fcff,S0004474,200,200,unresolved,False,False,False,False,True,low,
OpenHandsExternal330,OpenHandsExternal330_T000307,e1a1c4202289e333facec62f3c1a54a5ddc4d58072153a8b7f2306d184976eea,S0004475,35,190,productive_iteration,False,True,False,False,False,medium,
OpenHandsExternal330,OpenHandsExternal330_T000307,e1a1c4202289e333facec62f3c1a54a5ddc4d58072153a8b7f2306d184976eea,S0004476,145,180,productive_iteration,True,True,False,False,False,medium,
OpenHandsExternal330,OpenHandsExternal330_T000307,e1a1c4202289e333facec62f3c1a54a5ddc4d58072153a8b7f2306d184976eea,S0004477,200,200,unresolved,False,False,False,False,True,low,
OpenHandsExternal330,OpenHandsExternal330_T000308,ab1fed65c02137be897b26a11b0e8b6f1be1f69fa0a355410ca0c2aadfb67bfe,S0004478,35,190,productive_iteration,False,True,False,False,False,medium,
OpenHandsExternal330,OpenHandsExternal330_T000308,ab1fed65c02137be897b26a11b0e8b6f1be1f69fa0a355410ca0c2aadfb67bfe,S0004479,140,170,productive_iteration,True,True,False,False,False,medium,
OpenHandsExternal330,OpenHandsExternal330_T000308,ab1fed65c02137be897b26a11b0e8b6f1be1f69fa0a355410ca0c2aadfb67bfe,S0004480,200,200,unresolved,False,False,False,False,True,low,
OpenHandsExternal330,OpenHandsExternal330_T000309,3b6eee506c6359d0c8a36af4abe79d17c2db4789cb406afed1f93e43cbfc1786,S0004481,35,149,productive_iteration,False,True,False,False,False,medium,
OpenHandsExternal330,OpenHandsExternal330_T000309,3b6eee506c6359d0c8a36af4abe79d17c2db4789cb406afed1f93e43cbfc1786,S0004482,150,167,productive_iteration,False,True,False,False,False,medium,
OpenHandsExternal330,OpenHandsExternal330_T000309,3b6eee506c6359d0c8a36af4abe79d17c2db4789cb406afed1f93e43cbfc1786,S0004483,168,185,productive_iteration,True,True,False,False,False,high,
OpenHandsExternal330,OpenHandsExternal330_T000309,3b6eee506c6359d0c8a36af4abe79d17c2db4789cb406afed1f93e43cbfc1786,S0004484,186,199,productive_iteration,False,True,False,False,False,low,
OpenHandsExternal330,OpenHandsExternal330_T000309,3b6eee506c6359d0c8a36af4abe79d17c2db4789cb406afed1f93e43cbfc1786,S0004485,200,200,unresolved,False,False,False,False,True,low,
OpenHandsExternal330,OpenHandsExternal330_T000310,b895397c4945ed93a62d9b87f7ae18a1a93b401dae4d6cb3f1d03f75e073d4b6,S0004486,35,185,productive_iteration,False,True,False,False,False,medium,
OpenHandsExternal330,OpenHandsExternal330_T000310,b895397c4945ed93a62d9b87f7ae18a1a93b401dae4d6cb3f1d03f75e073d4b6,S0004487,130,160,productive_iteration,True,True,False,False,False,medium,
OpenHandsExternal330,OpenHandsExternal330_T000310,b895397c4945ed93a62d9b87f7ae18a1a93b401dae4d6cb3f1d03f75e073d4b6,S0004488,200,200,unresolved,False,False,False,False,True,low,
OpenHandsExternal330,OpenHandsExternal330_T000311,bef7694f76475e77c184f80288dc919876e45d476b33f13a7283d5446afa1cc5,S0004489,35,190,productive_iteration,False,True,False,False,False,medium,
OpenHandsExternal330,OpenHandsExternal330_T000311,bef7694f76475e77c184f80288dc919876e45d476b33f13a7283d5446afa1cc5,S0004490,150,180,productive_iteration,True,True,False,False,False,medium,
OpenHandsExternal330,OpenHandsExternal330_T000311,bef7694f76475e77c184f80288dc919876e45d476b33f13a7283d5446afa1cc5,S0004491,199,199,unresolved,False,False,False,False,True,low,
OpenHandsExternal330,OpenHandsExternal330_T000312,60b8830226681ccd4f74f3910d5ce40148d0830b1f52ba0b1c6e146b03703d38,S0004492,35,190,productive_iteration,False,True,False,False,False,medium,
OpenHandsExternal330,OpenHandsExternal330_T000312,60b8830226681ccd4f74f3910d5ce40148d0830b1f52ba0b1c6e146b03703d38,S0004493,135,165,productive_iteration,True,True,False,False,False,medium,
OpenHandsExternal330,OpenHandsExternal330_T000312,60b8830226681ccd4f74f3910d5ce40148d0830b1f52ba0b1c6e146b03703d38,S0004494,200,200,unresolved,False,False,False,False,True,low,
OpenHandsExternal330,OpenHandsExternal330_T000313,26b60de4b041119620c6bceb87b7adc96a00af861775ed01e1031f473149ee56,S0004495,35,185,productive_iteration,False,True,False,False,False,medium,
OpenHandsExternal330,OpenHandsExternal330_T000313,26b60de4b041119620c6bceb87b7adc96a00af861775ed01e1031f473149ee56,S0004496,200,200,unresolved,False,False,False,False,True,low,
OpenHandsExternal330,OpenHandsExternal330_T000314,76eef2b8390032739c0677d621120941ddfbf622ba57c968f201de45af8362c7,S0004497,35,185,productive_iteration,False,True,False,False,False,medium,
OpenHandsExternal330,OpenHandsExternal330_T000314,76eef2b8390032739c0677d621120941ddfbf622ba57c968f201de45af8362c7,S0004498,120,150,productive_iteration,True,True,False,False,False,medium,
OpenHandsExternal330,OpenHandsExternal330_T000315,d289032eed95dc8af319b08a009b279dc3dc43dcaca725b7eed4ed33ca001b1e,S0004499,35,180,productive_iteration,False,True,False,False,False,medium,
OpenHandsExternal330,OpenHandsExternal330_T000316,175d152438aba329c0b8d772a08c83a7cf6314615475751d102bed28037c3aa7,S0004500,35,180,productive_iteration,False,True,False,False,False,medium,
OpenHandsExternal330,OpenHandsExternal330_T000317,5ca7bc3a2f5e44832665ed49be7ef9e2c980df7a9a557ec2b2c32bcc8710c958,S0004501,35,175,productive_iteration,False,True,False,False,False,medium,
OpenHandsExternal330,OpenHandsExternal330_T000317,5ca7bc3a2f5e44832665ed49be7ef9e2c980df7a9a557ec2b2c32bcc8710c958,S0004502,100,130,productive_iteration,True,True,False,False,False,medium,
OpenHandsExternal330,OpenHandsExternal330_T000318,8678afe306712fddea64e821a553853229e078fe991be5f0d5b2b418722dabe4,S0004503,35,187,productive_iteration,False,True,False,False,False,medium,
OpenHandsExternal330,OpenHandsExternal330_T000318,8678afe306712fddea64e821a553853229e078fe991be5f0d5b2b418722dabe4,S0004504,188,199,productive_iteration,True,True,False,False,False,medium,
OpenHandsExternal330,OpenHandsExternal330_T000318,8678afe306712fddea64e821a553853229e078fe991be5f0d5b2b418722dabe4,S0004505,200,200,unresolved,False,False,False,False,True,low,
OpenHandsExternal330,OpenHandsExternal330_T000319,df208dcd50c226ecb2dbc9f06e71a1e68438246c62bae790abe48efbde304d80,S0004506,35,190,productive_iteration,False,True,False,False,False,medium,
OpenHandsExternal330,OpenHandsExternal330_T000319,df208dcd50c226ecb2dbc9f06e71a1e68438246c62bae790abe48efbde304d80,S0004507,130,170,productive_iteration,True,True,False,False,False,medium,
OpenHandsExternal330,OpenHandsExternal330_T000319,df208dcd50c226ecb2dbc9f06e71a1e68438246c62bae790abe48efbde304d80,S0004508,200,200,unresolved,False,False,False,False,True,low,
OpenHandsExternal330,OpenHandsExternal330_T000320,9ca197efdffa3227125746fd4c60afdee00b39ab718d40e2ae7c10c8cdf8c137,S0004509,35,185,productive_iteration,False,True,False,False,False,medium,
OpenHandsExternal330,OpenHandsExternal330_T000321,0343fc2ff074cf3880eef270ecabb4b49d2e14f1906e7fd7551ca37ce4b031d7,S0004510,0,79,productive_iteration,False,True,False,False,False,medium,
OpenHandsExternal330,OpenHandsExternal330_T000321,0343fc2ff074cf3880eef270ecabb4b49d2e14f1906e7fd7551ca37ce4b031d7,S0004511,80,120,productive_iteration,True,True,False,False,False,medium,
OpenHandsExternal330,OpenHandsExternal330_T000321,0343fc2ff074cf3880eef270ecabb4b49d2e14f1906e7fd7551ca37ce4b031d7,S0004512,121,173,productive_iteration,False,True,False,False,False,medium,
OpenHandsExternal330,OpenHandsExternal330_T000321,0343fc2ff074cf3880eef270ecabb4b49d2e14f1906e7fd7551ca37ce4b031d7,S0004513,174,192,unproductive_cycle,False,False,True,False,False,high,
OpenHandsExternal330,OpenHandsExternal330_T000322,92ffbefe7a9563be5be46808867169bea0a4f72e6227970eef2693184567e3bb,S0004514,35,89,productive_iteration,False,True,False,False,False,low,
OpenHandsExternal330,OpenHandsExternal330_T000322,92ffbefe7a9563be5be46808867169bea0a4f72e6227970eef2693184567e3bb,S0004515,90,200,unresolved,False,False,False,False,True,low,
OpenHandsExternal330,OpenHandsExternal330_T000323,6418cd62a5ec06d4913fd6f1b893068a10aa1e1338ce3aa27ec1ee95a56a9ee3,S0004516,35,199,productive_iteration,False,True,False,False,False,medium,
OpenHandsExternal330,OpenHandsExternal330_T000323,6418cd62a5ec06d4913fd6f1b893068a10aa1e1338ce3aa27ec1ee95a56a9ee3,S0004517,120,165,productive_iteration,True,True,False,False,False,medium,
OpenHandsExternal330,OpenHandsExternal330_T000323,6418cd62a5ec06d4913fd6f1b893068a10aa1e1338ce3aa27ec1ee95a56a9ee3,S0004518,200,200,unresolved,False,False,False,False,True,low,
OpenHandsExternal330,OpenHandsExternal330_T000324,b770c14f3cd9a27fb6f417d61760c08cd981706231c56326bb9f35f8e212c85f,S0004519,35,184,productive_iteration,False,True,False,False,False,medium,
OpenHandsExternal330,OpenHandsExternal330_T000324,b770c14f3cd9a27fb6f417d61760c08cd981706231c56326bb9f35f8e212c85f,S0004520,90,130,productive_iteration,True,True,False,False,False,medium,
OpenHandsExternal330,OpenHandsExternal330_T000325,961033666b7e9cc00b5aac0e27887e891fb287230145e4b35340c9f8f233da9e,S0004521,35,199,productive_iteration,False,True,False,False,False,medium,
OpenHandsExternal330,OpenHandsExternal330_T000325,961033666b7e9cc00b5aac0e27887e891fb287230145e4b35340c9f8f233da9e,S0004522,150,190,productive_iteration,True,True,False,False,False,medium,
OpenHandsExternal330,OpenHandsExternal330_T000325,961033666b7e9cc00b5aac0e27887e891fb287230145e4b35340c9f8f233da9e,S0004523,200,200,unresolved,False,False,False,False,True,low,
OpenHandsExternal330,OpenHandsExternal330_T000326,2863f9000f4ba01f6a6b16e1a610c2a954f26333b16ef2ef9dac92e0de197ee1,S0004524,35,190,productive_iteration,False,True,False,False,False,medium,
OpenHandsExternal330,OpenHandsExternal330_T000326,2863f9000f4ba01f6a6b16e1a610c2a954f26333b16ef2ef9dac92e0de197ee1,S0004525,110,150,productive_iteration,True,True,False,False,False,medium,
OpenHandsExternal330,OpenHandsExternal330_T000327,fa3d1deae8779ab25df220da9f9004f84639322ab967fa6ba9df44f656276865,S0004526,35,188,productive_iteration,False,True,False,False,False,medium,
OpenHandsExternal330,OpenHandsExternal330_T000327,fa3d1deae8779ab25df220da9f9004f84639322ab967fa6ba9df44f656276865,S0004527,150,175,productive_iteration,True,True,False,False,False,medium,
OpenHandsExternal330,OpenHandsExternal330_T000328,78e3d93a923b8ba254649ffd7b0ef4ff823869e53b9187c3b8ff7fe531fcc086,S0004528,22,180,productive_iteration,False,True,False,False,False,high,
OpenHandsExternal330,OpenHandsExternal330_T000329,1fed56891459233e5b4de63473b512cdf49dd6d371086d8c346d498754b8d54c,S0004529,35,196,productive_iteration,False,True,False,False,False,medium,
OpenHandsExternal330,OpenHandsExternal330_T000329,1fed56891459233e5b4de63473b512cdf49dd6d371086d8c346d498754b8d54c,S0004530,150,170,productive_iteration,True,True,False,False,False,medium,
OpenHandsExternal330,OpenHandsExternal330_T000330,e4f1a135215d5f68ef79b6ddce06e785e15b92fe4bb04209dbe31935ae015c3c,S0004531,30,199,productive_iteration,False,True,False,False,False,medium,
OpenHandsExternal330,OpenHandsExternal330_T000330,e4f1a135215d5f68ef79b6ddce06e785e15b92fe4bb04209dbe31935ae015c3c,S0004532,120,150,productive_iteration,True,True,False,False,False,medium,
OpenHandsExternal330,OpenHandsExternal330_T000330,e4f1a135215d5f68ef79b6ddce06e785e15b92fe4bb04209dbe31935ae015c3c,S0004533,200,200,unresolved,False,False,False,False,True,low,
StressFresh100,StressFresh100_T000001,e14facb83fe13c44d0c879170b6e1ec2612f29b99fae60f62a68f6205ea24f4c,S0004534,0,14,productive_iteration,False,True,False,False,False,,15.0
StressFresh100,StressFresh100_T000001,e14facb83fe13c44d0c879170b6e1ec2612f29b99fae60f62a68f6205ea24f4c,S0004535,15,23,unproductive_cycle,False,False,True,False,False,,9.0
StressFresh100,StressFresh100_T000001,e14facb83fe13c44d0c879170b6e1ec2612f29b99fae60f62a68f6205ea24f4c,S0004536,25,95,unproductive_cycle,False,False,True,False,False,,71.0
StressFresh100,StressFresh100_T000002,f7c08093c9c75b605c329940f8e83cbbb7b29836226b1d96904fc564da3aee71,S0004537,0,1,productive_iteration,False,True,False,False,False,,2.0
StressFresh100,StressFresh100_T000002,f7c08093c9c75b605c329940f8e83cbbb7b29836226b1d96904fc564da3aee71,S0004538,2,4,unproductive_cycle,False,False,True,False,False,,3.0
StressFresh100,StressFresh100_T000002,f7c08093c9c75b605c329940f8e83cbbb7b29836226b1d96904fc564da3aee71,S0004539,5,8,productive_iteration,True,True,False,False,False,,4.0
StressFresh100,StressFresh100_T000002,f7c08093c9c75b605c329940f8e83cbbb7b29836226b1d96904fc564da3aee71,S0004540,10,11,productive_iteration,False,True,False,False,False,,2.0
StressFresh100,StressFresh100_T000002,f7c08093c9c75b605c329940f8e83cbbb7b29836226b1d96904fc564da3aee71,S0004541,13,20,productive_iteration,False,True,False,False,False,,8.0
StressFresh100,StressFresh100_T000002,f7c08093c9c75b605c329940f8e83cbbb7b29836226b1d96904fc564da3aee71,S0004542,21,70,unproductive_cycle,False,False,True,False,False,,50.0
StressFresh100,StressFresh100_T000003,88278ba9269cd4d5efbd26712106d393eb881c56870d8606eae1705d3c3ec68d,S0004543,9,10,unproductive_cycle,False,False,True,False,False,,2.0
StressFresh100,StressFresh100_T000003,88278ba9269cd4d5efbd26712106d393eb881c56870d8606eae1705d3c3ec68d,S0004544,11,12,productive_iteration,False,True,False,False,False,,2.0
StressFresh100,StressFresh100_T000004,35aab597f1e4b9f8d61871debaa6e4cc52c0a1965afd6bea6fcabf45c582c343,S0004545,0,7,productive_iteration,False,True,False,False,False,,8.0
StressFresh100,StressFresh100_T000004,35aab597f1e4b9f8d61871debaa6e4cc52c0a1965afd6bea6fcabf45c582c343,S0004546,10,19,productive_iteration,False,True,False,False,False,,10.0
StressFresh100,StressFresh100_T000004,35aab597f1e4b9f8d61871debaa6e4cc52c0a1965afd6bea6fcabf45c582c343,S0004547,21,26,productive_iteration,True,True,False,False,False,,6.0
StressFresh100,StressFresh100_T000004,35aab597f1e4b9f8d61871debaa6e4cc52c0a1965afd6bea6fcabf45c582c343,S0004548,28,32,productive_iteration,False,True,False,False,False,,5.0
StressFresh100,StressFresh100_T000005,f2c90e9810fed1bc40c2b8dcafd192a64d5366e8d60e71e5d83e9069a92d0cf6,S0004549,0,2,productive_iteration,False,True,False,False,False,,3.0
StressFresh100,StressFresh100_T000005,f2c90e9810fed1bc40c2b8dcafd192a64d5366e8d60e71e5d83e9069a92d0cf6,S0004550,4,11,productive_iteration,False,True,False,False,False,,8.0
StressFresh100,StressFresh100_T000005,f2c90e9810fed1bc40c2b8dcafd192a64d5366e8d60e71e5d83e9069a92d0cf6,S0004551,12,34,unproductive_cycle,False,False,True,False,False,,23.0
StressFresh100,StressFresh100_T000006,b4fe28667a7430dd92d6e1dad1558460d71bb4ba32ae926a2205bc13b453052d,S0004552,5,5,unproductive_cycle,False,False,True,False,False,,1.0
StressFresh100,StressFresh100_T000006,b4fe28667a7430dd92d6e1dad1558460d71bb4ba32ae926a2205bc13b453052d,S0004553,7,12,unproductive_cycle,False,False,True,False,False,,6.0
StressFresh100,StressFresh100_T000006,b4fe28667a7430dd92d6e1dad1558460d71bb4ba32ae926a2205bc13b453052d,S0004554,14,65,unproductive_cycle,False,False,True,False,False,,52.0
StressFresh100,StressFresh100_T000007,2fce9d75fcb9b86990782deceb8a306ba975a0fba46f17d273b47d90d4dff22b,S0004555,2,2,productive_iteration,False,True,False,False,False,,1.0
StressFresh100,StressFresh100_T000007,2fce9d75fcb9b86990782deceb8a306ba975a0fba46f17d273b47d90d4dff22b,S0004556,4,9,productive_iteration,True,True,False,False,False,,6.0
StressFresh100,StressFresh100_T000007,2fce9d75fcb9b86990782deceb8a306ba975a0fba46f17d273b47d90d4dff22b,S0004557,18,19,productive_iteration,False,True,False,False,False,,2.0
StressFresh100,StressFresh100_T000008,f0846470e69894a0e179900f5781259681ada0392ee6deeb9855d2f740f3567f,S0004558,0,16,productive_iteration,False,True,False,False,False,,17.0
StressFresh100,StressFresh100_T000008,f0846470e69894a0e179900f5781259681ada0392ee6deeb9855d2f740f3567f,S0004559,17,17,unproductive_cycle,False,False,True,False,False,,1.0
StressFresh100,StressFresh100_T000008,f0846470e69894a0e179900f5781259681ada0392ee6deeb9855d2f740f3567f,S0004560,18,20,productive_iteration,False,True,False,False,False,,3.0
StressFresh100,StressFresh100_T000009,9459f9739998ea80967bcdb519ff724a5427574a88c4696897806fb8514f49ad,S0004561,0,10,productive_iteration,False,True,False,False,False,,11.0
StressFresh100,StressFresh100_T000009,9459f9739998ea80967bcdb519ff724a5427574a88c4696897806fb8514f49ad,S0004562,11,12,unproductive_cycle,False,False,True,False,False,,2.0
StressFresh100,StressFresh100_T000009,9459f9739998ea80967bcdb519ff724a5427574a88c4696897806fb8514f49ad,S0004563,13,20,productive_iteration,True,True,False,False,False,,8.0
StressFresh100,StressFresh100_T000009,9459f9739998ea80967bcdb519ff724a5427574a88c4696897806fb8514f49ad,S0004564,21,22,unproductive_cycle,False,False,True,False,False,,2.0
StressFresh100,StressFresh100_T000009,9459f9739998ea80967bcdb519ff724a5427574a88c4696897806fb8514f49ad,S0004565,23,30,productive_iteration,True,True,False,False,False,,8.0
StressFresh100,StressFresh100_T000009,9459f9739998ea80967bcdb519ff724a5427574a88c4696897806fb8514f49ad,S0004566,31,35,unproductive_cycle,False,False,True,False,False,,5.0
StressFresh100,StressFresh100_T000009,9459f9739998ea80967bcdb519ff724a5427574a88c4696897806fb8514f49ad,S0004567,36,36,productive_iteration,False,True,False,False,False,,1.0
StressFresh100,StressFresh100_T000009,9459f9739998ea80967bcdb519ff724a5427574a88c4696897806fb8514f49ad,S0004568,37,40,unproductive_cycle,False,False,True,False,False,,4.0
StressFresh100,StressFresh100_T000009,9459f9739998ea80967bcdb519ff724a5427574a88c4696897806fb8514f49ad,S0004569,41,42,productive_iteration,False,True,False,False,False,,2.0
StressFresh100,StressFresh100_T000009,9459f9739998ea80967bcdb519ff724a5427574a88c4696897806fb8514f49ad,S0004570,43,43,unproductive_cycle,False,False,True,False,False,,1.0
StressFresh100,StressFresh100_T000009,9459f9739998ea80967bcdb519ff724a5427574a88c4696897806fb8514f49ad,S0004571,44,45,productive_iteration,False,True,False,False,False,,2.0
StressFresh100,StressFresh100_T000009,9459f9739998ea80967bcdb519ff724a5427574a88c4696897806fb8514f49ad,S0004572,46,48,unproductive_cycle,False,False,True,False,False,,3.0
StressFresh100,StressFresh100_T000009,9459f9739998ea80967bcdb519ff724a5427574a88c4696897806fb8514f49ad,S0004573,49,50,productive_iteration,False,True,False,False,False,,2.0
StressFresh100,StressFresh100_T000010,c0a598c8d375463a24e1d480f1d824f86b46efdf06eda517a779fbc23aa5ead2,S0004574,0,0,productive_iteration,False,True,False,False,False,,1.0
StressFresh100,StressFresh100_T000010,c0a598c8d375463a24e1d480f1d824f86b46efdf06eda517a779fbc23aa5ead2,S0004575,3,5,productive_iteration,False,True,False,False,False,,3.0
StressFresh100,StressFresh100_T000010,c0a598c8d375463a24e1d480f1d824f86b46efdf06eda517a779fbc23aa5ead2,S0004576,6,20,unproductive_cycle,False,False,True,False,False,,15.0
StressFresh100,StressFresh100_T000010,c0a598c8d375463a24e1d480f1d824f86b46efdf06eda517a779fbc23aa5ead2,S0004577,21,21,productive_iteration,False,True,False,False,False,,1.0
StressFresh100,StressFresh100_T000010,c0a598c8d375463a24e1d480f1d824f86b46efdf06eda517a779fbc23aa5ead2,S0004578,22,26,unproductive_cycle,False,False,True,False,False,,5.0
StressFresh100,StressFresh100_T000011,7f50eabf245f789c54707ceb57e18394640d5332f24c3b151051748aa7ff356e,S0004579,6,23,unproductive_cycle,False,False,True,False,False,,18.0
StressFresh100,StressFresh100_T000012,22b7b5f1e20d0d5111267224aa5d5ec7799b8b33faf40b7a47e347e934414010,S0004580,0,0,productive_iteration,False,True,False,False,False,,1.0
StressFresh100,StressFresh100_T000012,22b7b5f1e20d0d5111267224aa5d5ec7799b8b33faf40b7a47e347e934414010,S0004581,3,4,unproductive_cycle,False,False,True,False,False,,2.0
StressFresh100,StressFresh100_T000012,22b7b5f1e20d0d5111267224aa5d5ec7799b8b33faf40b7a47e347e934414010,S0004582,5,6,productive_iteration,False,True,False,False,False,,2.0
StressFresh100,StressFresh100_T000012,22b7b5f1e20d0d5111267224aa5d5ec7799b8b33faf40b7a47e347e934414010,S0004583,7,9,unproductive_cycle,False,False,True,False,False,,3.0
StressFresh100,StressFresh100_T000012,22b7b5f1e20d0d5111267224aa5d5ec7799b8b33faf40b7a47e347e934414010,S0004584,11,11,unproductive_cycle,False,False,True,False,False,,1.0
StressFresh100,StressFresh100_T000013,224fa0cbadaac13958575d095b834d3cff5b3f937c2e7e665899d8952b62865c,S0004585,3,3,unproductive_cycle,False,False,True,False,False,,1.0
StressFresh100,StressFresh100_T000013,224fa0cbadaac13958575d095b834d3cff5b3f937c2e7e665899d8952b62865c,S0004586,4,4,productive_iteration,False,True,False,False,False,,1.0
StressFresh100,StressFresh100_T000013,224fa0cbadaac13958575d095b834d3cff5b3f937c2e7e665899d8952b62865c,S0004587,5,6,unproductive_cycle,False,False,True,False,False,,2.0
StressFresh100,StressFresh100_T000013,224fa0cbadaac13958575d095b834d3cff5b3f937c2e7e665899d8952b62865c,S0004588,7,8,productive_iteration,False,True,False,False,False,,2.0
StressFresh100,StressFresh100_T000014,05e05d4c2947556b170eb381864b1daef5d19e68c6d418056e481d7beff69d63,S0004589,4,5,productive_iteration,True,True,False,False,False,,2.0
StressFresh100,StressFresh100_T000014,05e05d4c2947556b170eb381864b1daef5d19e68c6d418056e481d7beff69d63,S0004590,7,11,unproductive_cycle,False,False,True,False,False,,5.0
StressFresh100,StressFresh100_T000015,ca3a05973fa8a45097cfc56aa901342d1cf11b3523c4430c2cd1bf768536373a,S0004591,2,15,unproductive_cycle,False,False,True,False,False,,14.0
StressFresh100,StressFresh100_T000015,ca3a05973fa8a45097cfc56aa901342d1cf11b3523c4430c2cd1bf768536373a,S0004592,17,23,unproductive_cycle,False,False,True,False,False,,7.0
StressFresh100,StressFresh100_T000016,57c05fee43398a84d9d86e6ecb80ce4c5714fdc282e5c54279e527038d4b7013,S0004593,0,8,productive_iteration,False,True,False,False,False,,9.0
StressFresh100,StressFresh100_T000016,57c05fee43398a84d9d86e6ecb80ce4c5714fdc282e5c54279e527038d4b7013,S0004594,9,15,unproductive_cycle,False,False,True,False,False,,7.0
StressFresh100,StressFresh100_T000016,57c05fee43398a84d9d86e6ecb80ce4c5714fdc282e5c54279e527038d4b7013,S0004595,16,17,productive_iteration,False,True,False,False,False,,2.0
StressFresh100,StressFresh100_T000016,57c05fee43398a84d9d86e6ecb80ce4c5714fdc282e5c54279e527038d4b7013,S0004596,18,31,unproductive_cycle,False,False,True,False,False,,14.0
StressFresh100,StressFresh100_T000017,db7a465d0ba6b04f62c89985b3af6a3c3ef03c24d5fd240011fedf88c8b1e450,S0004597,0,3,productive_iteration,False,True,False,False,False,,4.0
StressFresh100,StressFresh100_T000017,db7a465d0ba6b04f62c89985b3af6a3c3ef03c24d5fd240011fedf88c8b1e450,S0004598,5,5,unproductive_cycle,False,False,True,False,False,,1.0
StressFresh100,StressFresh100_T000017,db7a465d0ba6b04f62c89985b3af6a3c3ef03c24d5fd240011fedf88c8b1e450,S0004599,6,8,productive_iteration,False,True,False,False,False,,3.0
StressFresh100,StressFresh100_T000017,db7a465d0ba6b04f62c89985b3af6a3c3ef03c24d5fd240011fedf88c8b1e450,S0004600,9,9,unproductive_cycle,False,False,True,False,False,,1.0
StressFresh100,StressFresh100_T000018,f573d713da2357bfd72e5493299a11eea0ac3867ffe4ca7759c0b81b25076ec9,S0004601,0,0,productive_iteration,False,True,False,False,False,,1.0
StressFresh100,StressFresh100_T000018,f573d713da2357bfd72e5493299a11eea0ac3867ffe4ca7759c0b81b25076ec9,S0004602,2,2,productive_iteration,False,True,False,False,False,,1.0
StressFresh100,StressFresh100_T000018,f573d713da2357bfd72e5493299a11eea0ac3867ffe4ca7759c0b81b25076ec9,S0004603,4,7,unproductive_cycle,False,False,True,False,False,,4.0
StressFresh100,StressFresh100_T000019,45692b306dfd8b9db79b0d88c36b4aebce30159f1bd7846932b91884aabfacd1,S0004604,8,8,productive_iteration,False,True,False,False,False,,1.0
StressFresh100,StressFresh100_T000019,45692b306dfd8b9db79b0d88c36b4aebce30159f1bd7846932b91884aabfacd1,S0004605,9,9,unproductive_cycle,False,False,True,False,False,,1.0
StressFresh100,StressFresh100_T000019,45692b306dfd8b9db79b0d88c36b4aebce30159f1bd7846932b91884aabfacd1,S0004606,10,11,productive_iteration,False,True,False,False,False,,2.0
StressFresh100,StressFresh100_T000019,45692b306dfd8b9db79b0d88c36b4aebce30159f1bd7846932b91884aabfacd1,S0004607,12,12,unproductive_cycle,False,False,True,False,False,,1.0
StressFresh100,StressFresh100_T000019,45692b306dfd8b9db79b0d88c36b4aebce30159f1bd7846932b91884aabfacd1,S0004608,13,16,productive_iteration,False,True,False,False,False,,4.0
StressFresh100,StressFresh100_T000019,45692b306dfd8b9db79b0d88c36b4aebce30159f1bd7846932b91884aabfacd1,S0004609,17,21,unproductive_cycle,False,False,True,False,False,,5.0
StressFresh100,StressFresh100_T000019,45692b306dfd8b9db79b0d88c36b4aebce30159f1bd7846932b91884aabfacd1,S0004610,22,22,productive_iteration,False,True,False,False,False,,1.0
StressFresh100,StressFresh100_T000020,c88628ac07d356bee07bdaaacf483119bfa4a26673742164909e08c445686e41,S0004611,0,5,productive_iteration,False,True,False,False,False,,6.0
StressFresh100,StressFresh100_T000020,c88628ac07d356bee07bdaaacf483119bfa4a26673742164909e08c445686e41,S0004612,7,8,productive_iteration,False,True,False,False,False,,2.0
StressFresh100,StressFresh100_T000020,c88628ac07d356bee07bdaaacf483119bfa4a26673742164909e08c445686e41,S0004613,10,10,productive_iteration,False,True,False,False,False,,1.0
StressFresh100,StressFresh100_T000020,c88628ac07d356bee07bdaaacf483119bfa4a26673742164909e08c445686e41,S0004614,11,12,unproductive_cycle,False,False,True,False,False,,2.0
StressFresh100,StressFresh100_T000020,c88628ac07d356bee07bdaaacf483119bfa4a26673742164909e08c445686e41,S0004615,13,16,productive_iteration,False,True,False,False,False,,4.0
StressFresh100,StressFresh100_T000020,c88628ac07d356bee07bdaaacf483119bfa4a26673742164909e08c445686e41,S0004616,17,18,unproductive_cycle,False,False,True,False,False,,2.0
StressFresh100,StressFresh100_T000020,c88628ac07d356bee07bdaaacf483119bfa4a26673742164909e08c445686e41,S0004617,19,21,productive_iteration,False,True,False,False,False,,3.0
StressFresh100,StressFresh100_T000020,c88628ac07d356bee07bdaaacf483119bfa4a26673742164909e08c445686e41,S0004618,22,37,unproductive_cycle,False,False,True,False,False,,16.0
StressFresh100,StressFresh100_T000021,d05b61faf40dbab31306d3f00ee318cfbefd750f384da0aa64234d33b29c2e2d,S0004619,0,4,productive_iteration,False,True,False,False,False,,5.0
StressFresh100,StressFresh100_T000021,d05b61faf40dbab31306d3f00ee318cfbefd750f384da0aa64234d33b29c2e2d,S0004620,5,7,unproductive_cycle,False,False,True,False,False,,3.0
StressFresh100,StressFresh100_T000021,d05b61faf40dbab31306d3f00ee318cfbefd750f384da0aa64234d33b29c2e2d,S0004621,8,8,productive_iteration,True,True,False,False,False,,1.0
StressFresh100,StressFresh100_T000021,d05b61faf40dbab31306d3f00ee318cfbefd750f384da0aa64234d33b29c2e2d,S0004622,9,9,unproductive_cycle,False,False,True,False,False,,1.0
StressFresh100,StressFresh100_T000022,965ae8d15d6ba29ca5f8de0f09c3d625969bf5e3c806adac70810c843d02b099,S0004623,1,5,unproductive_cycle,False,False,True,False,False,,5.0
StressFresh100,StressFresh100_T000022,965ae8d15d6ba29ca5f8de0f09c3d625969bf5e3c806adac70810c843d02b099,S0004624,6,6,productive_iteration,False,True,False,False,False,,1.0
StressFresh100,StressFresh100_T000022,965ae8d15d6ba29ca5f8de0f09c3d625969bf5e3c806adac70810c843d02b099,S0004625,8,9,productive_iteration,False,True,False,False,False,,2.0
StressFresh100,StressFresh100_T000022,965ae8d15d6ba29ca5f8de0f09c3d625969bf5e3c806adac70810c843d02b099,S0004626,10,10,unproductive_cycle,False,False,True,False,False,,1.0
StressFresh100,StressFresh100_T000022,965ae8d15d6ba29ca5f8de0f09c3d625969bf5e3c806adac70810c843d02b099,S0004627,11,12,productive_iteration,True,True,False,False,False,,2.0
StressFresh100,StressFresh100_T000023,da052f865425aec706895c510d19e289d4c07d4be7f858c84911da379ff234cb,S0004628,2,5,productive_iteration,False,True,False,False,False,,4.0
StressFresh100,StressFresh100_T000023,da052f865425aec706895c510d19e289d4c07d4be7f858c84911da379ff234cb,S0004629,6,70,unproductive_cycle,False,False,True,False,False,,65.0
StressFresh100,StressFresh100_T000024,22fdee8fbbece0ed14943d83dafacb0ea9aa5a4a5abe8d7c10f11e9041c19dd8,S0004630,6,8,unproductive_cycle,False,False,True,False,False,,3.0
StressFresh100,StressFresh100_T000024,22fdee8fbbece0ed14943d83dafacb0ea9aa5a4a5abe8d7c10f11e9041c19dd8,S0004631,10,11,unproductive_cycle,False,False,True,False,False,,2.0
StressFresh100,StressFresh100_T000024,22fdee8fbbece0ed14943d83dafacb0ea9aa5a4a5abe8d7c10f11e9041c19dd8,S0004632,18,32,unproductive_cycle,False,False,True,False,False,,15.0
StressFresh100,StressFresh100_T000025,f0dd84287aec5a4d1fe5cfc138243b9d2fb35e8d23915dc34c7e1438dddd00ff,S0004633,5,5,productive_iteration,False,True,False,False,False,,1.0
StressFresh100,StressFresh100_T000025,f0dd84287aec5a4d1fe5cfc138243b9d2fb35e8d23915dc34c7e1438dddd00ff,S0004634,8,8,productive_iteration,True,True,False,False,False,,1.0
StressFresh100,StressFresh100_T000026,5461a9d3d032dad54f3a326269ddc3eaa21da083d49e31832bcfaa33c4696cd2,S0004635,6,8,unproductive_cycle,False,False,True,False,False,,3.0
StressFresh100,StressFresh100_T000026,5461a9d3d032dad54f3a326269ddc3eaa21da083d49e31832bcfaa33c4696cd2,S0004636,11,14,unproductive_cycle,False,False,True,False,False,,4.0
StressFresh100,StressFresh100_T000027,db4d5176c39a75b66a7b11b16f06661fc766a57caab6e63a3503b04b55b04d4e,S0004637,1,3,productive_iteration,False,True,False,False,False,,3.0
StressFresh100,StressFresh100_T000027,db4d5176c39a75b66a7b11b16f06661fc766a57caab6e63a3503b04b55b04d4e,S0004638,4,12,unproductive_cycle,False,False,True,False,False,,9.0
StressFresh100,StressFresh100_T000027,db4d5176c39a75b66a7b11b16f06661fc766a57caab6e63a3503b04b55b04d4e,S0004639,14,16,unproductive_cycle,False,False,True,False,False,,3.0
StressFresh100,StressFresh100_T000028,4462e9176dffdc62e6da4db7c1a0054f7768a71b4e63b8bcd875cb330ac20934,S0004640,3,5,unproductive_cycle,False,False,True,False,False,,3.0
StressFresh100,StressFresh100_T000028,4462e9176dffdc62e6da4db7c1a0054f7768a71b4e63b8bcd875cb330ac20934,S0004641,10,11,productive_iteration,False,True,False,False,False,,2.0
StressFresh100,StressFresh100_T000029,738f5e3f179f393570a147220416d82db1eee0e83061691ab69e309813ab8551,S0004642,0,1,productive_iteration,False,True,False,False,False,,2.0
StressFresh100,StressFresh100_T000029,738f5e3f179f393570a147220416d82db1eee0e83061691ab69e309813ab8551,S0004643,6,22,productive_iteration,True,True,False,False,False,,17.0
StressFresh100,StressFresh100_T000029,738f5e3f179f393570a147220416d82db1eee0e83061691ab69e309813ab8551,S0004644,23,23,unproductive_cycle,False,False,True,False,False,,1.0
StressFresh100,StressFresh100_T000030,1d58fd0d991c54f30c3a04bc2160884f3e620897d319a88d7f2dc1602ee440de,S0004645,8,10,productive_iteration,True,True,False,False,False,,3.0
StressFresh100,StressFresh100_T000031,79ebac843584e2139b357b1c18861e8c80543c8a2fdcacb1f881dabccf5fa456,S0004646,0,6,productive_iteration,False,True,False,False,False,,7.0
StressFresh100,StressFresh100_T000031,79ebac843584e2139b357b1c18861e8c80543c8a2fdcacb1f881dabccf5fa456,S0004647,9,10,unproductive_cycle,False,False,True,False,False,,2.0
StressFresh100,StressFresh100_T000031,79ebac843584e2139b357b1c18861e8c80543c8a2fdcacb1f881dabccf5fa456,S0004648,14,146,unproductive_cycle,False,False,True,False,False,,133.0
StressFresh100,StressFresh100_T000032,460e3e9a09e8c9b49a365b34ba3e73cdb086c92be3d1986f60b354c9ae24fa23,S0004649,0,4,productive_iteration,False,True,False,False,False,,5.0
StressFresh100,StressFresh100_T000032,460e3e9a09e8c9b49a365b34ba3e73cdb086c92be3d1986f60b354c9ae24fa23,S0004650,5,6,unproductive_cycle,False,False,True,False,False,,2.0
StressFresh100,StressFresh100_T000032,460e3e9a09e8c9b49a365b34ba3e73cdb086c92be3d1986f60b354c9ae24fa23,S0004651,7,13,productive_iteration,False,True,False,False,False,,7.0
StressFresh100,StressFresh100_T000032,460e3e9a09e8c9b49a365b34ba3e73cdb086c92be3d1986f60b354c9ae24fa23,S0004652,14,14,unproductive_cycle,False,False,True,False,False,,1.0
StressFresh100,StressFresh100_T000032,460e3e9a09e8c9b49a365b34ba3e73cdb086c92be3d1986f60b354c9ae24fa23,S0004653,15,15,productive_iteration,False,True,False,False,False,,1.0
StressFresh100,StressFresh100_T000032,460e3e9a09e8c9b49a365b34ba3e73cdb086c92be3d1986f60b354c9ae24fa23,S0004654,16,17,unproductive_cycle,False,False,True,False,False,,2.0
StressFresh100,StressFresh100_T000032,460e3e9a09e8c9b49a365b34ba3e73cdb086c92be3d1986f60b354c9ae24fa23,S0004655,18,18,productive_iteration,False,True,False,False,False,,1.0
StressFresh100,StressFresh100_T000032,460e3e9a09e8c9b49a365b34ba3e73cdb086c92be3d1986f60b354c9ae24fa23,S0004656,19,19,unproductive_cycle,False,False,True,False,False,,1.0
StressFresh100,StressFresh100_T000032,460e3e9a09e8c9b49a365b34ba3e73cdb086c92be3d1986f60b354c9ae24fa23,S0004657,20,20,productive_iteration,False,True,False,False,False,,1.0
StressFresh100,StressFresh100_T000032,460e3e9a09e8c9b49a365b34ba3e73cdb086c92be3d1986f60b354c9ae24fa23,S0004658,21,22,unproductive_cycle,False,False,True,False,False,,2.0
StressFresh100,StressFresh100_T000032,460e3e9a09e8c9b49a365b34ba3e73cdb086c92be3d1986f60b354c9ae24fa23,S0004659,23,23,productive_iteration,True,True,False,False,False,,1.0
StressFresh100,StressFresh100_T000032,460e3e9a09e8c9b49a365b34ba3e73cdb086c92be3d1986f60b354c9ae24fa23,S0004660,24,24,unproductive_cycle,False,False,True,False,False,,1.0
StressFresh100,StressFresh100_T000032,460e3e9a09e8c9b49a365b34ba3e73cdb086c92be3d1986f60b354c9ae24fa23,S0004661,25,25,productive_iteration,True,True,False,False,False,,1.0
StressFresh100,StressFresh100_T000032,460e3e9a09e8c9b49a365b34ba3e73cdb086c92be3d1986f60b354c9ae24fa23,S0004662,26,55,unproductive_cycle,False,False,True,False,False,,30.0
StressFresh100,StressFresh100_T000033,6b4efe67d208b4b7ffd4bc30b465d5e19bfc5546bbbe1699c8d0142f5f1f323b,S0004663,0,4,productive_iteration,False,True,False,False,False,,5.0
StressFresh100,StressFresh100_T000033,6b4efe67d208b4b7ffd4bc30b465d5e19bfc5546bbbe1699c8d0142f5f1f323b,S0004664,8,17,productive_iteration,False,True,False,False,False,,10.0
StressFresh100,StressFresh100_T000033,6b4efe67d208b4b7ffd4bc30b465d5e19bfc5546bbbe1699c8d0142f5f1f323b,S0004665,18,26,unproductive_cycle,False,False,True,False,False,,9.0
StressFresh100,StressFresh100_T000034,2816e442729eace9b26e6cb622788d035b3ddd3db1c44f7fb6938a8f0a4de49f,S0004666,10,10,productive_iteration,False,True,False,False,False,,1.0
StressFresh100,StressFresh100_T000034,2816e442729eace9b26e6cb622788d035b3ddd3db1c44f7fb6938a8f0a4de49f,S0004667,11,16,unproductive_cycle,False,False,True,False,False,,6.0
StressFresh100,StressFresh100_T000034,2816e442729eace9b26e6cb622788d035b3ddd3db1c44f7fb6938a8f0a4de49f,S0004668,17,17,productive_iteration,False,True,False,False,False,,1.0
StressFresh100,StressFresh100_T000034,2816e442729eace9b26e6cb622788d035b3ddd3db1c44f7fb6938a8f0a4de49f,S0004669,18,27,unproductive_cycle,False,False,True,False,False,,10.0
StressFresh100,StressFresh100_T000035,782cea9926b68436640bd7bbba6c9706ab8b7c42d2e6a834fbbc43472c93b24c,S0004670,3,8,productive_iteration,False,True,False,False,False,,6.0
StressFresh100,StressFresh100_T000035,782cea9926b68436640bd7bbba6c9706ab8b7c42d2e6a834fbbc43472c93b24c,S0004671,9,15,unproductive_cycle,False,False,True,False,False,,7.0
StressFresh100,StressFresh100_T000035,782cea9926b68436640bd7bbba6c9706ab8b7c42d2e6a834fbbc43472c93b24c,S0004672,16,42,productive_iteration,True,True,False,False,False,,27.0
StressFresh100,StressFresh100_T000036,e086fa3b46d6313d2a74e106314f91563e7b768573dbbafef9b1b3d89cd4f1c4,S0004673,3,3,unproductive_cycle,False,False,True,False,False,,1.0
StressFresh100,StressFresh100_T000036,e086fa3b46d6313d2a74e106314f91563e7b768573dbbafef9b1b3d89cd4f1c4,S0004674,4,10,productive_iteration,False,True,False,False,False,,7.0
StressFresh100,StressFresh100_T000036,e086fa3b46d6313d2a74e106314f91563e7b768573dbbafef9b1b3d89cd4f1c4,S0004675,11,11,unproductive_cycle,False,False,True,False,False,,1.0
StressFresh100,StressFresh100_T000036,e086fa3b46d6313d2a74e106314f91563e7b768573dbbafef9b1b3d89cd4f1c4,S0004676,12,18,productive_iteration,False,True,False,False,False,,7.0
StressFresh100,StressFresh100_T000036,e086fa3b46d6313d2a74e106314f91563e7b768573dbbafef9b1b3d89cd4f1c4,S0004677,19,22,unproductive_cycle,False,False,True,False,False,,4.0
StressFresh100,StressFresh100_T000036,e086fa3b46d6313d2a74e106314f91563e7b768573dbbafef9b1b3d89cd4f1c4,S0004678,23,27,productive_iteration,False,True,False,False,False,,5.0
StressFresh100,StressFresh100_T000036,e086fa3b46d6313d2a74e106314f91563e7b768573dbbafef9b1b3d89cd4f1c4,S0004679,28,32,unproductive_cycle,False,False,True,False,False,,5.0
StressFresh100,StressFresh100_T000037,e241a09b5a4207598c25f1556401366c19c6d0df8f84c6252821f87704dfb7e0,S0004680,0,4,productive_iteration,False,True,False,False,False,,5.0
StressFresh100,StressFresh100_T000037,e241a09b5a4207598c25f1556401366c19c6d0df8f84c6252821f87704dfb7e0,S0004681,5,22,unproductive_cycle,False,False,True,False,False,,18.0
StressFresh100,StressFresh100_T000038,4b33782f7903b4f025f9bb94357d4130408f35a263046f9807dd16c75399e6f9,S0004682,0,1,productive_iteration,False,True,False,False,False,,2.0
StressFresh100,StressFresh100_T000038,4b33782f7903b4f025f9bb94357d4130408f35a263046f9807dd16c75399e6f9,S0004683,2,2,unproductive_cycle,False,False,True,False,False,,1.0
StressFresh100,StressFresh100_T000038,4b33782f7903b4f025f9bb94357d4130408f35a263046f9807dd16c75399e6f9,S0004684,3,6,productive_iteration,False,True,False,False,False,,4.0
StressFresh100,StressFresh100_T000038,4b33782f7903b4f025f9bb94357d4130408f35a263046f9807dd16c75399e6f9,S0004685,7,7,unproductive_cycle,False,False,True,False,False,,1.0
StressFresh100,StressFresh100_T000038,4b33782f7903b4f025f9bb94357d4130408f35a263046f9807dd16c75399e6f9,S0004686,8,14,productive_iteration,False,True,False,False,False,,7.0
StressFresh100,StressFresh100_T000038,4b33782f7903b4f025f9bb94357d4130408f35a263046f9807dd16c75399e6f9,S0004687,15,15,unproductive_cycle,False,False,True,False,False,,1.0
StressFresh100,StressFresh100_T000038,4b33782f7903b4f025f9bb94357d4130408f35a263046f9807dd16c75399e6f9,S0004688,17,17,unproductive_cycle,False,False,True,False,False,,1.0
StressFresh100,StressFresh100_T000038,4b33782f7903b4f025f9bb94357d4130408f35a263046f9807dd16c75399e6f9,S0004689,19,24,productive_iteration,False,True,False,False,False,,6.0
StressFresh100,StressFresh100_T000038,4b33782f7903b4f025f9bb94357d4130408f35a263046f9807dd16c75399e6f9,S0004690,28,28,productive_iteration,False,True,False,False,False,,1.0
StressFresh100,StressFresh100_T000038,4b33782f7903b4f025f9bb94357d4130408f35a263046f9807dd16c75399e6f9,S0004691,29,31,unproductive_cycle,False,False,True,False,False,,3.0
StressFresh100,StressFresh100_T000039,42792b5b64d448831cbd97c2aa6e280852f0a2b73a4191e58c1accb081cd0dd8,S0004692,0,2,productive_iteration,False,True,False,False,False,,3.0
StressFresh100,StressFresh100_T000039,42792b5b64d448831cbd97c2aa6e280852f0a2b73a4191e58c1accb081cd0dd8,S0004693,4,7,unproductive_cycle,False,False,True,False,False,,4.0
StressFresh100,StressFresh100_T000039,42792b5b64d448831cbd97c2aa6e280852f0a2b73a4191e58c1accb081cd0dd8,S0004694,8,9,productive_iteration,True,True,False,False,False,,2.0
StressFresh100,StressFresh100_T000039,42792b5b64d448831cbd97c2aa6e280852f0a2b73a4191e58c1accb081cd0dd8,S0004695,10,13,unproductive_cycle,False,False,True,False,False,,4.0
StressFresh100,StressFresh100_T000039,42792b5b64d448831cbd97c2aa6e280852f0a2b73a4191e58c1accb081cd0dd8,S0004696,14,16,productive_iteration,False,True,False,False,False,,3.0
StressFresh100,StressFresh100_T000039,42792b5b64d448831cbd97c2aa6e280852f0a2b73a4191e58c1accb081cd0dd8,S0004697,17,17,unproductive_cycle,False,False,True,False,False,,1.0
StressFresh100,StressFresh100_T000039,42792b5b64d448831cbd97c2aa6e280852f0a2b73a4191e58c1accb081cd0dd8,S0004698,18,21,productive_iteration,False,True,False,False,False,,4.0
StressFresh100,StressFresh100_T000039,42792b5b64d448831cbd97c2aa6e280852f0a2b73a4191e58c1accb081cd0dd8,S0004699,22,47,unproductive_cycle,False,False,True,False,False,,26.0
StressFresh100,StressFresh100_T000039,42792b5b64d448831cbd97c2aa6e280852f0a2b73a4191e58c1accb081cd0dd8,S0004700,48,49,productive_iteration,False,True,False,False,False,,2.0
StressFresh100,StressFresh100_T000039,42792b5b64d448831cbd97c2aa6e280852f0a2b73a4191e58c1accb081cd0dd8,S0004701,50,58,unproductive_cycle,False,False,True,False,False,,9.0
StressFresh100,StressFresh100_T000040,b9b39ee78421746192d5c3ad305019e6362e88b206fecbb97449697c7f6dce9b,S0004702,0,1,productive_iteration,False,True,False,False,False,,2.0
StressFresh100,StressFresh100_T000040,b9b39ee78421746192d5c3ad305019e6362e88b206fecbb97449697c7f6dce9b,S0004703,2,8,unproductive_cycle,False,False,True,False,False,,7.0
StressFresh100,StressFresh100_T000040,b9b39ee78421746192d5c3ad305019e6362e88b206fecbb97449697c7f6dce9b,S0004704,9,15,productive_iteration,False,True,False,False,False,,7.0
StressFresh100,StressFresh100_T000040,b9b39ee78421746192d5c3ad305019e6362e88b206fecbb97449697c7f6dce9b,S0004705,16,16,unproductive_cycle,False,False,True,False,False,,1.0
StressFresh100,StressFresh100_T000040,b9b39ee78421746192d5c3ad305019e6362e88b206fecbb97449697c7f6dce9b,S0004706,17,21,productive_iteration,False,True,False,False,False,,5.0
StressFresh100,StressFresh100_T000040,b9b39ee78421746192d5c3ad305019e6362e88b206fecbb97449697c7f6dce9b,S0004707,22,22,unproductive_cycle,False,False,True,False,False,,1.0
StressFresh100,StressFresh100_T000040,b9b39ee78421746192d5c3ad305019e6362e88b206fecbb97449697c7f6dce9b,S0004708,23,24,productive_iteration,False,True,False,False,False,,2.0
StressFresh100,StressFresh100_T000040,b9b39ee78421746192d5c3ad305019e6362e88b206fecbb97449697c7f6dce9b,S0004709,25,26,unproductive_cycle,False,False,True,False,False,,2.0
StressFresh100,StressFresh100_T000041,308e40c2ba0681c4b845810e1c3666af70e6d7477a0aeb301224c0ce662a2130,S0004710,0,6,productive_iteration,False,True,False,False,False,,7.0
StressFresh100,StressFresh100_T000042,df1aa3feaeae5be2709487a3647894a23b8f584e33e2f3f169871aa16c245349,S0004711,0,13,productive_iteration,True,True,False,False,False,,14.0
StressFresh100,StressFresh100_T000043,1bc8dcf37ba330bacf119cac13a4c4d9d26be11694e48a5ff3c61023f1a2587c,S0004712,0,13,productive_iteration,True,True,False,False,False,,14.0
StressFresh100,StressFresh100_T000044,4f15f236016036637e59e48a191562348969b8ba693a009fcf5b5eff24e309f6,S0004713,5,7,productive_iteration,False,True,False,False,False,,3.0
StressFresh100,StressFresh100_T000044,4f15f236016036637e59e48a191562348969b8ba693a009fcf5b5eff24e309f6,S0004714,8,9,unproductive_cycle,False,False,True,False,False,,2.0
StressFresh100,StressFresh100_T000044,4f15f236016036637e59e48a191562348969b8ba693a009fcf5b5eff24e309f6,S0004715,13,16,unproductive_cycle,False,False,True,False,False,,4.0
StressFresh100,StressFresh100_T000045,c4159cb4a0ed72bb14872d1dc1af71fb5cfd840d084fb059258d94a5797f6f4c,S0004716,0,20,productive_iteration,False,True,False,False,False,,21.0
StressFresh100,StressFresh100_T000045,c4159cb4a0ed72bb14872d1dc1af71fb5cfd840d084fb059258d94a5797f6f4c,S0004717,21,22,unproductive_cycle,False,False,True,False,False,,2.0
StressFresh100,StressFresh100_T000045,c4159cb4a0ed72bb14872d1dc1af71fb5cfd840d084fb059258d94a5797f6f4c,S0004718,23,25,productive_iteration,True,True,False,False,False,,3.0
StressFresh100,StressFresh100_T000045,c4159cb4a0ed72bb14872d1dc1af71fb5cfd840d084fb059258d94a5797f6f4c,S0004719,26,27,unproductive_cycle,False,False,True,False,False,,2.0
StressFresh100,StressFresh100_T000045,c4159cb4a0ed72bb14872d1dc1af71fb5cfd840d084fb059258d94a5797f6f4c,S0004720,28,28,productive_iteration,True,True,False,False,False,,1.0
StressFresh100,StressFresh100_T000045,c4159cb4a0ed72bb14872d1dc1af71fb5cfd840d084fb059258d94a5797f6f4c,S0004721,29,31,unproductive_cycle,False,False,True,False,False,,3.0
StressFresh100,StressFresh100_T000045,c4159cb4a0ed72bb14872d1dc1af71fb5cfd840d084fb059258d94a5797f6f4c,S0004722,32,33,productive_iteration,False,True,False,False,False,,2.0
StressFresh100,StressFresh100_T000045,c4159cb4a0ed72bb14872d1dc1af71fb5cfd840d084fb059258d94a5797f6f4c,S0004723,34,35,unproductive_cycle,False,False,True,False,False,,2.0
StressFresh100,StressFresh100_T000045,c4159cb4a0ed72bb14872d1dc1af71fb5cfd840d084fb059258d94a5797f6f4c,S0004724,36,36,productive_iteration,True,True,False,False,False,,1.0
StressFresh100,StressFresh100_T000045,c4159cb4a0ed72bb14872d1dc1af71fb5cfd840d084fb059258d94a5797f6f4c,S0004725,37,38,unproductive_cycle,False,False,True,False,False,,2.0
StressFresh100,StressFresh100_T000045,c4159cb4a0ed72bb14872d1dc1af71fb5cfd840d084fb059258d94a5797f6f4c,S0004726,39,39,productive_iteration,True,True,False,False,False,,1.0
StressFresh100,StressFresh100_T000045,c4159cb4a0ed72bb14872d1dc1af71fb5cfd840d084fb059258d94a5797f6f4c,S0004727,40,43,unproductive_cycle,False,False,True,False,False,,4.0
StressFresh100,StressFresh100_T000045,c4159cb4a0ed72bb14872d1dc1af71fb5cfd840d084fb059258d94a5797f6f4c,S0004728,44,44,productive_iteration,False,True,False,False,False,,1.0
StressFresh100,StressFresh100_T000045,c4159cb4a0ed72bb14872d1dc1af71fb5cfd840d084fb059258d94a5797f6f4c,S0004729,45,66,unproductive_cycle,False,False,True,False,False,,22.0
StressFresh100,StressFresh100_T000046,d5b971143817982ada57bb3f1ff87081a4fbca0140d4db7c5e5b71ba037bb430,S0004730,19,21,unproductive_cycle,False,False,True,False,False,,3.0
StressFresh100,StressFresh100_T000047,a14e25682473ca3c4d93f1d1fa2b759d75b225ad7aa50c914dfce5615526e9ff,S0004731,0,2,productive_iteration,False,True,False,False,False,,3.0
StressFresh100,StressFresh100_T000047,a14e25682473ca3c4d93f1d1fa2b759d75b225ad7aa50c914dfce5615526e9ff,S0004732,7,7,productive_iteration,False,True,False,False,False,,1.0
StressFresh100,StressFresh100_T000047,a14e25682473ca3c4d93f1d1fa2b759d75b225ad7aa50c914dfce5615526e9ff,S0004733,11,11,productive_iteration,False,True,False,False,False,,1.0
StressFresh100,StressFresh100_T000047,a14e25682473ca3c4d93f1d1fa2b759d75b225ad7aa50c914dfce5615526e9ff,S0004734,15,17,productive_iteration,False,True,False,False,False,,3.0
StressFresh100,StressFresh100_T000047,a14e25682473ca3c4d93f1d1fa2b759d75b225ad7aa50c914dfce5615526e9ff,S0004735,19,21,productive_iteration,False,True,False,False,False,,3.0
StressFresh100,StressFresh100_T000047,a14e25682473ca3c4d93f1d1fa2b759d75b225ad7aa50c914dfce5615526e9ff,S0004736,24,26,productive_iteration,False,True,False,False,False,,3.0
StressFresh100,StressFresh100_T000047,a14e25682473ca3c4d93f1d1fa2b759d75b225ad7aa50c914dfce5615526e9ff,S0004737,28,30,productive_iteration,False,True,False,False,False,,3.0
StressFresh100,StressFresh100_T000047,a14e25682473ca3c4d93f1d1fa2b759d75b225ad7aa50c914dfce5615526e9ff,S0004738,32,33,productive_iteration,False,True,False,False,False,,2.0
StressFresh100,StressFresh100_T000047,a14e25682473ca3c4d93f1d1fa2b759d75b225ad7aa50c914dfce5615526e9ff,S0004739,35,39,productive_iteration,False,True,False,False,False,,5.0
StressFresh100,StressFresh100_T000048,ebd14b8050bc9e6b40fb81e0469c408cf2a2d12f0d184b3c57b8aa810ed35fdc,S0004740,0,1,productive_iteration,False,True,False,False,False,,2.0
StressFresh100,StressFresh100_T000048,ebd14b8050bc9e6b40fb81e0469c408cf2a2d12f0d184b3c57b8aa810ed35fdc,S0004741,3,6,productive_iteration,False,True,False,False,False,,4.0
StressFresh100,StressFresh100_T000048,ebd14b8050bc9e6b40fb81e0469c408cf2a2d12f0d184b3c57b8aa810ed35fdc,S0004742,8,14,productive_iteration,False,True,False,False,False,,7.0
StressFresh100,StressFresh100_T000048,ebd14b8050bc9e6b40fb81e0469c408cf2a2d12f0d184b3c57b8aa810ed35fdc,S0004743,19,24,unproductive_cycle,False,False,True,False,False,,6.0
StressFresh100,StressFresh100_T000049,0b5376472f19c212bcc964205655b1d45ac3e98c44171d4923a40d5af0a6f839,S0004744,1,1,productive_iteration,False,True,False,False,False,,1.0
StressFresh100,StressFresh100_T000049,0b5376472f19c212bcc964205655b1d45ac3e98c44171d4923a40d5af0a6f839,S0004745,3,3,unproductive_cycle,False,False,True,False,False,,1.0
StressFresh100,StressFresh100_T000049,0b5376472f19c212bcc964205655b1d45ac3e98c44171d4923a40d5af0a6f839,S0004746,4,4,productive_iteration,False,True,False,False,False,,1.0
StressFresh100,StressFresh100_T000049,0b5376472f19c212bcc964205655b1d45ac3e98c44171d4923a40d5af0a6f839,S0004747,5,5,unproductive_cycle,False,False,True,False,False,,1.0
StressFresh100,StressFresh100_T000049,0b5376472f19c212bcc964205655b1d45ac3e98c44171d4923a40d5af0a6f839,S0004748,7,8,productive_iteration,True,True,False,False,False,,2.0
StressFresh100,StressFresh100_T000049,0b5376472f19c212bcc964205655b1d45ac3e98c44171d4923a40d5af0a6f839,S0004749,10,10,unproductive_cycle,False,False,True,False,False,,1.0
StressFresh100,StressFresh100_T000049,0b5376472f19c212bcc964205655b1d45ac3e98c44171d4923a40d5af0a6f839,S0004750,11,15,productive_iteration,True,True,False,False,False,,5.0
StressFresh100,StressFresh100_T000049,0b5376472f19c212bcc964205655b1d45ac3e98c44171d4923a40d5af0a6f839,S0004751,16,16,unproductive_cycle,False,False,True,False,False,,1.0
StressFresh100,StressFresh100_T000049,0b5376472f19c212bcc964205655b1d45ac3e98c44171d4923a40d5af0a6f839,S0004752,17,18,productive_iteration,False,True,False,False,False,,2.0
StressFresh100,StressFresh100_T000050,e5a05016a8d27bc4021330c7adbb02e4699c7fc6e69221f250aecec8313deee2,S0004753,4,5,unproductive_cycle,False,False,True,False,False,,2.0
StressFresh100,StressFresh100_T000050,e5a05016a8d27bc4021330c7adbb02e4699c7fc6e69221f250aecec8313deee2,S0004754,10,10,unproductive_cycle,False,False,True,False,False,,1.0
StressFresh100,StressFresh100_T000051,e5dae32698d66044f26f06853ff1e72e5356ef4496d20b0f20971793cf01f8b1,S0004755,0,22,productive_iteration,False,True,False,False,False,,23.0
StressFresh100,StressFresh100_T000051,e5dae32698d66044f26f06853ff1e72e5356ef4496d20b0f20971793cf01f8b1,S0004756,23,24,unproductive_cycle,False,False,True,False,False,,2.0
StressFresh100,StressFresh100_T000051,e5dae32698d66044f26f06853ff1e72e5356ef4496d20b0f20971793cf01f8b1,S0004757,26,31,productive_iteration,False,True,False,False,False,,6.0
StressFresh100,StressFresh100_T000051,e5dae32698d66044f26f06853ff1e72e5356ef4496d20b0f20971793cf01f8b1,S0004758,32,34,unproductive_cycle,False,False,True,False,False,,3.0
StressFresh100,StressFresh100_T000051,e5dae32698d66044f26f06853ff1e72e5356ef4496d20b0f20971793cf01f8b1,S0004759,35,35,productive_iteration,False,True,False,False,False,,1.0
StressFresh100,StressFresh100_T000051,e5dae32698d66044f26f06853ff1e72e5356ef4496d20b0f20971793cf01f8b1,S0004760,36,36,unproductive_cycle,False,False,True,False,False,,1.0
StressFresh100,StressFresh100_T000051,e5dae32698d66044f26f06853ff1e72e5356ef4496d20b0f20971793cf01f8b1,S0004761,37,37,productive_iteration,False,True,False,False,False,,1.0
StressFresh100,StressFresh100_T000051,e5dae32698d66044f26f06853ff1e72e5356ef4496d20b0f20971793cf01f8b1,S0004762,38,50,unproductive_cycle,False,False,True,False,False,,13.0
StressFresh100,StressFresh100_T000051,e5dae32698d66044f26f06853ff1e72e5356ef4496d20b0f20971793cf01f8b1,S0004763,51,52,productive_iteration,False,True,False,False,False,,2.0
StressFresh100,StressFresh100_T000051,e5dae32698d66044f26f06853ff1e72e5356ef4496d20b0f20971793cf01f8b1,S0004764,53,55,unproductive_cycle,False,False,True,False,False,,3.0
StressFresh100,StressFresh100_T000051,e5dae32698d66044f26f06853ff1e72e5356ef4496d20b0f20971793cf01f8b1,S0004765,56,56,productive_iteration,False,True,False,False,False,,1.0
StressFresh100,StressFresh100_T000052,b163f6ff9ed53f700af9c93ff584f23959edd84c73b9a60e11003c46f6e1962e,S0004766,2,3,productive_iteration,False,True,False,False,False,,2.0
StressFresh100,StressFresh100_T000052,b163f6ff9ed53f700af9c93ff584f23959edd84c73b9a60e11003c46f6e1962e,S0004767,5,18,productive_iteration,True,True,False,False,False,,14.0
StressFresh100,StressFresh100_T000053,b8b7e9a7fc29571a3dde9f56aa5aa1d7682f7b4567f0beeaad685c054cc198af,S0004768,1,15,productive_iteration,True,True,False,False,False,,15.0
StressFresh100,StressFresh100_T000054,ae7453e1b1d07891d27548e55c4fcc4bbb62c04db8bcd6251c02e356126618a3,S0004769,0,22,productive_iteration,True,True,False,False,False,,23.0
StressFresh100,StressFresh100_T000054,ae7453e1b1d07891d27548e55c4fcc4bbb62c04db8bcd6251c02e356126618a3,S0004770,23,28,unproductive_cycle,False,False,True,False,False,,6.0
StressFresh100,StressFresh100_T000054,ae7453e1b1d07891d27548e55c4fcc4bbb62c04db8bcd6251c02e356126618a3,S0004771,29,36,productive_iteration,True,True,False,False,False,,8.0
StressFresh100,StressFresh100_T000055,30ed7d8fcfcfcfa46cccac00dafbe65bfa5779a804c469b897ee0e176cc79a4a,S0004772,4,4,unproductive_cycle,False,False,True,False,False,,1.0
StressFresh100,StressFresh100_T000055,30ed7d8fcfcfcfa46cccac00dafbe65bfa5779a804c469b897ee0e176cc79a4a,S0004773,5,6,productive_iteration,True,True,False,False,False,,2.0
StressFresh100,StressFresh100_T000056,f67fcd4e7fabf284abb8b5815ee8fe9df1f421c40f3e215242e2e8fef4b5bd31,S0004774,10,11,productive_iteration,True,True,False,False,False,,2.0
StressFresh100,StressFresh100_T000057,12a0ffb24717381aeab48ebff843dd13cbc4014f1efcac4cea8742d7a2fa5b12,S0004775,0,6,productive_iteration,False,True,False,False,False,,7.0
StressFresh100,StressFresh100_T000057,12a0ffb24717381aeab48ebff843dd13cbc4014f1efcac4cea8742d7a2fa5b12,S0004776,7,7,unproductive_cycle,False,False,True,False,False,,1.0
StressFresh100,StressFresh100_T000057,12a0ffb24717381aeab48ebff843dd13cbc4014f1efcac4cea8742d7a2fa5b12,S0004777,8,9,productive_iteration,False,True,False,False,False,,2.0
StressFresh100,StressFresh100_T000057,12a0ffb24717381aeab48ebff843dd13cbc4014f1efcac4cea8742d7a2fa5b12,S0004778,10,10,unproductive_cycle,False,False,True,False,False,,1.0
StressFresh100,StressFresh100_T000057,12a0ffb24717381aeab48ebff843dd13cbc4014f1efcac4cea8742d7a2fa5b12,S0004779,11,16,productive_iteration,False,True,False,False,False,,6.0
StressFresh100,StressFresh100_T000058,0372a2e9d5e5876dd3973d4f1fab5c144817ef5de2178ad564d71808d9db3cf0,S0004780,0,14,productive_iteration,False,True,False,False,False,,15.0
StressFresh100,StressFresh100_T000058,0372a2e9d5e5876dd3973d4f1fab5c144817ef5de2178ad564d71808d9db3cf0,S0004781,16,21,productive_iteration,True,True,False,False,False,,6.0
StressFresh100,StressFresh100_T000058,0372a2e9d5e5876dd3973d4f1fab5c144817ef5de2178ad564d71808d9db3cf0,S0004782,22,27,unproductive_cycle,False,False,True,False,False,,6.0
StressFresh100,StressFresh100_T000059,c67af9453f75488e77590b10dd970e31c6c6d613e1961f6b7b0fac78f4b9acbf,S0004783,0,14,productive_iteration,True,True,False,False,False,,15.0
StressFresh100,StressFresh100_T000059,c67af9453f75488e77590b10dd970e31c6c6d613e1961f6b7b0fac78f4b9acbf,S0004784,15,15,unproductive_cycle,False,False,True,False,False,,1.0
StressFresh100,StressFresh100_T000059,c67af9453f75488e77590b10dd970e31c6c6d613e1961f6b7b0fac78f4b9acbf,S0004785,16,20,productive_iteration,False,True,False,False,False,,5.0
StressFresh100,StressFresh100_T000059,c67af9453f75488e77590b10dd970e31c6c6d613e1961f6b7b0fac78f4b9acbf,S0004786,21,21,unproductive_cycle,False,False,True,False,False,,1.0
StressFresh100,StressFresh100_T000059,c67af9453f75488e77590b10dd970e31c6c6d613e1961f6b7b0fac78f4b9acbf,S0004787,22,24,productive_iteration,False,True,False,False,False,,3.0
StressFresh100,StressFresh100_T000059,c67af9453f75488e77590b10dd970e31c6c6d613e1961f6b7b0fac78f4b9acbf,S0004788,25,25,unproductive_cycle,False,False,True,False,False,,1.0
StressFresh100,StressFresh100_T000059,c67af9453f75488e77590b10dd970e31c6c6d613e1961f6b7b0fac78f4b9acbf,S0004789,26,26,productive_iteration,False,True,False,False,False,,1.0
StressFresh100,StressFresh100_T000059,c67af9453f75488e77590b10dd970e31c6c6d613e1961f6b7b0fac78f4b9acbf,S0004790,27,48,unproductive_cycle,False,False,True,False,False,,22.0
StressFresh100,StressFresh100_T000060,264c713dd5947776605140d61e9c0e7c179c4e1052241744bc37fb9270f4a68b,S0004791,0,2,productive_iteration,False,True,False,False,False,,3.0
StressFresh100,StressFresh100_T000060,264c713dd5947776605140d61e9c0e7c179c4e1052241744bc37fb9270f4a68b,S0004792,4,8,productive_iteration,False,True,False,False,False,,5.0
StressFresh100,StressFresh100_T000060,264c713dd5947776605140d61e9c0e7c179c4e1052241744bc37fb9270f4a68b,S0004793,9,11,unproductive_cycle,False,False,True,False,False,,3.0
StressFresh100,StressFresh100_T000061,a51df90ff1b5b22bca822f09dc7d4f8c0cc66d65a88712320cea24152dbf7fa4,S0004794,0,5,productive_iteration,True,True,False,False,False,,6.0
StressFresh100,StressFresh100_T000061,a51df90ff1b5b22bca822f09dc7d4f8c0cc66d65a88712320cea24152dbf7fa4,S0004795,6,6,unproductive_cycle,False,False,True,False,False,,1.0
StressFresh100,StressFresh100_T000061,a51df90ff1b5b22bca822f09dc7d4f8c0cc66d65a88712320cea24152dbf7fa4,S0004796,7,7,productive_iteration,True,True,False,False,False,,1.0
StressFresh100,StressFresh100_T000062,cbbb21178a1ec7fca9a216ae1dfa624580c8ba307b9641ed9b20d5c701bff2e9,S0004797,3,9,productive_iteration,False,True,False,False,False,,7.0
StressFresh100,StressFresh100_T000062,cbbb21178a1ec7fca9a216ae1dfa624580c8ba307b9641ed9b20d5c701bff2e9,S0004798,10,11,unproductive_cycle,False,False,True,False,False,,2.0
StressFresh100,StressFresh100_T000062,cbbb21178a1ec7fca9a216ae1dfa624580c8ba307b9641ed9b20d5c701bff2e9,S0004799,12,13,productive_iteration,False,True,False,False,False,,2.0
StressFresh100,StressFresh100_T000062,cbbb21178a1ec7fca9a216ae1dfa624580c8ba307b9641ed9b20d5c701bff2e9,S0004800,14,15,unproductive_cycle,False,False,True,False,False,,2.0
StressFresh100,StressFresh100_T000062,cbbb21178a1ec7fca9a216ae1dfa624580c8ba307b9641ed9b20d5c701bff2e9,S0004801,16,17,productive_iteration,False,True,False,False,False,,2.0
StressFresh100,StressFresh100_T000062,cbbb21178a1ec7fca9a216ae1dfa624580c8ba307b9641ed9b20d5c701bff2e9,S0004802,18,18,unproductive_cycle,False,False,True,False,False,,1.0
StressFresh100,StressFresh100_T000062,cbbb21178a1ec7fca9a216ae1dfa624580c8ba307b9641ed9b20d5c701bff2e9,S0004803,19,19,productive_iteration,True,True,False,False,False,,1.0
StressFresh100,StressFresh100_T000062,cbbb21178a1ec7fca9a216ae1dfa624580c8ba307b9641ed9b20d5c701bff2e9,S0004804,20,20,unproductive_cycle,False,False,True,False,False,,1.0
StressFresh100,StressFresh100_T000062,cbbb21178a1ec7fca9a216ae1dfa624580c8ba307b9641ed9b20d5c701bff2e9,S0004805,21,22,productive_iteration,True,True,False,False,False,,2.0
StressFresh100,StressFresh100_T000063,1a6dd195ce2e1cd1f4f42e0337316870ca590bfb5a2e0984b1cdf9b06212629a,S0004806,2,2,productive_iteration,False,True,False,False,False,,1.0
StressFresh100,StressFresh100_T000063,1a6dd195ce2e1cd1f4f42e0337316870ca590bfb5a2e0984b1cdf9b06212629a,S0004807,4,4,productive_iteration,True,True,False,False,False,,1.0
StressFresh100,StressFresh100_T000063,1a6dd195ce2e1cd1f4f42e0337316870ca590bfb5a2e0984b1cdf9b06212629a,S0004808,6,20,productive_iteration,True,True,False,False,False,,15.0
StressFresh100,StressFresh100_T000063,1a6dd195ce2e1cd1f4f42e0337316870ca590bfb5a2e0984b1cdf9b06212629a,S0004809,21,21,unproductive_cycle,False,False,True,False,False,,1.0
StressFresh100,StressFresh100_T000063,1a6dd195ce2e1cd1f4f42e0337316870ca590bfb5a2e0984b1cdf9b06212629a,S0004810,22,23,productive_iteration,True,True,False,False,False,,2.0
StressFresh100,StressFresh100_T000064,8b401b1ec2674e697a1bd749782a9ee0395addf8afd8e034aa8cc89a3f52dc93,S0004811,1,2,unproductive_cycle,False,False,True,False,False,,2.0
StressFresh100,StressFresh100_T000064,8b401b1ec2674e697a1bd749782a9ee0395addf8afd8e034aa8cc89a3f52dc93,S0004812,3,13,productive_iteration,True,True,False,False,False,,11.0
StressFresh100,StressFresh100_T000064,8b401b1ec2674e697a1bd749782a9ee0395addf8afd8e034aa8cc89a3f52dc93,S0004813,14,15,unproductive_cycle,False,False,True,False,False,,2.0
StressFresh100,StressFresh100_T000064,8b401b1ec2674e697a1bd749782a9ee0395addf8afd8e034aa8cc89a3f52dc93,S0004814,16,22,productive_iteration,False,True,False,False,False,,7.0
StressFresh100,StressFresh100_T000064,8b401b1ec2674e697a1bd749782a9ee0395addf8afd8e034aa8cc89a3f52dc93,S0004815,23,25,unproductive_cycle,False,False,True,False,False,,3.0
StressFresh100,StressFresh100_T000064,8b401b1ec2674e697a1bd749782a9ee0395addf8afd8e034aa8cc89a3f52dc93,S0004816,26,28,productive_iteration,False,True,False,False,False,,3.0
StressFresh100,StressFresh100_T000064,8b401b1ec2674e697a1bd749782a9ee0395addf8afd8e034aa8cc89a3f52dc93,S0004817,29,29,unproductive_cycle,False,False,True,False,False,,1.0
StressFresh100,StressFresh100_T000064,8b401b1ec2674e697a1bd749782a9ee0395addf8afd8e034aa8cc89a3f52dc93,S0004818,30,37,productive_iteration,True,True,False,False,False,,8.0
StressFresh100,StressFresh100_T000064,8b401b1ec2674e697a1bd749782a9ee0395addf8afd8e034aa8cc89a3f52dc93,S0004819,38,49,unproductive_cycle,False,False,True,False,False,,12.0
StressFresh100,StressFresh100_T000064,8b401b1ec2674e697a1bd749782a9ee0395addf8afd8e034aa8cc89a3f52dc93,S0004820,50,51,productive_iteration,False,True,False,False,False,,2.0
StressFresh100,StressFresh100_T000065,685ce9749f3a6067ed5c8e35d95e9a74e5bfd4a91d04052947de4ed3330f6ea1,S0004821,1,3,unproductive_cycle,False,False,True,False,False,,3.0
StressFresh100,StressFresh100_T000065,685ce9749f3a6067ed5c8e35d95e9a74e5bfd4a91d04052947de4ed3330f6ea1,S0004822,5,5,productive_iteration,False,True,False,False,False,,1.0
StressFresh100,StressFresh100_T000065,685ce9749f3a6067ed5c8e35d95e9a74e5bfd4a91d04052947de4ed3330f6ea1,S0004823,6,7,unproductive_cycle,False,False,True,False,False,,2.0
StressFresh100,StressFresh100_T000065,685ce9749f3a6067ed5c8e35d95e9a74e5bfd4a91d04052947de4ed3330f6ea1,S0004824,8,8,productive_iteration,False,True,False,False,False,,1.0
StressFresh100,StressFresh100_T000065,685ce9749f3a6067ed5c8e35d95e9a74e5bfd4a91d04052947de4ed3330f6ea1,S0004825,9,12,unproductive_cycle,False,False,True,False,False,,4.0
StressFresh100,StressFresh100_T000065,685ce9749f3a6067ed5c8e35d95e9a74e5bfd4a91d04052947de4ed3330f6ea1,S0004826,13,13,productive_iteration,False,True,False,False,False,,1.0
StressFresh100,StressFresh100_T000065,685ce9749f3a6067ed5c8e35d95e9a74e5bfd4a91d04052947de4ed3330f6ea1,S0004827,15,17,unproductive_cycle,False,False,True,False,False,,3.0
StressFresh100,StressFresh100_T000065,685ce9749f3a6067ed5c8e35d95e9a74e5bfd4a91d04052947de4ed3330f6ea1,S0004828,18,20,productive_iteration,False,True,False,False,False,,3.0
StressFresh100,StressFresh100_T000065,685ce9749f3a6067ed5c8e35d95e9a74e5bfd4a91d04052947de4ed3330f6ea1,S0004829,22,22,unproductive_cycle,False,False,True,False,False,,1.0
StressFresh100,StressFresh100_T000065,685ce9749f3a6067ed5c8e35d95e9a74e5bfd4a91d04052947de4ed3330f6ea1,S0004830,23,23,productive_iteration,False,True,False,False,False,,1.0
StressFresh100,StressFresh100_T000065,685ce9749f3a6067ed5c8e35d95e9a74e5bfd4a91d04052947de4ed3330f6ea1,S0004831,25,25,productive_iteration,False,True,False,False,False,,1.0
StressFresh100,StressFresh100_T000065,685ce9749f3a6067ed5c8e35d95e9a74e5bfd4a91d04052947de4ed3330f6ea1,S0004832,27,28,productive_iteration,False,True,False,False,False,,2.0
StressFresh100,StressFresh100_T000065,685ce9749f3a6067ed5c8e35d95e9a74e5bfd4a91d04052947de4ed3330f6ea1,S0004833,29,32,unproductive_cycle,False,False,True,False,False,,4.0
StressFresh100,StressFresh100_T000065,685ce9749f3a6067ed5c8e35d95e9a74e5bfd4a91d04052947de4ed3330f6ea1,S0004834,33,33,productive_iteration,False,True,False,False,False,,1.0
StressFresh100,StressFresh100_T000066,d7db561b57bcbed983ba76597fef873887d8a5d442300589b27b01ccd666f651,S0004835,5,5,productive_iteration,False,True,False,False,False,,1.0
StressFresh100,StressFresh100_T000066,d7db561b57bcbed983ba76597fef873887d8a5d442300589b27b01ccd666f651,S0004836,8,8,productive_iteration,False,True,False,False,False,,1.0
StressFresh100,StressFresh100_T000066,d7db561b57bcbed983ba76597fef873887d8a5d442300589b27b01ccd666f651,S0004837,10,10,productive_iteration,True,True,False,False,False,,1.0
StressFresh100,StressFresh100_T000066,d7db561b57bcbed983ba76597fef873887d8a5d442300589b27b01ccd666f651,S0004838,12,12,productive_iteration,True,True,False,False,False,,1.0
StressFresh100,StressFresh100_T000066,d7db561b57bcbed983ba76597fef873887d8a5d442300589b27b01ccd666f651,S0004839,15,15,unproductive_cycle,False,False,True,False,False,,1.0
StressFresh100,StressFresh100_T000066,d7db561b57bcbed983ba76597fef873887d8a5d442300589b27b01ccd666f651,S0004840,16,17,productive_iteration,True,True,False,False,False,,2.0
StressFresh100,StressFresh100_T000066,d7db561b57bcbed983ba76597fef873887d8a5d442300589b27b01ccd666f651,S0004841,18,18,unproductive_cycle,False,False,True,False,False,,1.0
StressFresh100,StressFresh100_T000066,d7db561b57bcbed983ba76597fef873887d8a5d442300589b27b01ccd666f651,S0004842,20,20,unproductive_cycle,False,False,True,False,False,,1.0
StressFresh100,StressFresh100_T000066,d7db561b57bcbed983ba76597fef873887d8a5d442300589b27b01ccd666f651,S0004843,21,22,productive_iteration,True,True,False,False,False,,2.0
StressFresh100,StressFresh100_T000067,c2ab6e6c34b6bfd60c4a71b116d36faf273d8971c32cd56b71c093a54ea7e6e5,S0004844,0,14,unproductive_cycle,False,False,True,False,False,,15.0
StressFresh100,StressFresh100_T000067,c2ab6e6c34b6bfd60c4a71b116d36faf273d8971c32cd56b71c093a54ea7e6e5,S0004845,15,17,productive_iteration,False,True,False,False,False,,3.0
StressFresh100,StressFresh100_T000067,c2ab6e6c34b6bfd60c4a71b116d36faf273d8971c32cd56b71c093a54ea7e6e5,S0004846,18,23,unproductive_cycle,False,False,True,False,False,,6.0
StressFresh100,StressFresh100_T000067,c2ab6e6c34b6bfd60c4a71b116d36faf273d8971c32cd56b71c093a54ea7e6e5,S0004847,24,31,productive_iteration,False,True,False,False,False,,8.0
StressFresh100,StressFresh100_T000068,b956608f3d0d05fc81448c3b0f5b278ea7ac5652d9b5b18d101f261760375a2a,S0004848,6,9,unproductive_cycle,False,False,True,False,False,,4.0
StressFresh100,StressFresh100_T000068,b956608f3d0d05fc81448c3b0f5b278ea7ac5652d9b5b18d101f261760375a2a,S0004849,11,12,unproductive_cycle,False,False,True,False,False,,2.0
StressFresh100,StressFresh100_T000068,b956608f3d0d05fc81448c3b0f5b278ea7ac5652d9b5b18d101f261760375a2a,S0004850,13,14,productive_iteration,False,True,False,False,False,,2.0
StressFresh100,StressFresh100_T000069,8b9153342eb62fb3be7a52cf457d9f9d710e1abd14b4022c512369fe3d20fc20,S0004851,0,2,productive_iteration,False,True,False,False,False,,3.0
StressFresh100,StressFresh100_T000069,8b9153342eb62fb3be7a52cf457d9f9d710e1abd14b4022c512369fe3d20fc20,S0004852,9,18,unproductive_cycle,False,False,True,False,False,,10.0
StressFresh100,StressFresh100_T000069,8b9153342eb62fb3be7a52cf457d9f9d710e1abd14b4022c512369fe3d20fc20,S0004853,24,26,unproductive_cycle,False,False,True,False,False,,3.0
StressFresh100,StressFresh100_T000070,0801420380503dc40bf905941ade0755543b9567bb6e73a825f2a59c1bed130e,S0004854,0,2,productive_iteration,False,True,False,False,False,,3.0
StressFresh100,StressFresh100_T000070,0801420380503dc40bf905941ade0755543b9567bb6e73a825f2a59c1bed130e,S0004855,4,4,unproductive_cycle,False,False,True,False,False,,1.0
StressFresh100,StressFresh100_T000070,0801420380503dc40bf905941ade0755543b9567bb6e73a825f2a59c1bed130e,S0004856,8,12,productive_iteration,True,True,False,False,False,,5.0
StressFresh100,StressFresh100_T000071,d44c444735f35d7c02e48d92b4f814cbe08ceb4f8f3622e80b4e75b2c87b90f8,S0004857,0,4,productive_iteration,True,True,False,False,False,,5.0
StressFresh100,StressFresh100_T000071,d44c444735f35d7c02e48d92b4f814cbe08ceb4f8f3622e80b4e75b2c87b90f8,S0004858,9,11,unproductive_cycle,False,False,True,False,False,,3.0
StressFresh100,StressFresh100_T000071,d44c444735f35d7c02e48d92b4f814cbe08ceb4f8f3622e80b4e75b2c87b90f8,S0004859,14,14,unproductive_cycle,False,False,True,False,False,,1.0
StressFresh100,StressFresh100_T000071,d44c444735f35d7c02e48d92b4f814cbe08ceb4f8f3622e80b4e75b2c87b90f8,S0004860,16,16,unproductive_cycle,False,False,True,False,False,,1.0
StressFresh100,StressFresh100_T000071,d44c444735f35d7c02e48d92b4f814cbe08ceb4f8f3622e80b4e75b2c87b90f8,S0004861,18,21,productive_iteration,True,True,False,False,False,,4.0
StressFresh100,StressFresh100_T000072,86208502cd27fb57fd7c3faf799e1e06b46716db23f3eefe3edbef006a0bc8d4,S0004862,0,2,productive_iteration,False,True,False,False,False,,3.0
StressFresh100,StressFresh100_T000072,86208502cd27fb57fd7c3faf799e1e06b46716db23f3eefe3edbef006a0bc8d4,S0004863,6,6,unproductive_cycle,False,False,True,False,False,,1.0
StressFresh100,StressFresh100_T000072,86208502cd27fb57fd7c3faf799e1e06b46716db23f3eefe3edbef006a0bc8d4,S0004864,8,9,productive_iteration,False,True,False,False,False,,2.0
StressFresh100,StressFresh100_T000072,86208502cd27fb57fd7c3faf799e1e06b46716db23f3eefe3edbef006a0bc8d4,S0004865,12,14,productive_iteration,False,True,False,False,False,,3.0
StressFresh100,StressFresh100_T000072,86208502cd27fb57fd7c3faf799e1e06b46716db23f3eefe3edbef006a0bc8d4,S0004866,17,26,productive_iteration,False,True,False,False,False,,10.0
StressFresh100,StressFresh100_T000073,a581188633e7ba7f81ed9ddaa513a6c95bb10a10404d0b1b0c9b8f5527932876,S0004867,0,14,productive_iteration,True,True,False,False,False,,15.0
StressFresh100,StressFresh100_T000073,a581188633e7ba7f81ed9ddaa513a6c95bb10a10404d0b1b0c9b8f5527932876,S0004868,15,19,unproductive_cycle,False,False,True,False,False,,5.0
StressFresh100,StressFresh100_T000073,a581188633e7ba7f81ed9ddaa513a6c95bb10a10404d0b1b0c9b8f5527932876,S0004869,20,24,productive_iteration,False,True,False,False,False,,5.0
StressFresh100,StressFresh100_T000074,7ecf5739e2ab27d5568ab8a05dff10a03c9b53a45d111ed083f2b3db091a6652,S0004870,0,2,productive_iteration,False,True,False,False,False,,3.0
StressFresh100,StressFresh100_T000074,7ecf5739e2ab27d5568ab8a05dff10a03c9b53a45d111ed083f2b3db091a6652,S0004871,4,28,productive_iteration,True,True,False,False,False,,25.0
StressFresh100,StressFresh100_T000074,7ecf5739e2ab27d5568ab8a05dff10a03c9b53a45d111ed083f2b3db091a6652,S0004872,29,34,unproductive_cycle,False,False,True,False,False,,6.0
StressFresh100,StressFresh100_T000074,7ecf5739e2ab27d5568ab8a05dff10a03c9b53a45d111ed083f2b3db091a6652,S0004873,35,35,productive_iteration,False,True,False,False,False,,1.0
StressFresh100,StressFresh100_T000075,95d5e2593020189b0bacec1c9f8364d73105690a0ed2b3f09dd1f22e61d26e38,S0004874,0,21,productive_iteration,False,True,False,False,False,,22.0
StressFresh100,StressFresh100_T000075,95d5e2593020189b0bacec1c9f8364d73105690a0ed2b3f09dd1f22e61d26e38,S0004875,22,22,unproductive_cycle,False,False,True,False,False,,1.0
StressFresh100,StressFresh100_T000075,95d5e2593020189b0bacec1c9f8364d73105690a0ed2b3f09dd1f22e61d26e38,S0004876,23,23,productive_iteration,False,True,False,False,False,,1.0
StressFresh100,StressFresh100_T000075,95d5e2593020189b0bacec1c9f8364d73105690a0ed2b3f09dd1f22e61d26e38,S0004877,24,29,unproductive_cycle,False,False,True,False,False,,6.0
StressFresh100,StressFresh100_T000075,95d5e2593020189b0bacec1c9f8364d73105690a0ed2b3f09dd1f22e61d26e38,S0004878,30,32,productive_iteration,False,True,False,False,False,,3.0
StressFresh100,StressFresh100_T000075,95d5e2593020189b0bacec1c9f8364d73105690a0ed2b3f09dd1f22e61d26e38,S0004879,33,33,unproductive_cycle,False,False,True,False,False,,1.0
StressFresh100,StressFresh100_T000076,f3c71e4434d9ac9501c1425073d9af47556d8ac69a03c3a7fe68e8a53e75f27c,S0004880,2,2,productive_iteration,False,True,False,False,False,,1.0
StressFresh100,StressFresh100_T000076,f3c71e4434d9ac9501c1425073d9af47556d8ac69a03c3a7fe68e8a53e75f27c,S0004881,9,12,unproductive_cycle,False,False,True,False,False,,4.0
StressFresh100,StressFresh100_T000077,339d47e033eeba09502789bd4b7178e26bd3b9b37680a8c978d7faf1d351e18e,S0004882,0,2,productive_iteration,False,True,False,False,False,,3.0
StressFresh100,StressFresh100_T000077,339d47e033eeba09502789bd4b7178e26bd3b9b37680a8c978d7faf1d351e18e,S0004883,4,4,productive_iteration,False,True,False,False,False,,1.0
StressFresh100,StressFresh100_T000077,339d47e033eeba09502789bd4b7178e26bd3b9b37680a8c978d7faf1d351e18e,S0004884,7,10,productive_iteration,False,True,False,False,False,,4.0
StressFresh100,StressFresh100_T000077,339d47e033eeba09502789bd4b7178e26bd3b9b37680a8c978d7faf1d351e18e,S0004885,14,15,productive_iteration,False,True,False,False,False,,2.0
StressFresh100,StressFresh100_T000077,339d47e033eeba09502789bd4b7178e26bd3b9b37680a8c978d7faf1d351e18e,S0004886,16,21,unproductive_cycle,False,False,True,False,False,,6.0
StressFresh100,StressFresh100_T000077,339d47e033eeba09502789bd4b7178e26bd3b9b37680a8c978d7faf1d351e18e,S0004887,22,23,productive_iteration,False,True,False,False,False,,2.0
StressFresh100,StressFresh100_T000077,339d47e033eeba09502789bd4b7178e26bd3b9b37680a8c978d7faf1d351e18e,S0004888,25,26,productive_iteration,False,True,False,False,False,,2.0
StressFresh100,StressFresh100_T000077,339d47e033eeba09502789bd4b7178e26bd3b9b37680a8c978d7faf1d351e18e,S0004889,28,28,unproductive_cycle,False,False,True,False,False,,1.0
StressFresh100,StressFresh100_T000077,339d47e033eeba09502789bd4b7178e26bd3b9b37680a8c978d7faf1d351e18e,S0004890,29,31,productive_iteration,False,True,False,False,False,,3.0
StressFresh100,StressFresh100_T000078,1ba915e0f36013c8153afe5ca72194b87cf76366ebc8242166731981e79d332a,S0004891,2,5,unproductive_cycle,False,False,True,False,False,,4.0
StressFresh100,StressFresh100_T000078,1ba915e0f36013c8153afe5ca72194b87cf76366ebc8242166731981e79d332a,S0004892,6,6,productive_iteration,True,True,False,False,False,,1.0
StressFresh100,StressFresh100_T000078,1ba915e0f36013c8153afe5ca72194b87cf76366ebc8242166731981e79d332a,S0004893,10,10,productive_iteration,False,True,False,False,False,,1.0
StressFresh100,StressFresh100_T000078,1ba915e0f36013c8153afe5ca72194b87cf76366ebc8242166731981e79d332a,S0004894,11,45,unproductive_cycle,False,False,True,False,False,,35.0
StressFresh100,StressFresh100_T000079,06beaab9ee8987fd5aff5760c4c852bfe9cd3101a852008ef6cf9332ae563c85,S0004895,0,5,productive_iteration,False,True,False,False,False,,6.0
StressFresh100,StressFresh100_T000079,06beaab9ee8987fd5aff5760c4c852bfe9cd3101a852008ef6cf9332ae563c85,S0004896,6,12,unproductive_cycle,False,False,True,False,False,,7.0
StressFresh100,StressFresh100_T000079,06beaab9ee8987fd5aff5760c4c852bfe9cd3101a852008ef6cf9332ae563c85,S0004897,13,16,productive_iteration,False,True,False,False,False,,4.0
StressFresh100,StressFresh100_T000079,06beaab9ee8987fd5aff5760c4c852bfe9cd3101a852008ef6cf9332ae563c85,S0004898,17,18,unproductive_cycle,False,False,True,False,False,,2.0
StressFresh100,StressFresh100_T000079,06beaab9ee8987fd5aff5760c4c852bfe9cd3101a852008ef6cf9332ae563c85,S0004899,19,22,productive_iteration,False,True,False,False,False,,4.0
StressFresh100,StressFresh100_T000079,06beaab9ee8987fd5aff5760c4c852bfe9cd3101a852008ef6cf9332ae563c85,S0004900,23,25,unproductive_cycle,False,False,True,False,False,,3.0
StressFresh100,StressFresh100_T000079,06beaab9ee8987fd5aff5760c4c852bfe9cd3101a852008ef6cf9332ae563c85,S0004901,26,38,productive_iteration,True,True,False,False,False,,13.0
StressFresh100,StressFresh100_T000080,b4a27d721510aa8297c706d7d319f67f4d0e05a891e3555ae79e071753f31b8f,S0004902,0,0,productive_iteration,False,True,False,False,False,,1.0
StressFresh100,StressFresh100_T000080,b4a27d721510aa8297c706d7d319f67f4d0e05a891e3555ae79e071753f31b8f,S0004903,2,6,productive_iteration,False,True,False,False,False,,5.0
StressFresh100,StressFresh100_T000080,b4a27d721510aa8297c706d7d319f67f4d0e05a891e3555ae79e071753f31b8f,S0004904,10,52,unproductive_cycle,False,False,True,False,False,,43.0
StressFresh100,StressFresh100_T000081,7e3cc74f4183ea09f99b4185f044759a8899efe41c183e715f9f5a108a7244dd,S0004905,0,1,productive_iteration,False,True,False,False,False,,2.0
StressFresh100,StressFresh100_T000081,7e3cc74f4183ea09f99b4185f044759a8899efe41c183e715f9f5a108a7244dd,S0004906,2,3,unproductive_cycle,False,False,True,False,False,,2.0
StressFresh100,StressFresh100_T000081,7e3cc74f4183ea09f99b4185f044759a8899efe41c183e715f9f5a108a7244dd,S0004907,4,4,productive_iteration,False,True,False,False,False,,1.0
StressFresh100,StressFresh100_T000081,7e3cc74f4183ea09f99b4185f044759a8899efe41c183e715f9f5a108a7244dd,S0004908,5,6,unproductive_cycle,False,False,True,False,False,,2.0
StressFresh100,StressFresh100_T000081,7e3cc74f4183ea09f99b4185f044759a8899efe41c183e715f9f5a108a7244dd,S0004909,7,12,productive_iteration,False,True,False,False,False,,6.0
StressFresh100,StressFresh100_T000082,8c3fee340337ede33f74b2146d0be2add222c6acf368a1cae0c0ef342bb8c52f,S0004910,0,2,productive_iteration,False,True,False,False,False,,3.0
StressFresh100,StressFresh100_T000082,8c3fee340337ede33f74b2146d0be2add222c6acf368a1cae0c0ef342bb8c52f,S0004911,4,6,productive_iteration,False,True,False,False,False,,3.0
StressFresh100,StressFresh100_T000082,8c3fee340337ede33f74b2146d0be2add222c6acf368a1cae0c0ef342bb8c52f,S0004912,7,8,unproductive_cycle,False,False,True,False,False,,2.0
StressFresh100,StressFresh100_T000082,8c3fee340337ede33f74b2146d0be2add222c6acf368a1cae0c0ef342bb8c52f,S0004913,9,10,productive_iteration,True,True,False,False,False,,2.0
StressFresh100,StressFresh100_T000082,8c3fee340337ede33f74b2146d0be2add222c6acf368a1cae0c0ef342bb8c52f,S0004914,11,17,unproductive_cycle,False,False,True,False,False,,7.0
StressFresh100,StressFresh100_T000082,8c3fee340337ede33f74b2146d0be2add222c6acf368a1cae0c0ef342bb8c52f,S0004915,18,19,productive_iteration,True,True,False,False,False,,2.0
StressFresh100,StressFresh100_T000083,c09491af46a81ddd4ef50d3617e341a97f2b1a1aba7cb13701b661c1670525aa,S0004916,0,17,productive_iteration,False,True,False,False,False,,18.0
StressFresh100,StressFresh100_T000083,c09491af46a81ddd4ef50d3617e341a97f2b1a1aba7cb13701b661c1670525aa,S0004917,18,20,unproductive_cycle,False,False,True,False,False,,3.0
StressFresh100,StressFresh100_T000083,c09491af46a81ddd4ef50d3617e341a97f2b1a1aba7cb13701b661c1670525aa,S0004918,21,29,productive_iteration,False,True,False,False,False,,9.0
StressFresh100,StressFresh100_T000083,c09491af46a81ddd4ef50d3617e341a97f2b1a1aba7cb13701b661c1670525aa,S0004919,30,54,unproductive_cycle,False,False,True,False,False,,25.0
StressFresh100,StressFresh100_T000084,ba8c17fd5a27869c52b1a6e82ad122da508664aea8973c5ae119110f21e92a5b,S0004920,0,2,productive_iteration,False,True,False,False,False,,3.0
StressFresh100,StressFresh100_T000084,ba8c17fd5a27869c52b1a6e82ad122da508664aea8973c5ae119110f21e92a5b,S0004921,3,4,unproductive_cycle,False,False,True,False,False,,2.0
StressFresh100,StressFresh100_T000084,ba8c17fd5a27869c52b1a6e82ad122da508664aea8973c5ae119110f21e92a5b,S0004922,5,9,productive_iteration,True,True,False,False,False,,5.0
StressFresh100,StressFresh100_T000084,ba8c17fd5a27869c52b1a6e82ad122da508664aea8973c5ae119110f21e92a5b,S0004923,10,10,unproductive_cycle,False,False,True,False,False,,1.0
StressFresh100,StressFresh100_T000084,ba8c17fd5a27869c52b1a6e82ad122da508664aea8973c5ae119110f21e92a5b,S0004924,11,12,productive_iteration,True,True,False,False,False,,2.0
StressFresh100,StressFresh100_T000084,ba8c17fd5a27869c52b1a6e82ad122da508664aea8973c5ae119110f21e92a5b,S0004925,13,13,unproductive_cycle,False,False,True,False,False,,1.0
StressFresh100,StressFresh100_T000084,ba8c17fd5a27869c52b1a6e82ad122da508664aea8973c5ae119110f21e92a5b,S0004926,14,22,productive_iteration,True,True,False,False,False,,9.0
StressFresh100,StressFresh100_T000084,ba8c17fd5a27869c52b1a6e82ad122da508664aea8973c5ae119110f21e92a5b,S0004927,23,27,unproductive_cycle,False,False,True,False,False,,5.0
StressFresh100,StressFresh100_T000084,ba8c17fd5a27869c52b1a6e82ad122da508664aea8973c5ae119110f21e92a5b,S0004928,28,37,productive_iteration,True,True,False,False,False,,10.0
StressFresh100,StressFresh100_T000084,ba8c17fd5a27869c52b1a6e82ad122da508664aea8973c5ae119110f21e92a5b,S0004929,38,145,unproductive_cycle,False,False,True,False,False,,108.0
StressFresh100,StressFresh100_T000085,3d2387f3ae4c099d25a71d74f943d4d600aea25b2b08d97c860b3199868084c0,S0004930,0,6,productive_iteration,False,True,False,False,False,,7.0
StressFresh100,StressFresh100_T000085,3d2387f3ae4c099d25a71d74f943d4d600aea25b2b08d97c860b3199868084c0,S0004931,7,8,unproductive_cycle,False,False,True,False,False,,2.0
StressFresh100,StressFresh100_T000085,3d2387f3ae4c099d25a71d74f943d4d600aea25b2b08d97c860b3199868084c0,S0004932,9,19,productive_iteration,False,True,False,False,False,,11.0
StressFresh100,StressFresh100_T000085,3d2387f3ae4c099d25a71d74f943d4d600aea25b2b08d97c860b3199868084c0,S0004933,21,23,productive_iteration,False,True,False,False,False,,3.0
StressFresh100,StressFresh100_T000085,3d2387f3ae4c099d25a71d74f943d4d600aea25b2b08d97c860b3199868084c0,S0004934,24,43,unproductive_cycle,False,False,True,False,False,,20.0
StressFresh100,StressFresh100_T000086,cb9a93728f2098725c202157b37f7d5b9b68b59c62119fb485c724851a9b2a3c,S0004935,0,14,productive_iteration,True,True,False,False,False,,15.0
StressFresh100,StressFresh100_T000087,87057159ae314ec8f1d5ea1db38d4083bb63e01e9e91cc30021df2513af605fd,S0004936,0,23,productive_iteration,True,True,False,False,False,,24.0
StressFresh100,StressFresh100_T000088,6a70e0339e115a382e34572a5c8ff0e8b928a6091e49c52d560db6026890db64,S0004937,0,15,productive_iteration,False,True,False,False,False,,16.0
StressFresh100,StressFresh100_T000088,6a70e0339e115a382e34572a5c8ff0e8b928a6091e49c52d560db6026890db64,S0004938,16,16,unproductive_cycle,False,False,True,False,False,,1.0
StressFresh100,StressFresh100_T000088,6a70e0339e115a382e34572a5c8ff0e8b928a6091e49c52d560db6026890db64,S0004939,17,23,productive_iteration,False,True,False,False,False,,7.0
StressFresh100,StressFresh100_T000088,6a70e0339e115a382e34572a5c8ff0e8b928a6091e49c52d560db6026890db64,S0004940,24,24,unproductive_cycle,False,False,True,False,False,,1.0
StressFresh100,StressFresh100_T000088,6a70e0339e115a382e34572a5c8ff0e8b928a6091e49c52d560db6026890db64,S0004941,26,27,productive_iteration,False,True,False,False,False,,2.0
StressFresh100,StressFresh100_T000088,6a70e0339e115a382e34572a5c8ff0e8b928a6091e49c52d560db6026890db64,S0004942,28,34,unproductive_cycle,False,False,True,False,False,,7.0
StressFresh100,StressFresh100_T000089,964d1a32a26f5c44221d72c588da7ce72b40e030d71f81225753eb2045728430,S0004943,6,6,productive_iteration,False,True,False,False,False,,1.0
StressFresh100,StressFresh100_T000089,964d1a32a26f5c44221d72c588da7ce72b40e030d71f81225753eb2045728430,S0004944,13,15,productive_iteration,True,True,False,False,False,,3.0
StressFresh100,StressFresh100_T000090,bb1703344f57d4c3eb85bb93f002b3f4883604f3400583aa0eb76677f5c514b3,S0004945,5,6,unproductive_cycle,False,False,True,False,False,,2.0
StressFresh100,StressFresh100_T000090,bb1703344f57d4c3eb85bb93f002b3f4883604f3400583aa0eb76677f5c514b3,S0004946,7,7,productive_iteration,True,True,False,False,False,,1.0
StressFresh100,StressFresh100_T000091,c93951da4aaea2bb14e9c8a36272641625f62f4dce73bde3aecc99bee2f3d6d5,S0004947,2,2,productive_iteration,False,True,False,False,False,,1.0
StressFresh100,StressFresh100_T000091,c93951da4aaea2bb14e9c8a36272641625f62f4dce73bde3aecc99bee2f3d6d5,S0004948,4,26,productive_iteration,True,True,False,False,False,,23.0
StressFresh100,StressFresh100_T000092,be28d70d5d79bdc37e7f08d6866db88c207275528ff9f1e278e9756531806310,S0004949,0,2,productive_iteration,False,True,False,False,False,,3.0
StressFresh100,StressFresh100_T000092,be28d70d5d79bdc37e7f08d6866db88c207275528ff9f1e278e9756531806310,S0004950,3,5,unproductive_cycle,False,False,True,False,False,,3.0
StressFresh100,StressFresh100_T000092,be28d70d5d79bdc37e7f08d6866db88c207275528ff9f1e278e9756531806310,S0004951,6,7,productive_iteration,False,True,False,False,False,,2.0
StressFresh100,StressFresh100_T000092,be28d70d5d79bdc37e7f08d6866db88c207275528ff9f1e278e9756531806310,S0004952,9,20,productive_iteration,False,True,False,False,False,,12.0
StressFresh100,StressFresh100_T000092,be28d70d5d79bdc37e7f08d6866db88c207275528ff9f1e278e9756531806310,S0004953,21,22,unproductive_cycle,False,False,True,False,False,,2.0
StressFresh100,StressFresh100_T000092,be28d70d5d79bdc37e7f08d6866db88c207275528ff9f1e278e9756531806310,S0004954,23,23,productive_iteration,False,True,False,False,False,,1.0
StressFresh100,StressFresh100_T000092,be28d70d5d79bdc37e7f08d6866db88c207275528ff9f1e278e9756531806310,S0004955,24,47,unproductive_cycle,False,False,True,False,False,,24.0
StressFresh100,StressFresh100_T000093,f0e5b6b0b99f412c0e7de3d668905621b87ce1d955b462fa8f9ba3fe2b042e2e,S0004956,12,16,productive_iteration,True,True,False,False,False,,5.0
StressFresh100,StressFresh100_T000094,f680cf154c272dc43846cc0723e1d21e5d85c4118c2a166d0dec4720fb916041,S0004957,0,9,productive_iteration,False,True,False,False,False,,10.0
StressFresh100,StressFresh100_T000094,f680cf154c272dc43846cc0723e1d21e5d85c4118c2a166d0dec4720fb916041,S0004958,10,10,unproductive_cycle,False,False,True,False,False,,1.0
StressFresh100,StressFresh100_T000094,f680cf154c272dc43846cc0723e1d21e5d85c4118c2a166d0dec4720fb916041,S0004959,11,12,productive_iteration,False,True,False,False,False,,2.0
StressFresh100,StressFresh100_T000094,f680cf154c272dc43846cc0723e1d21e5d85c4118c2a166d0dec4720fb916041,S0004960,13,15,unproductive_cycle,False,False,True,False,False,,3.0
StressFresh100,StressFresh100_T000094,f680cf154c272dc43846cc0723e1d21e5d85c4118c2a166d0dec4720fb916041,S0004961,16,25,productive_iteration,True,True,False,False,False,,10.0
StressFresh100,StressFresh100_T000094,f680cf154c272dc43846cc0723e1d21e5d85c4118c2a166d0dec4720fb916041,S0004962,26,30,unproductive_cycle,False,False,True,False,False,,5.0
StressFresh100,StressFresh100_T000094,f680cf154c272dc43846cc0723e1d21e5d85c4118c2a166d0dec4720fb916041,S0004963,31,32,productive_iteration,True,True,False,False,False,,2.0
StressFresh100,StressFresh100_T000094,f680cf154c272dc43846cc0723e1d21e5d85c4118c2a166d0dec4720fb916041,S0004964,33,47,unproductive_cycle,False,False,True,False,False,,15.0
StressFresh100,StressFresh100_T000095,95b270711780a838f0e8295d602a75ba4e31394e80ec26afc68c2bbd96822c4b,S0004965,14,14,productive_iteration,False,True,False,False,False,,1.0
StressFresh100,StressFresh100_T000095,95b270711780a838f0e8295d602a75ba4e31394e80ec26afc68c2bbd96822c4b,S0004966,18,18,productive_iteration,False,True,False,False,False,,1.0
StressFresh100,StressFresh100_T000095,95b270711780a838f0e8295d602a75ba4e31394e80ec26afc68c2bbd96822c4b,S0004967,19,19,unproductive_cycle,False,False,True,False,False,,1.0
StressFresh100,StressFresh100_T000095,95b270711780a838f0e8295d602a75ba4e31394e80ec26afc68c2bbd96822c4b,S0004968,21,21,productive_iteration,False,True,False,False,False,,1.0
StressFresh100,StressFresh100_T000095,95b270711780a838f0e8295d602a75ba4e31394e80ec26afc68c2bbd96822c4b,S0004969,23,23,unproductive_cycle,False,False,True,False,False,,1.0
StressFresh100,StressFresh100_T000095,95b270711780a838f0e8295d602a75ba4e31394e80ec26afc68c2bbd96822c4b,S0004970,24,29,productive_iteration,False,True,False,False,False,,6.0
StressFresh100,StressFresh100_T000095,95b270711780a838f0e8295d602a75ba4e31394e80ec26afc68c2bbd96822c4b,S0004971,30,33,unproductive_cycle,False,False,True,False,False,,4.0
StressFresh100,StressFresh100_T000096,c346ec7a0c581ed72c76d7c73adfced4c84eb677d485d3e986acf72bb899ec4a,S0004972,9,10,unproductive_cycle,False,False,True,False,False,,2.0
StressFresh100,StressFresh100_T000097,4b15c9a57abbb8c639881b5651f18c0ea7f96842722cb3c7d7df74119c6bfe4f,S0004973,0,10,productive_iteration,False,True,False,False,False,,11.0
StressFresh100,StressFresh100_T000097,4b15c9a57abbb8c639881b5651f18c0ea7f96842722cb3c7d7df74119c6bfe4f,S0004974,12,15,productive_iteration,False,True,False,False,False,,4.0
StressFresh100,StressFresh100_T000097,4b15c9a57abbb8c639881b5651f18c0ea7f96842722cb3c7d7df74119c6bfe4f,S0004975,17,39,unproductive_cycle,False,False,True,False,False,,23.0
StressFresh100,StressFresh100_T000098,f00396024dd9f1297f13af5e8d66b8d47cda7ccd7dd69e222c7dd4a80e47b50e,S0004976,0,2,productive_iteration,False,True,False,False,False,,3.0
StressFresh100,StressFresh100_T000098,f00396024dd9f1297f13af5e8d66b8d47cda7ccd7dd69e222c7dd4a80e47b50e,S0004977,4,16,productive_iteration,True,True,False,False,False,,13.0
StressFresh100,StressFresh100_T000099,b939be1f2ccf0f20da146f785b381e10c6aa4a32fb8b05481cecd7ab821c52d8,S0004978,5,6,productive_iteration,True,True,False,False,False,,2.0
StressFresh100,StressFresh100_T000099,b939be1f2ccf0f20da146f785b381e10c6aa4a32fb8b05481cecd7ab821c52d8,S0004979,8,11,productive_iteration,True,True,False,False,False,,4.0
StressFresh100,StressFresh100_T000100,0b3c3f42a8245bff6d87cfe02658d3694d622073913e459b4e4cbb854d42c31c,S0004980,0,11,productive_iteration,False,True,False,False,False,,12.0
StressFresh100,StressFresh100_T000100,0b3c3f42a8245bff6d87cfe02658d3694d622073913e459b4e4cbb854d42c31c,S0004981,12,16,unproductive_cycle,False,False,True,False,False,,5.0
StressFresh100,StressFresh100_T000100,0b3c3f42a8245bff6d87cfe02658d3694d622073913e459b4e4cbb854d42c31c,S0004982,17,18,productive_iteration,False,True,False,False,False,,2.0
