dataset,public_trajectory_id,original_trajectory_sha256,step_index,step_label,step_span_label,hard_negative,productive_iteration_flag,unproductive_cycle_flag,uncertain_flag,unresolved_flag,confidence
StressFresh100,StressFresh100_T000017,db7a465d0ba6b04f62c89985b3af6a3c3ef03c24d5fd240011fedf88c8b1e450,0,productive,productive_iteration,False,True,False,False,False,
StressFresh100,StressFresh100_T000017,db7a465d0ba6b04f62c89985b3af6a3c3ef03c24d5fd240011fedf88c8b1e450,1,productive,productive_iteration,False,True,False,False,False,
StressFresh100,StressFresh100_T000017,db7a465d0ba6b04f62c89985b3af6a3c3ef03c24d5fd240011fedf88c8b1e450,2,productive,productive_iteration,False,True,False,False,False,
StressFresh100,StressFresh100_T000017,db7a465d0ba6b04f62c89985b3af6a3c3ef03c24d5fd240011fedf88c8b1e450,3,productive,productive_iteration,False,True,False,False,False,
StressFresh100,StressFresh100_T000017,db7a465d0ba6b04f62c89985b3af6a3c3ef03c24d5fd240011fedf88c8b1e450,4,stagnant,none,False,False,False,False,False,
StressFresh100,StressFresh100_T000017,db7a465d0ba6b04f62c89985b3af6a3c3ef03c24d5fd240011fedf88c8b1e450,5,stagnant,unproductive_cycle,False,False,True,False,False,
StressFresh100,StressFresh100_T000017,db7a465d0ba6b04f62c89985b3af6a3c3ef03c24d5fd240011fedf88c8b1e450,6,productive,productive_iteration,False,True,False,False,False,
StressFresh100,StressFresh100_T000017,db7a465d0ba6b04f62c89985b3af6a3c3ef03c24d5fd240011fedf88c8b1e450,7,productive,productive_iteration,False,True,False,False,False,
StressFresh100,StressFresh100_T000017,db7a465d0ba6b04f62c89985b3af6a3c3ef03c24d5fd240011fedf88c8b1e450,8,productive,productive_iteration,False,True,False,False,False,
StressFresh100,StressFresh100_T000017,db7a465d0ba6b04f62c89985b3af6a3c3ef03c24d5fd240011fedf88c8b1e450,9,stagnant,unproductive_cycle,False,False,True,False,False,
StressFresh100,StressFresh100_T000017,db7a465d0ba6b04f62c89985b3af6a3c3ef03c24d5fd240011fedf88c8b1e450,10,stagnant,none,False,False,False,False,False,
StressFresh100,StressFresh100_T000017,db7a465d0ba6b04f62c89985b3af6a3c3ef03c24d5fd240011fedf88c8b1e450,11,stagnant,none,False,False,False,False,False,
StressFresh100,StressFresh100_T000030,1d58fd0d991c54f30c3a04bc2160884f3e620897d319a88d7f2dc1602ee440de,0,productive,none,False,False,False,False,False,
StressFresh100,StressFresh100_T000030,1d58fd0d991c54f30c3a04bc2160884f3e620897d319a88d7f2dc1602ee440de,1,productive,none,False,False,False,False,False,
StressFresh100,StressFresh100_T000030,1d58fd0d991c54f30c3a04bc2160884f3e620897d319a88d7f2dc1602ee440de,2,productive,none,False,False,False,False,False,
StressFresh100,StressFresh100_T000030,1d58fd0d991c54f30c3a04bc2160884f3e620897d319a88d7f2dc1602ee440de,3,productive,none,False,False,False,False,False,
StressFresh100,StressFresh100_T000030,1d58fd0d991c54f30c3a04bc2160884f3e620897d319a88d7f2dc1602ee440de,4,productive,none,False,False,False,False,False,
StressFresh100,StressFresh100_T000030,1d58fd0d991c54f30c3a04bc2160884f3e620897d319a88d7f2dc1602ee440de,5,productive,none,False,False,False,False,False,
StressFresh100,StressFresh100_T000030,1d58fd0d991c54f30c3a04bc2160884f3e620897d319a88d7f2dc1602ee440de,6,productive,none,False,False,False,False,False,
StressFresh100,StressFresh100_T000030,1d58fd0d991c54f30c3a04bc2160884f3e620897d319a88d7f2dc1602ee440de,7,productive,none,False,False,False,False,False,
StressFresh100,StressFresh100_T000030,1d58fd0d991c54f30c3a04bc2160884f3e620897d319a88d7f2dc1602ee440de,8,productive,productive_iteration,True,True,False,False,False,
StressFresh100,StressFresh100_T000030,1d58fd0d991c54f30c3a04bc2160884f3e620897d319a88d7f2dc1602ee440de,9,productive,productive_iteration,True,True,False,False,False,
StressFresh100,StressFresh100_T000030,1d58fd0d991c54f30c3a04bc2160884f3e620897d319a88d7f2dc1602ee440de,10,productive,productive_iteration,True,True,False,False,False,
StressFresh100,StressFresh100_T000030,1d58fd0d991c54f30c3a04bc2160884f3e620897d319a88d7f2dc1602ee440de,11,productive,none,False,False,False,False,False,
StressFresh100,StressFresh100_T000030,1d58fd0d991c54f30c3a04bc2160884f3e620897d319a88d7f2dc1602ee440de,12,productive,none,False,False,False,False,False,
StressFresh100,StressFresh100_T000033,6b4efe67d208b4b7ffd4bc30b465d5e19bfc5546bbbe1699c8d0142f5f1f323b,0,productive,productive_iteration,False,True,False,False,False,
StressFresh100,StressFresh100_T000033,6b4efe67d208b4b7ffd4bc30b465d5e19bfc5546bbbe1699c8d0142f5f1f323b,1,productive,productive_iteration,False,True,False,False,False,
StressFresh100,StressFresh100_T000033,6b4efe67d208b4b7ffd4bc30b465d5e19bfc5546bbbe1699c8d0142f5f1f323b,2,productive,productive_iteration,False,True,False,False,False,
StressFresh100,StressFresh100_T000033,6b4efe67d208b4b7ffd4bc30b465d5e19bfc5546bbbe1699c8d0142f5f1f323b,3,productive,productive_iteration,False,True,False,False,False,
StressFresh100,StressFresh100_T000033,6b4efe67d208b4b7ffd4bc30b465d5e19bfc5546bbbe1699c8d0142f5f1f323b,4,productive,productive_iteration,False,True,False,False,False,
StressFresh100,StressFresh100_T000033,6b4efe67d208b4b7ffd4bc30b465d5e19bfc5546bbbe1699c8d0142f5f1f323b,5,productive,none,False,False,False,False,False,
StressFresh100,StressFresh100_T000033,6b4efe67d208b4b7ffd4bc30b465d5e19bfc5546bbbe1699c8d0142f5f1f323b,6,productive,none,False,False,False,False,False,
StressFresh100,StressFresh100_T000033,6b4efe67d208b4b7ffd4bc30b465d5e19bfc5546bbbe1699c8d0142f5f1f323b,7,productive,none,False,False,False,False,False,
StressFresh100,StressFresh100_T000033,6b4efe67d208b4b7ffd4bc30b465d5e19bfc5546bbbe1699c8d0142f5f1f323b,8,productive,productive_iteration,False,True,False,False,False,
StressFresh100,StressFresh100_T000033,6b4efe67d208b4b7ffd4bc30b465d5e19bfc5546bbbe1699c8d0142f5f1f323b,9,productive,productive_iteration,False,True,False,False,False,
StressFresh100,StressFresh100_T000033,6b4efe67d208b4b7ffd4bc30b465d5e19bfc5546bbbe1699c8d0142f5f1f323b,10,productive,productive_iteration,False,True,False,False,False,
StressFresh100,StressFresh100_T000033,6b4efe67d208b4b7ffd4bc30b465d5e19bfc5546bbbe1699c8d0142f5f1f323b,11,productive,productive_iteration,False,True,False,False,False,
StressFresh100,StressFresh100_T000033,6b4efe67d208b4b7ffd4bc30b465d5e19bfc5546bbbe1699c8d0142f5f1f323b,12,productive,productive_iteration,False,True,False,False,False,
StressFresh100,StressFresh100_T000033,6b4efe67d208b4b7ffd4bc30b465d5e19bfc5546bbbe1699c8d0142f5f1f323b,13,productive,productive_iteration,False,True,False,False,False,
StressFresh100,StressFresh100_T000033,6b4efe67d208b4b7ffd4bc30b465d5e19bfc5546bbbe1699c8d0142f5f1f323b,14,productive,productive_iteration,False,True,False,False,False,
StressFresh100,StressFresh100_T000033,6b4efe67d208b4b7ffd4bc30b465d5e19bfc5546bbbe1699c8d0142f5f1f323b,15,productive,productive_iteration,False,True,False,False,False,
StressFresh100,StressFresh100_T000033,6b4efe67d208b4b7ffd4bc30b465d5e19bfc5546bbbe1699c8d0142f5f1f323b,16,productive,productive_iteration,False,True,False,False,False,
StressFresh100,StressFresh100_T000033,6b4efe67d208b4b7ffd4bc30b465d5e19bfc5546bbbe1699c8d0142f5f1f323b,17,productive,productive_iteration,False,True,False,False,False,
StressFresh100,StressFresh100_T000033,6b4efe67d208b4b7ffd4bc30b465d5e19bfc5546bbbe1699c8d0142f5f1f323b,18,stagnant,unproductive_cycle,False,False,True,False,False,
StressFresh100,StressFresh100_T000033,6b4efe67d208b4b7ffd4bc30b465d5e19bfc5546bbbe1699c8d0142f5f1f323b,19,stagnant,unproductive_cycle,False,False,True,False,False,
StressFresh100,StressFresh100_T000033,6b4efe67d208b4b7ffd4bc30b465d5e19bfc5546bbbe1699c8d0142f5f1f323b,20,stagnant,unproductive_cycle,False,False,True,False,False,
StressFresh100,StressFresh100_T000033,6b4efe67d208b4b7ffd4bc30b465d5e19bfc5546bbbe1699c8d0142f5f1f323b,21,stagnant,unproductive_cycle,False,False,True,False,False,
StressFresh100,StressFresh100_T000033,6b4efe67d208b4b7ffd4bc30b465d5e19bfc5546bbbe1699c8d0142f5f1f323b,22,stagnant,unproductive_cycle,False,False,True,False,False,
StressFresh100,StressFresh100_T000033,6b4efe67d208b4b7ffd4bc30b465d5e19bfc5546bbbe1699c8d0142f5f1f323b,23,stagnant,unproductive_cycle,False,False,True,False,False,
StressFresh100,StressFresh100_T000033,6b4efe67d208b4b7ffd4bc30b465d5e19bfc5546bbbe1699c8d0142f5f1f323b,24,stagnant,unproductive_cycle,False,False,True,False,False,
StressFresh100,StressFresh100_T000033,6b4efe67d208b4b7ffd4bc30b465d5e19bfc5546bbbe1699c8d0142f5f1f323b,25,stagnant,unproductive_cycle,False,False,True,False,False,
StressFresh100,StressFresh100_T000033,6b4efe67d208b4b7ffd4bc30b465d5e19bfc5546bbbe1699c8d0142f5f1f323b,26,stagnant,unproductive_cycle,False,False,True,False,False,
StressFresh100,StressFresh100_T000033,6b4efe67d208b4b7ffd4bc30b465d5e19bfc5546bbbe1699c8d0142f5f1f323b,27,productive,none,False,False,False,False,False,
StressFresh100,StressFresh100_T000033,6b4efe67d208b4b7ffd4bc30b465d5e19bfc5546bbbe1699c8d0142f5f1f323b,28,productive,none,False,False,False,False,False,
StressFresh100,StressFresh100_T000034,2816e442729eace9b26e6cb622788d035b3ddd3db1c44f7fb6938a8f0a4de49f,0,productive,none,False,False,False,False,False,
StressFresh100,StressFresh100_T000034,2816e442729eace9b26e6cb622788d035b3ddd3db1c44f7fb6938a8f0a4de49f,1,productive,none,False,False,False,False,False,
StressFresh100,StressFresh100_T000034,2816e442729eace9b26e6cb622788d035b3ddd3db1c44f7fb6938a8f0a4de49f,2,productive,none,False,False,False,False,False,
StressFresh100,StressFresh100_T000034,2816e442729eace9b26e6cb622788d035b3ddd3db1c44f7fb6938a8f0a4de49f,3,productive,none,False,False,False,False,False,
StressFresh100,StressFresh100_T000034,2816e442729eace9b26e6cb622788d035b3ddd3db1c44f7fb6938a8f0a4de49f,4,productive,none,False,False,False,False,False,
StressFresh100,StressFresh100_T000034,2816e442729eace9b26e6cb622788d035b3ddd3db1c44f7fb6938a8f0a4de49f,5,productive,none,False,False,False,False,False,
StressFresh100,StressFresh100_T000034,2816e442729eace9b26e6cb622788d035b3ddd3db1c44f7fb6938a8f0a4de49f,6,productive,none,False,False,False,False,False,
StressFresh100,StressFresh100_T000034,2816e442729eace9b26e6cb622788d035b3ddd3db1c44f7fb6938a8f0a4de49f,7,productive,none,False,False,False,False,False,
StressFresh100,StressFresh100_T000034,2816e442729eace9b26e6cb622788d035b3ddd3db1c44f7fb6938a8f0a4de49f,8,productive,none,False,False,False,False,False,
StressFresh100,StressFresh100_T000034,2816e442729eace9b26e6cb622788d035b3ddd3db1c44f7fb6938a8f0a4de49f,9,productive,none,False,False,False,False,False,
StressFresh100,StressFresh100_T000034,2816e442729eace9b26e6cb622788d035b3ddd3db1c44f7fb6938a8f0a4de49f,10,productive,productive_iteration,False,True,False,False,False,
StressFresh100,StressFresh100_T000034,2816e442729eace9b26e6cb622788d035b3ddd3db1c44f7fb6938a8f0a4de49f,11,stagnant,unproductive_cycle,False,False,True,False,False,
StressFresh100,StressFresh100_T000034,2816e442729eace9b26e6cb622788d035b3ddd3db1c44f7fb6938a8f0a4de49f,12,stagnant,unproductive_cycle,False,False,True,False,False,
StressFresh100,StressFresh100_T000034,2816e442729eace9b26e6cb622788d035b3ddd3db1c44f7fb6938a8f0a4de49f,13,stagnant,unproductive_cycle,False,False,True,False,False,
StressFresh100,StressFresh100_T000034,2816e442729eace9b26e6cb622788d035b3ddd3db1c44f7fb6938a8f0a4de49f,14,stagnant,unproductive_cycle,False,False,True,False,False,
StressFresh100,StressFresh100_T000034,2816e442729eace9b26e6cb622788d035b3ddd3db1c44f7fb6938a8f0a4de49f,15,stagnant,unproductive_cycle,False,False,True,False,False,
StressFresh100,StressFresh100_T000034,2816e442729eace9b26e6cb622788d035b3ddd3db1c44f7fb6938a8f0a4de49f,16,stagnant,unproductive_cycle,False,False,True,False,False,
StressFresh100,StressFresh100_T000034,2816e442729eace9b26e6cb622788d035b3ddd3db1c44f7fb6938a8f0a4de49f,17,productive,productive_iteration,False,True,False,False,False,
StressFresh100,StressFresh100_T000034,2816e442729eace9b26e6cb622788d035b3ddd3db1c44f7fb6938a8f0a4de49f,18,stagnant,unproductive_cycle,False,False,True,False,False,
StressFresh100,StressFresh100_T000034,2816e442729eace9b26e6cb622788d035b3ddd3db1c44f7fb6938a8f0a4de49f,19,stagnant,unproductive_cycle,False,False,True,False,False,
StressFresh100,StressFresh100_T000034,2816e442729eace9b26e6cb622788d035b3ddd3db1c44f7fb6938a8f0a4de49f,20,stagnant,unproductive_cycle,False,False,True,False,False,
StressFresh100,StressFresh100_T000034,2816e442729eace9b26e6cb622788d035b3ddd3db1c44f7fb6938a8f0a4de49f,21,stagnant,unproductive_cycle,False,False,True,False,False,
StressFresh100,StressFresh100_T000034,2816e442729eace9b26e6cb622788d035b3ddd3db1c44f7fb6938a8f0a4de49f,22,stagnant,unproductive_cycle,False,False,True,False,False,
StressFresh100,StressFresh100_T000034,2816e442729eace9b26e6cb622788d035b3ddd3db1c44f7fb6938a8f0a4de49f,23,stagnant,unproductive_cycle,False,False,True,False,False,
StressFresh100,StressFresh100_T000034,2816e442729eace9b26e6cb622788d035b3ddd3db1c44f7fb6938a8f0a4de49f,24,stagnant,unproductive_cycle,False,False,True,False,False,
StressFresh100,StressFresh100_T000034,2816e442729eace9b26e6cb622788d035b3ddd3db1c44f7fb6938a8f0a4de49f,25,stagnant,unproductive_cycle,False,False,True,False,False,
StressFresh100,StressFresh100_T000034,2816e442729eace9b26e6cb622788d035b3ddd3db1c44f7fb6938a8f0a4de49f,26,stagnant,unproductive_cycle,False,False,True,False,False,
StressFresh100,StressFresh100_T000034,2816e442729eace9b26e6cb622788d035b3ddd3db1c44f7fb6938a8f0a4de49f,27,stagnant,unproductive_cycle,False,False,True,False,False,
StressFresh100,StressFresh100_T000035,782cea9926b68436640bd7bbba6c9706ab8b7c42d2e6a834fbbc43472c93b24c,0,productive,none,False,False,False,False,False,
StressFresh100,StressFresh100_T000035,782cea9926b68436640bd7bbba6c9706ab8b7c42d2e6a834fbbc43472c93b24c,1,productive,none,False,False,False,False,False,
StressFresh100,StressFresh100_T000035,782cea9926b68436640bd7bbba6c9706ab8b7c42d2e6a834fbbc43472c93b24c,2,productive,none,False,False,False,False,False,
StressFresh100,StressFresh100_T000035,782cea9926b68436640bd7bbba6c9706ab8b7c42d2e6a834fbbc43472c93b24c,3,productive,productive_iteration,False,True,False,False,False,
StressFresh100,StressFresh100_T000035,782cea9926b68436640bd7bbba6c9706ab8b7c42d2e6a834fbbc43472c93b24c,4,productive,productive_iteration,False,True,False,False,False,
StressFresh100,StressFresh100_T000035,782cea9926b68436640bd7bbba6c9706ab8b7c42d2e6a834fbbc43472c93b24c,5,productive,productive_iteration,False,True,False,False,False,
StressFresh100,StressFresh100_T000035,782cea9926b68436640bd7bbba6c9706ab8b7c42d2e6a834fbbc43472c93b24c,6,productive,productive_iteration,False,True,False,False,False,
StressFresh100,StressFresh100_T000035,782cea9926b68436640bd7bbba6c9706ab8b7c42d2e6a834fbbc43472c93b24c,7,productive,productive_iteration,False,True,False,False,False,
StressFresh100,StressFresh100_T000035,782cea9926b68436640bd7bbba6c9706ab8b7c42d2e6a834fbbc43472c93b24c,8,productive,productive_iteration,False,True,False,False,False,
StressFresh100,StressFresh100_T000035,782cea9926b68436640bd7bbba6c9706ab8b7c42d2e6a834fbbc43472c93b24c,9,stagnant,unproductive_cycle,False,False,True,False,False,
StressFresh100,StressFresh100_T000035,782cea9926b68436640bd7bbba6c9706ab8b7c42d2e6a834fbbc43472c93b24c,10,stagnant,unproductive_cycle,False,False,True,False,False,
StressFresh100,StressFresh100_T000035,782cea9926b68436640bd7bbba6c9706ab8b7c42d2e6a834fbbc43472c93b24c,11,stagnant,unproductive_cycle,False,False,True,False,False,
StressFresh100,StressFresh100_T000035,782cea9926b68436640bd7bbba6c9706ab8b7c42d2e6a834fbbc43472c93b24c,12,stagnant,unproductive_cycle,False,False,True,False,False,
StressFresh100,StressFresh100_T000035,782cea9926b68436640bd7bbba6c9706ab8b7c42d2e6a834fbbc43472c93b24c,13,stagnant,unproductive_cycle,False,False,True,False,False,
StressFresh100,StressFresh100_T000035,782cea9926b68436640bd7bbba6c9706ab8b7c42d2e6a834fbbc43472c93b24c,14,stagnant,unproductive_cycle,False,False,True,False,False,
StressFresh100,StressFresh100_T000035,782cea9926b68436640bd7bbba6c9706ab8b7c42d2e6a834fbbc43472c93b24c,15,stagnant,unproductive_cycle,False,False,True,False,False,
StressFresh100,StressFresh100_T000035,782cea9926b68436640bd7bbba6c9706ab8b7c42d2e6a834fbbc43472c93b24c,16,productive,productive_iteration,True,True,False,False,False,
StressFresh100,StressFresh100_T000035,782cea9926b68436640bd7bbba6c9706ab8b7c42d2e6a834fbbc43472c93b24c,17,productive,productive_iteration,True,True,False,False,False,
StressFresh100,StressFresh100_T000035,782cea9926b68436640bd7bbba6c9706ab8b7c42d2e6a834fbbc43472c93b24c,18,productive,productive_iteration,True,True,False,False,False,
StressFresh100,StressFresh100_T000035,782cea9926b68436640bd7bbba6c9706ab8b7c42d2e6a834fbbc43472c93b24c,19,productive,productive_iteration,True,True,False,False,False,
StressFresh100,StressFresh100_T000035,782cea9926b68436640bd7bbba6c9706ab8b7c42d2e6a834fbbc43472c93b24c,20,productive,productive_iteration,True,True,False,False,False,
StressFresh100,StressFresh100_T000035,782cea9926b68436640bd7bbba6c9706ab8b7c42d2e6a834fbbc43472c93b24c,21,productive,productive_iteration,True,True,False,False,False,
StressFresh100,StressFresh100_T000035,782cea9926b68436640bd7bbba6c9706ab8b7c42d2e6a834fbbc43472c93b24c,22,productive,productive_iteration,True,True,False,False,False,
StressFresh100,StressFresh100_T000035,782cea9926b68436640bd7bbba6c9706ab8b7c42d2e6a834fbbc43472c93b24c,23,productive,productive_iteration,True,True,False,False,False,
StressFresh100,StressFresh100_T000035,782cea9926b68436640bd7bbba6c9706ab8b7c42d2e6a834fbbc43472c93b24c,24,productive,productive_iteration,True,True,False,False,False,
StressFresh100,StressFresh100_T000035,782cea9926b68436640bd7bbba6c9706ab8b7c42d2e6a834fbbc43472c93b24c,25,productive,productive_iteration,True,True,False,False,False,
StressFresh100,StressFresh100_T000035,782cea9926b68436640bd7bbba6c9706ab8b7c42d2e6a834fbbc43472c93b24c,26,productive,productive_iteration,True,True,False,False,False,
StressFresh100,StressFresh100_T000035,782cea9926b68436640bd7bbba6c9706ab8b7c42d2e6a834fbbc43472c93b24c,27,productive,productive_iteration,True,True,False,False,False,
StressFresh100,StressFresh100_T000035,782cea9926b68436640bd7bbba6c9706ab8b7c42d2e6a834fbbc43472c93b24c,28,productive,productive_iteration,True,True,False,False,False,
StressFresh100,StressFresh100_T000035,782cea9926b68436640bd7bbba6c9706ab8b7c42d2e6a834fbbc43472c93b24c,29,productive,productive_iteration,True,True,False,False,False,
StressFresh100,StressFresh100_T000035,782cea9926b68436640bd7bbba6c9706ab8b7c42d2e6a834fbbc43472c93b24c,30,productive,productive_iteration,True,True,False,False,False,
StressFresh100,StressFresh100_T000035,782cea9926b68436640bd7bbba6c9706ab8b7c42d2e6a834fbbc43472c93b24c,31,productive,productive_iteration,True,True,False,False,False,
StressFresh100,StressFresh100_T000035,782cea9926b68436640bd7bbba6c9706ab8b7c42d2e6a834fbbc43472c93b24c,32,productive,productive_iteration,True,True,False,False,False,
StressFresh100,StressFresh100_T000035,782cea9926b68436640bd7bbba6c9706ab8b7c42d2e6a834fbbc43472c93b24c,33,productive,productive_iteration,True,True,False,False,False,
StressFresh100,StressFresh100_T000035,782cea9926b68436640bd7bbba6c9706ab8b7c42d2e6a834fbbc43472c93b24c,34,productive,productive_iteration,True,True,False,False,False,
StressFresh100,StressFresh100_T000035,782cea9926b68436640bd7bbba6c9706ab8b7c42d2e6a834fbbc43472c93b24c,35,productive,productive_iteration,True,True,False,False,False,
StressFresh100,StressFresh100_T000035,782cea9926b68436640bd7bbba6c9706ab8b7c42d2e6a834fbbc43472c93b24c,36,productive,productive_iteration,True,True,False,False,False,
StressFresh100,StressFresh100_T000035,782cea9926b68436640bd7bbba6c9706ab8b7c42d2e6a834fbbc43472c93b24c,37,productive,productive_iteration,True,True,False,False,False,
StressFresh100,StressFresh100_T000035,782cea9926b68436640bd7bbba6c9706ab8b7c42d2e6a834fbbc43472c93b24c,38,productive,productive_iteration,True,True,False,False,False,
StressFresh100,StressFresh100_T000035,782cea9926b68436640bd7bbba6c9706ab8b7c42d2e6a834fbbc43472c93b24c,39,productive,productive_iteration,True,True,False,False,False,
StressFresh100,StressFresh100_T000035,782cea9926b68436640bd7bbba6c9706ab8b7c42d2e6a834fbbc43472c93b24c,40,productive,productive_iteration,True,True,False,False,False,
StressFresh100,StressFresh100_T000035,782cea9926b68436640bd7bbba6c9706ab8b7c42d2e6a834fbbc43472c93b24c,41,productive,productive_iteration,True,True,False,False,False,
StressFresh100,StressFresh100_T000035,782cea9926b68436640bd7bbba6c9706ab8b7c42d2e6a834fbbc43472c93b24c,42,productive,productive_iteration,True,True,False,False,False,
StressFresh100,StressFresh100_T000047,a14e25682473ca3c4d93f1d1fa2b759d75b225ad7aa50c914dfce5615526e9ff,0,productive,productive_iteration,False,True,False,False,False,
StressFresh100,StressFresh100_T000047,a14e25682473ca3c4d93f1d1fa2b759d75b225ad7aa50c914dfce5615526e9ff,1,productive,productive_iteration,False,True,False,False,False,
StressFresh100,StressFresh100_T000047,a14e25682473ca3c4d93f1d1fa2b759d75b225ad7aa50c914dfce5615526e9ff,2,productive,productive_iteration,False,True,False,False,False,
StressFresh100,StressFresh100_T000047,a14e25682473ca3c4d93f1d1fa2b759d75b225ad7aa50c914dfce5615526e9ff,3,productive,none,False,False,False,False,False,
StressFresh100,StressFresh100_T000047,a14e25682473ca3c4d93f1d1fa2b759d75b225ad7aa50c914dfce5615526e9ff,4,productive,none,False,False,False,False,False,
StressFresh100,StressFresh100_T000047,a14e25682473ca3c4d93f1d1fa2b759d75b225ad7aa50c914dfce5615526e9ff,5,productive,none,False,False,False,False,False,
StressFresh100,StressFresh100_T000047,a14e25682473ca3c4d93f1d1fa2b759d75b225ad7aa50c914dfce5615526e9ff,6,productive,none,False,False,False,False,False,
StressFresh100,StressFresh100_T000047,a14e25682473ca3c4d93f1d1fa2b759d75b225ad7aa50c914dfce5615526e9ff,7,productive,productive_iteration,False,True,False,False,False,
StressFresh100,StressFresh100_T000047,a14e25682473ca3c4d93f1d1fa2b759d75b225ad7aa50c914dfce5615526e9ff,8,productive,none,False,False,False,False,False,
StressFresh100,StressFresh100_T000047,a14e25682473ca3c4d93f1d1fa2b759d75b225ad7aa50c914dfce5615526e9ff,9,productive,none,False,False,False,False,False,
StressFresh100,StressFresh100_T000047,a14e25682473ca3c4d93f1d1fa2b759d75b225ad7aa50c914dfce5615526e9ff,10,productive,none,False,False,False,False,False,
StressFresh100,StressFresh100_T000047,a14e25682473ca3c4d93f1d1fa2b759d75b225ad7aa50c914dfce5615526e9ff,11,productive,productive_iteration,False,True,False,False,False,
StressFresh100,StressFresh100_T000047,a14e25682473ca3c4d93f1d1fa2b759d75b225ad7aa50c914dfce5615526e9ff,12,productive,none,False,False,False,False,False,
StressFresh100,StressFresh100_T000047,a14e25682473ca3c4d93f1d1fa2b759d75b225ad7aa50c914dfce5615526e9ff,13,productive,none,False,False,False,False,False,
StressFresh100,StressFresh100_T000047,a14e25682473ca3c4d93f1d1fa2b759d75b225ad7aa50c914dfce5615526e9ff,14,productive,none,False,False,False,False,False,
StressFresh100,StressFresh100_T000047,a14e25682473ca3c4d93f1d1fa2b759d75b225ad7aa50c914dfce5615526e9ff,15,productive,productive_iteration,False,True,False,False,False,
StressFresh100,StressFresh100_T000047,a14e25682473ca3c4d93f1d1fa2b759d75b225ad7aa50c914dfce5615526e9ff,16,productive,productive_iteration,False,True,False,False,False,
StressFresh100,StressFresh100_T000047,a14e25682473ca3c4d93f1d1fa2b759d75b225ad7aa50c914dfce5615526e9ff,17,productive,productive_iteration,False,True,False,False,False,
StressFresh100,StressFresh100_T000047,a14e25682473ca3c4d93f1d1fa2b759d75b225ad7aa50c914dfce5615526e9ff,18,productive,none,False,False,False,False,False,
StressFresh100,StressFresh100_T000047,a14e25682473ca3c4d93f1d1fa2b759d75b225ad7aa50c914dfce5615526e9ff,19,productive,productive_iteration,False,True,False,False,False,
StressFresh100,StressFresh100_T000047,a14e25682473ca3c4d93f1d1fa2b759d75b225ad7aa50c914dfce5615526e9ff,20,productive,productive_iteration,False,True,False,False,False,
StressFresh100,StressFresh100_T000047,a14e25682473ca3c4d93f1d1fa2b759d75b225ad7aa50c914dfce5615526e9ff,21,productive,productive_iteration,False,True,False,False,False,
StressFresh100,StressFresh100_T000047,a14e25682473ca3c4d93f1d1fa2b759d75b225ad7aa50c914dfce5615526e9ff,22,productive,none,False,False,False,False,False,
StressFresh100,StressFresh100_T000047,a14e25682473ca3c4d93f1d1fa2b759d75b225ad7aa50c914dfce5615526e9ff,23,productive,none,False,False,False,False,False,
StressFresh100,StressFresh100_T000047,a14e25682473ca3c4d93f1d1fa2b759d75b225ad7aa50c914dfce5615526e9ff,24,productive,productive_iteration,False,True,False,False,False,
StressFresh100,StressFresh100_T000047,a14e25682473ca3c4d93f1d1fa2b759d75b225ad7aa50c914dfce5615526e9ff,25,productive,productive_iteration,False,True,False,False,False,
StressFresh100,StressFresh100_T000047,a14e25682473ca3c4d93f1d1fa2b759d75b225ad7aa50c914dfce5615526e9ff,26,productive,productive_iteration,False,True,False,False,False,
StressFresh100,StressFresh100_T000047,a14e25682473ca3c4d93f1d1fa2b759d75b225ad7aa50c914dfce5615526e9ff,27,productive,none,False,False,False,False,False,
StressFresh100,StressFresh100_T000047,a14e25682473ca3c4d93f1d1fa2b759d75b225ad7aa50c914dfce5615526e9ff,28,productive,productive_iteration,False,True,False,False,False,
StressFresh100,StressFresh100_T000047,a14e25682473ca3c4d93f1d1fa2b759d75b225ad7aa50c914dfce5615526e9ff,29,productive,productive_iteration,False,True,False,False,False,
StressFresh100,StressFresh100_T000047,a14e25682473ca3c4d93f1d1fa2b759d75b225ad7aa50c914dfce5615526e9ff,30,productive,productive_iteration,False,True,False,False,False,
StressFresh100,StressFresh100_T000047,a14e25682473ca3c4d93f1d1fa2b759d75b225ad7aa50c914dfce5615526e9ff,31,productive,none,False,False,False,False,False,
StressFresh100,StressFresh100_T000047,a14e25682473ca3c4d93f1d1fa2b759d75b225ad7aa50c914dfce5615526e9ff,32,productive,productive_iteration,False,True,False,False,False,
StressFresh100,StressFresh100_T000047,a14e25682473ca3c4d93f1d1fa2b759d75b225ad7aa50c914dfce5615526e9ff,33,productive,productive_iteration,False,True,False,False,False,
StressFresh100,StressFresh100_T000047,a14e25682473ca3c4d93f1d1fa2b759d75b225ad7aa50c914dfce5615526e9ff,34,productive,none,False,False,False,False,False,
StressFresh100,StressFresh100_T000047,a14e25682473ca3c4d93f1d1fa2b759d75b225ad7aa50c914dfce5615526e9ff,35,productive,productive_iteration,False,True,False,False,False,
StressFresh100,StressFresh100_T000047,a14e25682473ca3c4d93f1d1fa2b759d75b225ad7aa50c914dfce5615526e9ff,36,productive,productive_iteration,False,True,False,False,False,
StressFresh100,StressFresh100_T000047,a14e25682473ca3c4d93f1d1fa2b759d75b225ad7aa50c914dfce5615526e9ff,37,productive,productive_iteration,False,True,False,False,False,
StressFresh100,StressFresh100_T000047,a14e25682473ca3c4d93f1d1fa2b759d75b225ad7aa50c914dfce5615526e9ff,38,productive,productive_iteration,False,True,False,False,False,
StressFresh100,StressFresh100_T000047,a14e25682473ca3c4d93f1d1fa2b759d75b225ad7aa50c914dfce5615526e9ff,39,productive,productive_iteration,False,True,False,False,False,
StressFresh100,StressFresh100_T000047,a14e25682473ca3c4d93f1d1fa2b759d75b225ad7aa50c914dfce5615526e9ff,40,productive,none,False,False,False,False,False,
StressFresh100,StressFresh100_T000047,a14e25682473ca3c4d93f1d1fa2b759d75b225ad7aa50c914dfce5615526e9ff,41,productive,none,False,False,False,False,False,
StressFresh100,StressFresh100_T000050,e5a05016a8d27bc4021330c7adbb02e4699c7fc6e69221f250aecec8313deee2,0,productive,none,False,False,False,False,False,
StressFresh100,StressFresh100_T000050,e5a05016a8d27bc4021330c7adbb02e4699c7fc6e69221f250aecec8313deee2,1,productive,none,False,False,False,False,False,
StressFresh100,StressFresh100_T000050,e5a05016a8d27bc4021330c7adbb02e4699c7fc6e69221f250aecec8313deee2,2,productive,none,False,False,False,False,False,
StressFresh100,StressFresh100_T000050,e5a05016a8d27bc4021330c7adbb02e4699c7fc6e69221f250aecec8313deee2,3,productive,none,False,False,False,False,False,
StressFresh100,StressFresh100_T000050,e5a05016a8d27bc4021330c7adbb02e4699c7fc6e69221f250aecec8313deee2,4,stagnant,unproductive_cycle,False,False,True,False,False,
StressFresh100,StressFresh100_T000050,e5a05016a8d27bc4021330c7adbb02e4699c7fc6e69221f250aecec8313deee2,5,stagnant,unproductive_cycle,False,False,True,False,False,
StressFresh100,StressFresh100_T000050,e5a05016a8d27bc4021330c7adbb02e4699c7fc6e69221f250aecec8313deee2,6,productive,none,False,False,False,False,False,
StressFresh100,StressFresh100_T000050,e5a05016a8d27bc4021330c7adbb02e4699c7fc6e69221f250aecec8313deee2,7,productive,none,False,False,False,False,False,
StressFresh100,StressFresh100_T000050,e5a05016a8d27bc4021330c7adbb02e4699c7fc6e69221f250aecec8313deee2,8,productive,none,False,False,False,False,False,
StressFresh100,StressFresh100_T000050,e5a05016a8d27bc4021330c7adbb02e4699c7fc6e69221f250aecec8313deee2,9,productive,none,False,False,False,False,False,
StressFresh100,StressFresh100_T000050,e5a05016a8d27bc4021330c7adbb02e4699c7fc6e69221f250aecec8313deee2,10,stagnant,unproductive_cycle,False,False,True,False,False,
StressFresh100,StressFresh100_T000050,e5a05016a8d27bc4021330c7adbb02e4699c7fc6e69221f250aecec8313deee2,11,productive,none,False,False,False,False,False,
StressFresh100,StressFresh100_T000050,e5a05016a8d27bc4021330c7adbb02e4699c7fc6e69221f250aecec8313deee2,12,productive,none,False,False,False,False,False,
StressFresh100,StressFresh100_T000050,e5a05016a8d27bc4021330c7adbb02e4699c7fc6e69221f250aecec8313deee2,13,productive,none,False,False,False,False,False,
StressFresh100,StressFresh100_T000050,e5a05016a8d27bc4021330c7adbb02e4699c7fc6e69221f250aecec8313deee2,14,productive,none,False,False,False,False,False,
StressFresh100,StressFresh100_T000050,e5a05016a8d27bc4021330c7adbb02e4699c7fc6e69221f250aecec8313deee2,15,productive,none,False,False,False,False,False,
StressFresh100,StressFresh100_T000050,e5a05016a8d27bc4021330c7adbb02e4699c7fc6e69221f250aecec8313deee2,16,productive,none,False,False,False,False,False,
StressFresh100,StressFresh100_T000050,e5a05016a8d27bc4021330c7adbb02e4699c7fc6e69221f250aecec8313deee2,17,productive,none,False,False,False,False,False,
StressFresh100,StressFresh100_T000050,e5a05016a8d27bc4021330c7adbb02e4699c7fc6e69221f250aecec8313deee2,18,productive,none,False,False,False,False,False,
StressFresh100,StressFresh100_T000054,ae7453e1b1d07891d27548e55c4fcc4bbb62c04db8bcd6251c02e356126618a3,0,productive,productive_iteration,True,True,False,False,False,
StressFresh100,StressFresh100_T000054,ae7453e1b1d07891d27548e55c4fcc4bbb62c04db8bcd6251c02e356126618a3,1,productive,productive_iteration,True,True,False,False,False,
StressFresh100,StressFresh100_T000054,ae7453e1b1d07891d27548e55c4fcc4bbb62c04db8bcd6251c02e356126618a3,2,productive,productive_iteration,True,True,False,False,False,
StressFresh100,StressFresh100_T000054,ae7453e1b1d07891d27548e55c4fcc4bbb62c04db8bcd6251c02e356126618a3,3,productive,productive_iteration,True,True,False,False,False,
StressFresh100,StressFresh100_T000054,ae7453e1b1d07891d27548e55c4fcc4bbb62c04db8bcd6251c02e356126618a3,4,productive,productive_iteration,True,True,False,False,False,
StressFresh100,StressFresh100_T000054,ae7453e1b1d07891d27548e55c4fcc4bbb62c04db8bcd6251c02e356126618a3,5,productive,productive_iteration,True,True,False,False,False,
StressFresh100,StressFresh100_T000054,ae7453e1b1d07891d27548e55c4fcc4bbb62c04db8bcd6251c02e356126618a3,6,productive,productive_iteration,True,True,False,False,False,
StressFresh100,StressFresh100_T000054,ae7453e1b1d07891d27548e55c4fcc4bbb62c04db8bcd6251c02e356126618a3,7,productive,productive_iteration,True,True,False,False,False,
StressFresh100,StressFresh100_T000054,ae7453e1b1d07891d27548e55c4fcc4bbb62c04db8bcd6251c02e356126618a3,8,productive,productive_iteration,True,True,False,False,False,
StressFresh100,StressFresh100_T000054,ae7453e1b1d07891d27548e55c4fcc4bbb62c04db8bcd6251c02e356126618a3,9,productive,productive_iteration,True,True,False,False,False,
StressFresh100,StressFresh100_T000054,ae7453e1b1d07891d27548e55c4fcc4bbb62c04db8bcd6251c02e356126618a3,10,productive,productive_iteration,True,True,False,False,False,
StressFresh100,StressFresh100_T000054,ae7453e1b1d07891d27548e55c4fcc4bbb62c04db8bcd6251c02e356126618a3,11,productive,productive_iteration,True,True,False,False,False,
StressFresh100,StressFresh100_T000054,ae7453e1b1d07891d27548e55c4fcc4bbb62c04db8bcd6251c02e356126618a3,12,productive,productive_iteration,True,True,False,False,False,
StressFresh100,StressFresh100_T000054,ae7453e1b1d07891d27548e55c4fcc4bbb62c04db8bcd6251c02e356126618a3,13,productive,productive_iteration,True,True,False,False,False,
StressFresh100,StressFresh100_T000054,ae7453e1b1d07891d27548e55c4fcc4bbb62c04db8bcd6251c02e356126618a3,14,productive,productive_iteration,True,True,False,False,False,
StressFresh100,StressFresh100_T000054,ae7453e1b1d07891d27548e55c4fcc4bbb62c04db8bcd6251c02e356126618a3,15,productive,productive_iteration,True,True,False,False,False,
StressFresh100,StressFresh100_T000054,ae7453e1b1d07891d27548e55c4fcc4bbb62c04db8bcd6251c02e356126618a3,16,productive,productive_iteration,True,True,False,False,False,
StressFresh100,StressFresh100_T000054,ae7453e1b1d07891d27548e55c4fcc4bbb62c04db8bcd6251c02e356126618a3,17,productive,productive_iteration,True,True,False,False,False,
StressFresh100,StressFresh100_T000054,ae7453e1b1d07891d27548e55c4fcc4bbb62c04db8bcd6251c02e356126618a3,18,productive,productive_iteration,True,True,False,False,False,
StressFresh100,StressFresh100_T000054,ae7453e1b1d07891d27548e55c4fcc4bbb62c04db8bcd6251c02e356126618a3,19,productive,productive_iteration,True,True,False,False,False,
StressFresh100,StressFresh100_T000054,ae7453e1b1d07891d27548e55c4fcc4bbb62c04db8bcd6251c02e356126618a3,20,productive,productive_iteration,True,True,False,False,False,
StressFresh100,StressFresh100_T000054,ae7453e1b1d07891d27548e55c4fcc4bbb62c04db8bcd6251c02e356126618a3,21,productive,productive_iteration,True,True,False,False,False,
StressFresh100,StressFresh100_T000054,ae7453e1b1d07891d27548e55c4fcc4bbb62c04db8bcd6251c02e356126618a3,22,productive,productive_iteration,True,True,False,False,False,
StressFresh100,StressFresh100_T000054,ae7453e1b1d07891d27548e55c4fcc4bbb62c04db8bcd6251c02e356126618a3,23,stagnant,unproductive_cycle,False,False,True,False,False,
StressFresh100,StressFresh100_T000054,ae7453e1b1d07891d27548e55c4fcc4bbb62c04db8bcd6251c02e356126618a3,24,stagnant,unproductive_cycle,False,False,True,False,False,
StressFresh100,StressFresh100_T000054,ae7453e1b1d07891d27548e55c4fcc4bbb62c04db8bcd6251c02e356126618a3,25,stagnant,unproductive_cycle,False,False,True,False,False,
StressFresh100,StressFresh100_T000054,ae7453e1b1d07891d27548e55c4fcc4bbb62c04db8bcd6251c02e356126618a3,26,stagnant,unproductive_cycle,False,False,True,False,False,
StressFresh100,StressFresh100_T000054,ae7453e1b1d07891d27548e55c4fcc4bbb62c04db8bcd6251c02e356126618a3,27,stagnant,unproductive_cycle,False,False,True,False,False,
StressFresh100,StressFresh100_T000054,ae7453e1b1d07891d27548e55c4fcc4bbb62c04db8bcd6251c02e356126618a3,28,stagnant,unproductive_cycle,False,False,True,False,False,
StressFresh100,StressFresh100_T000054,ae7453e1b1d07891d27548e55c4fcc4bbb62c04db8bcd6251c02e356126618a3,29,productive,productive_iteration,True,True,False,False,False,
StressFresh100,StressFresh100_T000054,ae7453e1b1d07891d27548e55c4fcc4bbb62c04db8bcd6251c02e356126618a3,30,productive,productive_iteration,True,True,False,False,False,
StressFresh100,StressFresh100_T000054,ae7453e1b1d07891d27548e55c4fcc4bbb62c04db8bcd6251c02e356126618a3,31,productive,productive_iteration,True,True,False,False,False,
StressFresh100,StressFresh100_T000054,ae7453e1b1d07891d27548e55c4fcc4bbb62c04db8bcd6251c02e356126618a3,32,productive,productive_iteration,True,True,False,False,False,
StressFresh100,StressFresh100_T000054,ae7453e1b1d07891d27548e55c4fcc4bbb62c04db8bcd6251c02e356126618a3,33,productive,productive_iteration,True,True,False,False,False,
StressFresh100,StressFresh100_T000054,ae7453e1b1d07891d27548e55c4fcc4bbb62c04db8bcd6251c02e356126618a3,34,productive,productive_iteration,True,True,False,False,False,
StressFresh100,StressFresh100_T000054,ae7453e1b1d07891d27548e55c4fcc4bbb62c04db8bcd6251c02e356126618a3,35,productive,productive_iteration,True,True,False,False,False,
StressFresh100,StressFresh100_T000054,ae7453e1b1d07891d27548e55c4fcc4bbb62c04db8bcd6251c02e356126618a3,36,productive,productive_iteration,True,True,False,False,False,
StressFresh100,StressFresh100_T000058,0372a2e9d5e5876dd3973d4f1fab5c144817ef5de2178ad564d71808d9db3cf0,0,productive,productive_iteration,False,True,False,False,False,
StressFresh100,StressFresh100_T000058,0372a2e9d5e5876dd3973d4f1fab5c144817ef5de2178ad564d71808d9db3cf0,1,productive,productive_iteration,False,True,False,False,False,
StressFresh100,StressFresh100_T000058,0372a2e9d5e5876dd3973d4f1fab5c144817ef5de2178ad564d71808d9db3cf0,2,productive,productive_iteration,False,True,False,False,False,
StressFresh100,StressFresh100_T000058,0372a2e9d5e5876dd3973d4f1fab5c144817ef5de2178ad564d71808d9db3cf0,3,productive,productive_iteration,False,True,False,False,False,
StressFresh100,StressFresh100_T000058,0372a2e9d5e5876dd3973d4f1fab5c144817ef5de2178ad564d71808d9db3cf0,4,productive,productive_iteration,False,True,False,False,False,
StressFresh100,StressFresh100_T000058,0372a2e9d5e5876dd3973d4f1fab5c144817ef5de2178ad564d71808d9db3cf0,5,productive,productive_iteration,False,True,False,False,False,
StressFresh100,StressFresh100_T000058,0372a2e9d5e5876dd3973d4f1fab5c144817ef5de2178ad564d71808d9db3cf0,6,productive,productive_iteration,False,True,False,False,False,
StressFresh100,StressFresh100_T000058,0372a2e9d5e5876dd3973d4f1fab5c144817ef5de2178ad564d71808d9db3cf0,7,productive,productive_iteration,False,True,False,False,False,
StressFresh100,StressFresh100_T000058,0372a2e9d5e5876dd3973d4f1fab5c144817ef5de2178ad564d71808d9db3cf0,8,productive,productive_iteration,False,True,False,False,False,
StressFresh100,StressFresh100_T000058,0372a2e9d5e5876dd3973d4f1fab5c144817ef5de2178ad564d71808d9db3cf0,9,productive,productive_iteration,False,True,False,False,False,
StressFresh100,StressFresh100_T000058,0372a2e9d5e5876dd3973d4f1fab5c144817ef5de2178ad564d71808d9db3cf0,10,productive,productive_iteration,False,True,False,False,False,
StressFresh100,StressFresh100_T000058,0372a2e9d5e5876dd3973d4f1fab5c144817ef5de2178ad564d71808d9db3cf0,11,productive,productive_iteration,False,True,False,False,False,
StressFresh100,StressFresh100_T000058,0372a2e9d5e5876dd3973d4f1fab5c144817ef5de2178ad564d71808d9db3cf0,12,productive,productive_iteration,False,True,False,False,False,
StressFresh100,StressFresh100_T000058,0372a2e9d5e5876dd3973d4f1fab5c144817ef5de2178ad564d71808d9db3cf0,13,productive,productive_iteration,False,True,False,False,False,
StressFresh100,StressFresh100_T000058,0372a2e9d5e5876dd3973d4f1fab5c144817ef5de2178ad564d71808d9db3cf0,14,productive,productive_iteration,False,True,False,False,False,
StressFresh100,StressFresh100_T000058,0372a2e9d5e5876dd3973d4f1fab5c144817ef5de2178ad564d71808d9db3cf0,15,stagnant,none,False,False,False,False,False,
StressFresh100,StressFresh100_T000058,0372a2e9d5e5876dd3973d4f1fab5c144817ef5de2178ad564d71808d9db3cf0,16,productive,productive_iteration,True,True,False,False,False,
StressFresh100,StressFresh100_T000058,0372a2e9d5e5876dd3973d4f1fab5c144817ef5de2178ad564d71808d9db3cf0,17,productive,productive_iteration,True,True,False,False,False,
StressFresh100,StressFresh100_T000058,0372a2e9d5e5876dd3973d4f1fab5c144817ef5de2178ad564d71808d9db3cf0,18,productive,productive_iteration,True,True,False,False,False,
StressFresh100,StressFresh100_T000058,0372a2e9d5e5876dd3973d4f1fab5c144817ef5de2178ad564d71808d9db3cf0,19,productive,productive_iteration,True,True,False,False,False,
StressFresh100,StressFresh100_T000058,0372a2e9d5e5876dd3973d4f1fab5c144817ef5de2178ad564d71808d9db3cf0,20,productive,productive_iteration,True,True,False,False,False,
StressFresh100,StressFresh100_T000058,0372a2e9d5e5876dd3973d4f1fab5c144817ef5de2178ad564d71808d9db3cf0,21,productive,productive_iteration,True,True,False,False,False,
StressFresh100,StressFresh100_T000058,0372a2e9d5e5876dd3973d4f1fab5c144817ef5de2178ad564d71808d9db3cf0,22,stagnant,unproductive_cycle,False,False,True,False,False,
StressFresh100,StressFresh100_T000058,0372a2e9d5e5876dd3973d4f1fab5c144817ef5de2178ad564d71808d9db3cf0,23,stagnant,unproductive_cycle,False,False,True,False,False,
StressFresh100,StressFresh100_T000058,0372a2e9d5e5876dd3973d4f1fab5c144817ef5de2178ad564d71808d9db3cf0,24,stagnant,unproductive_cycle,False,False,True,False,False,
StressFresh100,StressFresh100_T000058,0372a2e9d5e5876dd3973d4f1fab5c144817ef5de2178ad564d71808d9db3cf0,25,stagnant,unproductive_cycle,False,False,True,False,False,
StressFresh100,StressFresh100_T000058,0372a2e9d5e5876dd3973d4f1fab5c144817ef5de2178ad564d71808d9db3cf0,26,stagnant,unproductive_cycle,False,False,True,False,False,
StressFresh100,StressFresh100_T000058,0372a2e9d5e5876dd3973d4f1fab5c144817ef5de2178ad564d71808d9db3cf0,27,stagnant,unproductive_cycle,False,False,True,False,False,
StressFresh100,StressFresh100_T000058,0372a2e9d5e5876dd3973d4f1fab5c144817ef5de2178ad564d71808d9db3cf0,28,uncertain,none,False,False,False,True,False,
StressFresh100,StressFresh100_T000063,1a6dd195ce2e1cd1f4f42e0337316870ca590bfb5a2e0984b1cdf9b06212629a,0,productive,none,False,False,False,False,False,
StressFresh100,StressFresh100_T000063,1a6dd195ce2e1cd1f4f42e0337316870ca590bfb5a2e0984b1cdf9b06212629a,1,productive,none,False,False,False,False,False,
StressFresh100,StressFresh100_T000063,1a6dd195ce2e1cd1f4f42e0337316870ca590bfb5a2e0984b1cdf9b06212629a,2,productive,productive_iteration,False,True,False,False,False,
StressFresh100,StressFresh100_T000063,1a6dd195ce2e1cd1f4f42e0337316870ca590bfb5a2e0984b1cdf9b06212629a,3,productive,none,False,False,False,False,False,
StressFresh100,StressFresh100_T000063,1a6dd195ce2e1cd1f4f42e0337316870ca590bfb5a2e0984b1cdf9b06212629a,4,productive,productive_iteration,True,True,False,False,False,
StressFresh100,StressFresh100_T000063,1a6dd195ce2e1cd1f4f42e0337316870ca590bfb5a2e0984b1cdf9b06212629a,5,productive,none,False,False,False,False,False,
StressFresh100,StressFresh100_T000063,1a6dd195ce2e1cd1f4f42e0337316870ca590bfb5a2e0984b1cdf9b06212629a,6,productive,productive_iteration,True,True,False,False,False,
StressFresh100,StressFresh100_T000063,1a6dd195ce2e1cd1f4f42e0337316870ca590bfb5a2e0984b1cdf9b06212629a,7,productive,productive_iteration,True,True,False,False,False,
StressFresh100,StressFresh100_T000063,1a6dd195ce2e1cd1f4f42e0337316870ca590bfb5a2e0984b1cdf9b06212629a,8,productive,productive_iteration,True,True,False,False,False,
StressFresh100,StressFresh100_T000063,1a6dd195ce2e1cd1f4f42e0337316870ca590bfb5a2e0984b1cdf9b06212629a,9,productive,productive_iteration,True,True,False,False,False,
StressFresh100,StressFresh100_T000063,1a6dd195ce2e1cd1f4f42e0337316870ca590bfb5a2e0984b1cdf9b06212629a,10,productive,productive_iteration,True,True,False,False,False,
StressFresh100,StressFresh100_T000063,1a6dd195ce2e1cd1f4f42e0337316870ca590bfb5a2e0984b1cdf9b06212629a,11,productive,productive_iteration,True,True,False,False,False,
StressFresh100,StressFresh100_T000063,1a6dd195ce2e1cd1f4f42e0337316870ca590bfb5a2e0984b1cdf9b06212629a,12,productive,productive_iteration,True,True,False,False,False,
StressFresh100,StressFresh100_T000063,1a6dd195ce2e1cd1f4f42e0337316870ca590bfb5a2e0984b1cdf9b06212629a,13,productive,productive_iteration,True,True,False,False,False,
StressFresh100,StressFresh100_T000063,1a6dd195ce2e1cd1f4f42e0337316870ca590bfb5a2e0984b1cdf9b06212629a,14,productive,productive_iteration,True,True,False,False,False,
StressFresh100,StressFresh100_T000063,1a6dd195ce2e1cd1f4f42e0337316870ca590bfb5a2e0984b1cdf9b06212629a,15,productive,productive_iteration,True,True,False,False,False,
StressFresh100,StressFresh100_T000063,1a6dd195ce2e1cd1f4f42e0337316870ca590bfb5a2e0984b1cdf9b06212629a,16,productive,productive_iteration,True,True,False,False,False,
StressFresh100,StressFresh100_T000063,1a6dd195ce2e1cd1f4f42e0337316870ca590bfb5a2e0984b1cdf9b06212629a,17,productive,productive_iteration,True,True,False,False,False,
StressFresh100,StressFresh100_T000063,1a6dd195ce2e1cd1f4f42e0337316870ca590bfb5a2e0984b1cdf9b06212629a,18,productive,productive_iteration,True,True,False,False,False,
StressFresh100,StressFresh100_T000063,1a6dd195ce2e1cd1f4f42e0337316870ca590bfb5a2e0984b1cdf9b06212629a,19,productive,productive_iteration,True,True,False,False,False,
StressFresh100,StressFresh100_T000063,1a6dd195ce2e1cd1f4f42e0337316870ca590bfb5a2e0984b1cdf9b06212629a,20,productive,productive_iteration,True,True,False,False,False,
StressFresh100,StressFresh100_T000063,1a6dd195ce2e1cd1f4f42e0337316870ca590bfb5a2e0984b1cdf9b06212629a,21,stagnant,unproductive_cycle,False,False,True,False,False,
StressFresh100,StressFresh100_T000063,1a6dd195ce2e1cd1f4f42e0337316870ca590bfb5a2e0984b1cdf9b06212629a,22,productive,productive_iteration,True,True,False,False,False,
StressFresh100,StressFresh100_T000063,1a6dd195ce2e1cd1f4f42e0337316870ca590bfb5a2e0984b1cdf9b06212629a,23,productive,productive_iteration,True,True,False,False,False,
StressFresh100,StressFresh100_T000063,1a6dd195ce2e1cd1f4f42e0337316870ca590bfb5a2e0984b1cdf9b06212629a,24,productive,none,False,False,False,False,False,
StressFresh100,StressFresh100_T000063,1a6dd195ce2e1cd1f4f42e0337316870ca590bfb5a2e0984b1cdf9b06212629a,25,productive,none,False,False,False,False,False,
StressFresh100,StressFresh100_T000074,7ecf5739e2ab27d5568ab8a05dff10a03c9b53a45d111ed083f2b3db091a6652,0,productive,productive_iteration,False,True,False,False,False,
StressFresh100,StressFresh100_T000074,7ecf5739e2ab27d5568ab8a05dff10a03c9b53a45d111ed083f2b3db091a6652,1,productive,productive_iteration,False,True,False,False,False,
StressFresh100,StressFresh100_T000074,7ecf5739e2ab27d5568ab8a05dff10a03c9b53a45d111ed083f2b3db091a6652,2,productive,productive_iteration,False,True,False,False,False,
StressFresh100,StressFresh100_T000074,7ecf5739e2ab27d5568ab8a05dff10a03c9b53a45d111ed083f2b3db091a6652,3,uncertain,none,False,False,False,True,False,
StressFresh100,StressFresh100_T000074,7ecf5739e2ab27d5568ab8a05dff10a03c9b53a45d111ed083f2b3db091a6652,4,productive,productive_iteration,True,True,False,False,False,
StressFresh100,StressFresh100_T000074,7ecf5739e2ab27d5568ab8a05dff10a03c9b53a45d111ed083f2b3db091a6652,5,productive,productive_iteration,True,True,False,False,False,
StressFresh100,StressFresh100_T000074,7ecf5739e2ab27d5568ab8a05dff10a03c9b53a45d111ed083f2b3db091a6652,6,productive,productive_iteration,True,True,False,False,False,
StressFresh100,StressFresh100_T000074,7ecf5739e2ab27d5568ab8a05dff10a03c9b53a45d111ed083f2b3db091a6652,7,productive,productive_iteration,True,True,False,False,False,
StressFresh100,StressFresh100_T000074,7ecf5739e2ab27d5568ab8a05dff10a03c9b53a45d111ed083f2b3db091a6652,8,productive,productive_iteration,True,True,False,False,False,
StressFresh100,StressFresh100_T000074,7ecf5739e2ab27d5568ab8a05dff10a03c9b53a45d111ed083f2b3db091a6652,9,productive,productive_iteration,True,True,False,False,False,
StressFresh100,StressFresh100_T000074,7ecf5739e2ab27d5568ab8a05dff10a03c9b53a45d111ed083f2b3db091a6652,10,productive,productive_iteration,True,True,False,False,False,
StressFresh100,StressFresh100_T000074,7ecf5739e2ab27d5568ab8a05dff10a03c9b53a45d111ed083f2b3db091a6652,11,productive,productive_iteration,True,True,False,False,False,
StressFresh100,StressFresh100_T000074,7ecf5739e2ab27d5568ab8a05dff10a03c9b53a45d111ed083f2b3db091a6652,12,productive,productive_iteration,True,True,False,False,False,
StressFresh100,StressFresh100_T000074,7ecf5739e2ab27d5568ab8a05dff10a03c9b53a45d111ed083f2b3db091a6652,13,productive,productive_iteration,True,True,False,False,False,
StressFresh100,StressFresh100_T000074,7ecf5739e2ab27d5568ab8a05dff10a03c9b53a45d111ed083f2b3db091a6652,14,productive,productive_iteration,True,True,False,False,False,
StressFresh100,StressFresh100_T000074,7ecf5739e2ab27d5568ab8a05dff10a03c9b53a45d111ed083f2b3db091a6652,15,productive,productive_iteration,True,True,False,False,False,
StressFresh100,StressFresh100_T000074,7ecf5739e2ab27d5568ab8a05dff10a03c9b53a45d111ed083f2b3db091a6652,16,productive,productive_iteration,True,True,False,False,False,
StressFresh100,StressFresh100_T000074,7ecf5739e2ab27d5568ab8a05dff10a03c9b53a45d111ed083f2b3db091a6652,17,productive,productive_iteration,True,True,False,False,False,
StressFresh100,StressFresh100_T000074,7ecf5739e2ab27d5568ab8a05dff10a03c9b53a45d111ed083f2b3db091a6652,18,productive,productive_iteration,True,True,False,False,False,
StressFresh100,StressFresh100_T000074,7ecf5739e2ab27d5568ab8a05dff10a03c9b53a45d111ed083f2b3db091a6652,19,productive,productive_iteration,True,True,False,False,False,
StressFresh100,StressFresh100_T000074,7ecf5739e2ab27d5568ab8a05dff10a03c9b53a45d111ed083f2b3db091a6652,20,productive,productive_iteration,True,True,False,False,False,
StressFresh100,StressFresh100_T000074,7ecf5739e2ab27d5568ab8a05dff10a03c9b53a45d111ed083f2b3db091a6652,21,productive,productive_iteration,True,True,False,False,False,
StressFresh100,StressFresh100_T000074,7ecf5739e2ab27d5568ab8a05dff10a03c9b53a45d111ed083f2b3db091a6652,22,productive,productive_iteration,True,True,False,False,False,
StressFresh100,StressFresh100_T000074,7ecf5739e2ab27d5568ab8a05dff10a03c9b53a45d111ed083f2b3db091a6652,23,productive,productive_iteration,True,True,False,False,False,
StressFresh100,StressFresh100_T000074,7ecf5739e2ab27d5568ab8a05dff10a03c9b53a45d111ed083f2b3db091a6652,24,productive,productive_iteration,True,True,False,False,False,
StressFresh100,StressFresh100_T000074,7ecf5739e2ab27d5568ab8a05dff10a03c9b53a45d111ed083f2b3db091a6652,25,productive,productive_iteration,True,True,False,False,False,
StressFresh100,StressFresh100_T000074,7ecf5739e2ab27d5568ab8a05dff10a03c9b53a45d111ed083f2b3db091a6652,26,productive,productive_iteration,True,True,False,False,False,
StressFresh100,StressFresh100_T000074,7ecf5739e2ab27d5568ab8a05dff10a03c9b53a45d111ed083f2b3db091a6652,27,productive,productive_iteration,True,True,False,False,False,
StressFresh100,StressFresh100_T000074,7ecf5739e2ab27d5568ab8a05dff10a03c9b53a45d111ed083f2b3db091a6652,28,productive,productive_iteration,True,True,False,False,False,
StressFresh100,StressFresh100_T000074,7ecf5739e2ab27d5568ab8a05dff10a03c9b53a45d111ed083f2b3db091a6652,29,stagnant,unproductive_cycle,False,False,True,False,False,
StressFresh100,StressFresh100_T000074,7ecf5739e2ab27d5568ab8a05dff10a03c9b53a45d111ed083f2b3db091a6652,30,stagnant,unproductive_cycle,False,False,True,False,False,
StressFresh100,StressFresh100_T000074,7ecf5739e2ab27d5568ab8a05dff10a03c9b53a45d111ed083f2b3db091a6652,31,stagnant,unproductive_cycle,False,False,True,False,False,
StressFresh100,StressFresh100_T000074,7ecf5739e2ab27d5568ab8a05dff10a03c9b53a45d111ed083f2b3db091a6652,32,stagnant,unproductive_cycle,False,False,True,False,False,
StressFresh100,StressFresh100_T000074,7ecf5739e2ab27d5568ab8a05dff10a03c9b53a45d111ed083f2b3db091a6652,33,stagnant,unproductive_cycle,False,False,True,False,False,
StressFresh100,StressFresh100_T000074,7ecf5739e2ab27d5568ab8a05dff10a03c9b53a45d111ed083f2b3db091a6652,34,stagnant,unproductive_cycle,False,False,True,False,False,
StressFresh100,StressFresh100_T000074,7ecf5739e2ab27d5568ab8a05dff10a03c9b53a45d111ed083f2b3db091a6652,35,productive,productive_iteration,False,True,False,False,False,
StressFresh100,StressFresh100_T000074,7ecf5739e2ab27d5568ab8a05dff10a03c9b53a45d111ed083f2b3db091a6652,36,productive,none,False,False,False,False,False,
StressFresh100,StressFresh100_T000074,7ecf5739e2ab27d5568ab8a05dff10a03c9b53a45d111ed083f2b3db091a6652,37,productive,none,False,False,False,False,False,
StressFresh100,StressFresh100_T000076,f3c71e4434d9ac9501c1425073d9af47556d8ac69a03c3a7fe68e8a53e75f27c,0,productive,none,False,False,False,False,False,
StressFresh100,StressFresh100_T000076,f3c71e4434d9ac9501c1425073d9af47556d8ac69a03c3a7fe68e8a53e75f27c,1,productive,none,False,False,False,False,False,
StressFresh100,StressFresh100_T000076,f3c71e4434d9ac9501c1425073d9af47556d8ac69a03c3a7fe68e8a53e75f27c,2,productive,productive_iteration,False,True,False,False,False,
StressFresh100,StressFresh100_T000076,f3c71e4434d9ac9501c1425073d9af47556d8ac69a03c3a7fe68e8a53e75f27c,3,productive,none,False,False,False,False,False,
StressFresh100,StressFresh100_T000076,f3c71e4434d9ac9501c1425073d9af47556d8ac69a03c3a7fe68e8a53e75f27c,4,productive,none,False,False,False,False,False,
StressFresh100,StressFresh100_T000076,f3c71e4434d9ac9501c1425073d9af47556d8ac69a03c3a7fe68e8a53e75f27c,5,productive,none,False,False,False,False,False,
StressFresh100,StressFresh100_T000076,f3c71e4434d9ac9501c1425073d9af47556d8ac69a03c3a7fe68e8a53e75f27c,6,productive,none,False,False,False,False,False,
StressFresh100,StressFresh100_T000076,f3c71e4434d9ac9501c1425073d9af47556d8ac69a03c3a7fe68e8a53e75f27c,7,productive,none,False,False,False,False,False,
StressFresh100,StressFresh100_T000076,f3c71e4434d9ac9501c1425073d9af47556d8ac69a03c3a7fe68e8a53e75f27c,8,productive,none,False,False,False,False,False,
StressFresh100,StressFresh100_T000076,f3c71e4434d9ac9501c1425073d9af47556d8ac69a03c3a7fe68e8a53e75f27c,9,stagnant,unproductive_cycle,False,False,True,False,False,
StressFresh100,StressFresh100_T000076,f3c71e4434d9ac9501c1425073d9af47556d8ac69a03c3a7fe68e8a53e75f27c,10,stagnant,unproductive_cycle,False,False,True,False,False,
StressFresh100,StressFresh100_T000076,f3c71e4434d9ac9501c1425073d9af47556d8ac69a03c3a7fe68e8a53e75f27c,11,stagnant,unproductive_cycle,False,False,True,False,False,
StressFresh100,StressFresh100_T000076,f3c71e4434d9ac9501c1425073d9af47556d8ac69a03c3a7fe68e8a53e75f27c,12,stagnant,unproductive_cycle,False,False,True,False,False,
StressFresh100,StressFresh100_T000089,964d1a32a26f5c44221d72c588da7ce72b40e030d71f81225753eb2045728430,0,productive,none,False,False,False,False,False,
StressFresh100,StressFresh100_T000089,964d1a32a26f5c44221d72c588da7ce72b40e030d71f81225753eb2045728430,1,productive,none,False,False,False,False,False,
StressFresh100,StressFresh100_T000089,964d1a32a26f5c44221d72c588da7ce72b40e030d71f81225753eb2045728430,2,uncertain,none,False,False,False,True,False,
StressFresh100,StressFresh100_T000089,964d1a32a26f5c44221d72c588da7ce72b40e030d71f81225753eb2045728430,3,productive,none,False,False,False,False,False,
StressFresh100,StressFresh100_T000089,964d1a32a26f5c44221d72c588da7ce72b40e030d71f81225753eb2045728430,4,productive,none,False,False,False,False,False,
StressFresh100,StressFresh100_T000089,964d1a32a26f5c44221d72c588da7ce72b40e030d71f81225753eb2045728430,5,productive,none,False,False,False,False,False,
StressFresh100,StressFresh100_T000089,964d1a32a26f5c44221d72c588da7ce72b40e030d71f81225753eb2045728430,6,productive,productive_iteration,False,True,False,False,False,
StressFresh100,StressFresh100_T000089,964d1a32a26f5c44221d72c588da7ce72b40e030d71f81225753eb2045728430,7,productive,none,False,False,False,False,False,
StressFresh100,StressFresh100_T000089,964d1a32a26f5c44221d72c588da7ce72b40e030d71f81225753eb2045728430,8,productive,none,False,False,False,False,False,
StressFresh100,StressFresh100_T000089,964d1a32a26f5c44221d72c588da7ce72b40e030d71f81225753eb2045728430,9,productive,none,False,False,False,False,False,
StressFresh100,StressFresh100_T000089,964d1a32a26f5c44221d72c588da7ce72b40e030d71f81225753eb2045728430,10,productive,none,False,False,False,False,False,
StressFresh100,StressFresh100_T000089,964d1a32a26f5c44221d72c588da7ce72b40e030d71f81225753eb2045728430,11,productive,none,False,False,False,False,False,
StressFresh100,StressFresh100_T000089,964d1a32a26f5c44221d72c588da7ce72b40e030d71f81225753eb2045728430,12,productive,none,False,False,False,False,False,
StressFresh100,StressFresh100_T000089,964d1a32a26f5c44221d72c588da7ce72b40e030d71f81225753eb2045728430,13,productive,productive_iteration,True,True,False,False,False,
StressFresh100,StressFresh100_T000089,964d1a32a26f5c44221d72c588da7ce72b40e030d71f81225753eb2045728430,14,productive,productive_iteration,True,True,False,False,False,
StressFresh100,StressFresh100_T000089,964d1a32a26f5c44221d72c588da7ce72b40e030d71f81225753eb2045728430,15,productive,productive_iteration,True,True,False,False,False,
StressFresh100,StressFresh100_T000089,964d1a32a26f5c44221d72c588da7ce72b40e030d71f81225753eb2045728430,16,productive,none,False,False,False,False,False,
StressFresh100,StressFresh100_T000091,c93951da4aaea2bb14e9c8a36272641625f62f4dce73bde3aecc99bee2f3d6d5,0,productive,none,False,False,False,False,False,
StressFresh100,StressFresh100_T000091,c93951da4aaea2bb14e9c8a36272641625f62f4dce73bde3aecc99bee2f3d6d5,1,productive,none,False,False,False,False,False,
StressFresh100,StressFresh100_T000091,c93951da4aaea2bb14e9c8a36272641625f62f4dce73bde3aecc99bee2f3d6d5,2,productive,productive_iteration,False,True,False,False,False,
StressFresh100,StressFresh100_T000091,c93951da4aaea2bb14e9c8a36272641625f62f4dce73bde3aecc99bee2f3d6d5,3,productive,none,False,False,False,False,False,
StressFresh100,StressFresh100_T000091,c93951da4aaea2bb14e9c8a36272641625f62f4dce73bde3aecc99bee2f3d6d5,4,productive,productive_iteration,True,True,False,False,False,
StressFresh100,StressFresh100_T000091,c93951da4aaea2bb14e9c8a36272641625f62f4dce73bde3aecc99bee2f3d6d5,5,productive,productive_iteration,True,True,False,False,False,
StressFresh100,StressFresh100_T000091,c93951da4aaea2bb14e9c8a36272641625f62f4dce73bde3aecc99bee2f3d6d5,6,productive,productive_iteration,True,True,False,False,False,
StressFresh100,StressFresh100_T000091,c93951da4aaea2bb14e9c8a36272641625f62f4dce73bde3aecc99bee2f3d6d5,7,productive,productive_iteration,True,True,False,False,False,
StressFresh100,StressFresh100_T000091,c93951da4aaea2bb14e9c8a36272641625f62f4dce73bde3aecc99bee2f3d6d5,8,productive,productive_iteration,True,True,False,False,False,
StressFresh100,StressFresh100_T000091,c93951da4aaea2bb14e9c8a36272641625f62f4dce73bde3aecc99bee2f3d6d5,9,productive,productive_iteration,True,True,False,False,False,
StressFresh100,StressFresh100_T000091,c93951da4aaea2bb14e9c8a36272641625f62f4dce73bde3aecc99bee2f3d6d5,10,productive,productive_iteration,True,True,False,False,False,
StressFresh100,StressFresh100_T000091,c93951da4aaea2bb14e9c8a36272641625f62f4dce73bde3aecc99bee2f3d6d5,11,productive,productive_iteration,True,True,False,False,False,
StressFresh100,StressFresh100_T000091,c93951da4aaea2bb14e9c8a36272641625f62f4dce73bde3aecc99bee2f3d6d5,12,productive,productive_iteration,True,True,False,False,False,
StressFresh100,StressFresh100_T000091,c93951da4aaea2bb14e9c8a36272641625f62f4dce73bde3aecc99bee2f3d6d5,13,productive,productive_iteration,True,True,False,False,False,
StressFresh100,StressFresh100_T000091,c93951da4aaea2bb14e9c8a36272641625f62f4dce73bde3aecc99bee2f3d6d5,14,productive,productive_iteration,True,True,False,False,False,
StressFresh100,StressFresh100_T000091,c93951da4aaea2bb14e9c8a36272641625f62f4dce73bde3aecc99bee2f3d6d5,15,productive,productive_iteration,True,True,False,False,False,
StressFresh100,StressFresh100_T000091,c93951da4aaea2bb14e9c8a36272641625f62f4dce73bde3aecc99bee2f3d6d5,16,productive,productive_iteration,True,True,False,False,False,
StressFresh100,StressFresh100_T000091,c93951da4aaea2bb14e9c8a36272641625f62f4dce73bde3aecc99bee2f3d6d5,17,productive,productive_iteration,True,True,False,False,False,
StressFresh100,StressFresh100_T000091,c93951da4aaea2bb14e9c8a36272641625f62f4dce73bde3aecc99bee2f3d6d5,18,productive,productive_iteration,True,True,False,False,False,
StressFresh100,StressFresh100_T000091,c93951da4aaea2bb14e9c8a36272641625f62f4dce73bde3aecc99bee2f3d6d5,19,productive,productive_iteration,True,True,False,False,False,
StressFresh100,StressFresh100_T000091,c93951da4aaea2bb14e9c8a36272641625f62f4dce73bde3aecc99bee2f3d6d5,20,productive,productive_iteration,True,True,False,False,False,
StressFresh100,StressFresh100_T000091,c93951da4aaea2bb14e9c8a36272641625f62f4dce73bde3aecc99bee2f3d6d5,21,productive,productive_iteration,True,True,False,False,False,
StressFresh100,StressFresh100_T000091,c93951da4aaea2bb14e9c8a36272641625f62f4dce73bde3aecc99bee2f3d6d5,22,productive,productive_iteration,True,True,False,False,False,
StressFresh100,StressFresh100_T000091,c93951da4aaea2bb14e9c8a36272641625f62f4dce73bde3aecc99bee2f3d6d5,23,productive,productive_iteration,True,True,False,False,False,
StressFresh100,StressFresh100_T000091,c93951da4aaea2bb14e9c8a36272641625f62f4dce73bde3aecc99bee2f3d6d5,24,productive,productive_iteration,True,True,False,False,False,
StressFresh100,StressFresh100_T000091,c93951da4aaea2bb14e9c8a36272641625f62f4dce73bde3aecc99bee2f3d6d5,25,productive,productive_iteration,True,True,False,False,False,
StressFresh100,StressFresh100_T000091,c93951da4aaea2bb14e9c8a36272641625f62f4dce73bde3aecc99bee2f3d6d5,26,productive,productive_iteration,True,True,False,False,False,
StressFresh100,StressFresh100_T000091,c93951da4aaea2bb14e9c8a36272641625f62f4dce73bde3aecc99bee2f3d6d5,27,productive,none,False,False,False,False,False,
StressFresh100,StressFresh100_T000093,f0e5b6b0b99f412c0e7de3d668905621b87ce1d955b462fa8f9ba3fe2b042e2e,0,productive,none,False,False,False,False,False,
StressFresh100,StressFresh100_T000093,f0e5b6b0b99f412c0e7de3d668905621b87ce1d955b462fa8f9ba3fe2b042e2e,1,productive,none,False,False,False,False,False,
StressFresh100,StressFresh100_T000093,f0e5b6b0b99f412c0e7de3d668905621b87ce1d955b462fa8f9ba3fe2b042e2e,2,productive,none,False,False,False,False,False,
StressFresh100,StressFresh100_T000093,f0e5b6b0b99f412c0e7de3d668905621b87ce1d955b462fa8f9ba3fe2b042e2e,3,productive,none,False,False,False,False,False,
StressFresh100,StressFresh100_T000093,f0e5b6b0b99f412c0e7de3d668905621b87ce1d955b462fa8f9ba3fe2b042e2e,4,productive,none,False,False,False,False,False,
StressFresh100,StressFresh100_T000093,f0e5b6b0b99f412c0e7de3d668905621b87ce1d955b462fa8f9ba3fe2b042e2e,5,productive,none,False,False,False,False,False,
StressFresh100,StressFresh100_T000093,f0e5b6b0b99f412c0e7de3d668905621b87ce1d955b462fa8f9ba3fe2b042e2e,6,productive,none,False,False,False,False,False,
StressFresh100,StressFresh100_T000093,f0e5b6b0b99f412c0e7de3d668905621b87ce1d955b462fa8f9ba3fe2b042e2e,7,productive,none,False,False,False,False,False,
StressFresh100,StressFresh100_T000093,f0e5b6b0b99f412c0e7de3d668905621b87ce1d955b462fa8f9ba3fe2b042e2e,8,productive,none,False,False,False,False,False,
StressFresh100,StressFresh100_T000093,f0e5b6b0b99f412c0e7de3d668905621b87ce1d955b462fa8f9ba3fe2b042e2e,9,productive,none,False,False,False,False,False,
StressFresh100,StressFresh100_T000093,f0e5b6b0b99f412c0e7de3d668905621b87ce1d955b462fa8f9ba3fe2b042e2e,10,productive,none,False,False,False,False,False,
StressFresh100,StressFresh100_T000093,f0e5b6b0b99f412c0e7de3d668905621b87ce1d955b462fa8f9ba3fe2b042e2e,11,productive,none,False,False,False,False,False,
StressFresh100,StressFresh100_T000093,f0e5b6b0b99f412c0e7de3d668905621b87ce1d955b462fa8f9ba3fe2b042e2e,12,productive,productive_iteration,True,True,False,False,False,
StressFresh100,StressFresh100_T000093,f0e5b6b0b99f412c0e7de3d668905621b87ce1d955b462fa8f9ba3fe2b042e2e,13,productive,productive_iteration,True,True,False,False,False,
StressFresh100,StressFresh100_T000093,f0e5b6b0b99f412c0e7de3d668905621b87ce1d955b462fa8f9ba3fe2b042e2e,14,productive,productive_iteration,True,True,False,False,False,
StressFresh100,StressFresh100_T000093,f0e5b6b0b99f412c0e7de3d668905621b87ce1d955b462fa8f9ba3fe2b042e2e,15,productive,productive_iteration,True,True,False,False,False,
StressFresh100,StressFresh100_T000093,f0e5b6b0b99f412c0e7de3d668905621b87ce1d955b462fa8f9ba3fe2b042e2e,16,productive,productive_iteration,True,True,False,False,False,
StressFresh100,StressFresh100_T000093,f0e5b6b0b99f412c0e7de3d668905621b87ce1d955b462fa8f9ba3fe2b042e2e,17,productive,none,False,False,False,False,False,
StressFresh100,StressFresh100_T000093,f0e5b6b0b99f412c0e7de3d668905621b87ce1d955b462fa8f9ba3fe2b042e2e,18,productive,none,False,False,False,False,False,
StressFresh100,StressFresh100_T000093,f0e5b6b0b99f412c0e7de3d668905621b87ce1d955b462fa8f9ba3fe2b042e2e,19,productive,none,False,False,False,False,False,
StressFresh100,StressFresh100_T000093,f0e5b6b0b99f412c0e7de3d668905621b87ce1d955b462fa8f9ba3fe2b042e2e,20,productive,none,False,False,False,False,False,
StressFresh100,StressFresh100_T000093,f0e5b6b0b99f412c0e7de3d668905621b87ce1d955b462fa8f9ba3fe2b042e2e,21,productive,none,False,False,False,False,False,
StressFresh100,StressFresh100_T000098,f00396024dd9f1297f13af5e8d66b8d47cda7ccd7dd69e222c7dd4a80e47b50e,0,productive,productive_iteration,False,True,False,False,False,
StressFresh100,StressFresh100_T000098,f00396024dd9f1297f13af5e8d66b8d47cda7ccd7dd69e222c7dd4a80e47b50e,1,productive,productive_iteration,False,True,False,False,False,
StressFresh100,StressFresh100_T000098,f00396024dd9f1297f13af5e8d66b8d47cda7ccd7dd69e222c7dd4a80e47b50e,2,productive,productive_iteration,False,True,False,False,False,
StressFresh100,StressFresh100_T000098,f00396024dd9f1297f13af5e8d66b8d47cda7ccd7dd69e222c7dd4a80e47b50e,3,stagnant,none,False,False,False,False,False,
StressFresh100,StressFresh100_T000098,f00396024dd9f1297f13af5e8d66b8d47cda7ccd7dd69e222c7dd4a80e47b50e,4,productive,productive_iteration,True,True,False,False,False,
StressFresh100,StressFresh100_T000098,f00396024dd9f1297f13af5e8d66b8d47cda7ccd7dd69e222c7dd4a80e47b50e,5,productive,productive_iteration,True,True,False,False,False,
StressFresh100,StressFresh100_T000098,f00396024dd9f1297f13af5e8d66b8d47cda7ccd7dd69e222c7dd4a80e47b50e,6,productive,productive_iteration,True,True,False,False,False,
StressFresh100,StressFresh100_T000098,f00396024dd9f1297f13af5e8d66b8d47cda7ccd7dd69e222c7dd4a80e47b50e,7,productive,productive_iteration,True,True,False,False,False,
StressFresh100,StressFresh100_T000098,f00396024dd9f1297f13af5e8d66b8d47cda7ccd7dd69e222c7dd4a80e47b50e,8,productive,productive_iteration,True,True,False,False,False,
StressFresh100,StressFresh100_T000098,f00396024dd9f1297f13af5e8d66b8d47cda7ccd7dd69e222c7dd4a80e47b50e,9,productive,productive_iteration,True,True,False,False,False,
StressFresh100,StressFresh100_T000098,f00396024dd9f1297f13af5e8d66b8d47cda7ccd7dd69e222c7dd4a80e47b50e,10,productive,productive_iteration,True,True,False,False,False,
StressFresh100,StressFresh100_T000098,f00396024dd9f1297f13af5e8d66b8d47cda7ccd7dd69e222c7dd4a80e47b50e,11,productive,productive_iteration,True,True,False,False,False,
StressFresh100,StressFresh100_T000098,f00396024dd9f1297f13af5e8d66b8d47cda7ccd7dd69e222c7dd4a80e47b50e,12,productive,productive_iteration,True,True,False,False,False,
StressFresh100,StressFresh100_T000098,f00396024dd9f1297f13af5e8d66b8d47cda7ccd7dd69e222c7dd4a80e47b50e,13,productive,productive_iteration,True,True,False,False,False,
StressFresh100,StressFresh100_T000098,f00396024dd9f1297f13af5e8d66b8d47cda7ccd7dd69e222c7dd4a80e47b50e,14,productive,productive_iteration,True,True,False,False,False,
StressFresh100,StressFresh100_T000098,f00396024dd9f1297f13af5e8d66b8d47cda7ccd7dd69e222c7dd4a80e47b50e,15,productive,productive_iteration,True,True,False,False,False,
StressFresh100,StressFresh100_T000098,f00396024dd9f1297f13af5e8d66b8d47cda7ccd7dd69e222c7dd4a80e47b50e,16,productive,productive_iteration,True,True,False,False,False,
StressFresh100,StressFresh100_T000099,b939be1f2ccf0f20da146f785b381e10c6aa4a32fb8b05481cecd7ab821c52d8,0,productive,none,False,False,False,False,False,
StressFresh100,StressFresh100_T000099,b939be1f2ccf0f20da146f785b381e10c6aa4a32fb8b05481cecd7ab821c52d8,1,productive,none,False,False,False,False,False,
StressFresh100,StressFresh100_T000099,b939be1f2ccf0f20da146f785b381e10c6aa4a32fb8b05481cecd7ab821c52d8,2,productive,none,False,False,False,False,False,
StressFresh100,StressFresh100_T000099,b939be1f2ccf0f20da146f785b381e10c6aa4a32fb8b05481cecd7ab821c52d8,3,productive,none,False,False,False,False,False,
StressFresh100,StressFresh100_T000099,b939be1f2ccf0f20da146f785b381e10c6aa4a32fb8b05481cecd7ab821c52d8,4,productive,none,False,False,False,False,False,
StressFresh100,StressFresh100_T000099,b939be1f2ccf0f20da146f785b381e10c6aa4a32fb8b05481cecd7ab821c52d8,5,productive,productive_iteration,True,True,False,False,False,
StressFresh100,StressFresh100_T000099,b939be1f2ccf0f20da146f785b381e10c6aa4a32fb8b05481cecd7ab821c52d8,6,productive,productive_iteration,True,True,False,False,False,
StressFresh100,StressFresh100_T000099,b939be1f2ccf0f20da146f785b381e10c6aa4a32fb8b05481cecd7ab821c52d8,7,uncertain,none,False,False,False,True,False,
StressFresh100,StressFresh100_T000099,b939be1f2ccf0f20da146f785b381e10c6aa4a32fb8b05481cecd7ab821c52d8,8,productive,productive_iteration,True,True,False,False,False,
StressFresh100,StressFresh100_T000099,b939be1f2ccf0f20da146f785b381e10c6aa4a32fb8b05481cecd7ab821c52d8,9,productive,productive_iteration,True,True,False,False,False,
StressFresh100,StressFresh100_T000099,b939be1f2ccf0f20da146f785b381e10c6aa4a32fb8b05481cecd7ab821c52d8,10,productive,productive_iteration,True,True,False,False,False,
StressFresh100,StressFresh100_T000099,b939be1f2ccf0f20da146f785b381e10c6aa4a32fb8b05481cecd7ab821c52d8,11,productive,productive_iteration,True,True,False,False,False,
StressFresh100,StressFresh100_T000099,b939be1f2ccf0f20da146f785b381e10c6aa4a32fb8b05481cecd7ab821c52d8,12,productive,none,False,False,False,False,False,
StressFresh100,StressFresh100_T000099,b939be1f2ccf0f20da146f785b381e10c6aa4a32fb8b05481cecd7ab821c52d8,13,productive,none,False,False,False,False,False,
StressFresh100,StressFresh100_T000002,f7c08093c9c75b605c329940f8e83cbbb7b29836226b1d96904fc564da3aee71,0,productive,productive_iteration,False,True,False,False,False,
StressFresh100,StressFresh100_T000002,f7c08093c9c75b605c329940f8e83cbbb7b29836226b1d96904fc564da3aee71,1,productive,productive_iteration,False,True,False,False,False,
StressFresh100,StressFresh100_T000002,f7c08093c9c75b605c329940f8e83cbbb7b29836226b1d96904fc564da3aee71,2,stagnant,unproductive_cycle,False,False,True,False,False,
StressFresh100,StressFresh100_T000002,f7c08093c9c75b605c329940f8e83cbbb7b29836226b1d96904fc564da3aee71,3,stagnant,unproductive_cycle,False,False,True,False,False,
StressFresh100,StressFresh100_T000002,f7c08093c9c75b605c329940f8e83cbbb7b29836226b1d96904fc564da3aee71,4,stagnant,unproductive_cycle,False,False,True,False,False,
StressFresh100,StressFresh100_T000002,f7c08093c9c75b605c329940f8e83cbbb7b29836226b1d96904fc564da3aee71,5,productive,productive_iteration,True,True,False,False,False,
StressFresh100,StressFresh100_T000002,f7c08093c9c75b605c329940f8e83cbbb7b29836226b1d96904fc564da3aee71,6,productive,productive_iteration,True,True,False,False,False,
StressFresh100,StressFresh100_T000002,f7c08093c9c75b605c329940f8e83cbbb7b29836226b1d96904fc564da3aee71,7,productive,productive_iteration,True,True,False,False,False,
StressFresh100,StressFresh100_T000002,f7c08093c9c75b605c329940f8e83cbbb7b29836226b1d96904fc564da3aee71,8,productive,productive_iteration,True,True,False,False,False,
StressFresh100,StressFresh100_T000002,f7c08093c9c75b605c329940f8e83cbbb7b29836226b1d96904fc564da3aee71,9,stagnant,none,False,False,False,False,False,
StressFresh100,StressFresh100_T000002,f7c08093c9c75b605c329940f8e83cbbb7b29836226b1d96904fc564da3aee71,10,productive,productive_iteration,False,True,False,False,False,
StressFresh100,StressFresh100_T000002,f7c08093c9c75b605c329940f8e83cbbb7b29836226b1d96904fc564da3aee71,11,productive,productive_iteration,False,True,False,False,False,
StressFresh100,StressFresh100_T000002,f7c08093c9c75b605c329940f8e83cbbb7b29836226b1d96904fc564da3aee71,12,productive,none,False,False,False,False,False,
StressFresh100,StressFresh100_T000002,f7c08093c9c75b605c329940f8e83cbbb7b29836226b1d96904fc564da3aee71,13,productive,productive_iteration,False,True,False,False,False,
StressFresh100,StressFresh100_T000002,f7c08093c9c75b605c329940f8e83cbbb7b29836226b1d96904fc564da3aee71,14,productive,productive_iteration,False,True,False,False,False,
StressFresh100,StressFresh100_T000002,f7c08093c9c75b605c329940f8e83cbbb7b29836226b1d96904fc564da3aee71,15,productive,productive_iteration,False,True,False,False,False,
StressFresh100,StressFresh100_T000002,f7c08093c9c75b605c329940f8e83cbbb7b29836226b1d96904fc564da3aee71,16,productive,productive_iteration,False,True,False,False,False,
StressFresh100,StressFresh100_T000002,f7c08093c9c75b605c329940f8e83cbbb7b29836226b1d96904fc564da3aee71,17,productive,productive_iteration,False,True,False,False,False,
StressFresh100,StressFresh100_T000002,f7c08093c9c75b605c329940f8e83cbbb7b29836226b1d96904fc564da3aee71,18,productive,productive_iteration,False,True,False,False,False,
StressFresh100,StressFresh100_T000002,f7c08093c9c75b605c329940f8e83cbbb7b29836226b1d96904fc564da3aee71,19,productive,productive_iteration,False,True,False,False,False,
StressFresh100,StressFresh100_T000002,f7c08093c9c75b605c329940f8e83cbbb7b29836226b1d96904fc564da3aee71,20,productive,productive_iteration,False,True,False,False,False,
StressFresh100,StressFresh100_T000002,f7c08093c9c75b605c329940f8e83cbbb7b29836226b1d96904fc564da3aee71,21,stagnant,unproductive_cycle,False,False,True,False,False,
StressFresh100,StressFresh100_T000002,f7c08093c9c75b605c329940f8e83cbbb7b29836226b1d96904fc564da3aee71,22,stagnant,unproductive_cycle,False,False,True,False,False,
StressFresh100,StressFresh100_T000002,f7c08093c9c75b605c329940f8e83cbbb7b29836226b1d96904fc564da3aee71,23,stagnant,unproductive_cycle,False,False,True,False,False,
StressFresh100,StressFresh100_T000002,f7c08093c9c75b605c329940f8e83cbbb7b29836226b1d96904fc564da3aee71,24,stagnant,unproductive_cycle,False,False,True,False,False,
StressFresh100,StressFresh100_T000002,f7c08093c9c75b605c329940f8e83cbbb7b29836226b1d96904fc564da3aee71,25,stagnant,unproductive_cycle,False,False,True,False,False,
StressFresh100,StressFresh100_T000002,f7c08093c9c75b605c329940f8e83cbbb7b29836226b1d96904fc564da3aee71,26,stagnant,unproductive_cycle,False,False,True,False,False,
StressFresh100,StressFresh100_T000002,f7c08093c9c75b605c329940f8e83cbbb7b29836226b1d96904fc564da3aee71,27,stagnant,unproductive_cycle,False,False,True,False,False,
StressFresh100,StressFresh100_T000002,f7c08093c9c75b605c329940f8e83cbbb7b29836226b1d96904fc564da3aee71,28,stagnant,unproductive_cycle,False,False,True,False,False,
StressFresh100,StressFresh100_T000002,f7c08093c9c75b605c329940f8e83cbbb7b29836226b1d96904fc564da3aee71,29,stagnant,unproductive_cycle,False,False,True,False,False,
StressFresh100,StressFresh100_T000002,f7c08093c9c75b605c329940f8e83cbbb7b29836226b1d96904fc564da3aee71,30,stagnant,unproductive_cycle,False,False,True,False,False,
StressFresh100,StressFresh100_T000002,f7c08093c9c75b605c329940f8e83cbbb7b29836226b1d96904fc564da3aee71,31,stagnant,unproductive_cycle,False,False,True,False,False,
StressFresh100,StressFresh100_T000002,f7c08093c9c75b605c329940f8e83cbbb7b29836226b1d96904fc564da3aee71,32,stagnant,unproductive_cycle,False,False,True,False,False,
StressFresh100,StressFresh100_T000002,f7c08093c9c75b605c329940f8e83cbbb7b29836226b1d96904fc564da3aee71,33,stagnant,unproductive_cycle,False,False,True,False,False,
StressFresh100,StressFresh100_T000002,f7c08093c9c75b605c329940f8e83cbbb7b29836226b1d96904fc564da3aee71,34,stagnant,unproductive_cycle,False,False,True,False,False,
StressFresh100,StressFresh100_T000002,f7c08093c9c75b605c329940f8e83cbbb7b29836226b1d96904fc564da3aee71,35,stagnant,unproductive_cycle,False,False,True,False,False,
StressFresh100,StressFresh100_T000002,f7c08093c9c75b605c329940f8e83cbbb7b29836226b1d96904fc564da3aee71,36,stagnant,unproductive_cycle,False,False,True,False,False,
StressFresh100,StressFresh100_T000002,f7c08093c9c75b605c329940f8e83cbbb7b29836226b1d96904fc564da3aee71,37,stagnant,unproductive_cycle,False,False,True,False,False,
StressFresh100,StressFresh100_T000002,f7c08093c9c75b605c329940f8e83cbbb7b29836226b1d96904fc564da3aee71,38,stagnant,unproductive_cycle,False,False,True,False,False,
StressFresh100,StressFresh100_T000002,f7c08093c9c75b605c329940f8e83cbbb7b29836226b1d96904fc564da3aee71,39,stagnant,unproductive_cycle,False,False,True,False,False,
StressFresh100,StressFresh100_T000002,f7c08093c9c75b605c329940f8e83cbbb7b29836226b1d96904fc564da3aee71,40,stagnant,unproductive_cycle,False,False,True,False,False,
StressFresh100,StressFresh100_T000002,f7c08093c9c75b605c329940f8e83cbbb7b29836226b1d96904fc564da3aee71,41,stagnant,unproductive_cycle,False,False,True,False,False,
StressFresh100,StressFresh100_T000002,f7c08093c9c75b605c329940f8e83cbbb7b29836226b1d96904fc564da3aee71,42,stagnant,unproductive_cycle,False,False,True,False,False,
StressFresh100,StressFresh100_T000002,f7c08093c9c75b605c329940f8e83cbbb7b29836226b1d96904fc564da3aee71,43,stagnant,unproductive_cycle,False,False,True,False,False,
StressFresh100,StressFresh100_T000002,f7c08093c9c75b605c329940f8e83cbbb7b29836226b1d96904fc564da3aee71,44,stagnant,unproductive_cycle,False,False,True,False,False,
StressFresh100,StressFresh100_T000002,f7c08093c9c75b605c329940f8e83cbbb7b29836226b1d96904fc564da3aee71,45,stagnant,unproductive_cycle,False,False,True,False,False,
StressFresh100,StressFresh100_T000002,f7c08093c9c75b605c329940f8e83cbbb7b29836226b1d96904fc564da3aee71,46,stagnant,unproductive_cycle,False,False,True,False,False,
StressFresh100,StressFresh100_T000002,f7c08093c9c75b605c329940f8e83cbbb7b29836226b1d96904fc564da3aee71,47,stagnant,unproductive_cycle,False,False,True,False,False,
StressFresh100,StressFresh100_T000002,f7c08093c9c75b605c329940f8e83cbbb7b29836226b1d96904fc564da3aee71,48,stagnant,unproductive_cycle,False,False,True,False,False,
StressFresh100,StressFresh100_T000002,f7c08093c9c75b605c329940f8e83cbbb7b29836226b1d96904fc564da3aee71,49,stagnant,unproductive_cycle,False,False,True,False,False,
StressFresh100,StressFresh100_T000002,f7c08093c9c75b605c329940f8e83cbbb7b29836226b1d96904fc564da3aee71,50,stagnant,unproductive_cycle,False,False,True,False,False,
StressFresh100,StressFresh100_T000002,f7c08093c9c75b605c329940f8e83cbbb7b29836226b1d96904fc564da3aee71,51,stagnant,unproductive_cycle,False,False,True,False,False,
StressFresh100,StressFresh100_T000002,f7c08093c9c75b605c329940f8e83cbbb7b29836226b1d96904fc564da3aee71,52,stagnant,unproductive_cycle,False,False,True,False,False,
StressFresh100,StressFresh100_T000002,f7c08093c9c75b605c329940f8e83cbbb7b29836226b1d96904fc564da3aee71,53,stagnant,unproductive_cycle,False,False,True,False,False,
StressFresh100,StressFresh100_T000002,f7c08093c9c75b605c329940f8e83cbbb7b29836226b1d96904fc564da3aee71,54,stagnant,unproductive_cycle,False,False,True,False,False,
StressFresh100,StressFresh100_T000002,f7c08093c9c75b605c329940f8e83cbbb7b29836226b1d96904fc564da3aee71,55,stagnant,unproductive_cycle,False,False,True,False,False,
StressFresh100,StressFresh100_T000002,f7c08093c9c75b605c329940f8e83cbbb7b29836226b1d96904fc564da3aee71,56,stagnant,unproductive_cycle,False,False,True,False,False,
StressFresh100,StressFresh100_T000002,f7c08093c9c75b605c329940f8e83cbbb7b29836226b1d96904fc564da3aee71,57,stagnant,unproductive_cycle,False,False,True,False,False,
StressFresh100,StressFresh100_T000002,f7c08093c9c75b605c329940f8e83cbbb7b29836226b1d96904fc564da3aee71,58,stagnant,unproductive_cycle,False,False,True,False,False,
StressFresh100,StressFresh100_T000002,f7c08093c9c75b605c329940f8e83cbbb7b29836226b1d96904fc564da3aee71,59,stagnant,unproductive_cycle,False,False,True,False,False,
StressFresh100,StressFresh100_T000002,f7c08093c9c75b605c329940f8e83cbbb7b29836226b1d96904fc564da3aee71,60,stagnant,unproductive_cycle,False,False,True,False,False,
StressFresh100,StressFresh100_T000002,f7c08093c9c75b605c329940f8e83cbbb7b29836226b1d96904fc564da3aee71,61,stagnant,unproductive_cycle,False,False,True,False,False,
StressFresh100,StressFresh100_T000002,f7c08093c9c75b605c329940f8e83cbbb7b29836226b1d96904fc564da3aee71,62,stagnant,unproductive_cycle,False,False,True,False,False,
StressFresh100,StressFresh100_T000002,f7c08093c9c75b605c329940f8e83cbbb7b29836226b1d96904fc564da3aee71,63,stagnant,unproductive_cycle,False,False,True,False,False,
StressFresh100,StressFresh100_T000002,f7c08093c9c75b605c329940f8e83cbbb7b29836226b1d96904fc564da3aee71,64,stagnant,unproductive_cycle,False,False,True,False,False,
StressFresh100,StressFresh100_T000002,f7c08093c9c75b605c329940f8e83cbbb7b29836226b1d96904fc564da3aee71,65,stagnant,unproductive_cycle,False,False,True,False,False,
StressFresh100,StressFresh100_T000002,f7c08093c9c75b605c329940f8e83cbbb7b29836226b1d96904fc564da3aee71,66,stagnant,unproductive_cycle,False,False,True,False,False,
StressFresh100,StressFresh100_T000002,f7c08093c9c75b605c329940f8e83cbbb7b29836226b1d96904fc564da3aee71,67,stagnant,unproductive_cycle,False,False,True,False,False,
StressFresh100,StressFresh100_T000002,f7c08093c9c75b605c329940f8e83cbbb7b29836226b1d96904fc564da3aee71,68,stagnant,unproductive_cycle,False,False,True,False,False,
StressFresh100,StressFresh100_T000002,f7c08093c9c75b605c329940f8e83cbbb7b29836226b1d96904fc564da3aee71,69,stagnant,unproductive_cycle,False,False,True,False,False,
StressFresh100,StressFresh100_T000002,f7c08093c9c75b605c329940f8e83cbbb7b29836226b1d96904fc564da3aee71,70,stagnant,unproductive_cycle,False,False,True,False,False,
StressFresh100,StressFresh100_T000007,2fce9d75fcb9b86990782deceb8a306ba975a0fba46f17d273b47d90d4dff22b,0,productive,none,False,False,False,False,False,
StressFresh100,StressFresh100_T000007,2fce9d75fcb9b86990782deceb8a306ba975a0fba46f17d273b47d90d4dff22b,1,productive,none,False,False,False,False,False,
StressFresh100,StressFresh100_T000007,2fce9d75fcb9b86990782deceb8a306ba975a0fba46f17d273b47d90d4dff22b,2,productive,productive_iteration,False,True,False,False,False,
StressFresh100,StressFresh100_T000007,2fce9d75fcb9b86990782deceb8a306ba975a0fba46f17d273b47d90d4dff22b,3,stagnant,none,False,False,False,False,False,
StressFresh100,StressFresh100_T000007,2fce9d75fcb9b86990782deceb8a306ba975a0fba46f17d273b47d90d4dff22b,4,productive,productive_iteration,True,True,False,False,False,
StressFresh100,StressFresh100_T000007,2fce9d75fcb9b86990782deceb8a306ba975a0fba46f17d273b47d90d4dff22b,5,productive,productive_iteration,True,True,False,False,False,
StressFresh100,StressFresh100_T000007,2fce9d75fcb9b86990782deceb8a306ba975a0fba46f17d273b47d90d4dff22b,6,productive,productive_iteration,True,True,False,False,False,
StressFresh100,StressFresh100_T000007,2fce9d75fcb9b86990782deceb8a306ba975a0fba46f17d273b47d90d4dff22b,7,productive,productive_iteration,True,True,False,False,False,
StressFresh100,StressFresh100_T000007,2fce9d75fcb9b86990782deceb8a306ba975a0fba46f17d273b47d90d4dff22b,8,productive,productive_iteration,True,True,False,False,False,
StressFresh100,StressFresh100_T000007,2fce9d75fcb9b86990782deceb8a306ba975a0fba46f17d273b47d90d4dff22b,9,productive,productive_iteration,True,True,False,False,False,
StressFresh100,StressFresh100_T000007,2fce9d75fcb9b86990782deceb8a306ba975a0fba46f17d273b47d90d4dff22b,10,stagnant,none,False,False,False,False,False,
StressFresh100,StressFresh100_T000007,2fce9d75fcb9b86990782deceb8a306ba975a0fba46f17d273b47d90d4dff22b,11,productive,none,False,False,False,False,False,
StressFresh100,StressFresh100_T000007,2fce9d75fcb9b86990782deceb8a306ba975a0fba46f17d273b47d90d4dff22b,12,productive,none,False,False,False,False,False,
StressFresh100,StressFresh100_T000007,2fce9d75fcb9b86990782deceb8a306ba975a0fba46f17d273b47d90d4dff22b,13,stagnant,none,False,False,False,False,False,
StressFresh100,StressFresh100_T000007,2fce9d75fcb9b86990782deceb8a306ba975a0fba46f17d273b47d90d4dff22b,14,stagnant,none,False,False,False,False,False,
StressFresh100,StressFresh100_T000007,2fce9d75fcb9b86990782deceb8a306ba975a0fba46f17d273b47d90d4dff22b,15,productive,none,False,False,False,False,False,
StressFresh100,StressFresh100_T000007,2fce9d75fcb9b86990782deceb8a306ba975a0fba46f17d273b47d90d4dff22b,16,productive,none,False,False,False,False,False,
StressFresh100,StressFresh100_T000007,2fce9d75fcb9b86990782deceb8a306ba975a0fba46f17d273b47d90d4dff22b,17,uncertain,none,False,False,False,True,False,
StressFresh100,StressFresh100_T000007,2fce9d75fcb9b86990782deceb8a306ba975a0fba46f17d273b47d90d4dff22b,18,productive,productive_iteration,False,True,False,False,False,
StressFresh100,StressFresh100_T000007,2fce9d75fcb9b86990782deceb8a306ba975a0fba46f17d273b47d90d4dff22b,19,productive,productive_iteration,False,True,False,False,False,
StressFresh100,StressFresh100_T000007,2fce9d75fcb9b86990782deceb8a306ba975a0fba46f17d273b47d90d4dff22b,20,stagnant,none,False,False,False,False,False,
StressFresh100,StressFresh100_T000018,f573d713da2357bfd72e5493299a11eea0ac3867ffe4ca7759c0b81b25076ec9,0,productive,productive_iteration,False,True,False,False,False,
StressFresh100,StressFresh100_T000018,f573d713da2357bfd72e5493299a11eea0ac3867ffe4ca7759c0b81b25076ec9,1,stagnant,none,False,False,False,False,False,
StressFresh100,StressFresh100_T000018,f573d713da2357bfd72e5493299a11eea0ac3867ffe4ca7759c0b81b25076ec9,2,productive,productive_iteration,False,True,False,False,False,
StressFresh100,StressFresh100_T000018,f573d713da2357bfd72e5493299a11eea0ac3867ffe4ca7759c0b81b25076ec9,3,productive,none,False,False,False,False,False,
StressFresh100,StressFresh100_T000018,f573d713da2357bfd72e5493299a11eea0ac3867ffe4ca7759c0b81b25076ec9,4,stagnant,unproductive_cycle,False,False,True,False,False,
StressFresh100,StressFresh100_T000018,f573d713da2357bfd72e5493299a11eea0ac3867ffe4ca7759c0b81b25076ec9,5,stagnant,unproductive_cycle,False,False,True,False,False,
StressFresh100,StressFresh100_T000018,f573d713da2357bfd72e5493299a11eea0ac3867ffe4ca7759c0b81b25076ec9,6,stagnant,unproductive_cycle,False,False,True,False,False,
StressFresh100,StressFresh100_T000018,f573d713da2357bfd72e5493299a11eea0ac3867ffe4ca7759c0b81b25076ec9,7,stagnant,unproductive_cycle,False,False,True,False,False,
StressFresh100,StressFresh100_T000018,f573d713da2357bfd72e5493299a11eea0ac3867ffe4ca7759c0b81b25076ec9,8,productive,none,False,False,False,False,False,
StressFresh100,StressFresh100_T000018,f573d713da2357bfd72e5493299a11eea0ac3867ffe4ca7759c0b81b25076ec9,9,productive,none,False,False,False,False,False,
StressFresh100,StressFresh100_T000018,f573d713da2357bfd72e5493299a11eea0ac3867ffe4ca7759c0b81b25076ec9,10,stagnant,none,False,False,False,False,False,
StressFresh100,StressFresh100_T000018,f573d713da2357bfd72e5493299a11eea0ac3867ffe4ca7759c0b81b25076ec9,11,stagnant,none,False,False,False,False,False,
StressFresh100,StressFresh100_T000018,f573d713da2357bfd72e5493299a11eea0ac3867ffe4ca7759c0b81b25076ec9,12,stagnant,none,False,False,False,False,False,
StressFresh100,StressFresh100_T000025,f0dd84287aec5a4d1fe5cfc138243b9d2fb35e8d23915dc34c7e1438dddd00ff,0,productive,none,False,False,False,False,False,
StressFresh100,StressFresh100_T000025,f0dd84287aec5a4d1fe5cfc138243b9d2fb35e8d23915dc34c7e1438dddd00ff,1,productive,none,False,False,False,False,False,
StressFresh100,StressFresh100_T000025,f0dd84287aec5a4d1fe5cfc138243b9d2fb35e8d23915dc34c7e1438dddd00ff,2,productive,none,False,False,False,False,False,
StressFresh100,StressFresh100_T000025,f0dd84287aec5a4d1fe5cfc138243b9d2fb35e8d23915dc34c7e1438dddd00ff,3,productive,none,False,False,False,False,False,
StressFresh100,StressFresh100_T000025,f0dd84287aec5a4d1fe5cfc138243b9d2fb35e8d23915dc34c7e1438dddd00ff,4,productive,none,False,False,False,False,False,
StressFresh100,StressFresh100_T000025,f0dd84287aec5a4d1fe5cfc138243b9d2fb35e8d23915dc34c7e1438dddd00ff,5,productive,productive_iteration,False,True,False,False,False,
StressFresh100,StressFresh100_T000025,f0dd84287aec5a4d1fe5cfc138243b9d2fb35e8d23915dc34c7e1438dddd00ff,6,productive,none,False,False,False,False,False,
StressFresh100,StressFresh100_T000025,f0dd84287aec5a4d1fe5cfc138243b9d2fb35e8d23915dc34c7e1438dddd00ff,7,productive,none,False,False,False,False,False,
StressFresh100,StressFresh100_T000025,f0dd84287aec5a4d1fe5cfc138243b9d2fb35e8d23915dc34c7e1438dddd00ff,8,productive,productive_iteration,True,True,False,False,False,
StressFresh100,StressFresh100_T000025,f0dd84287aec5a4d1fe5cfc138243b9d2fb35e8d23915dc34c7e1438dddd00ff,9,productive,none,False,False,False,False,False,
StressFresh100,StressFresh100_T000025,f0dd84287aec5a4d1fe5cfc138243b9d2fb35e8d23915dc34c7e1438dddd00ff,10,productive,none,False,False,False,False,False,
StressFresh100,StressFresh100_T000025,f0dd84287aec5a4d1fe5cfc138243b9d2fb35e8d23915dc34c7e1438dddd00ff,11,stagnant,none,False,False,False,False,False,
StressFresh100,StressFresh100_T000025,f0dd84287aec5a4d1fe5cfc138243b9d2fb35e8d23915dc34c7e1438dddd00ff,12,productive,none,False,False,False,False,False,
StressFresh100,StressFresh100_T000029,738f5e3f179f393570a147220416d82db1eee0e83061691ab69e309813ab8551,0,productive,productive_iteration,False,True,False,False,False,
StressFresh100,StressFresh100_T000029,738f5e3f179f393570a147220416d82db1eee0e83061691ab69e309813ab8551,1,productive,productive_iteration,False,True,False,False,False,
StressFresh100,StressFresh100_T000029,738f5e3f179f393570a147220416d82db1eee0e83061691ab69e309813ab8551,2,uncertain,none,False,False,False,True,False,
StressFresh100,StressFresh100_T000029,738f5e3f179f393570a147220416d82db1eee0e83061691ab69e309813ab8551,3,productive,none,False,False,False,False,False,
StressFresh100,StressFresh100_T000029,738f5e3f179f393570a147220416d82db1eee0e83061691ab69e309813ab8551,4,productive,none,False,False,False,False,False,
StressFresh100,StressFresh100_T000029,738f5e3f179f393570a147220416d82db1eee0e83061691ab69e309813ab8551,5,productive,none,False,False,False,False,False,
StressFresh100,StressFresh100_T000029,738f5e3f179f393570a147220416d82db1eee0e83061691ab69e309813ab8551,6,productive,productive_iteration,True,True,False,False,False,
StressFresh100,StressFresh100_T000029,738f5e3f179f393570a147220416d82db1eee0e83061691ab69e309813ab8551,7,productive,productive_iteration,True,True,False,False,False,
StressFresh100,StressFresh100_T000029,738f5e3f179f393570a147220416d82db1eee0e83061691ab69e309813ab8551,8,productive,productive_iteration,True,True,False,False,False,
StressFresh100,StressFresh100_T000029,738f5e3f179f393570a147220416d82db1eee0e83061691ab69e309813ab8551,9,productive,productive_iteration,True,True,False,False,False,
StressFresh100,StressFresh100_T000029,738f5e3f179f393570a147220416d82db1eee0e83061691ab69e309813ab8551,10,productive,productive_iteration,True,True,False,False,False,
StressFresh100,StressFresh100_T000029,738f5e3f179f393570a147220416d82db1eee0e83061691ab69e309813ab8551,11,productive,productive_iteration,True,True,False,False,False,
StressFresh100,StressFresh100_T000029,738f5e3f179f393570a147220416d82db1eee0e83061691ab69e309813ab8551,12,productive,productive_iteration,True,True,False,False,False,
StressFresh100,StressFresh100_T000029,738f5e3f179f393570a147220416d82db1eee0e83061691ab69e309813ab8551,13,productive,productive_iteration,True,True,False,False,False,
StressFresh100,StressFresh100_T000029,738f5e3f179f393570a147220416d82db1eee0e83061691ab69e309813ab8551,14,productive,productive_iteration,True,True,False,False,False,
StressFresh100,StressFresh100_T000029,738f5e3f179f393570a147220416d82db1eee0e83061691ab69e309813ab8551,15,productive,productive_iteration,True,True,False,False,False,
StressFresh100,StressFresh100_T000029,738f5e3f179f393570a147220416d82db1eee0e83061691ab69e309813ab8551,16,productive,productive_iteration,True,True,False,False,False,
StressFresh100,StressFresh100_T000029,738f5e3f179f393570a147220416d82db1eee0e83061691ab69e309813ab8551,17,productive,productive_iteration,True,True,False,False,False,
StressFresh100,StressFresh100_T000029,738f5e3f179f393570a147220416d82db1eee0e83061691ab69e309813ab8551,18,productive,productive_iteration,True,True,False,False,False,
StressFresh100,StressFresh100_T000029,738f5e3f179f393570a147220416d82db1eee0e83061691ab69e309813ab8551,19,productive,productive_iteration,True,True,False,False,False,
StressFresh100,StressFresh100_T000029,738f5e3f179f393570a147220416d82db1eee0e83061691ab69e309813ab8551,20,productive,productive_iteration,True,True,False,False,False,
StressFresh100,StressFresh100_T000029,738f5e3f179f393570a147220416d82db1eee0e83061691ab69e309813ab8551,21,productive,productive_iteration,True,True,False,False,False,
StressFresh100,StressFresh100_T000029,738f5e3f179f393570a147220416d82db1eee0e83061691ab69e309813ab8551,22,productive,productive_iteration,True,True,False,False,False,
StressFresh100,StressFresh100_T000029,738f5e3f179f393570a147220416d82db1eee0e83061691ab69e309813ab8551,23,stagnant,unproductive_cycle,False,False,True,False,False,
StressFresh100,StressFresh100_T000029,738f5e3f179f393570a147220416d82db1eee0e83061691ab69e309813ab8551,24,productive,none,False,False,False,False,False,
StressFresh100,StressFresh100_T000029,738f5e3f179f393570a147220416d82db1eee0e83061691ab69e309813ab8551,25,stagnant,none,False,False,False,False,False,
StressFresh100,StressFresh100_T000032,460e3e9a09e8c9b49a365b34ba3e73cdb086c92be3d1986f60b354c9ae24fa23,0,productive,productive_iteration,False,True,False,False,False,
StressFresh100,StressFresh100_T000032,460e3e9a09e8c9b49a365b34ba3e73cdb086c92be3d1986f60b354c9ae24fa23,1,productive,productive_iteration,False,True,False,False,False,
StressFresh100,StressFresh100_T000032,460e3e9a09e8c9b49a365b34ba3e73cdb086c92be3d1986f60b354c9ae24fa23,2,productive,productive_iteration,False,True,False,False,False,
StressFresh100,StressFresh100_T000032,460e3e9a09e8c9b49a365b34ba3e73cdb086c92be3d1986f60b354c9ae24fa23,3,productive,productive_iteration,False,True,False,False,False,
StressFresh100,StressFresh100_T000032,460e3e9a09e8c9b49a365b34ba3e73cdb086c92be3d1986f60b354c9ae24fa23,4,productive,productive_iteration,False,True,False,False,False,
StressFresh100,StressFresh100_T000032,460e3e9a09e8c9b49a365b34ba3e73cdb086c92be3d1986f60b354c9ae24fa23,5,stagnant,unproductive_cycle,False,False,True,False,False,
StressFresh100,StressFresh100_T000032,460e3e9a09e8c9b49a365b34ba3e73cdb086c92be3d1986f60b354c9ae24fa23,6,stagnant,unproductive_cycle,False,False,True,False,False,
StressFresh100,StressFresh100_T000032,460e3e9a09e8c9b49a365b34ba3e73cdb086c92be3d1986f60b354c9ae24fa23,7,productive,productive_iteration,False,True,False,False,False,
StressFresh100,StressFresh100_T000032,460e3e9a09e8c9b49a365b34ba3e73cdb086c92be3d1986f60b354c9ae24fa23,8,productive,productive_iteration,False,True,False,False,False,
StressFresh100,StressFresh100_T000032,460e3e9a09e8c9b49a365b34ba3e73cdb086c92be3d1986f60b354c9ae24fa23,9,productive,productive_iteration,False,True,False,False,False,
StressFresh100,StressFresh100_T000032,460e3e9a09e8c9b49a365b34ba3e73cdb086c92be3d1986f60b354c9ae24fa23,10,productive,productive_iteration,False,True,False,False,False,
StressFresh100,StressFresh100_T000032,460e3e9a09e8c9b49a365b34ba3e73cdb086c92be3d1986f60b354c9ae24fa23,11,productive,productive_iteration,False,True,False,False,False,
StressFresh100,StressFresh100_T000032,460e3e9a09e8c9b49a365b34ba3e73cdb086c92be3d1986f60b354c9ae24fa23,12,productive,productive_iteration,False,True,False,False,False,
StressFresh100,StressFresh100_T000032,460e3e9a09e8c9b49a365b34ba3e73cdb086c92be3d1986f60b354c9ae24fa23,13,productive,productive_iteration,False,True,False,False,False,
StressFresh100,StressFresh100_T000032,460e3e9a09e8c9b49a365b34ba3e73cdb086c92be3d1986f60b354c9ae24fa23,14,stagnant,unproductive_cycle,False,False,True,False,False,
StressFresh100,StressFresh100_T000032,460e3e9a09e8c9b49a365b34ba3e73cdb086c92be3d1986f60b354c9ae24fa23,15,productive,productive_iteration,False,True,False,False,False,
StressFresh100,StressFresh100_T000032,460e3e9a09e8c9b49a365b34ba3e73cdb086c92be3d1986f60b354c9ae24fa23,16,stagnant,unproductive_cycle,False,False,True,False,False,
StressFresh100,StressFresh100_T000032,460e3e9a09e8c9b49a365b34ba3e73cdb086c92be3d1986f60b354c9ae24fa23,17,stagnant,unproductive_cycle,False,False,True,False,False,
StressFresh100,StressFresh100_T000032,460e3e9a09e8c9b49a365b34ba3e73cdb086c92be3d1986f60b354c9ae24fa23,18,productive,productive_iteration,False,True,False,False,False,
StressFresh100,StressFresh100_T000032,460e3e9a09e8c9b49a365b34ba3e73cdb086c92be3d1986f60b354c9ae24fa23,19,stagnant,unproductive_cycle,False,False,True,False,False,
StressFresh100,StressFresh100_T000032,460e3e9a09e8c9b49a365b34ba3e73cdb086c92be3d1986f60b354c9ae24fa23,20,productive,productive_iteration,False,True,False,False,False,
StressFresh100,StressFresh100_T000032,460e3e9a09e8c9b49a365b34ba3e73cdb086c92be3d1986f60b354c9ae24fa23,21,stagnant,unproductive_cycle,False,False,True,False,False,
StressFresh100,StressFresh100_T000032,460e3e9a09e8c9b49a365b34ba3e73cdb086c92be3d1986f60b354c9ae24fa23,22,stagnant,unproductive_cycle,False,False,True,False,False,
StressFresh100,StressFresh100_T000032,460e3e9a09e8c9b49a365b34ba3e73cdb086c92be3d1986f60b354c9ae24fa23,23,productive,productive_iteration,True,True,False,False,False,
StressFresh100,StressFresh100_T000032,460e3e9a09e8c9b49a365b34ba3e73cdb086c92be3d1986f60b354c9ae24fa23,24,stagnant,unproductive_cycle,False,False,True,False,False,
StressFresh100,StressFresh100_T000032,460e3e9a09e8c9b49a365b34ba3e73cdb086c92be3d1986f60b354c9ae24fa23,25,productive,productive_iteration,True,True,False,False,False,
StressFresh100,StressFresh100_T000032,460e3e9a09e8c9b49a365b34ba3e73cdb086c92be3d1986f60b354c9ae24fa23,26,stagnant,unproductive_cycle,False,False,True,False,False,
StressFresh100,StressFresh100_T000032,460e3e9a09e8c9b49a365b34ba3e73cdb086c92be3d1986f60b354c9ae24fa23,27,stagnant,unproductive_cycle,False,False,True,False,False,
StressFresh100,StressFresh100_T000032,460e3e9a09e8c9b49a365b34ba3e73cdb086c92be3d1986f60b354c9ae24fa23,28,stagnant,unproductive_cycle,False,False,True,False,False,
StressFresh100,StressFresh100_T000032,460e3e9a09e8c9b49a365b34ba3e73cdb086c92be3d1986f60b354c9ae24fa23,29,stagnant,unproductive_cycle,False,False,True,False,False,
StressFresh100,StressFresh100_T000032,460e3e9a09e8c9b49a365b34ba3e73cdb086c92be3d1986f60b354c9ae24fa23,30,stagnant,unproductive_cycle,False,False,True,False,False,
StressFresh100,StressFresh100_T000032,460e3e9a09e8c9b49a365b34ba3e73cdb086c92be3d1986f60b354c9ae24fa23,31,stagnant,unproductive_cycle,False,False,True,False,False,
StressFresh100,StressFresh100_T000032,460e3e9a09e8c9b49a365b34ba3e73cdb086c92be3d1986f60b354c9ae24fa23,32,stagnant,unproductive_cycle,False,False,True,False,False,
StressFresh100,StressFresh100_T000032,460e3e9a09e8c9b49a365b34ba3e73cdb086c92be3d1986f60b354c9ae24fa23,33,stagnant,unproductive_cycle,False,False,True,False,False,
StressFresh100,StressFresh100_T000032,460e3e9a09e8c9b49a365b34ba3e73cdb086c92be3d1986f60b354c9ae24fa23,34,stagnant,unproductive_cycle,False,False,True,False,False,
StressFresh100,StressFresh100_T000032,460e3e9a09e8c9b49a365b34ba3e73cdb086c92be3d1986f60b354c9ae24fa23,35,stagnant,unproductive_cycle,False,False,True,False,False,
StressFresh100,StressFresh100_T000032,460e3e9a09e8c9b49a365b34ba3e73cdb086c92be3d1986f60b354c9ae24fa23,36,stagnant,unproductive_cycle,False,False,True,False,False,
StressFresh100,StressFresh100_T000032,460e3e9a09e8c9b49a365b34ba3e73cdb086c92be3d1986f60b354c9ae24fa23,37,stagnant,unproductive_cycle,False,False,True,False,False,
StressFresh100,StressFresh100_T000032,460e3e9a09e8c9b49a365b34ba3e73cdb086c92be3d1986f60b354c9ae24fa23,38,stagnant,unproductive_cycle,False,False,True,False,False,
StressFresh100,StressFresh100_T000032,460e3e9a09e8c9b49a365b34ba3e73cdb086c92be3d1986f60b354c9ae24fa23,39,stagnant,unproductive_cycle,False,False,True,False,False,
StressFresh100,StressFresh100_T000032,460e3e9a09e8c9b49a365b34ba3e73cdb086c92be3d1986f60b354c9ae24fa23,40,stagnant,unproductive_cycle,False,False,True,False,False,
StressFresh100,StressFresh100_T000032,460e3e9a09e8c9b49a365b34ba3e73cdb086c92be3d1986f60b354c9ae24fa23,41,stagnant,unproductive_cycle,False,False,True,False,False,
StressFresh100,StressFresh100_T000032,460e3e9a09e8c9b49a365b34ba3e73cdb086c92be3d1986f60b354c9ae24fa23,42,stagnant,unproductive_cycle,False,False,True,False,False,
StressFresh100,StressFresh100_T000032,460e3e9a09e8c9b49a365b34ba3e73cdb086c92be3d1986f60b354c9ae24fa23,43,stagnant,unproductive_cycle,False,False,True,False,False,
StressFresh100,StressFresh100_T000032,460e3e9a09e8c9b49a365b34ba3e73cdb086c92be3d1986f60b354c9ae24fa23,44,stagnant,unproductive_cycle,False,False,True,False,False,
StressFresh100,StressFresh100_T000032,460e3e9a09e8c9b49a365b34ba3e73cdb086c92be3d1986f60b354c9ae24fa23,45,stagnant,unproductive_cycle,False,False,True,False,False,
StressFresh100,StressFresh100_T000032,460e3e9a09e8c9b49a365b34ba3e73cdb086c92be3d1986f60b354c9ae24fa23,46,stagnant,unproductive_cycle,False,False,True,False,False,
StressFresh100,StressFresh100_T000032,460e3e9a09e8c9b49a365b34ba3e73cdb086c92be3d1986f60b354c9ae24fa23,47,stagnant,unproductive_cycle,False,False,True,False,False,
StressFresh100,StressFresh100_T000032,460e3e9a09e8c9b49a365b34ba3e73cdb086c92be3d1986f60b354c9ae24fa23,48,stagnant,unproductive_cycle,False,False,True,False,False,
StressFresh100,StressFresh100_T000032,460e3e9a09e8c9b49a365b34ba3e73cdb086c92be3d1986f60b354c9ae24fa23,49,stagnant,unproductive_cycle,False,False,True,False,False,
StressFresh100,StressFresh100_T000032,460e3e9a09e8c9b49a365b34ba3e73cdb086c92be3d1986f60b354c9ae24fa23,50,stagnant,unproductive_cycle,False,False,True,False,False,
StressFresh100,StressFresh100_T000032,460e3e9a09e8c9b49a365b34ba3e73cdb086c92be3d1986f60b354c9ae24fa23,51,stagnant,unproductive_cycle,False,False,True,False,False,
StressFresh100,StressFresh100_T000032,460e3e9a09e8c9b49a365b34ba3e73cdb086c92be3d1986f60b354c9ae24fa23,52,stagnant,unproductive_cycle,False,False,True,False,False,
StressFresh100,StressFresh100_T000032,460e3e9a09e8c9b49a365b34ba3e73cdb086c92be3d1986f60b354c9ae24fa23,53,stagnant,unproductive_cycle,False,False,True,False,False,
StressFresh100,StressFresh100_T000032,460e3e9a09e8c9b49a365b34ba3e73cdb086c92be3d1986f60b354c9ae24fa23,54,stagnant,unproductive_cycle,False,False,True,False,False,
StressFresh100,StressFresh100_T000032,460e3e9a09e8c9b49a365b34ba3e73cdb086c92be3d1986f60b354c9ae24fa23,55,stagnant,unproductive_cycle,False,False,True,False,False,
StressFresh100,StressFresh100_T000040,b9b39ee78421746192d5c3ad305019e6362e88b206fecbb97449697c7f6dce9b,0,productive,productive_iteration,False,True,False,False,False,
StressFresh100,StressFresh100_T000040,b9b39ee78421746192d5c3ad305019e6362e88b206fecbb97449697c7f6dce9b,1,productive,productive_iteration,False,True,False,False,False,
StressFresh100,StressFresh100_T000040,b9b39ee78421746192d5c3ad305019e6362e88b206fecbb97449697c7f6dce9b,2,stagnant,unproductive_cycle,False,False,True,False,False,
StressFresh100,StressFresh100_T000040,b9b39ee78421746192d5c3ad305019e6362e88b206fecbb97449697c7f6dce9b,3,stagnant,unproductive_cycle,False,False,True,False,False,
StressFresh100,StressFresh100_T000040,b9b39ee78421746192d5c3ad305019e6362e88b206fecbb97449697c7f6dce9b,4,stagnant,unproductive_cycle,False,False,True,False,False,
StressFresh100,StressFresh100_T000040,b9b39ee78421746192d5c3ad305019e6362e88b206fecbb97449697c7f6dce9b,5,stagnant,unproductive_cycle,False,False,True,False,False,
StressFresh100,StressFresh100_T000040,b9b39ee78421746192d5c3ad305019e6362e88b206fecbb97449697c7f6dce9b,6,stagnant,unproductive_cycle,False,False,True,False,False,
StressFresh100,StressFresh100_T000040,b9b39ee78421746192d5c3ad305019e6362e88b206fecbb97449697c7f6dce9b,7,stagnant,unproductive_cycle,False,False,True,False,False,
StressFresh100,StressFresh100_T000040,b9b39ee78421746192d5c3ad305019e6362e88b206fecbb97449697c7f6dce9b,8,stagnant,unproductive_cycle,False,False,True,False,False,
StressFresh100,StressFresh100_T000040,b9b39ee78421746192d5c3ad305019e6362e88b206fecbb97449697c7f6dce9b,9,productive,productive_iteration,False,True,False,False,False,
StressFresh100,StressFresh100_T000040,b9b39ee78421746192d5c3ad305019e6362e88b206fecbb97449697c7f6dce9b,10,productive,productive_iteration,False,True,False,False,False,
StressFresh100,StressFresh100_T000040,b9b39ee78421746192d5c3ad305019e6362e88b206fecbb97449697c7f6dce9b,11,productive,productive_iteration,False,True,False,False,False,
StressFresh100,StressFresh100_T000040,b9b39ee78421746192d5c3ad305019e6362e88b206fecbb97449697c7f6dce9b,12,productive,productive_iteration,False,True,False,False,False,
StressFresh100,StressFresh100_T000040,b9b39ee78421746192d5c3ad305019e6362e88b206fecbb97449697c7f6dce9b,13,productive,productive_iteration,False,True,False,False,False,
StressFresh100,StressFresh100_T000040,b9b39ee78421746192d5c3ad305019e6362e88b206fecbb97449697c7f6dce9b,14,productive,productive_iteration,False,True,False,False,False,
StressFresh100,StressFresh100_T000040,b9b39ee78421746192d5c3ad305019e6362e88b206fecbb97449697c7f6dce9b,15,productive,productive_iteration,False,True,False,False,False,
StressFresh100,StressFresh100_T000040,b9b39ee78421746192d5c3ad305019e6362e88b206fecbb97449697c7f6dce9b,16,stagnant,unproductive_cycle,False,False,True,False,False,
StressFresh100,StressFresh100_T000040,b9b39ee78421746192d5c3ad305019e6362e88b206fecbb97449697c7f6dce9b,17,productive,productive_iteration,False,True,False,False,False,
StressFresh100,StressFresh100_T000040,b9b39ee78421746192d5c3ad305019e6362e88b206fecbb97449697c7f6dce9b,18,productive,productive_iteration,False,True,False,False,False,
StressFresh100,StressFresh100_T000040,b9b39ee78421746192d5c3ad305019e6362e88b206fecbb97449697c7f6dce9b,19,productive,productive_iteration,False,True,False,False,False,
StressFresh100,StressFresh100_T000040,b9b39ee78421746192d5c3ad305019e6362e88b206fecbb97449697c7f6dce9b,20,productive,productive_iteration,False,True,False,False,False,
StressFresh100,StressFresh100_T000040,b9b39ee78421746192d5c3ad305019e6362e88b206fecbb97449697c7f6dce9b,21,productive,productive_iteration,False,True,False,False,False,
StressFresh100,StressFresh100_T000040,b9b39ee78421746192d5c3ad305019e6362e88b206fecbb97449697c7f6dce9b,22,stagnant,unproductive_cycle,False,False,True,False,False,
StressFresh100,StressFresh100_T000040,b9b39ee78421746192d5c3ad305019e6362e88b206fecbb97449697c7f6dce9b,23,productive,productive_iteration,False,True,False,False,False,
StressFresh100,StressFresh100_T000040,b9b39ee78421746192d5c3ad305019e6362e88b206fecbb97449697c7f6dce9b,24,productive,productive_iteration,False,True,False,False,False,
StressFresh100,StressFresh100_T000040,b9b39ee78421746192d5c3ad305019e6362e88b206fecbb97449697c7f6dce9b,25,stagnant,unproductive_cycle,False,False,True,False,False,
StressFresh100,StressFresh100_T000040,b9b39ee78421746192d5c3ad305019e6362e88b206fecbb97449697c7f6dce9b,26,stagnant,unproductive_cycle,False,False,True,False,False,
StressFresh100,StressFresh100_T000040,b9b39ee78421746192d5c3ad305019e6362e88b206fecbb97449697c7f6dce9b,27,uncertain,none,False,False,False,True,False,
StressFresh100,StressFresh100_T000049,0b5376472f19c212bcc964205655b1d45ac3e98c44171d4923a40d5af0a6f839,0,uncertain,none,False,False,False,True,False,
StressFresh100,StressFresh100_T000049,0b5376472f19c212bcc964205655b1d45ac3e98c44171d4923a40d5af0a6f839,1,productive,productive_iteration,False,True,False,False,False,
StressFresh100,StressFresh100_T000049,0b5376472f19c212bcc964205655b1d45ac3e98c44171d4923a40d5af0a6f839,2,productive,none,False,False,False,False,False,
StressFresh100,StressFresh100_T000049,0b5376472f19c212bcc964205655b1d45ac3e98c44171d4923a40d5af0a6f839,3,stagnant,unproductive_cycle,False,False,True,False,False,
StressFresh100,StressFresh100_T000049,0b5376472f19c212bcc964205655b1d45ac3e98c44171d4923a40d5af0a6f839,4,productive,productive_iteration,False,True,False,False,False,
StressFresh100,StressFresh100_T000049,0b5376472f19c212bcc964205655b1d45ac3e98c44171d4923a40d5af0a6f839,5,stagnant,unproductive_cycle,False,False,True,False,False,
StressFresh100,StressFresh100_T000049,0b5376472f19c212bcc964205655b1d45ac3e98c44171d4923a40d5af0a6f839,6,productive,none,False,False,False,False,False,
StressFresh100,StressFresh100_T000049,0b5376472f19c212bcc964205655b1d45ac3e98c44171d4923a40d5af0a6f839,7,productive,productive_iteration,True,True,False,False,False,
StressFresh100,StressFresh100_T000049,0b5376472f19c212bcc964205655b1d45ac3e98c44171d4923a40d5af0a6f839,8,productive,productive_iteration,True,True,False,False,False,
StressFresh100,StressFresh100_T000049,0b5376472f19c212bcc964205655b1d45ac3e98c44171d4923a40d5af0a6f839,9,uncertain,none,False,False,False,True,False,
StressFresh100,StressFresh100_T000049,0b5376472f19c212bcc964205655b1d45ac3e98c44171d4923a40d5af0a6f839,10,stagnant,unproductive_cycle,False,False,True,False,False,
StressFresh100,StressFresh100_T000049,0b5376472f19c212bcc964205655b1d45ac3e98c44171d4923a40d5af0a6f839,11,productive,productive_iteration,True,True,False,False,False,
StressFresh100,StressFresh100_T000049,0b5376472f19c212bcc964205655b1d45ac3e98c44171d4923a40d5af0a6f839,12,productive,productive_iteration,True,True,False,False,False,
StressFresh100,StressFresh100_T000049,0b5376472f19c212bcc964205655b1d45ac3e98c44171d4923a40d5af0a6f839,13,productive,productive_iteration,True,True,False,False,False,
StressFresh100,StressFresh100_T000049,0b5376472f19c212bcc964205655b1d45ac3e98c44171d4923a40d5af0a6f839,14,productive,productive_iteration,True,True,False,False,False,
StressFresh100,StressFresh100_T000049,0b5376472f19c212bcc964205655b1d45ac3e98c44171d4923a40d5af0a6f839,15,productive,productive_iteration,True,True,False,False,False,
StressFresh100,StressFresh100_T000049,0b5376472f19c212bcc964205655b1d45ac3e98c44171d4923a40d5af0a6f839,16,stagnant,unproductive_cycle,False,False,True,False,False,
StressFresh100,StressFresh100_T000049,0b5376472f19c212bcc964205655b1d45ac3e98c44171d4923a40d5af0a6f839,17,productive,productive_iteration,False,True,False,False,False,
StressFresh100,StressFresh100_T000049,0b5376472f19c212bcc964205655b1d45ac3e98c44171d4923a40d5af0a6f839,18,productive,productive_iteration,False,True,False,False,False,
StressFresh100,StressFresh100_T000062,cbbb21178a1ec7fca9a216ae1dfa624580c8ba307b9641ed9b20d5c701bff2e9,0,productive,none,False,False,False,False,False,
StressFresh100,StressFresh100_T000062,cbbb21178a1ec7fca9a216ae1dfa624580c8ba307b9641ed9b20d5c701bff2e9,1,productive,none,False,False,False,False,False,
StressFresh100,StressFresh100_T000062,cbbb21178a1ec7fca9a216ae1dfa624580c8ba307b9641ed9b20d5c701bff2e9,2,productive,none,False,False,False,False,False,
StressFresh100,StressFresh100_T000062,cbbb21178a1ec7fca9a216ae1dfa624580c8ba307b9641ed9b20d5c701bff2e9,3,productive,productive_iteration,False,True,False,False,False,
StressFresh100,StressFresh100_T000062,cbbb21178a1ec7fca9a216ae1dfa624580c8ba307b9641ed9b20d5c701bff2e9,4,productive,productive_iteration,False,True,False,False,False,
StressFresh100,StressFresh100_T000062,cbbb21178a1ec7fca9a216ae1dfa624580c8ba307b9641ed9b20d5c701bff2e9,5,productive,productive_iteration,False,True,False,False,False,
StressFresh100,StressFresh100_T000062,cbbb21178a1ec7fca9a216ae1dfa624580c8ba307b9641ed9b20d5c701bff2e9,6,productive,productive_iteration,False,True,False,False,False,
StressFresh100,StressFresh100_T000062,cbbb21178a1ec7fca9a216ae1dfa624580c8ba307b9641ed9b20d5c701bff2e9,7,productive,productive_iteration,False,True,False,False,False,
StressFresh100,StressFresh100_T000062,cbbb21178a1ec7fca9a216ae1dfa624580c8ba307b9641ed9b20d5c701bff2e9,8,productive,productive_iteration,False,True,False,False,False,
StressFresh100,StressFresh100_T000062,cbbb21178a1ec7fca9a216ae1dfa624580c8ba307b9641ed9b20d5c701bff2e9,9,productive,productive_iteration,False,True,False,False,False,
StressFresh100,StressFresh100_T000062,cbbb21178a1ec7fca9a216ae1dfa624580c8ba307b9641ed9b20d5c701bff2e9,10,stagnant,unproductive_cycle,False,False,True,False,False,
StressFresh100,StressFresh100_T000062,cbbb21178a1ec7fca9a216ae1dfa624580c8ba307b9641ed9b20d5c701bff2e9,11,stagnant,unproductive_cycle,False,False,True,False,False,
StressFresh100,StressFresh100_T000062,cbbb21178a1ec7fca9a216ae1dfa624580c8ba307b9641ed9b20d5c701bff2e9,12,productive,productive_iteration,False,True,False,False,False,
StressFresh100,StressFresh100_T000062,cbbb21178a1ec7fca9a216ae1dfa624580c8ba307b9641ed9b20d5c701bff2e9,13,productive,productive_iteration,False,True,False,False,False,
StressFresh100,StressFresh100_T000062,cbbb21178a1ec7fca9a216ae1dfa624580c8ba307b9641ed9b20d5c701bff2e9,14,stagnant,unproductive_cycle,False,False,True,False,False,
StressFresh100,StressFresh100_T000062,cbbb21178a1ec7fca9a216ae1dfa624580c8ba307b9641ed9b20d5c701bff2e9,15,stagnant,unproductive_cycle,False,False,True,False,False,
StressFresh100,StressFresh100_T000062,cbbb21178a1ec7fca9a216ae1dfa624580c8ba307b9641ed9b20d5c701bff2e9,16,productive,productive_iteration,False,True,False,False,False,
StressFresh100,StressFresh100_T000062,cbbb21178a1ec7fca9a216ae1dfa624580c8ba307b9641ed9b20d5c701bff2e9,17,productive,productive_iteration,False,True,False,False,False,
StressFresh100,StressFresh100_T000062,cbbb21178a1ec7fca9a216ae1dfa624580c8ba307b9641ed9b20d5c701bff2e9,18,stagnant,unproductive_cycle,False,False,True,False,False,
StressFresh100,StressFresh100_T000062,cbbb21178a1ec7fca9a216ae1dfa624580c8ba307b9641ed9b20d5c701bff2e9,19,productive,productive_iteration,True,True,False,False,False,
StressFresh100,StressFresh100_T000062,cbbb21178a1ec7fca9a216ae1dfa624580c8ba307b9641ed9b20d5c701bff2e9,20,stagnant,unproductive_cycle,False,False,True,False,False,
StressFresh100,StressFresh100_T000062,cbbb21178a1ec7fca9a216ae1dfa624580c8ba307b9641ed9b20d5c701bff2e9,21,productive,productive_iteration,True,True,False,False,False,
StressFresh100,StressFresh100_T000062,cbbb21178a1ec7fca9a216ae1dfa624580c8ba307b9641ed9b20d5c701bff2e9,22,productive,productive_iteration,True,True,False,False,False,
StressFresh100,StressFresh100_T000062,cbbb21178a1ec7fca9a216ae1dfa624580c8ba307b9641ed9b20d5c701bff2e9,23,productive,none,False,False,False,False,False,
StressFresh100,StressFresh100_T000062,cbbb21178a1ec7fca9a216ae1dfa624580c8ba307b9641ed9b20d5c701bff2e9,24,productive,none,False,False,False,False,False,
StressFresh100,StressFresh100_T000065,685ce9749f3a6067ed5c8e35d95e9a74e5bfd4a91d04052947de4ed3330f6ea1,0,stagnant,none,False,False,False,False,False,
StressFresh100,StressFresh100_T000065,685ce9749f3a6067ed5c8e35d95e9a74e5bfd4a91d04052947de4ed3330f6ea1,1,stagnant,unproductive_cycle,False,False,True,False,False,
StressFresh100,StressFresh100_T000065,685ce9749f3a6067ed5c8e35d95e9a74e5bfd4a91d04052947de4ed3330f6ea1,2,stagnant,unproductive_cycle,False,False,True,False,False,
StressFresh100,StressFresh100_T000065,685ce9749f3a6067ed5c8e35d95e9a74e5bfd4a91d04052947de4ed3330f6ea1,3,stagnant,unproductive_cycle,False,False,True,False,False,
StressFresh100,StressFresh100_T000065,685ce9749f3a6067ed5c8e35d95e9a74e5bfd4a91d04052947de4ed3330f6ea1,4,productive,none,False,False,False,False,False,
StressFresh100,StressFresh100_T000065,685ce9749f3a6067ed5c8e35d95e9a74e5bfd4a91d04052947de4ed3330f6ea1,5,productive,productive_iteration,False,True,False,False,False,
StressFresh100,StressFresh100_T000065,685ce9749f3a6067ed5c8e35d95e9a74e5bfd4a91d04052947de4ed3330f6ea1,6,stagnant,unproductive_cycle,False,False,True,False,False,
StressFresh100,StressFresh100_T000065,685ce9749f3a6067ed5c8e35d95e9a74e5bfd4a91d04052947de4ed3330f6ea1,7,stagnant,unproductive_cycle,False,False,True,False,False,
StressFresh100,StressFresh100_T000065,685ce9749f3a6067ed5c8e35d95e9a74e5bfd4a91d04052947de4ed3330f6ea1,8,productive,productive_iteration,False,True,False,False,False,
StressFresh100,StressFresh100_T000065,685ce9749f3a6067ed5c8e35d95e9a74e5bfd4a91d04052947de4ed3330f6ea1,9,stagnant,unproductive_cycle,False,False,True,False,False,
StressFresh100,StressFresh100_T000065,685ce9749f3a6067ed5c8e35d95e9a74e5bfd4a91d04052947de4ed3330f6ea1,10,stagnant,unproductive_cycle,False,False,True,False,False,
StressFresh100,StressFresh100_T000065,685ce9749f3a6067ed5c8e35d95e9a74e5bfd4a91d04052947de4ed3330f6ea1,11,stagnant,unproductive_cycle,False,False,True,False,False,
StressFresh100,StressFresh100_T000065,685ce9749f3a6067ed5c8e35d95e9a74e5bfd4a91d04052947de4ed3330f6ea1,12,stagnant,unproductive_cycle,False,False,True,False,False,
StressFresh100,StressFresh100_T000065,685ce9749f3a6067ed5c8e35d95e9a74e5bfd4a91d04052947de4ed3330f6ea1,13,productive,productive_iteration,False,True,False,False,False,
StressFresh100,StressFresh100_T000065,685ce9749f3a6067ed5c8e35d95e9a74e5bfd4a91d04052947de4ed3330f6ea1,14,productive,none,False,False,False,False,False,
StressFresh100,StressFresh100_T000065,685ce9749f3a6067ed5c8e35d95e9a74e5bfd4a91d04052947de4ed3330f6ea1,15,stagnant,unproductive_cycle,False,False,True,False,False,
StressFresh100,StressFresh100_T000065,685ce9749f3a6067ed5c8e35d95e9a74e5bfd4a91d04052947de4ed3330f6ea1,16,stagnant,unproductive_cycle,False,False,True,False,False,
StressFresh100,StressFresh100_T000065,685ce9749f3a6067ed5c8e35d95e9a74e5bfd4a91d04052947de4ed3330f6ea1,17,stagnant,unproductive_cycle,False,False,True,False,False,
StressFresh100,StressFresh100_T000065,685ce9749f3a6067ed5c8e35d95e9a74e5bfd4a91d04052947de4ed3330f6ea1,18,productive,productive_iteration,False,True,False,False,False,
StressFresh100,StressFresh100_T000065,685ce9749f3a6067ed5c8e35d95e9a74e5bfd4a91d04052947de4ed3330f6ea1,19,productive,productive_iteration,False,True,False,False,False,
StressFresh100,StressFresh100_T000065,685ce9749f3a6067ed5c8e35d95e9a74e5bfd4a91d04052947de4ed3330f6ea1,20,productive,productive_iteration,False,True,False,False,False,
StressFresh100,StressFresh100_T000065,685ce9749f3a6067ed5c8e35d95e9a74e5bfd4a91d04052947de4ed3330f6ea1,21,productive,none,False,False,False,False,False,
StressFresh100,StressFresh100_T000065,685ce9749f3a6067ed5c8e35d95e9a74e5bfd4a91d04052947de4ed3330f6ea1,22,stagnant,unproductive_cycle,False,False,True,False,False,
StressFresh100,StressFresh100_T000065,685ce9749f3a6067ed5c8e35d95e9a74e5bfd4a91d04052947de4ed3330f6ea1,23,productive,productive_iteration,False,True,False,False,False,
StressFresh100,StressFresh100_T000065,685ce9749f3a6067ed5c8e35d95e9a74e5bfd4a91d04052947de4ed3330f6ea1,24,stagnant,none,False,False,False,False,False,
StressFresh100,StressFresh100_T000065,685ce9749f3a6067ed5c8e35d95e9a74e5bfd4a91d04052947de4ed3330f6ea1,25,productive,productive_iteration,False,True,False,False,False,
StressFresh100,StressFresh100_T000065,685ce9749f3a6067ed5c8e35d95e9a74e5bfd4a91d04052947de4ed3330f6ea1,26,productive,none,False,False,False,False,False,
StressFresh100,StressFresh100_T000065,685ce9749f3a6067ed5c8e35d95e9a74e5bfd4a91d04052947de4ed3330f6ea1,27,productive,productive_iteration,False,True,False,False,False,
StressFresh100,StressFresh100_T000065,685ce9749f3a6067ed5c8e35d95e9a74e5bfd4a91d04052947de4ed3330f6ea1,28,productive,productive_iteration,False,True,False,False,False,
StressFresh100,StressFresh100_T000065,685ce9749f3a6067ed5c8e35d95e9a74e5bfd4a91d04052947de4ed3330f6ea1,29,stagnant,unproductive_cycle,False,False,True,False,False,
StressFresh100,StressFresh100_T000065,685ce9749f3a6067ed5c8e35d95e9a74e5bfd4a91d04052947de4ed3330f6ea1,30,stagnant,unproductive_cycle,False,False,True,False,False,
StressFresh100,StressFresh100_T000065,685ce9749f3a6067ed5c8e35d95e9a74e5bfd4a91d04052947de4ed3330f6ea1,31,stagnant,unproductive_cycle,False,False,True,False,False,
StressFresh100,StressFresh100_T000065,685ce9749f3a6067ed5c8e35d95e9a74e5bfd4a91d04052947de4ed3330f6ea1,32,stagnant,unproductive_cycle,False,False,True,False,False,
StressFresh100,StressFresh100_T000065,685ce9749f3a6067ed5c8e35d95e9a74e5bfd4a91d04052947de4ed3330f6ea1,33,productive,productive_iteration,False,True,False,False,False,
StressFresh100,StressFresh100_T000066,d7db561b57bcbed983ba76597fef873887d8a5d442300589b27b01ccd666f651,0,productive,none,False,False,False,False,False,
StressFresh100,StressFresh100_T000066,d7db561b57bcbed983ba76597fef873887d8a5d442300589b27b01ccd666f651,1,productive,none,False,False,False,False,False,
StressFresh100,StressFresh100_T000066,d7db561b57bcbed983ba76597fef873887d8a5d442300589b27b01ccd666f651,2,productive,none,False,False,False,False,False,
StressFresh100,StressFresh100_T000066,d7db561b57bcbed983ba76597fef873887d8a5d442300589b27b01ccd666f651,3,productive,none,False,False,False,False,False,
StressFresh100,StressFresh100_T000066,d7db561b57bcbed983ba76597fef873887d8a5d442300589b27b01ccd666f651,4,productive,none,False,False,False,False,False,
StressFresh100,StressFresh100_T000066,d7db561b57bcbed983ba76597fef873887d8a5d442300589b27b01ccd666f651,5,productive,productive_iteration,False,True,False,False,False,
StressFresh100,StressFresh100_T000066,d7db561b57bcbed983ba76597fef873887d8a5d442300589b27b01ccd666f651,6,productive,none,False,False,False,False,False,
StressFresh100,StressFresh100_T000066,d7db561b57bcbed983ba76597fef873887d8a5d442300589b27b01ccd666f651,7,productive,none,False,False,False,False,False,
StressFresh100,StressFresh100_T000066,d7db561b57bcbed983ba76597fef873887d8a5d442300589b27b01ccd666f651,8,productive,productive_iteration,False,True,False,False,False,
StressFresh100,StressFresh100_T000066,d7db561b57bcbed983ba76597fef873887d8a5d442300589b27b01ccd666f651,9,productive,none,False,False,False,False,False,
StressFresh100,StressFresh100_T000066,d7db561b57bcbed983ba76597fef873887d8a5d442300589b27b01ccd666f651,10,productive,productive_iteration,True,True,False,False,False,
StressFresh100,StressFresh100_T000066,d7db561b57bcbed983ba76597fef873887d8a5d442300589b27b01ccd666f651,11,productive,none,False,False,False,False,False,
StressFresh100,StressFresh100_T000066,d7db561b57bcbed983ba76597fef873887d8a5d442300589b27b01ccd666f651,12,productive,productive_iteration,True,True,False,False,False,
StressFresh100,StressFresh100_T000066,d7db561b57bcbed983ba76597fef873887d8a5d442300589b27b01ccd666f651,13,stagnant,none,False,False,False,False,False,
StressFresh100,StressFresh100_T000066,d7db561b57bcbed983ba76597fef873887d8a5d442300589b27b01ccd666f651,14,productive,none,False,False,False,False,False,
StressFresh100,StressFresh100_T000066,d7db561b57bcbed983ba76597fef873887d8a5d442300589b27b01ccd666f651,15,stagnant,unproductive_cycle,False,False,True,False,False,
StressFresh100,StressFresh100_T000066,d7db561b57bcbed983ba76597fef873887d8a5d442300589b27b01ccd666f651,16,productive,productive_iteration,True,True,False,False,False,
StressFresh100,StressFresh100_T000066,d7db561b57bcbed983ba76597fef873887d8a5d442300589b27b01ccd666f651,17,productive,productive_iteration,True,True,False,False,False,
StressFresh100,StressFresh100_T000066,d7db561b57bcbed983ba76597fef873887d8a5d442300589b27b01ccd666f651,18,stagnant,unproductive_cycle,False,False,True,False,False,
StressFresh100,StressFresh100_T000066,d7db561b57bcbed983ba76597fef873887d8a5d442300589b27b01ccd666f651,19,productive,none,False,False,False,False,False,
StressFresh100,StressFresh100_T000066,d7db561b57bcbed983ba76597fef873887d8a5d442300589b27b01ccd666f651,20,stagnant,unproductive_cycle,False,False,True,False,False,
StressFresh100,StressFresh100_T000066,d7db561b57bcbed983ba76597fef873887d8a5d442300589b27b01ccd666f651,21,productive,productive_iteration,True,True,False,False,False,
StressFresh100,StressFresh100_T000066,d7db561b57bcbed983ba76597fef873887d8a5d442300589b27b01ccd666f651,22,productive,productive_iteration,True,True,False,False,False,
StressFresh100,StressFresh100_T000066,d7db561b57bcbed983ba76597fef873887d8a5d442300589b27b01ccd666f651,23,productive,none,False,False,False,False,False,
StressFresh100,StressFresh100_T000066,d7db561b57bcbed983ba76597fef873887d8a5d442300589b27b01ccd666f651,24,productive,none,False,False,False,False,False,
StressFresh100,StressFresh100_T000067,c2ab6e6c34b6bfd60c4a71b116d36faf273d8971c32cd56b71c093a54ea7e6e5,0,stagnant,unproductive_cycle,False,False,True,False,False,
StressFresh100,StressFresh100_T000067,c2ab6e6c34b6bfd60c4a71b116d36faf273d8971c32cd56b71c093a54ea7e6e5,1,stagnant,unproductive_cycle,False,False,True,False,False,
StressFresh100,StressFresh100_T000067,c2ab6e6c34b6bfd60c4a71b116d36faf273d8971c32cd56b71c093a54ea7e6e5,2,stagnant,unproductive_cycle,False,False,True,False,False,
StressFresh100,StressFresh100_T000067,c2ab6e6c34b6bfd60c4a71b116d36faf273d8971c32cd56b71c093a54ea7e6e5,3,stagnant,unproductive_cycle,False,False,True,False,False,
StressFresh100,StressFresh100_T000067,c2ab6e6c34b6bfd60c4a71b116d36faf273d8971c32cd56b71c093a54ea7e6e5,4,stagnant,unproductive_cycle,False,False,True,False,False,
StressFresh100,StressFresh100_T000067,c2ab6e6c34b6bfd60c4a71b116d36faf273d8971c32cd56b71c093a54ea7e6e5,5,stagnant,unproductive_cycle,False,False,True,False,False,
StressFresh100,StressFresh100_T000067,c2ab6e6c34b6bfd60c4a71b116d36faf273d8971c32cd56b71c093a54ea7e6e5,6,stagnant,unproductive_cycle,False,False,True,False,False,
StressFresh100,StressFresh100_T000067,c2ab6e6c34b6bfd60c4a71b116d36faf273d8971c32cd56b71c093a54ea7e6e5,7,stagnant,unproductive_cycle,False,False,True,False,False,
StressFresh100,StressFresh100_T000067,c2ab6e6c34b6bfd60c4a71b116d36faf273d8971c32cd56b71c093a54ea7e6e5,8,stagnant,unproductive_cycle,False,False,True,False,False,
StressFresh100,StressFresh100_T000067,c2ab6e6c34b6bfd60c4a71b116d36faf273d8971c32cd56b71c093a54ea7e6e5,9,stagnant,unproductive_cycle,False,False,True,False,False,
StressFresh100,StressFresh100_T000067,c2ab6e6c34b6bfd60c4a71b116d36faf273d8971c32cd56b71c093a54ea7e6e5,10,stagnant,unproductive_cycle,False,False,True,False,False,
StressFresh100,StressFresh100_T000067,c2ab6e6c34b6bfd60c4a71b116d36faf273d8971c32cd56b71c093a54ea7e6e5,11,stagnant,unproductive_cycle,False,False,True,False,False,
StressFresh100,StressFresh100_T000067,c2ab6e6c34b6bfd60c4a71b116d36faf273d8971c32cd56b71c093a54ea7e6e5,12,stagnant,unproductive_cycle,False,False,True,False,False,
StressFresh100,StressFresh100_T000067,c2ab6e6c34b6bfd60c4a71b116d36faf273d8971c32cd56b71c093a54ea7e6e5,13,stagnant,unproductive_cycle,False,False,True,False,False,
StressFresh100,StressFresh100_T000067,c2ab6e6c34b6bfd60c4a71b116d36faf273d8971c32cd56b71c093a54ea7e6e5,14,stagnant,unproductive_cycle,False,False,True,False,False,
StressFresh100,StressFresh100_T000067,c2ab6e6c34b6bfd60c4a71b116d36faf273d8971c32cd56b71c093a54ea7e6e5,15,productive,productive_iteration,False,True,False,False,False,
StressFresh100,StressFresh100_T000067,c2ab6e6c34b6bfd60c4a71b116d36faf273d8971c32cd56b71c093a54ea7e6e5,16,productive,productive_iteration,False,True,False,False,False,
StressFresh100,StressFresh100_T000067,c2ab6e6c34b6bfd60c4a71b116d36faf273d8971c32cd56b71c093a54ea7e6e5,17,productive,productive_iteration,False,True,False,False,False,
StressFresh100,StressFresh100_T000067,c2ab6e6c34b6bfd60c4a71b116d36faf273d8971c32cd56b71c093a54ea7e6e5,18,stagnant,unproductive_cycle,False,False,True,False,False,
StressFresh100,StressFresh100_T000067,c2ab6e6c34b6bfd60c4a71b116d36faf273d8971c32cd56b71c093a54ea7e6e5,19,stagnant,unproductive_cycle,False,False,True,False,False,
StressFresh100,StressFresh100_T000067,c2ab6e6c34b6bfd60c4a71b116d36faf273d8971c32cd56b71c093a54ea7e6e5,20,stagnant,unproductive_cycle,False,False,True,False,False,
StressFresh100,StressFresh100_T000067,c2ab6e6c34b6bfd60c4a71b116d36faf273d8971c32cd56b71c093a54ea7e6e5,21,stagnant,unproductive_cycle,False,False,True,False,False,
StressFresh100,StressFresh100_T000067,c2ab6e6c34b6bfd60c4a71b116d36faf273d8971c32cd56b71c093a54ea7e6e5,22,stagnant,unproductive_cycle,False,False,True,False,False,
StressFresh100,StressFresh100_T000067,c2ab6e6c34b6bfd60c4a71b116d36faf273d8971c32cd56b71c093a54ea7e6e5,23,stagnant,unproductive_cycle,False,False,True,False,False,
StressFresh100,StressFresh100_T000067,c2ab6e6c34b6bfd60c4a71b116d36faf273d8971c32cd56b71c093a54ea7e6e5,24,productive,productive_iteration,False,True,False,False,False,
StressFresh100,StressFresh100_T000067,c2ab6e6c34b6bfd60c4a71b116d36faf273d8971c32cd56b71c093a54ea7e6e5,25,productive,productive_iteration,False,True,False,False,False,
StressFresh100,StressFresh100_T000067,c2ab6e6c34b6bfd60c4a71b116d36faf273d8971c32cd56b71c093a54ea7e6e5,26,productive,productive_iteration,False,True,False,False,False,
StressFresh100,StressFresh100_T000067,c2ab6e6c34b6bfd60c4a71b116d36faf273d8971c32cd56b71c093a54ea7e6e5,27,productive,productive_iteration,False,True,False,False,False,
StressFresh100,StressFresh100_T000067,c2ab6e6c34b6bfd60c4a71b116d36faf273d8971c32cd56b71c093a54ea7e6e5,28,productive,productive_iteration,False,True,False,False,False,
StressFresh100,StressFresh100_T000067,c2ab6e6c34b6bfd60c4a71b116d36faf273d8971c32cd56b71c093a54ea7e6e5,29,productive,productive_iteration,False,True,False,False,False,
StressFresh100,StressFresh100_T000067,c2ab6e6c34b6bfd60c4a71b116d36faf273d8971c32cd56b71c093a54ea7e6e5,30,productive,productive_iteration,False,True,False,False,False,
StressFresh100,StressFresh100_T000067,c2ab6e6c34b6bfd60c4a71b116d36faf273d8971c32cd56b71c093a54ea7e6e5,31,productive,productive_iteration,False,True,False,False,False,
StressFresh100,StressFresh100_T000070,0801420380503dc40bf905941ade0755543b9567bb6e73a825f2a59c1bed130e,0,productive,productive_iteration,False,True,False,False,False,
StressFresh100,StressFresh100_T000070,0801420380503dc40bf905941ade0755543b9567bb6e73a825f2a59c1bed130e,1,productive,productive_iteration,False,True,False,False,False,
StressFresh100,StressFresh100_T000070,0801420380503dc40bf905941ade0755543b9567bb6e73a825f2a59c1bed130e,2,productive,productive_iteration,False,True,False,False,False,
StressFresh100,StressFresh100_T000070,0801420380503dc40bf905941ade0755543b9567bb6e73a825f2a59c1bed130e,3,productive,none,False,False,False,False,False,
StressFresh100,StressFresh100_T000070,0801420380503dc40bf905941ade0755543b9567bb6e73a825f2a59c1bed130e,4,stagnant,unproductive_cycle,False,False,True,False,False,
StressFresh100,StressFresh100_T000070,0801420380503dc40bf905941ade0755543b9567bb6e73a825f2a59c1bed130e,5,productive,none,False,False,False,False,False,
StressFresh100,StressFresh100_T000070,0801420380503dc40bf905941ade0755543b9567bb6e73a825f2a59c1bed130e,6,productive,none,False,False,False,False,False,
StressFresh100,StressFresh100_T000070,0801420380503dc40bf905941ade0755543b9567bb6e73a825f2a59c1bed130e,7,productive,none,False,False,False,False,False,
StressFresh100,StressFresh100_T000070,0801420380503dc40bf905941ade0755543b9567bb6e73a825f2a59c1bed130e,8,productive,productive_iteration,True,True,False,False,False,
StressFresh100,StressFresh100_T000070,0801420380503dc40bf905941ade0755543b9567bb6e73a825f2a59c1bed130e,9,productive,productive_iteration,True,True,False,False,False,
StressFresh100,StressFresh100_T000070,0801420380503dc40bf905941ade0755543b9567bb6e73a825f2a59c1bed130e,10,productive,productive_iteration,True,True,False,False,False,
StressFresh100,StressFresh100_T000070,0801420380503dc40bf905941ade0755543b9567bb6e73a825f2a59c1bed130e,11,productive,productive_iteration,True,True,False,False,False,
StressFresh100,StressFresh100_T000070,0801420380503dc40bf905941ade0755543b9567bb6e73a825f2a59c1bed130e,12,productive,productive_iteration,True,True,False,False,False,
StressFresh100,StressFresh100_T000070,0801420380503dc40bf905941ade0755543b9567bb6e73a825f2a59c1bed130e,13,productive,none,False,False,False,False,False,
StressFresh100,StressFresh100_T000070,0801420380503dc40bf905941ade0755543b9567bb6e73a825f2a59c1bed130e,14,productive,none,False,False,False,False,False,
StressFresh100,StressFresh100_T000070,0801420380503dc40bf905941ade0755543b9567bb6e73a825f2a59c1bed130e,15,productive,none,False,False,False,False,False,
StressFresh100,StressFresh100_T000070,0801420380503dc40bf905941ade0755543b9567bb6e73a825f2a59c1bed130e,16,productive,none,False,False,False,False,False,
StressFresh100,StressFresh100_T000070,0801420380503dc40bf905941ade0755543b9567bb6e73a825f2a59c1bed130e,17,productive,none,False,False,False,False,False,
StressFresh100,StressFresh100_T000070,0801420380503dc40bf905941ade0755543b9567bb6e73a825f2a59c1bed130e,18,productive,none,False,False,False,False,False,
StressFresh100,StressFresh100_T000073,a581188633e7ba7f81ed9ddaa513a6c95bb10a10404d0b1b0c9b8f5527932876,0,productive,productive_iteration,True,True,False,False,False,
StressFresh100,StressFresh100_T000073,a581188633e7ba7f81ed9ddaa513a6c95bb10a10404d0b1b0c9b8f5527932876,1,productive,productive_iteration,True,True,False,False,False,
StressFresh100,StressFresh100_T000073,a581188633e7ba7f81ed9ddaa513a6c95bb10a10404d0b1b0c9b8f5527932876,2,productive,productive_iteration,True,True,False,False,False,
StressFresh100,StressFresh100_T000073,a581188633e7ba7f81ed9ddaa513a6c95bb10a10404d0b1b0c9b8f5527932876,3,productive,productive_iteration,True,True,False,False,False,
StressFresh100,StressFresh100_T000073,a581188633e7ba7f81ed9ddaa513a6c95bb10a10404d0b1b0c9b8f5527932876,4,productive,productive_iteration,True,True,False,False,False,
StressFresh100,StressFresh100_T000073,a581188633e7ba7f81ed9ddaa513a6c95bb10a10404d0b1b0c9b8f5527932876,5,productive,productive_iteration,True,True,False,False,False,
StressFresh100,StressFresh100_T000073,a581188633e7ba7f81ed9ddaa513a6c95bb10a10404d0b1b0c9b8f5527932876,6,productive,productive_iteration,True,True,False,False,False,
StressFresh100,StressFresh100_T000073,a581188633e7ba7f81ed9ddaa513a6c95bb10a10404d0b1b0c9b8f5527932876,7,productive,productive_iteration,True,True,False,False,False,
StressFresh100,StressFresh100_T000073,a581188633e7ba7f81ed9ddaa513a6c95bb10a10404d0b1b0c9b8f5527932876,8,productive,productive_iteration,True,True,False,False,False,
StressFresh100,StressFresh100_T000073,a581188633e7ba7f81ed9ddaa513a6c95bb10a10404d0b1b0c9b8f5527932876,9,productive,productive_iteration,True,True,False,False,False,
StressFresh100,StressFresh100_T000073,a581188633e7ba7f81ed9ddaa513a6c95bb10a10404d0b1b0c9b8f5527932876,10,productive,productive_iteration,True,True,False,False,False,
StressFresh100,StressFresh100_T000073,a581188633e7ba7f81ed9ddaa513a6c95bb10a10404d0b1b0c9b8f5527932876,11,productive,productive_iteration,True,True,False,False,False,
StressFresh100,StressFresh100_T000073,a581188633e7ba7f81ed9ddaa513a6c95bb10a10404d0b1b0c9b8f5527932876,12,productive,productive_iteration,True,True,False,False,False,
StressFresh100,StressFresh100_T000073,a581188633e7ba7f81ed9ddaa513a6c95bb10a10404d0b1b0c9b8f5527932876,13,productive,productive_iteration,True,True,False,False,False,
StressFresh100,StressFresh100_T000073,a581188633e7ba7f81ed9ddaa513a6c95bb10a10404d0b1b0c9b8f5527932876,14,productive,productive_iteration,True,True,False,False,False,
StressFresh100,StressFresh100_T000073,a581188633e7ba7f81ed9ddaa513a6c95bb10a10404d0b1b0c9b8f5527932876,15,stagnant,unproductive_cycle,False,False,True,False,False,
StressFresh100,StressFresh100_T000073,a581188633e7ba7f81ed9ddaa513a6c95bb10a10404d0b1b0c9b8f5527932876,16,stagnant,unproductive_cycle,False,False,True,False,False,
StressFresh100,StressFresh100_T000073,a581188633e7ba7f81ed9ddaa513a6c95bb10a10404d0b1b0c9b8f5527932876,17,stagnant,unproductive_cycle,False,False,True,False,False,
StressFresh100,StressFresh100_T000073,a581188633e7ba7f81ed9ddaa513a6c95bb10a10404d0b1b0c9b8f5527932876,18,stagnant,unproductive_cycle,False,False,True,False,False,
StressFresh100,StressFresh100_T000073,a581188633e7ba7f81ed9ddaa513a6c95bb10a10404d0b1b0c9b8f5527932876,19,stagnant,unproductive_cycle,False,False,True,False,False,
StressFresh100,StressFresh100_T000073,a581188633e7ba7f81ed9ddaa513a6c95bb10a10404d0b1b0c9b8f5527932876,20,productive,productive_iteration,False,True,False,False,False,
StressFresh100,StressFresh100_T000073,a581188633e7ba7f81ed9ddaa513a6c95bb10a10404d0b1b0c9b8f5527932876,21,productive,productive_iteration,False,True,False,False,False,
StressFresh100,StressFresh100_T000073,a581188633e7ba7f81ed9ddaa513a6c95bb10a10404d0b1b0c9b8f5527932876,22,productive,productive_iteration,False,True,False,False,False,
StressFresh100,StressFresh100_T000073,a581188633e7ba7f81ed9ddaa513a6c95bb10a10404d0b1b0c9b8f5527932876,23,productive,productive_iteration,False,True,False,False,False,
StressFresh100,StressFresh100_T000073,a581188633e7ba7f81ed9ddaa513a6c95bb10a10404d0b1b0c9b8f5527932876,24,productive,productive_iteration,False,True,False,False,False,
StressFresh100,StressFresh100_T000073,a581188633e7ba7f81ed9ddaa513a6c95bb10a10404d0b1b0c9b8f5527932876,25,productive,none,False,False,False,False,False,
StressFresh100,StressFresh100_T000073,a581188633e7ba7f81ed9ddaa513a6c95bb10a10404d0b1b0c9b8f5527932876,26,productive,none,False,False,False,False,False,
StressFresh100,StressFresh100_T000082,8c3fee340337ede33f74b2146d0be2add222c6acf368a1cae0c0ef342bb8c52f,0,productive,productive_iteration,False,True,False,False,False,
StressFresh100,StressFresh100_T000082,8c3fee340337ede33f74b2146d0be2add222c6acf368a1cae0c0ef342bb8c52f,1,productive,productive_iteration,False,True,False,False,False,
StressFresh100,StressFresh100_T000082,8c3fee340337ede33f74b2146d0be2add222c6acf368a1cae0c0ef342bb8c52f,2,productive,productive_iteration,False,True,False,False,False,
StressFresh100,StressFresh100_T000082,8c3fee340337ede33f74b2146d0be2add222c6acf368a1cae0c0ef342bb8c52f,3,stagnant,none,False,False,False,False,False,
StressFresh100,StressFresh100_T000082,8c3fee340337ede33f74b2146d0be2add222c6acf368a1cae0c0ef342bb8c52f,4,productive,productive_iteration,False,True,False,False,False,
StressFresh100,StressFresh100_T000082,8c3fee340337ede33f74b2146d0be2add222c6acf368a1cae0c0ef342bb8c52f,5,productive,productive_iteration,False,True,False,False,False,
StressFresh100,StressFresh100_T000082,8c3fee340337ede33f74b2146d0be2add222c6acf368a1cae0c0ef342bb8c52f,6,productive,productive_iteration,False,True,False,False,False,
StressFresh100,StressFresh100_T000082,8c3fee340337ede33f74b2146d0be2add222c6acf368a1cae0c0ef342bb8c52f,7,stagnant,unproductive_cycle,False,False,True,False,False,
StressFresh100,StressFresh100_T000082,8c3fee340337ede33f74b2146d0be2add222c6acf368a1cae0c0ef342bb8c52f,8,stagnant,unproductive_cycle,False,False,True,False,False,
StressFresh100,StressFresh100_T000082,8c3fee340337ede33f74b2146d0be2add222c6acf368a1cae0c0ef342bb8c52f,9,productive,productive_iteration,True,True,False,False,False,
StressFresh100,StressFresh100_T000082,8c3fee340337ede33f74b2146d0be2add222c6acf368a1cae0c0ef342bb8c52f,10,productive,productive_iteration,True,True,False,False,False,
StressFresh100,StressFresh100_T000082,8c3fee340337ede33f74b2146d0be2add222c6acf368a1cae0c0ef342bb8c52f,11,stagnant,unproductive_cycle,False,False,True,False,False,
StressFresh100,StressFresh100_T000082,8c3fee340337ede33f74b2146d0be2add222c6acf368a1cae0c0ef342bb8c52f,12,stagnant,unproductive_cycle,False,False,True,False,False,
StressFresh100,StressFresh100_T000082,8c3fee340337ede33f74b2146d0be2add222c6acf368a1cae0c0ef342bb8c52f,13,stagnant,unproductive_cycle,False,False,True,False,False,
StressFresh100,StressFresh100_T000082,8c3fee340337ede33f74b2146d0be2add222c6acf368a1cae0c0ef342bb8c52f,14,stagnant,unproductive_cycle,False,False,True,False,False,
StressFresh100,StressFresh100_T000082,8c3fee340337ede33f74b2146d0be2add222c6acf368a1cae0c0ef342bb8c52f,15,stagnant,unproductive_cycle,False,False,True,False,False,
StressFresh100,StressFresh100_T000082,8c3fee340337ede33f74b2146d0be2add222c6acf368a1cae0c0ef342bb8c52f,16,stagnant,unproductive_cycle,False,False,True,False,False,
StressFresh100,StressFresh100_T000082,8c3fee340337ede33f74b2146d0be2add222c6acf368a1cae0c0ef342bb8c52f,17,stagnant,unproductive_cycle,False,False,True,False,False,
StressFresh100,StressFresh100_T000082,8c3fee340337ede33f74b2146d0be2add222c6acf368a1cae0c0ef342bb8c52f,18,productive,productive_iteration,True,True,False,False,False,
StressFresh100,StressFresh100_T000082,8c3fee340337ede33f74b2146d0be2add222c6acf368a1cae0c0ef342bb8c52f,19,productive,productive_iteration,True,True,False,False,False,
StressFresh100,StressFresh100_T000084,ba8c17fd5a27869c52b1a6e82ad122da508664aea8973c5ae119110f21e92a5b,0,productive,productive_iteration,False,True,False,False,False,
StressFresh100,StressFresh100_T000084,ba8c17fd5a27869c52b1a6e82ad122da508664aea8973c5ae119110f21e92a5b,1,productive,productive_iteration,False,True,False,False,False,
StressFresh100,StressFresh100_T000084,ba8c17fd5a27869c52b1a6e82ad122da508664aea8973c5ae119110f21e92a5b,2,productive,productive_iteration,False,True,False,False,False,
StressFresh100,StressFresh100_T000084,ba8c17fd5a27869c52b1a6e82ad122da508664aea8973c5ae119110f21e92a5b,3,stagnant,unproductive_cycle,False,False,True,False,False,
StressFresh100,StressFresh100_T000084,ba8c17fd5a27869c52b1a6e82ad122da508664aea8973c5ae119110f21e92a5b,4,stagnant,unproductive_cycle,False,False,True,False,False,
StressFresh100,StressFresh100_T000084,ba8c17fd5a27869c52b1a6e82ad122da508664aea8973c5ae119110f21e92a5b,5,productive,productive_iteration,True,True,False,False,False,
StressFresh100,StressFresh100_T000084,ba8c17fd5a27869c52b1a6e82ad122da508664aea8973c5ae119110f21e92a5b,6,productive,productive_iteration,True,True,False,False,False,
StressFresh100,StressFresh100_T000084,ba8c17fd5a27869c52b1a6e82ad122da508664aea8973c5ae119110f21e92a5b,7,productive,productive_iteration,True,True,False,False,False,
StressFresh100,StressFresh100_T000084,ba8c17fd5a27869c52b1a6e82ad122da508664aea8973c5ae119110f21e92a5b,8,productive,productive_iteration,True,True,False,False,False,
StressFresh100,StressFresh100_T000084,ba8c17fd5a27869c52b1a6e82ad122da508664aea8973c5ae119110f21e92a5b,9,productive,productive_iteration,True,True,False,False,False,
StressFresh100,StressFresh100_T000084,ba8c17fd5a27869c52b1a6e82ad122da508664aea8973c5ae119110f21e92a5b,10,stagnant,unproductive_cycle,False,False,True,False,False,
StressFresh100,StressFresh100_T000084,ba8c17fd5a27869c52b1a6e82ad122da508664aea8973c5ae119110f21e92a5b,11,productive,productive_iteration,True,True,False,False,False,
StressFresh100,StressFresh100_T000084,ba8c17fd5a27869c52b1a6e82ad122da508664aea8973c5ae119110f21e92a5b,12,productive,productive_iteration,True,True,False,False,False,
StressFresh100,StressFresh100_T000084,ba8c17fd5a27869c52b1a6e82ad122da508664aea8973c5ae119110f21e92a5b,13,stagnant,unproductive_cycle,False,False,True,False,False,
StressFresh100,StressFresh100_T000084,ba8c17fd5a27869c52b1a6e82ad122da508664aea8973c5ae119110f21e92a5b,14,productive,productive_iteration,True,True,False,False,False,
StressFresh100,StressFresh100_T000084,ba8c17fd5a27869c52b1a6e82ad122da508664aea8973c5ae119110f21e92a5b,15,productive,productive_iteration,True,True,False,False,False,
StressFresh100,StressFresh100_T000084,ba8c17fd5a27869c52b1a6e82ad122da508664aea8973c5ae119110f21e92a5b,16,productive,productive_iteration,True,True,False,False,False,
StressFresh100,StressFresh100_T000084,ba8c17fd5a27869c52b1a6e82ad122da508664aea8973c5ae119110f21e92a5b,17,productive,productive_iteration,True,True,False,False,False,
StressFresh100,StressFresh100_T000084,ba8c17fd5a27869c52b1a6e82ad122da508664aea8973c5ae119110f21e92a5b,18,productive,productive_iteration,True,True,False,False,False,
StressFresh100,StressFresh100_T000084,ba8c17fd5a27869c52b1a6e82ad122da508664aea8973c5ae119110f21e92a5b,19,productive,productive_iteration,True,True,False,False,False,
StressFresh100,StressFresh100_T000084,ba8c17fd5a27869c52b1a6e82ad122da508664aea8973c5ae119110f21e92a5b,20,productive,productive_iteration,True,True,False,False,False,
StressFresh100,StressFresh100_T000084,ba8c17fd5a27869c52b1a6e82ad122da508664aea8973c5ae119110f21e92a5b,21,productive,productive_iteration,True,True,False,False,False,
StressFresh100,StressFresh100_T000084,ba8c17fd5a27869c52b1a6e82ad122da508664aea8973c5ae119110f21e92a5b,22,productive,productive_iteration,True,True,False,False,False,
StressFresh100,StressFresh100_T000084,ba8c17fd5a27869c52b1a6e82ad122da508664aea8973c5ae119110f21e92a5b,23,stagnant,unproductive_cycle,False,False,True,False,False,
StressFresh100,StressFresh100_T000084,ba8c17fd5a27869c52b1a6e82ad122da508664aea8973c5ae119110f21e92a5b,24,stagnant,unproductive_cycle,False,False,True,False,False,
StressFresh100,StressFresh100_T000084,ba8c17fd5a27869c52b1a6e82ad122da508664aea8973c5ae119110f21e92a5b,25,stagnant,unproductive_cycle,False,False,True,False,False,
StressFresh100,StressFresh100_T000084,ba8c17fd5a27869c52b1a6e82ad122da508664aea8973c5ae119110f21e92a5b,26,stagnant,unproductive_cycle,False,False,True,False,False,
StressFresh100,StressFresh100_T000084,ba8c17fd5a27869c52b1a6e82ad122da508664aea8973c5ae119110f21e92a5b,27,stagnant,unproductive_cycle,False,False,True,False,False,
StressFresh100,StressFresh100_T000084,ba8c17fd5a27869c52b1a6e82ad122da508664aea8973c5ae119110f21e92a5b,28,productive,productive_iteration,True,True,False,False,False,
StressFresh100,StressFresh100_T000084,ba8c17fd5a27869c52b1a6e82ad122da508664aea8973c5ae119110f21e92a5b,29,productive,productive_iteration,True,True,False,False,False,
StressFresh100,StressFresh100_T000084,ba8c17fd5a27869c52b1a6e82ad122da508664aea8973c5ae119110f21e92a5b,30,productive,productive_iteration,True,True,False,False,False,
StressFresh100,StressFresh100_T000084,ba8c17fd5a27869c52b1a6e82ad122da508664aea8973c5ae119110f21e92a5b,31,productive,productive_iteration,True,True,False,False,False,
StressFresh100,StressFresh100_T000084,ba8c17fd5a27869c52b1a6e82ad122da508664aea8973c5ae119110f21e92a5b,32,productive,productive_iteration,True,True,False,False,False,
StressFresh100,StressFresh100_T000084,ba8c17fd5a27869c52b1a6e82ad122da508664aea8973c5ae119110f21e92a5b,33,productive,productive_iteration,True,True,False,False,False,
StressFresh100,StressFresh100_T000084,ba8c17fd5a27869c52b1a6e82ad122da508664aea8973c5ae119110f21e92a5b,34,productive,productive_iteration,True,True,False,False,False,
StressFresh100,StressFresh100_T000084,ba8c17fd5a27869c52b1a6e82ad122da508664aea8973c5ae119110f21e92a5b,35,productive,productive_iteration,True,True,False,False,False,
StressFresh100,StressFresh100_T000084,ba8c17fd5a27869c52b1a6e82ad122da508664aea8973c5ae119110f21e92a5b,36,productive,productive_iteration,True,True,False,False,False,
StressFresh100,StressFresh100_T000084,ba8c17fd5a27869c52b1a6e82ad122da508664aea8973c5ae119110f21e92a5b,37,productive,productive_iteration,True,True,False,False,False,
StressFresh100,StressFresh100_T000084,ba8c17fd5a27869c52b1a6e82ad122da508664aea8973c5ae119110f21e92a5b,38,stagnant,unproductive_cycle,False,False,True,False,False,
StressFresh100,StressFresh100_T000084,ba8c17fd5a27869c52b1a6e82ad122da508664aea8973c5ae119110f21e92a5b,39,stagnant,unproductive_cycle,False,False,True,False,False,
StressFresh100,StressFresh100_T000084,ba8c17fd5a27869c52b1a6e82ad122da508664aea8973c5ae119110f21e92a5b,40,stagnant,unproductive_cycle,False,False,True,False,False,
StressFresh100,StressFresh100_T000084,ba8c17fd5a27869c52b1a6e82ad122da508664aea8973c5ae119110f21e92a5b,41,stagnant,unproductive_cycle,False,False,True,False,False,
StressFresh100,StressFresh100_T000084,ba8c17fd5a27869c52b1a6e82ad122da508664aea8973c5ae119110f21e92a5b,42,stagnant,unproductive_cycle,False,False,True,False,False,
StressFresh100,StressFresh100_T000084,ba8c17fd5a27869c52b1a6e82ad122da508664aea8973c5ae119110f21e92a5b,43,stagnant,unproductive_cycle,False,False,True,False,False,
StressFresh100,StressFresh100_T000084,ba8c17fd5a27869c52b1a6e82ad122da508664aea8973c5ae119110f21e92a5b,44,stagnant,unproductive_cycle,False,False,True,False,False,
StressFresh100,StressFresh100_T000084,ba8c17fd5a27869c52b1a6e82ad122da508664aea8973c5ae119110f21e92a5b,45,stagnant,unproductive_cycle,False,False,True,False,False,
StressFresh100,StressFresh100_T000084,ba8c17fd5a27869c52b1a6e82ad122da508664aea8973c5ae119110f21e92a5b,46,stagnant,unproductive_cycle,False,False,True,False,False,
StressFresh100,StressFresh100_T000084,ba8c17fd5a27869c52b1a6e82ad122da508664aea8973c5ae119110f21e92a5b,47,stagnant,unproductive_cycle,False,False,True,False,False,
StressFresh100,StressFresh100_T000084,ba8c17fd5a27869c52b1a6e82ad122da508664aea8973c5ae119110f21e92a5b,48,stagnant,unproductive_cycle,False,False,True,False,False,
StressFresh100,StressFresh100_T000084,ba8c17fd5a27869c52b1a6e82ad122da508664aea8973c5ae119110f21e92a5b,49,stagnant,unproductive_cycle,False,False,True,False,False,
StressFresh100,StressFresh100_T000084,ba8c17fd5a27869c52b1a6e82ad122da508664aea8973c5ae119110f21e92a5b,50,stagnant,unproductive_cycle,False,False,True,False,False,
StressFresh100,StressFresh100_T000084,ba8c17fd5a27869c52b1a6e82ad122da508664aea8973c5ae119110f21e92a5b,51,stagnant,unproductive_cycle,False,False,True,False,False,
StressFresh100,StressFresh100_T000084,ba8c17fd5a27869c52b1a6e82ad122da508664aea8973c5ae119110f21e92a5b,52,stagnant,unproductive_cycle,False,False,True,False,False,
StressFresh100,StressFresh100_T000084,ba8c17fd5a27869c52b1a6e82ad122da508664aea8973c5ae119110f21e92a5b,53,stagnant,unproductive_cycle,False,False,True,False,False,
StressFresh100,StressFresh100_T000084,ba8c17fd5a27869c52b1a6e82ad122da508664aea8973c5ae119110f21e92a5b,54,stagnant,unproductive_cycle,False,False,True,False,False,
StressFresh100,StressFresh100_T000084,ba8c17fd5a27869c52b1a6e82ad122da508664aea8973c5ae119110f21e92a5b,55,stagnant,unproductive_cycle,False,False,True,False,False,
StressFresh100,StressFresh100_T000084,ba8c17fd5a27869c52b1a6e82ad122da508664aea8973c5ae119110f21e92a5b,56,stagnant,unproductive_cycle,False,False,True,False,False,
StressFresh100,StressFresh100_T000084,ba8c17fd5a27869c52b1a6e82ad122da508664aea8973c5ae119110f21e92a5b,57,stagnant,unproductive_cycle,False,False,True,False,False,
StressFresh100,StressFresh100_T000084,ba8c17fd5a27869c52b1a6e82ad122da508664aea8973c5ae119110f21e92a5b,58,stagnant,unproductive_cycle,False,False,True,False,False,
StressFresh100,StressFresh100_T000084,ba8c17fd5a27869c52b1a6e82ad122da508664aea8973c5ae119110f21e92a5b,59,stagnant,unproductive_cycle,False,False,True,False,False,
StressFresh100,StressFresh100_T000084,ba8c17fd5a27869c52b1a6e82ad122da508664aea8973c5ae119110f21e92a5b,60,stagnant,unproductive_cycle,False,False,True,False,False,
StressFresh100,StressFresh100_T000084,ba8c17fd5a27869c52b1a6e82ad122da508664aea8973c5ae119110f21e92a5b,61,stagnant,unproductive_cycle,False,False,True,False,False,
StressFresh100,StressFresh100_T000084,ba8c17fd5a27869c52b1a6e82ad122da508664aea8973c5ae119110f21e92a5b,62,stagnant,unproductive_cycle,False,False,True,False,False,
StressFresh100,StressFresh100_T000084,ba8c17fd5a27869c52b1a6e82ad122da508664aea8973c5ae119110f21e92a5b,63,stagnant,unproductive_cycle,False,False,True,False,False,
StressFresh100,StressFresh100_T000084,ba8c17fd5a27869c52b1a6e82ad122da508664aea8973c5ae119110f21e92a5b,64,stagnant,unproductive_cycle,False,False,True,False,False,
StressFresh100,StressFresh100_T000084,ba8c17fd5a27869c52b1a6e82ad122da508664aea8973c5ae119110f21e92a5b,65,stagnant,unproductive_cycle,False,False,True,False,False,
StressFresh100,StressFresh100_T000084,ba8c17fd5a27869c52b1a6e82ad122da508664aea8973c5ae119110f21e92a5b,66,stagnant,unproductive_cycle,False,False,True,False,False,
StressFresh100,StressFresh100_T000084,ba8c17fd5a27869c52b1a6e82ad122da508664aea8973c5ae119110f21e92a5b,67,stagnant,unproductive_cycle,False,False,True,False,False,
StressFresh100,StressFresh100_T000084,ba8c17fd5a27869c52b1a6e82ad122da508664aea8973c5ae119110f21e92a5b,68,stagnant,unproductive_cycle,False,False,True,False,False,
StressFresh100,StressFresh100_T000084,ba8c17fd5a27869c52b1a6e82ad122da508664aea8973c5ae119110f21e92a5b,69,stagnant,unproductive_cycle,False,False,True,False,False,
StressFresh100,StressFresh100_T000084,ba8c17fd5a27869c52b1a6e82ad122da508664aea8973c5ae119110f21e92a5b,70,stagnant,unproductive_cycle,False,False,True,False,False,
StressFresh100,StressFresh100_T000084,ba8c17fd5a27869c52b1a6e82ad122da508664aea8973c5ae119110f21e92a5b,71,stagnant,unproductive_cycle,False,False,True,False,False,
StressFresh100,StressFresh100_T000084,ba8c17fd5a27869c52b1a6e82ad122da508664aea8973c5ae119110f21e92a5b,72,stagnant,unproductive_cycle,False,False,True,False,False,
StressFresh100,StressFresh100_T000084,ba8c17fd5a27869c52b1a6e82ad122da508664aea8973c5ae119110f21e92a5b,73,stagnant,unproductive_cycle,False,False,True,False,False,
StressFresh100,StressFresh100_T000084,ba8c17fd5a27869c52b1a6e82ad122da508664aea8973c5ae119110f21e92a5b,74,stagnant,unproductive_cycle,False,False,True,False,False,
StressFresh100,StressFresh100_T000084,ba8c17fd5a27869c52b1a6e82ad122da508664aea8973c5ae119110f21e92a5b,75,stagnant,unproductive_cycle,False,False,True,False,False,
StressFresh100,StressFresh100_T000084,ba8c17fd5a27869c52b1a6e82ad122da508664aea8973c5ae119110f21e92a5b,76,stagnant,unproductive_cycle,False,False,True,False,False,
StressFresh100,StressFresh100_T000084,ba8c17fd5a27869c52b1a6e82ad122da508664aea8973c5ae119110f21e92a5b,77,stagnant,unproductive_cycle,False,False,True,False,False,
StressFresh100,StressFresh100_T000084,ba8c17fd5a27869c52b1a6e82ad122da508664aea8973c5ae119110f21e92a5b,78,stagnant,unproductive_cycle,False,False,True,False,False,
StressFresh100,StressFresh100_T000084,ba8c17fd5a27869c52b1a6e82ad122da508664aea8973c5ae119110f21e92a5b,79,stagnant,unproductive_cycle,False,False,True,False,False,
StressFresh100,StressFresh100_T000084,ba8c17fd5a27869c52b1a6e82ad122da508664aea8973c5ae119110f21e92a5b,80,stagnant,unproductive_cycle,False,False,True,False,False,
StressFresh100,StressFresh100_T000084,ba8c17fd5a27869c52b1a6e82ad122da508664aea8973c5ae119110f21e92a5b,81,stagnant,unproductive_cycle,False,False,True,False,False,
StressFresh100,StressFresh100_T000084,ba8c17fd5a27869c52b1a6e82ad122da508664aea8973c5ae119110f21e92a5b,82,stagnant,unproductive_cycle,False,False,True,False,False,
StressFresh100,StressFresh100_T000084,ba8c17fd5a27869c52b1a6e82ad122da508664aea8973c5ae119110f21e92a5b,83,stagnant,unproductive_cycle,False,False,True,False,False,
StressFresh100,StressFresh100_T000084,ba8c17fd5a27869c52b1a6e82ad122da508664aea8973c5ae119110f21e92a5b,84,stagnant,unproductive_cycle,False,False,True,False,False,
StressFresh100,StressFresh100_T000084,ba8c17fd5a27869c52b1a6e82ad122da508664aea8973c5ae119110f21e92a5b,85,stagnant,unproductive_cycle,False,False,True,False,False,
StressFresh100,StressFresh100_T000084,ba8c17fd5a27869c52b1a6e82ad122da508664aea8973c5ae119110f21e92a5b,86,stagnant,unproductive_cycle,False,False,True,False,False,
StressFresh100,StressFresh100_T000084,ba8c17fd5a27869c52b1a6e82ad122da508664aea8973c5ae119110f21e92a5b,87,stagnant,unproductive_cycle,False,False,True,False,False,
StressFresh100,StressFresh100_T000084,ba8c17fd5a27869c52b1a6e82ad122da508664aea8973c5ae119110f21e92a5b,88,stagnant,unproductive_cycle,False,False,True,False,False,
StressFresh100,StressFresh100_T000084,ba8c17fd5a27869c52b1a6e82ad122da508664aea8973c5ae119110f21e92a5b,89,stagnant,unproductive_cycle,False,False,True,False,False,
StressFresh100,StressFresh100_T000084,ba8c17fd5a27869c52b1a6e82ad122da508664aea8973c5ae119110f21e92a5b,90,stagnant,unproductive_cycle,False,False,True,False,False,
StressFresh100,StressFresh100_T000084,ba8c17fd5a27869c52b1a6e82ad122da508664aea8973c5ae119110f21e92a5b,91,stagnant,unproductive_cycle,False,False,True,False,False,
StressFresh100,StressFresh100_T000084,ba8c17fd5a27869c52b1a6e82ad122da508664aea8973c5ae119110f21e92a5b,92,stagnant,unproductive_cycle,False,False,True,False,False,
StressFresh100,StressFresh100_T000084,ba8c17fd5a27869c52b1a6e82ad122da508664aea8973c5ae119110f21e92a5b,93,stagnant,unproductive_cycle,False,False,True,False,False,
StressFresh100,StressFresh100_T000084,ba8c17fd5a27869c52b1a6e82ad122da508664aea8973c5ae119110f21e92a5b,94,stagnant,unproductive_cycle,False,False,True,False,False,
StressFresh100,StressFresh100_T000084,ba8c17fd5a27869c52b1a6e82ad122da508664aea8973c5ae119110f21e92a5b,95,stagnant,unproductive_cycle,False,False,True,False,False,
StressFresh100,StressFresh100_T000084,ba8c17fd5a27869c52b1a6e82ad122da508664aea8973c5ae119110f21e92a5b,96,stagnant,unproductive_cycle,False,False,True,False,False,
StressFresh100,StressFresh100_T000084,ba8c17fd5a27869c52b1a6e82ad122da508664aea8973c5ae119110f21e92a5b,97,stagnant,unproductive_cycle,False,False,True,False,False,
StressFresh100,StressFresh100_T000084,ba8c17fd5a27869c52b1a6e82ad122da508664aea8973c5ae119110f21e92a5b,98,stagnant,unproductive_cycle,False,False,True,False,False,
StressFresh100,StressFresh100_T000084,ba8c17fd5a27869c52b1a6e82ad122da508664aea8973c5ae119110f21e92a5b,99,stagnant,unproductive_cycle,False,False,True,False,False,
StressFresh100,StressFresh100_T000084,ba8c17fd5a27869c52b1a6e82ad122da508664aea8973c5ae119110f21e92a5b,100,stagnant,unproductive_cycle,False,False,True,False,False,
StressFresh100,StressFresh100_T000084,ba8c17fd5a27869c52b1a6e82ad122da508664aea8973c5ae119110f21e92a5b,101,stagnant,unproductive_cycle,False,False,True,False,False,
StressFresh100,StressFresh100_T000084,ba8c17fd5a27869c52b1a6e82ad122da508664aea8973c5ae119110f21e92a5b,102,stagnant,unproductive_cycle,False,False,True,False,False,
StressFresh100,StressFresh100_T000084,ba8c17fd5a27869c52b1a6e82ad122da508664aea8973c5ae119110f21e92a5b,103,stagnant,unproductive_cycle,False,False,True,False,False,
StressFresh100,StressFresh100_T000084,ba8c17fd5a27869c52b1a6e82ad122da508664aea8973c5ae119110f21e92a5b,104,stagnant,unproductive_cycle,False,False,True,False,False,
StressFresh100,StressFresh100_T000084,ba8c17fd5a27869c52b1a6e82ad122da508664aea8973c5ae119110f21e92a5b,105,stagnant,unproductive_cycle,False,False,True,False,False,
StressFresh100,StressFresh100_T000084,ba8c17fd5a27869c52b1a6e82ad122da508664aea8973c5ae119110f21e92a5b,106,stagnant,unproductive_cycle,False,False,True,False,False,
StressFresh100,StressFresh100_T000084,ba8c17fd5a27869c52b1a6e82ad122da508664aea8973c5ae119110f21e92a5b,107,stagnant,unproductive_cycle,False,False,True,False,False,
StressFresh100,StressFresh100_T000084,ba8c17fd5a27869c52b1a6e82ad122da508664aea8973c5ae119110f21e92a5b,108,stagnant,unproductive_cycle,False,False,True,False,False,
StressFresh100,StressFresh100_T000084,ba8c17fd5a27869c52b1a6e82ad122da508664aea8973c5ae119110f21e92a5b,109,stagnant,unproductive_cycle,False,False,True,False,False,
StressFresh100,StressFresh100_T000084,ba8c17fd5a27869c52b1a6e82ad122da508664aea8973c5ae119110f21e92a5b,110,stagnant,unproductive_cycle,False,False,True,False,False,
StressFresh100,StressFresh100_T000084,ba8c17fd5a27869c52b1a6e82ad122da508664aea8973c5ae119110f21e92a5b,111,stagnant,unproductive_cycle,False,False,True,False,False,
StressFresh100,StressFresh100_T000084,ba8c17fd5a27869c52b1a6e82ad122da508664aea8973c5ae119110f21e92a5b,112,stagnant,unproductive_cycle,False,False,True,False,False,
StressFresh100,StressFresh100_T000084,ba8c17fd5a27869c52b1a6e82ad122da508664aea8973c5ae119110f21e92a5b,113,stagnant,unproductive_cycle,False,False,True,False,False,
StressFresh100,StressFresh100_T000084,ba8c17fd5a27869c52b1a6e82ad122da508664aea8973c5ae119110f21e92a5b,114,stagnant,unproductive_cycle,False,False,True,False,False,
StressFresh100,StressFresh100_T000084,ba8c17fd5a27869c52b1a6e82ad122da508664aea8973c5ae119110f21e92a5b,115,stagnant,unproductive_cycle,False,False,True,False,False,
StressFresh100,StressFresh100_T000084,ba8c17fd5a27869c52b1a6e82ad122da508664aea8973c5ae119110f21e92a5b,116,stagnant,unproductive_cycle,False,False,True,False,False,
StressFresh100,StressFresh100_T000084,ba8c17fd5a27869c52b1a6e82ad122da508664aea8973c5ae119110f21e92a5b,117,stagnant,unproductive_cycle,False,False,True,False,False,
StressFresh100,StressFresh100_T000084,ba8c17fd5a27869c52b1a6e82ad122da508664aea8973c5ae119110f21e92a5b,118,stagnant,unproductive_cycle,False,False,True,False,False,
StressFresh100,StressFresh100_T000084,ba8c17fd5a27869c52b1a6e82ad122da508664aea8973c5ae119110f21e92a5b,119,stagnant,unproductive_cycle,False,False,True,False,False,
StressFresh100,StressFresh100_T000084,ba8c17fd5a27869c52b1a6e82ad122da508664aea8973c5ae119110f21e92a5b,120,stagnant,unproductive_cycle,False,False,True,False,False,
StressFresh100,StressFresh100_T000084,ba8c17fd5a27869c52b1a6e82ad122da508664aea8973c5ae119110f21e92a5b,121,stagnant,unproductive_cycle,False,False,True,False,False,
StressFresh100,StressFresh100_T000084,ba8c17fd5a27869c52b1a6e82ad122da508664aea8973c5ae119110f21e92a5b,122,stagnant,unproductive_cycle,False,False,True,False,False,
StressFresh100,StressFresh100_T000084,ba8c17fd5a27869c52b1a6e82ad122da508664aea8973c5ae119110f21e92a5b,123,stagnant,unproductive_cycle,False,False,True,False,False,
StressFresh100,StressFresh100_T000084,ba8c17fd5a27869c52b1a6e82ad122da508664aea8973c5ae119110f21e92a5b,124,stagnant,unproductive_cycle,False,False,True,False,False,
StressFresh100,StressFresh100_T000084,ba8c17fd5a27869c52b1a6e82ad122da508664aea8973c5ae119110f21e92a5b,125,stagnant,unproductive_cycle,False,False,True,False,False,
StressFresh100,StressFresh100_T000084,ba8c17fd5a27869c52b1a6e82ad122da508664aea8973c5ae119110f21e92a5b,126,stagnant,unproductive_cycle,False,False,True,False,False,
StressFresh100,StressFresh100_T000084,ba8c17fd5a27869c52b1a6e82ad122da508664aea8973c5ae119110f21e92a5b,127,stagnant,unproductive_cycle,False,False,True,False,False,
StressFresh100,StressFresh100_T000084,ba8c17fd5a27869c52b1a6e82ad122da508664aea8973c5ae119110f21e92a5b,128,stagnant,unproductive_cycle,False,False,True,False,False,
StressFresh100,StressFresh100_T000084,ba8c17fd5a27869c52b1a6e82ad122da508664aea8973c5ae119110f21e92a5b,129,stagnant,unproductive_cycle,False,False,True,False,False,
StressFresh100,StressFresh100_T000084,ba8c17fd5a27869c52b1a6e82ad122da508664aea8973c5ae119110f21e92a5b,130,stagnant,unproductive_cycle,False,False,True,False,False,
StressFresh100,StressFresh100_T000084,ba8c17fd5a27869c52b1a6e82ad122da508664aea8973c5ae119110f21e92a5b,131,stagnant,unproductive_cycle,False,False,True,False,False,
StressFresh100,StressFresh100_T000084,ba8c17fd5a27869c52b1a6e82ad122da508664aea8973c5ae119110f21e92a5b,132,stagnant,unproductive_cycle,False,False,True,False,False,
StressFresh100,StressFresh100_T000084,ba8c17fd5a27869c52b1a6e82ad122da508664aea8973c5ae119110f21e92a5b,133,stagnant,unproductive_cycle,False,False,True,False,False,
StressFresh100,StressFresh100_T000084,ba8c17fd5a27869c52b1a6e82ad122da508664aea8973c5ae119110f21e92a5b,134,stagnant,unproductive_cycle,False,False,True,False,False,
StressFresh100,StressFresh100_T000084,ba8c17fd5a27869c52b1a6e82ad122da508664aea8973c5ae119110f21e92a5b,135,stagnant,unproductive_cycle,False,False,True,False,False,
StressFresh100,StressFresh100_T000084,ba8c17fd5a27869c52b1a6e82ad122da508664aea8973c5ae119110f21e92a5b,136,stagnant,unproductive_cycle,False,False,True,False,False,
StressFresh100,StressFresh100_T000084,ba8c17fd5a27869c52b1a6e82ad122da508664aea8973c5ae119110f21e92a5b,137,stagnant,unproductive_cycle,False,False,True,False,False,
StressFresh100,StressFresh100_T000084,ba8c17fd5a27869c52b1a6e82ad122da508664aea8973c5ae119110f21e92a5b,138,stagnant,unproductive_cycle,False,False,True,False,False,
StressFresh100,StressFresh100_T000084,ba8c17fd5a27869c52b1a6e82ad122da508664aea8973c5ae119110f21e92a5b,139,stagnant,unproductive_cycle,False,False,True,False,False,
StressFresh100,StressFresh100_T000084,ba8c17fd5a27869c52b1a6e82ad122da508664aea8973c5ae119110f21e92a5b,140,stagnant,unproductive_cycle,False,False,True,False,False,
StressFresh100,StressFresh100_T000084,ba8c17fd5a27869c52b1a6e82ad122da508664aea8973c5ae119110f21e92a5b,141,stagnant,unproductive_cycle,False,False,True,False,False,
StressFresh100,StressFresh100_T000084,ba8c17fd5a27869c52b1a6e82ad122da508664aea8973c5ae119110f21e92a5b,142,stagnant,unproductive_cycle,False,False,True,False,False,
StressFresh100,StressFresh100_T000084,ba8c17fd5a27869c52b1a6e82ad122da508664aea8973c5ae119110f21e92a5b,143,stagnant,unproductive_cycle,False,False,True,False,False,
StressFresh100,StressFresh100_T000084,ba8c17fd5a27869c52b1a6e82ad122da508664aea8973c5ae119110f21e92a5b,144,stagnant,unproductive_cycle,False,False,True,False,False,
StressFresh100,StressFresh100_T000084,ba8c17fd5a27869c52b1a6e82ad122da508664aea8973c5ae119110f21e92a5b,145,stagnant,unproductive_cycle,False,False,True,False,False,
StressFresh100,StressFresh100_T000086,cb9a93728f2098725c202157b37f7d5b9b68b59c62119fb485c724851a9b2a3c,0,productive,productive_iteration,True,True,False,False,False,
StressFresh100,StressFresh100_T000086,cb9a93728f2098725c202157b37f7d5b9b68b59c62119fb485c724851a9b2a3c,1,productive,productive_iteration,True,True,False,False,False,
StressFresh100,StressFresh100_T000086,cb9a93728f2098725c202157b37f7d5b9b68b59c62119fb485c724851a9b2a3c,2,productive,productive_iteration,True,True,False,False,False,
StressFresh100,StressFresh100_T000086,cb9a93728f2098725c202157b37f7d5b9b68b59c62119fb485c724851a9b2a3c,3,productive,productive_iteration,True,True,False,False,False,
StressFresh100,StressFresh100_T000086,cb9a93728f2098725c202157b37f7d5b9b68b59c62119fb485c724851a9b2a3c,4,productive,productive_iteration,True,True,False,False,False,
StressFresh100,StressFresh100_T000086,cb9a93728f2098725c202157b37f7d5b9b68b59c62119fb485c724851a9b2a3c,5,productive,productive_iteration,True,True,False,False,False,
StressFresh100,StressFresh100_T000086,cb9a93728f2098725c202157b37f7d5b9b68b59c62119fb485c724851a9b2a3c,6,productive,productive_iteration,True,True,False,False,False,
StressFresh100,StressFresh100_T000086,cb9a93728f2098725c202157b37f7d5b9b68b59c62119fb485c724851a9b2a3c,7,productive,productive_iteration,True,True,False,False,False,
StressFresh100,StressFresh100_T000086,cb9a93728f2098725c202157b37f7d5b9b68b59c62119fb485c724851a9b2a3c,8,productive,productive_iteration,True,True,False,False,False,
StressFresh100,StressFresh100_T000086,cb9a93728f2098725c202157b37f7d5b9b68b59c62119fb485c724851a9b2a3c,9,productive,productive_iteration,True,True,False,False,False,
StressFresh100,StressFresh100_T000086,cb9a93728f2098725c202157b37f7d5b9b68b59c62119fb485c724851a9b2a3c,10,productive,productive_iteration,True,True,False,False,False,
StressFresh100,StressFresh100_T000086,cb9a93728f2098725c202157b37f7d5b9b68b59c62119fb485c724851a9b2a3c,11,productive,productive_iteration,True,True,False,False,False,
StressFresh100,StressFresh100_T000086,cb9a93728f2098725c202157b37f7d5b9b68b59c62119fb485c724851a9b2a3c,12,productive,productive_iteration,True,True,False,False,False,
StressFresh100,StressFresh100_T000086,cb9a93728f2098725c202157b37f7d5b9b68b59c62119fb485c724851a9b2a3c,13,productive,productive_iteration,True,True,False,False,False,
StressFresh100,StressFresh100_T000086,cb9a93728f2098725c202157b37f7d5b9b68b59c62119fb485c724851a9b2a3c,14,productive,productive_iteration,True,True,False,False,False,
StressFresh100,StressFresh100_T000086,cb9a93728f2098725c202157b37f7d5b9b68b59c62119fb485c724851a9b2a3c,15,productive,none,False,False,False,False,False,
StressFresh100,StressFresh100_T000086,cb9a93728f2098725c202157b37f7d5b9b68b59c62119fb485c724851a9b2a3c,16,productive,none,False,False,False,False,False,
StressFresh100,StressFresh100_T000087,87057159ae314ec8f1d5ea1db38d4083bb63e01e9e91cc30021df2513af605fd,0,productive,productive_iteration,True,True,False,False,False,
StressFresh100,StressFresh100_T000087,87057159ae314ec8f1d5ea1db38d4083bb63e01e9e91cc30021df2513af605fd,1,productive,productive_iteration,True,True,False,False,False,
StressFresh100,StressFresh100_T000087,87057159ae314ec8f1d5ea1db38d4083bb63e01e9e91cc30021df2513af605fd,2,productive,productive_iteration,True,True,False,False,False,
StressFresh100,StressFresh100_T000087,87057159ae314ec8f1d5ea1db38d4083bb63e01e9e91cc30021df2513af605fd,3,productive,productive_iteration,True,True,False,False,False,
StressFresh100,StressFresh100_T000087,87057159ae314ec8f1d5ea1db38d4083bb63e01e9e91cc30021df2513af605fd,4,productive,productive_iteration,True,True,False,False,False,
StressFresh100,StressFresh100_T000087,87057159ae314ec8f1d5ea1db38d4083bb63e01e9e91cc30021df2513af605fd,5,productive,productive_iteration,True,True,False,False,False,
StressFresh100,StressFresh100_T000087,87057159ae314ec8f1d5ea1db38d4083bb63e01e9e91cc30021df2513af605fd,6,productive,productive_iteration,True,True,False,False,False,
StressFresh100,StressFresh100_T000087,87057159ae314ec8f1d5ea1db38d4083bb63e01e9e91cc30021df2513af605fd,7,productive,productive_iteration,True,True,False,False,False,
StressFresh100,StressFresh100_T000087,87057159ae314ec8f1d5ea1db38d4083bb63e01e9e91cc30021df2513af605fd,8,productive,productive_iteration,True,True,False,False,False,
StressFresh100,StressFresh100_T000087,87057159ae314ec8f1d5ea1db38d4083bb63e01e9e91cc30021df2513af605fd,9,productive,productive_iteration,True,True,False,False,False,
StressFresh100,StressFresh100_T000087,87057159ae314ec8f1d5ea1db38d4083bb63e01e9e91cc30021df2513af605fd,10,productive,productive_iteration,True,True,False,False,False,
StressFresh100,StressFresh100_T000087,87057159ae314ec8f1d5ea1db38d4083bb63e01e9e91cc30021df2513af605fd,11,productive,productive_iteration,True,True,False,False,False,
StressFresh100,StressFresh100_T000087,87057159ae314ec8f1d5ea1db38d4083bb63e01e9e91cc30021df2513af605fd,12,productive,productive_iteration,True,True,False,False,False,
StressFresh100,StressFresh100_T000087,87057159ae314ec8f1d5ea1db38d4083bb63e01e9e91cc30021df2513af605fd,13,productive,productive_iteration,True,True,False,False,False,
StressFresh100,StressFresh100_T000087,87057159ae314ec8f1d5ea1db38d4083bb63e01e9e91cc30021df2513af605fd,14,productive,productive_iteration,True,True,False,False,False,
StressFresh100,StressFresh100_T000087,87057159ae314ec8f1d5ea1db38d4083bb63e01e9e91cc30021df2513af605fd,15,productive,productive_iteration,True,True,False,False,False,
StressFresh100,StressFresh100_T000087,87057159ae314ec8f1d5ea1db38d4083bb63e01e9e91cc30021df2513af605fd,16,productive,productive_iteration,True,True,False,False,False,
StressFresh100,StressFresh100_T000087,87057159ae314ec8f1d5ea1db38d4083bb63e01e9e91cc30021df2513af605fd,17,productive,productive_iteration,True,True,False,False,False,
StressFresh100,StressFresh100_T000087,87057159ae314ec8f1d5ea1db38d4083bb63e01e9e91cc30021df2513af605fd,18,productive,productive_iteration,True,True,False,False,False,
StressFresh100,StressFresh100_T000087,87057159ae314ec8f1d5ea1db38d4083bb63e01e9e91cc30021df2513af605fd,19,productive,productive_iteration,True,True,False,False,False,
StressFresh100,StressFresh100_T000087,87057159ae314ec8f1d5ea1db38d4083bb63e01e9e91cc30021df2513af605fd,20,productive,productive_iteration,True,True,False,False,False,
StressFresh100,StressFresh100_T000087,87057159ae314ec8f1d5ea1db38d4083bb63e01e9e91cc30021df2513af605fd,21,productive,productive_iteration,True,True,False,False,False,
StressFresh100,StressFresh100_T000087,87057159ae314ec8f1d5ea1db38d4083bb63e01e9e91cc30021df2513af605fd,22,productive,productive_iteration,True,True,False,False,False,
StressFresh100,StressFresh100_T000087,87057159ae314ec8f1d5ea1db38d4083bb63e01e9e91cc30021df2513af605fd,23,productive,productive_iteration,True,True,False,False,False,
StressFresh100,StressFresh100_T000087,87057159ae314ec8f1d5ea1db38d4083bb63e01e9e91cc30021df2513af605fd,24,productive,none,False,False,False,False,False,
StressFresh100,StressFresh100_T000087,87057159ae314ec8f1d5ea1db38d4083bb63e01e9e91cc30021df2513af605fd,25,productive,none,False,False,False,False,False,
StressFresh100,StressFresh100_T000009,9459f9739998ea80967bcdb519ff724a5427574a88c4696897806fb8514f49ad,0,productive,productive_iteration,False,True,False,False,False,
StressFresh100,StressFresh100_T000009,9459f9739998ea80967bcdb519ff724a5427574a88c4696897806fb8514f49ad,1,productive,productive_iteration,False,True,False,False,False,
StressFresh100,StressFresh100_T000009,9459f9739998ea80967bcdb519ff724a5427574a88c4696897806fb8514f49ad,2,productive,productive_iteration,False,True,False,False,False,
StressFresh100,StressFresh100_T000009,9459f9739998ea80967bcdb519ff724a5427574a88c4696897806fb8514f49ad,3,productive,productive_iteration,False,True,False,False,False,
StressFresh100,StressFresh100_T000009,9459f9739998ea80967bcdb519ff724a5427574a88c4696897806fb8514f49ad,4,productive,productive_iteration,False,True,False,False,False,
StressFresh100,StressFresh100_T000009,9459f9739998ea80967bcdb519ff724a5427574a88c4696897806fb8514f49ad,5,productive,productive_iteration,False,True,False,False,False,
StressFresh100,StressFresh100_T000009,9459f9739998ea80967bcdb519ff724a5427574a88c4696897806fb8514f49ad,6,productive,productive_iteration,False,True,False,False,False,
StressFresh100,StressFresh100_T000009,9459f9739998ea80967bcdb519ff724a5427574a88c4696897806fb8514f49ad,7,productive,productive_iteration,False,True,False,False,False,
StressFresh100,StressFresh100_T000009,9459f9739998ea80967bcdb519ff724a5427574a88c4696897806fb8514f49ad,8,productive,productive_iteration,False,True,False,False,False,
StressFresh100,StressFresh100_T000009,9459f9739998ea80967bcdb519ff724a5427574a88c4696897806fb8514f49ad,9,productive,productive_iteration,False,True,False,False,False,
StressFresh100,StressFresh100_T000009,9459f9739998ea80967bcdb519ff724a5427574a88c4696897806fb8514f49ad,10,productive,productive_iteration,False,True,False,False,False,
StressFresh100,StressFresh100_T000009,9459f9739998ea80967bcdb519ff724a5427574a88c4696897806fb8514f49ad,11,stagnant,unproductive_cycle,False,False,True,False,False,
StressFresh100,StressFresh100_T000009,9459f9739998ea80967bcdb519ff724a5427574a88c4696897806fb8514f49ad,12,stagnant,unproductive_cycle,False,False,True,False,False,
StressFresh100,StressFresh100_T000009,9459f9739998ea80967bcdb519ff724a5427574a88c4696897806fb8514f49ad,13,productive,productive_iteration,True,True,False,False,False,
StressFresh100,StressFresh100_T000009,9459f9739998ea80967bcdb519ff724a5427574a88c4696897806fb8514f49ad,14,productive,productive_iteration,True,True,False,False,False,
StressFresh100,StressFresh100_T000009,9459f9739998ea80967bcdb519ff724a5427574a88c4696897806fb8514f49ad,15,productive,productive_iteration,True,True,False,False,False,
StressFresh100,StressFresh100_T000009,9459f9739998ea80967bcdb519ff724a5427574a88c4696897806fb8514f49ad,16,productive,productive_iteration,True,True,False,False,False,
StressFresh100,StressFresh100_T000009,9459f9739998ea80967bcdb519ff724a5427574a88c4696897806fb8514f49ad,17,productive,productive_iteration,True,True,False,False,False,
StressFresh100,StressFresh100_T000009,9459f9739998ea80967bcdb519ff724a5427574a88c4696897806fb8514f49ad,18,productive,productive_iteration,True,True,False,False,False,
StressFresh100,StressFresh100_T000009,9459f9739998ea80967bcdb519ff724a5427574a88c4696897806fb8514f49ad,19,productive,productive_iteration,True,True,False,False,False,
StressFresh100,StressFresh100_T000009,9459f9739998ea80967bcdb519ff724a5427574a88c4696897806fb8514f49ad,20,productive,productive_iteration,True,True,False,False,False,
StressFresh100,StressFresh100_T000009,9459f9739998ea80967bcdb519ff724a5427574a88c4696897806fb8514f49ad,21,stagnant,unproductive_cycle,False,False,True,False,False,
StressFresh100,StressFresh100_T000009,9459f9739998ea80967bcdb519ff724a5427574a88c4696897806fb8514f49ad,22,stagnant,unproductive_cycle,False,False,True,False,False,
StressFresh100,StressFresh100_T000009,9459f9739998ea80967bcdb519ff724a5427574a88c4696897806fb8514f49ad,23,productive,productive_iteration,True,True,False,False,False,
StressFresh100,StressFresh100_T000009,9459f9739998ea80967bcdb519ff724a5427574a88c4696897806fb8514f49ad,24,productive,productive_iteration,True,True,False,False,False,
StressFresh100,StressFresh100_T000009,9459f9739998ea80967bcdb519ff724a5427574a88c4696897806fb8514f49ad,25,productive,productive_iteration,True,True,False,False,False,
StressFresh100,StressFresh100_T000009,9459f9739998ea80967bcdb519ff724a5427574a88c4696897806fb8514f49ad,26,productive,productive_iteration,True,True,False,False,False,
StressFresh100,StressFresh100_T000009,9459f9739998ea80967bcdb519ff724a5427574a88c4696897806fb8514f49ad,27,productive,productive_iteration,True,True,False,False,False,
StressFresh100,StressFresh100_T000009,9459f9739998ea80967bcdb519ff724a5427574a88c4696897806fb8514f49ad,28,productive,productive_iteration,True,True,False,False,False,
StressFresh100,StressFresh100_T000009,9459f9739998ea80967bcdb519ff724a5427574a88c4696897806fb8514f49ad,29,productive,productive_iteration,True,True,False,False,False,
StressFresh100,StressFresh100_T000009,9459f9739998ea80967bcdb519ff724a5427574a88c4696897806fb8514f49ad,30,productive,productive_iteration,True,True,False,False,False,
StressFresh100,StressFresh100_T000009,9459f9739998ea80967bcdb519ff724a5427574a88c4696897806fb8514f49ad,31,stagnant,unproductive_cycle,False,False,True,False,False,
StressFresh100,StressFresh100_T000009,9459f9739998ea80967bcdb519ff724a5427574a88c4696897806fb8514f49ad,32,stagnant,unproductive_cycle,False,False,True,False,False,
StressFresh100,StressFresh100_T000009,9459f9739998ea80967bcdb519ff724a5427574a88c4696897806fb8514f49ad,33,stagnant,unproductive_cycle,False,False,True,False,False,
StressFresh100,StressFresh100_T000009,9459f9739998ea80967bcdb519ff724a5427574a88c4696897806fb8514f49ad,34,stagnant,unproductive_cycle,False,False,True,False,False,
StressFresh100,StressFresh100_T000009,9459f9739998ea80967bcdb519ff724a5427574a88c4696897806fb8514f49ad,35,stagnant,unproductive_cycle,False,False,True,False,False,
StressFresh100,StressFresh100_T000009,9459f9739998ea80967bcdb519ff724a5427574a88c4696897806fb8514f49ad,36,productive,productive_iteration,False,True,False,False,False,
StressFresh100,StressFresh100_T000009,9459f9739998ea80967bcdb519ff724a5427574a88c4696897806fb8514f49ad,37,stagnant,unproductive_cycle,False,False,True,False,False,
StressFresh100,StressFresh100_T000009,9459f9739998ea80967bcdb519ff724a5427574a88c4696897806fb8514f49ad,38,stagnant,unproductive_cycle,False,False,True,False,False,
StressFresh100,StressFresh100_T000009,9459f9739998ea80967bcdb519ff724a5427574a88c4696897806fb8514f49ad,39,stagnant,unproductive_cycle,False,False,True,False,False,
StressFresh100,StressFresh100_T000009,9459f9739998ea80967bcdb519ff724a5427574a88c4696897806fb8514f49ad,40,stagnant,unproductive_cycle,False,False,True,False,False,
StressFresh100,StressFresh100_T000009,9459f9739998ea80967bcdb519ff724a5427574a88c4696897806fb8514f49ad,41,productive,productive_iteration,False,True,False,False,False,
StressFresh100,StressFresh100_T000009,9459f9739998ea80967bcdb519ff724a5427574a88c4696897806fb8514f49ad,42,productive,productive_iteration,False,True,False,False,False,
StressFresh100,StressFresh100_T000009,9459f9739998ea80967bcdb519ff724a5427574a88c4696897806fb8514f49ad,43,stagnant,unproductive_cycle,False,False,True,False,False,
StressFresh100,StressFresh100_T000009,9459f9739998ea80967bcdb519ff724a5427574a88c4696897806fb8514f49ad,44,productive,productive_iteration,False,True,False,False,False,
StressFresh100,StressFresh100_T000009,9459f9739998ea80967bcdb519ff724a5427574a88c4696897806fb8514f49ad,45,productive,productive_iteration,False,True,False,False,False,
StressFresh100,StressFresh100_T000009,9459f9739998ea80967bcdb519ff724a5427574a88c4696897806fb8514f49ad,46,stagnant,unproductive_cycle,False,False,True,False,False,
StressFresh100,StressFresh100_T000009,9459f9739998ea80967bcdb519ff724a5427574a88c4696897806fb8514f49ad,47,stagnant,unproductive_cycle,False,False,True,False,False,
StressFresh100,StressFresh100_T000009,9459f9739998ea80967bcdb519ff724a5427574a88c4696897806fb8514f49ad,48,stagnant,unproductive_cycle,False,False,True,False,False,
StressFresh100,StressFresh100_T000009,9459f9739998ea80967bcdb519ff724a5427574a88c4696897806fb8514f49ad,49,productive,productive_iteration,False,True,False,False,False,
StressFresh100,StressFresh100_T000009,9459f9739998ea80967bcdb519ff724a5427574a88c4696897806fb8514f49ad,50,productive,productive_iteration,False,True,False,False,False,
StressFresh100,StressFresh100_T000009,9459f9739998ea80967bcdb519ff724a5427574a88c4696897806fb8514f49ad,51,uncertain,none,False,False,False,True,False,
StressFresh100,StressFresh100_T000041,308e40c2ba0681c4b845810e1c3666af70e6d7477a0aeb301224c0ce662a2130,0,productive,productive_iteration,False,True,False,False,False,
StressFresh100,StressFresh100_T000041,308e40c2ba0681c4b845810e1c3666af70e6d7477a0aeb301224c0ce662a2130,1,productive,productive_iteration,False,True,False,False,False,
StressFresh100,StressFresh100_T000041,308e40c2ba0681c4b845810e1c3666af70e6d7477a0aeb301224c0ce662a2130,2,productive,productive_iteration,False,True,False,False,False,
StressFresh100,StressFresh100_T000041,308e40c2ba0681c4b845810e1c3666af70e6d7477a0aeb301224c0ce662a2130,3,productive,productive_iteration,False,True,False,False,False,
StressFresh100,StressFresh100_T000041,308e40c2ba0681c4b845810e1c3666af70e6d7477a0aeb301224c0ce662a2130,4,productive,productive_iteration,False,True,False,False,False,
StressFresh100,StressFresh100_T000041,308e40c2ba0681c4b845810e1c3666af70e6d7477a0aeb301224c0ce662a2130,5,productive,productive_iteration,False,True,False,False,False,
StressFresh100,StressFresh100_T000041,308e40c2ba0681c4b845810e1c3666af70e6d7477a0aeb301224c0ce662a2130,6,productive,productive_iteration,False,True,False,False,False,
StressFresh100,StressFresh100_T000041,308e40c2ba0681c4b845810e1c3666af70e6d7477a0aeb301224c0ce662a2130,7,productive,none,False,False,False,False,False,
StressFresh100,StressFresh100_T000041,308e40c2ba0681c4b845810e1c3666af70e6d7477a0aeb301224c0ce662a2130,8,productive,none,False,False,False,False,False,
StressFresh100,StressFresh100_T000042,df1aa3feaeae5be2709487a3647894a23b8f584e33e2f3f169871aa16c245349,0,productive,productive_iteration,True,True,False,False,False,
StressFresh100,StressFresh100_T000042,df1aa3feaeae5be2709487a3647894a23b8f584e33e2f3f169871aa16c245349,1,productive,productive_iteration,True,True,False,False,False,
StressFresh100,StressFresh100_T000042,df1aa3feaeae5be2709487a3647894a23b8f584e33e2f3f169871aa16c245349,2,productive,productive_iteration,True,True,False,False,False,
StressFresh100,StressFresh100_T000042,df1aa3feaeae5be2709487a3647894a23b8f584e33e2f3f169871aa16c245349,3,productive,productive_iteration,True,True,False,False,False,
StressFresh100,StressFresh100_T000042,df1aa3feaeae5be2709487a3647894a23b8f584e33e2f3f169871aa16c245349,4,productive,productive_iteration,True,True,False,False,False,
StressFresh100,StressFresh100_T000042,df1aa3feaeae5be2709487a3647894a23b8f584e33e2f3f169871aa16c245349,5,productive,productive_iteration,True,True,False,False,False,
StressFresh100,StressFresh100_T000042,df1aa3feaeae5be2709487a3647894a23b8f584e33e2f3f169871aa16c245349,6,productive,productive_iteration,True,True,False,False,False,
StressFresh100,StressFresh100_T000042,df1aa3feaeae5be2709487a3647894a23b8f584e33e2f3f169871aa16c245349,7,productive,productive_iteration,True,True,False,False,False,
StressFresh100,StressFresh100_T000042,df1aa3feaeae5be2709487a3647894a23b8f584e33e2f3f169871aa16c245349,8,productive,productive_iteration,True,True,False,False,False,
StressFresh100,StressFresh100_T000042,df1aa3feaeae5be2709487a3647894a23b8f584e33e2f3f169871aa16c245349,9,productive,productive_iteration,True,True,False,False,False,
StressFresh100,StressFresh100_T000042,df1aa3feaeae5be2709487a3647894a23b8f584e33e2f3f169871aa16c245349,10,productive,productive_iteration,True,True,False,False,False,
StressFresh100,StressFresh100_T000042,df1aa3feaeae5be2709487a3647894a23b8f584e33e2f3f169871aa16c245349,11,productive,productive_iteration,True,True,False,False,False,
StressFresh100,StressFresh100_T000042,df1aa3feaeae5be2709487a3647894a23b8f584e33e2f3f169871aa16c245349,12,productive,productive_iteration,True,True,False,False,False,
StressFresh100,StressFresh100_T000042,df1aa3feaeae5be2709487a3647894a23b8f584e33e2f3f169871aa16c245349,13,productive,productive_iteration,True,True,False,False,False,
StressFresh100,StressFresh100_T000042,df1aa3feaeae5be2709487a3647894a23b8f584e33e2f3f169871aa16c245349,14,productive,none,False,False,False,False,False,
StressFresh100,StressFresh100_T000042,df1aa3feaeae5be2709487a3647894a23b8f584e33e2f3f169871aa16c245349,15,productive,none,False,False,False,False,False,
StressFresh100,StressFresh100_T000052,b163f6ff9ed53f700af9c93ff584f23959edd84c73b9a60e11003c46f6e1962e,0,uncertain,none,False,False,False,True,False,
StressFresh100,StressFresh100_T000052,b163f6ff9ed53f700af9c93ff584f23959edd84c73b9a60e11003c46f6e1962e,1,uncertain,none,False,False,False,True,False,
StressFresh100,StressFresh100_T000052,b163f6ff9ed53f700af9c93ff584f23959edd84c73b9a60e11003c46f6e1962e,2,productive,productive_iteration,False,True,False,False,False,
StressFresh100,StressFresh100_T000052,b163f6ff9ed53f700af9c93ff584f23959edd84c73b9a60e11003c46f6e1962e,3,productive,productive_iteration,False,True,False,False,False,
StressFresh100,StressFresh100_T000052,b163f6ff9ed53f700af9c93ff584f23959edd84c73b9a60e11003c46f6e1962e,4,uncertain,none,False,False,False,True,False,
StressFresh100,StressFresh100_T000052,b163f6ff9ed53f700af9c93ff584f23959edd84c73b9a60e11003c46f6e1962e,5,productive,productive_iteration,True,True,False,False,False,
StressFresh100,StressFresh100_T000052,b163f6ff9ed53f700af9c93ff584f23959edd84c73b9a60e11003c46f6e1962e,6,productive,productive_iteration,True,True,False,False,False,
StressFresh100,StressFresh100_T000052,b163f6ff9ed53f700af9c93ff584f23959edd84c73b9a60e11003c46f6e1962e,7,productive,productive_iteration,True,True,False,False,False,
StressFresh100,StressFresh100_T000052,b163f6ff9ed53f700af9c93ff584f23959edd84c73b9a60e11003c46f6e1962e,8,productive,productive_iteration,True,True,False,False,False,
StressFresh100,StressFresh100_T000052,b163f6ff9ed53f700af9c93ff584f23959edd84c73b9a60e11003c46f6e1962e,9,productive,productive_iteration,True,True,False,False,False,
StressFresh100,StressFresh100_T000052,b163f6ff9ed53f700af9c93ff584f23959edd84c73b9a60e11003c46f6e1962e,10,productive,productive_iteration,True,True,False,False,False,
StressFresh100,StressFresh100_T000052,b163f6ff9ed53f700af9c93ff584f23959edd84c73b9a60e11003c46f6e1962e,11,productive,productive_iteration,True,True,False,False,False,
StressFresh100,StressFresh100_T000052,b163f6ff9ed53f700af9c93ff584f23959edd84c73b9a60e11003c46f6e1962e,12,productive,productive_iteration,True,True,False,False,False,
StressFresh100,StressFresh100_T000052,b163f6ff9ed53f700af9c93ff584f23959edd84c73b9a60e11003c46f6e1962e,13,productive,productive_iteration,True,True,False,False,False,
StressFresh100,StressFresh100_T000052,b163f6ff9ed53f700af9c93ff584f23959edd84c73b9a60e11003c46f6e1962e,14,productive,productive_iteration,True,True,False,False,False,
StressFresh100,StressFresh100_T000052,b163f6ff9ed53f700af9c93ff584f23959edd84c73b9a60e11003c46f6e1962e,15,productive,productive_iteration,True,True,False,False,False,
StressFresh100,StressFresh100_T000052,b163f6ff9ed53f700af9c93ff584f23959edd84c73b9a60e11003c46f6e1962e,16,productive,productive_iteration,True,True,False,False,False,
StressFresh100,StressFresh100_T000052,b163f6ff9ed53f700af9c93ff584f23959edd84c73b9a60e11003c46f6e1962e,17,productive,productive_iteration,True,True,False,False,False,
StressFresh100,StressFresh100_T000052,b163f6ff9ed53f700af9c93ff584f23959edd84c73b9a60e11003c46f6e1962e,18,productive,productive_iteration,True,True,False,False,False,
StressFresh100,StressFresh100_T000052,b163f6ff9ed53f700af9c93ff584f23959edd84c73b9a60e11003c46f6e1962e,19,productive,none,False,False,False,False,False,
StressFresh100,StressFresh100_T000055,30ed7d8fcfcfcfa46cccac00dafbe65bfa5779a804c469b897ee0e176cc79a4a,0,productive,none,False,False,False,False,False,
StressFresh100,StressFresh100_T000055,30ed7d8fcfcfcfa46cccac00dafbe65bfa5779a804c469b897ee0e176cc79a4a,1,productive,none,False,False,False,False,False,
StressFresh100,StressFresh100_T000055,30ed7d8fcfcfcfa46cccac00dafbe65bfa5779a804c469b897ee0e176cc79a4a,2,productive,none,False,False,False,False,False,
StressFresh100,StressFresh100_T000055,30ed7d8fcfcfcfa46cccac00dafbe65bfa5779a804c469b897ee0e176cc79a4a,3,productive,none,False,False,False,False,False,
StressFresh100,StressFresh100_T000055,30ed7d8fcfcfcfa46cccac00dafbe65bfa5779a804c469b897ee0e176cc79a4a,4,uncertain,unproductive_cycle,False,False,True,True,False,
StressFresh100,StressFresh100_T000055,30ed7d8fcfcfcfa46cccac00dafbe65bfa5779a804c469b897ee0e176cc79a4a,5,productive,productive_iteration,True,True,False,False,False,
StressFresh100,StressFresh100_T000055,30ed7d8fcfcfcfa46cccac00dafbe65bfa5779a804c469b897ee0e176cc79a4a,6,productive,productive_iteration,True,True,False,False,False,
StressFresh100,StressFresh100_T000055,30ed7d8fcfcfcfa46cccac00dafbe65bfa5779a804c469b897ee0e176cc79a4a,7,productive,none,False,False,False,False,False,
StressFresh100,StressFresh100_T000056,f67fcd4e7fabf284abb8b5815ee8fe9df1f421c40f3e215242e2e8fef4b5bd31,0,productive,none,False,False,False,False,False,
StressFresh100,StressFresh100_T000056,f67fcd4e7fabf284abb8b5815ee8fe9df1f421c40f3e215242e2e8fef4b5bd31,1,productive,none,False,False,False,False,False,
StressFresh100,StressFresh100_T000056,f67fcd4e7fabf284abb8b5815ee8fe9df1f421c40f3e215242e2e8fef4b5bd31,2,productive,none,False,False,False,False,False,
StressFresh100,StressFresh100_T000056,f67fcd4e7fabf284abb8b5815ee8fe9df1f421c40f3e215242e2e8fef4b5bd31,3,productive,none,False,False,False,False,False,
StressFresh100,StressFresh100_T000056,f67fcd4e7fabf284abb8b5815ee8fe9df1f421c40f3e215242e2e8fef4b5bd31,4,productive,none,False,False,False,False,False,
StressFresh100,StressFresh100_T000056,f67fcd4e7fabf284abb8b5815ee8fe9df1f421c40f3e215242e2e8fef4b5bd31,5,productive,none,False,False,False,False,False,
StressFresh100,StressFresh100_T000056,f67fcd4e7fabf284abb8b5815ee8fe9df1f421c40f3e215242e2e8fef4b5bd31,6,productive,none,False,False,False,False,False,
StressFresh100,StressFresh100_T000056,f67fcd4e7fabf284abb8b5815ee8fe9df1f421c40f3e215242e2e8fef4b5bd31,7,productive,none,False,False,False,False,False,
StressFresh100,StressFresh100_T000056,f67fcd4e7fabf284abb8b5815ee8fe9df1f421c40f3e215242e2e8fef4b5bd31,8,productive,none,False,False,False,False,False,
StressFresh100,StressFresh100_T000056,f67fcd4e7fabf284abb8b5815ee8fe9df1f421c40f3e215242e2e8fef4b5bd31,9,productive,none,False,False,False,False,False,
StressFresh100,StressFresh100_T000056,f67fcd4e7fabf284abb8b5815ee8fe9df1f421c40f3e215242e2e8fef4b5bd31,10,productive,productive_iteration,True,True,False,False,False,
StressFresh100,StressFresh100_T000056,f67fcd4e7fabf284abb8b5815ee8fe9df1f421c40f3e215242e2e8fef4b5bd31,11,productive,productive_iteration,True,True,False,False,False,
StressFresh100,StressFresh100_T000056,f67fcd4e7fabf284abb8b5815ee8fe9df1f421c40f3e215242e2e8fef4b5bd31,12,productive,none,False,False,False,False,False,
StressFresh100,StressFresh100_T000056,f67fcd4e7fabf284abb8b5815ee8fe9df1f421c40f3e215242e2e8fef4b5bd31,13,productive,none,False,False,False,False,False,
StressFresh100,StressFresh100_T000090,bb1703344f57d4c3eb85bb93f002b3f4883604f3400583aa0eb76677f5c514b3,0,productive,none,False,False,False,False,False,
StressFresh100,StressFresh100_T000090,bb1703344f57d4c3eb85bb93f002b3f4883604f3400583aa0eb76677f5c514b3,1,productive,none,False,False,False,False,False,
StressFresh100,StressFresh100_T000090,bb1703344f57d4c3eb85bb93f002b3f4883604f3400583aa0eb76677f5c514b3,2,productive,none,False,False,False,False,False,
StressFresh100,StressFresh100_T000090,bb1703344f57d4c3eb85bb93f002b3f4883604f3400583aa0eb76677f5c514b3,3,productive,none,False,False,False,False,False,
StressFresh100,StressFresh100_T000090,bb1703344f57d4c3eb85bb93f002b3f4883604f3400583aa0eb76677f5c514b3,4,productive,none,False,False,False,False,False,
StressFresh100,StressFresh100_T000090,bb1703344f57d4c3eb85bb93f002b3f4883604f3400583aa0eb76677f5c514b3,5,stagnant,unproductive_cycle,False,False,True,False,False,
StressFresh100,StressFresh100_T000090,bb1703344f57d4c3eb85bb93f002b3f4883604f3400583aa0eb76677f5c514b3,6,stagnant,unproductive_cycle,False,False,True,False,False,
StressFresh100,StressFresh100_T000090,bb1703344f57d4c3eb85bb93f002b3f4883604f3400583aa0eb76677f5c514b3,7,productive,productive_iteration,True,True,False,False,False,
StressFresh100,StressFresh100_T000090,bb1703344f57d4c3eb85bb93f002b3f4883604f3400583aa0eb76677f5c514b3,8,productive,none,False,False,False,False,False,
StressFresh100,StressFresh100_T000004,35aab597f1e4b9f8d61871debaa6e4cc52c0a1965afd6bea6fcabf45c582c343,0,productive,productive_iteration,False,True,False,False,False,
StressFresh100,StressFresh100_T000004,35aab597f1e4b9f8d61871debaa6e4cc52c0a1965afd6bea6fcabf45c582c343,1,productive,productive_iteration,False,True,False,False,False,
StressFresh100,StressFresh100_T000004,35aab597f1e4b9f8d61871debaa6e4cc52c0a1965afd6bea6fcabf45c582c343,2,productive,productive_iteration,False,True,False,False,False,
StressFresh100,StressFresh100_T000004,35aab597f1e4b9f8d61871debaa6e4cc52c0a1965afd6bea6fcabf45c582c343,3,productive,productive_iteration,False,True,False,False,False,
StressFresh100,StressFresh100_T000004,35aab597f1e4b9f8d61871debaa6e4cc52c0a1965afd6bea6fcabf45c582c343,4,productive,productive_iteration,False,True,False,False,False,
StressFresh100,StressFresh100_T000004,35aab597f1e4b9f8d61871debaa6e4cc52c0a1965afd6bea6fcabf45c582c343,5,productive,productive_iteration,False,True,False,False,False,
StressFresh100,StressFresh100_T000004,35aab597f1e4b9f8d61871debaa6e4cc52c0a1965afd6bea6fcabf45c582c343,6,productive,productive_iteration,False,True,False,False,False,
StressFresh100,StressFresh100_T000004,35aab597f1e4b9f8d61871debaa6e4cc52c0a1965afd6bea6fcabf45c582c343,7,productive,productive_iteration,False,True,False,False,False,
StressFresh100,StressFresh100_T000004,35aab597f1e4b9f8d61871debaa6e4cc52c0a1965afd6bea6fcabf45c582c343,8,uncertain,none,False,False,False,True,False,
StressFresh100,StressFresh100_T000004,35aab597f1e4b9f8d61871debaa6e4cc52c0a1965afd6bea6fcabf45c582c343,9,stagnant,none,False,False,False,False,False,
StressFresh100,StressFresh100_T000004,35aab597f1e4b9f8d61871debaa6e4cc52c0a1965afd6bea6fcabf45c582c343,10,productive,productive_iteration,False,True,False,False,False,
StressFresh100,StressFresh100_T000004,35aab597f1e4b9f8d61871debaa6e4cc52c0a1965afd6bea6fcabf45c582c343,11,productive,productive_iteration,False,True,False,False,False,
StressFresh100,StressFresh100_T000004,35aab597f1e4b9f8d61871debaa6e4cc52c0a1965afd6bea6fcabf45c582c343,12,productive,productive_iteration,False,True,False,False,False,
StressFresh100,StressFresh100_T000004,35aab597f1e4b9f8d61871debaa6e4cc52c0a1965afd6bea6fcabf45c582c343,13,productive,productive_iteration,False,True,False,False,False,
StressFresh100,StressFresh100_T000004,35aab597f1e4b9f8d61871debaa6e4cc52c0a1965afd6bea6fcabf45c582c343,14,productive,productive_iteration,False,True,False,False,False,
StressFresh100,StressFresh100_T000004,35aab597f1e4b9f8d61871debaa6e4cc52c0a1965afd6bea6fcabf45c582c343,15,productive,productive_iteration,False,True,False,False,False,
StressFresh100,StressFresh100_T000004,35aab597f1e4b9f8d61871debaa6e4cc52c0a1965afd6bea6fcabf45c582c343,16,productive,productive_iteration,False,True,False,False,False,
StressFresh100,StressFresh100_T000004,35aab597f1e4b9f8d61871debaa6e4cc52c0a1965afd6bea6fcabf45c582c343,17,productive,productive_iteration,False,True,False,False,False,
StressFresh100,StressFresh100_T000004,35aab597f1e4b9f8d61871debaa6e4cc52c0a1965afd6bea6fcabf45c582c343,18,productive,productive_iteration,False,True,False,False,False,
StressFresh100,StressFresh100_T000004,35aab597f1e4b9f8d61871debaa6e4cc52c0a1965afd6bea6fcabf45c582c343,19,productive,productive_iteration,False,True,False,False,False,
StressFresh100,StressFresh100_T000004,35aab597f1e4b9f8d61871debaa6e4cc52c0a1965afd6bea6fcabf45c582c343,20,stagnant,none,False,False,False,False,False,
StressFresh100,StressFresh100_T000004,35aab597f1e4b9f8d61871debaa6e4cc52c0a1965afd6bea6fcabf45c582c343,21,productive,productive_iteration,True,True,False,False,False,
StressFresh100,StressFresh100_T000004,35aab597f1e4b9f8d61871debaa6e4cc52c0a1965afd6bea6fcabf45c582c343,22,productive,productive_iteration,True,True,False,False,False,
StressFresh100,StressFresh100_T000004,35aab597f1e4b9f8d61871debaa6e4cc52c0a1965afd6bea6fcabf45c582c343,23,productive,productive_iteration,True,True,False,False,False,
StressFresh100,StressFresh100_T000004,35aab597f1e4b9f8d61871debaa6e4cc52c0a1965afd6bea6fcabf45c582c343,24,productive,productive_iteration,True,True,False,False,False,
StressFresh100,StressFresh100_T000004,35aab597f1e4b9f8d61871debaa6e4cc52c0a1965afd6bea6fcabf45c582c343,25,productive,productive_iteration,True,True,False,False,False,
StressFresh100,StressFresh100_T000004,35aab597f1e4b9f8d61871debaa6e4cc52c0a1965afd6bea6fcabf45c582c343,26,productive,productive_iteration,True,True,False,False,False,
StressFresh100,StressFresh100_T000004,35aab597f1e4b9f8d61871debaa6e4cc52c0a1965afd6bea6fcabf45c582c343,27,uncertain,none,False,False,False,True,False,
StressFresh100,StressFresh100_T000004,35aab597f1e4b9f8d61871debaa6e4cc52c0a1965afd6bea6fcabf45c582c343,28,productive,productive_iteration,False,True,False,False,False,
StressFresh100,StressFresh100_T000004,35aab597f1e4b9f8d61871debaa6e4cc52c0a1965afd6bea6fcabf45c582c343,29,productive,productive_iteration,False,True,False,False,False,
StressFresh100,StressFresh100_T000004,35aab597f1e4b9f8d61871debaa6e4cc52c0a1965afd6bea6fcabf45c582c343,30,productive,productive_iteration,False,True,False,False,False,
StressFresh100,StressFresh100_T000004,35aab597f1e4b9f8d61871debaa6e4cc52c0a1965afd6bea6fcabf45c582c343,31,productive,productive_iteration,False,True,False,False,False,
StressFresh100,StressFresh100_T000004,35aab597f1e4b9f8d61871debaa6e4cc52c0a1965afd6bea6fcabf45c582c343,32,productive,productive_iteration,False,True,False,False,False,
StressFresh100,StressFresh100_T000045,c4159cb4a0ed72bb14872d1dc1af71fb5cfd840d084fb059258d94a5797f6f4c,0,productive,productive_iteration,False,True,False,False,False,
StressFresh100,StressFresh100_T000045,c4159cb4a0ed72bb14872d1dc1af71fb5cfd840d084fb059258d94a5797f6f4c,1,productive,productive_iteration,False,True,False,False,False,
StressFresh100,StressFresh100_T000045,c4159cb4a0ed72bb14872d1dc1af71fb5cfd840d084fb059258d94a5797f6f4c,2,productive,productive_iteration,False,True,False,False,False,
StressFresh100,StressFresh100_T000045,c4159cb4a0ed72bb14872d1dc1af71fb5cfd840d084fb059258d94a5797f6f4c,3,productive,productive_iteration,False,True,False,False,False,
StressFresh100,StressFresh100_T000045,c4159cb4a0ed72bb14872d1dc1af71fb5cfd840d084fb059258d94a5797f6f4c,4,productive,productive_iteration,False,True,False,False,False,
StressFresh100,StressFresh100_T000045,c4159cb4a0ed72bb14872d1dc1af71fb5cfd840d084fb059258d94a5797f6f4c,5,productive,productive_iteration,False,True,False,False,False,
StressFresh100,StressFresh100_T000045,c4159cb4a0ed72bb14872d1dc1af71fb5cfd840d084fb059258d94a5797f6f4c,6,productive,productive_iteration,False,True,False,False,False,
StressFresh100,StressFresh100_T000045,c4159cb4a0ed72bb14872d1dc1af71fb5cfd840d084fb059258d94a5797f6f4c,7,productive,productive_iteration,False,True,False,False,False,
StressFresh100,StressFresh100_T000045,c4159cb4a0ed72bb14872d1dc1af71fb5cfd840d084fb059258d94a5797f6f4c,8,productive,productive_iteration,False,True,False,False,False,
StressFresh100,StressFresh100_T000045,c4159cb4a0ed72bb14872d1dc1af71fb5cfd840d084fb059258d94a5797f6f4c,9,productive,productive_iteration,False,True,False,False,False,
StressFresh100,StressFresh100_T000045,c4159cb4a0ed72bb14872d1dc1af71fb5cfd840d084fb059258d94a5797f6f4c,10,productive,productive_iteration,False,True,False,False,False,
StressFresh100,StressFresh100_T000045,c4159cb4a0ed72bb14872d1dc1af71fb5cfd840d084fb059258d94a5797f6f4c,11,productive,productive_iteration,False,True,False,False,False,
StressFresh100,StressFresh100_T000045,c4159cb4a0ed72bb14872d1dc1af71fb5cfd840d084fb059258d94a5797f6f4c,12,productive,productive_iteration,False,True,False,False,False,
StressFresh100,StressFresh100_T000045,c4159cb4a0ed72bb14872d1dc1af71fb5cfd840d084fb059258d94a5797f6f4c,13,productive,productive_iteration,False,True,False,False,False,
StressFresh100,StressFresh100_T000045,c4159cb4a0ed72bb14872d1dc1af71fb5cfd840d084fb059258d94a5797f6f4c,14,productive,productive_iteration,False,True,False,False,False,
StressFresh100,StressFresh100_T000045,c4159cb4a0ed72bb14872d1dc1af71fb5cfd840d084fb059258d94a5797f6f4c,15,productive,productive_iteration,False,True,False,False,False,
StressFresh100,StressFresh100_T000045,c4159cb4a0ed72bb14872d1dc1af71fb5cfd840d084fb059258d94a5797f6f4c,16,productive,productive_iteration,False,True,False,False,False,
StressFresh100,StressFresh100_T000045,c4159cb4a0ed72bb14872d1dc1af71fb5cfd840d084fb059258d94a5797f6f4c,17,productive,productive_iteration,False,True,False,False,False,
StressFresh100,StressFresh100_T000045,c4159cb4a0ed72bb14872d1dc1af71fb5cfd840d084fb059258d94a5797f6f4c,18,productive,productive_iteration,False,True,False,False,False,
StressFresh100,StressFresh100_T000045,c4159cb4a0ed72bb14872d1dc1af71fb5cfd840d084fb059258d94a5797f6f4c,19,productive,productive_iteration,False,True,False,False,False,
StressFresh100,StressFresh100_T000045,c4159cb4a0ed72bb14872d1dc1af71fb5cfd840d084fb059258d94a5797f6f4c,20,productive,productive_iteration,False,True,False,False,False,
StressFresh100,StressFresh100_T000045,c4159cb4a0ed72bb14872d1dc1af71fb5cfd840d084fb059258d94a5797f6f4c,21,stagnant,unproductive_cycle,False,False,True,False,False,
StressFresh100,StressFresh100_T000045,c4159cb4a0ed72bb14872d1dc1af71fb5cfd840d084fb059258d94a5797f6f4c,22,stagnant,unproductive_cycle,False,False,True,False,False,
StressFresh100,StressFresh100_T000045,c4159cb4a0ed72bb14872d1dc1af71fb5cfd840d084fb059258d94a5797f6f4c,23,productive,productive_iteration,True,True,False,False,False,
StressFresh100,StressFresh100_T000045,c4159cb4a0ed72bb14872d1dc1af71fb5cfd840d084fb059258d94a5797f6f4c,24,productive,productive_iteration,True,True,False,False,False,
StressFresh100,StressFresh100_T000045,c4159cb4a0ed72bb14872d1dc1af71fb5cfd840d084fb059258d94a5797f6f4c,25,productive,productive_iteration,True,True,False,False,False,
StressFresh100,StressFresh100_T000045,c4159cb4a0ed72bb14872d1dc1af71fb5cfd840d084fb059258d94a5797f6f4c,26,stagnant,unproductive_cycle,False,False,True,False,False,
StressFresh100,StressFresh100_T000045,c4159cb4a0ed72bb14872d1dc1af71fb5cfd840d084fb059258d94a5797f6f4c,27,stagnant,unproductive_cycle,False,False,True,False,False,
StressFresh100,StressFresh100_T000045,c4159cb4a0ed72bb14872d1dc1af71fb5cfd840d084fb059258d94a5797f6f4c,28,productive,productive_iteration,True,True,False,False,False,
StressFresh100,StressFresh100_T000045,c4159cb4a0ed72bb14872d1dc1af71fb5cfd840d084fb059258d94a5797f6f4c,29,stagnant,unproductive_cycle,False,False,True,False,False,
StressFresh100,StressFresh100_T000045,c4159cb4a0ed72bb14872d1dc1af71fb5cfd840d084fb059258d94a5797f6f4c,30,stagnant,unproductive_cycle,False,False,True,False,False,
StressFresh100,StressFresh100_T000045,c4159cb4a0ed72bb14872d1dc1af71fb5cfd840d084fb059258d94a5797f6f4c,31,stagnant,unproductive_cycle,False,False,True,False,False,
StressFresh100,StressFresh100_T000045,c4159cb4a0ed72bb14872d1dc1af71fb5cfd840d084fb059258d94a5797f6f4c,32,productive,productive_iteration,False,True,False,False,False,
StressFresh100,StressFresh100_T000045,c4159cb4a0ed72bb14872d1dc1af71fb5cfd840d084fb059258d94a5797f6f4c,33,productive,productive_iteration,False,True,False,False,False,
StressFresh100,StressFresh100_T000045,c4159cb4a0ed72bb14872d1dc1af71fb5cfd840d084fb059258d94a5797f6f4c,34,stagnant,unproductive_cycle,False,False,True,False,False,
StressFresh100,StressFresh100_T000045,c4159cb4a0ed72bb14872d1dc1af71fb5cfd840d084fb059258d94a5797f6f4c,35,stagnant,unproductive_cycle,False,False,True,False,False,
StressFresh100,StressFresh100_T000045,c4159cb4a0ed72bb14872d1dc1af71fb5cfd840d084fb059258d94a5797f6f4c,36,productive,productive_iteration,True,True,False,False,False,
StressFresh100,StressFresh100_T000045,c4159cb4a0ed72bb14872d1dc1af71fb5cfd840d084fb059258d94a5797f6f4c,37,stagnant,unproductive_cycle,False,False,True,False,False,
StressFresh100,StressFresh100_T000045,c4159cb4a0ed72bb14872d1dc1af71fb5cfd840d084fb059258d94a5797f6f4c,38,stagnant,unproductive_cycle,False,False,True,False,False,
StressFresh100,StressFresh100_T000045,c4159cb4a0ed72bb14872d1dc1af71fb5cfd840d084fb059258d94a5797f6f4c,39,productive,productive_iteration,True,True,False,False,False,
StressFresh100,StressFresh100_T000045,c4159cb4a0ed72bb14872d1dc1af71fb5cfd840d084fb059258d94a5797f6f4c,40,stagnant,unproductive_cycle,False,False,True,False,False,
StressFresh100,StressFresh100_T000045,c4159cb4a0ed72bb14872d1dc1af71fb5cfd840d084fb059258d94a5797f6f4c,41,stagnant,unproductive_cycle,False,False,True,False,False,
StressFresh100,StressFresh100_T000045,c4159cb4a0ed72bb14872d1dc1af71fb5cfd840d084fb059258d94a5797f6f4c,42,stagnant,unproductive_cycle,False,False,True,False,False,
StressFresh100,StressFresh100_T000045,c4159cb4a0ed72bb14872d1dc1af71fb5cfd840d084fb059258d94a5797f6f4c,43,stagnant,unproductive_cycle,False,False,True,False,False,
StressFresh100,StressFresh100_T000045,c4159cb4a0ed72bb14872d1dc1af71fb5cfd840d084fb059258d94a5797f6f4c,44,productive,productive_iteration,False,True,False,False,False,
StressFresh100,StressFresh100_T000045,c4159cb4a0ed72bb14872d1dc1af71fb5cfd840d084fb059258d94a5797f6f4c,45,stagnant,unproductive_cycle,False,False,True,False,False,
StressFresh100,StressFresh100_T000045,c4159cb4a0ed72bb14872d1dc1af71fb5cfd840d084fb059258d94a5797f6f4c,46,stagnant,unproductive_cycle,False,False,True,False,False,
StressFresh100,StressFresh100_T000045,c4159cb4a0ed72bb14872d1dc1af71fb5cfd840d084fb059258d94a5797f6f4c,47,stagnant,unproductive_cycle,False,False,True,False,False,
StressFresh100,StressFresh100_T000045,c4159cb4a0ed72bb14872d1dc1af71fb5cfd840d084fb059258d94a5797f6f4c,48,stagnant,unproductive_cycle,False,False,True,False,False,
StressFresh100,StressFresh100_T000045,c4159cb4a0ed72bb14872d1dc1af71fb5cfd840d084fb059258d94a5797f6f4c,49,stagnant,unproductive_cycle,False,False,True,False,False,
StressFresh100,StressFresh100_T000045,c4159cb4a0ed72bb14872d1dc1af71fb5cfd840d084fb059258d94a5797f6f4c,50,stagnant,unproductive_cycle,False,False,True,False,False,
StressFresh100,StressFresh100_T000045,c4159cb4a0ed72bb14872d1dc1af71fb5cfd840d084fb059258d94a5797f6f4c,51,stagnant,unproductive_cycle,False,False,True,False,False,
StressFresh100,StressFresh100_T000045,c4159cb4a0ed72bb14872d1dc1af71fb5cfd840d084fb059258d94a5797f6f4c,52,stagnant,unproductive_cycle,False,False,True,False,False,
StressFresh100,StressFresh100_T000045,c4159cb4a0ed72bb14872d1dc1af71fb5cfd840d084fb059258d94a5797f6f4c,53,stagnant,unproductive_cycle,False,False,True,False,False,
StressFresh100,StressFresh100_T000045,c4159cb4a0ed72bb14872d1dc1af71fb5cfd840d084fb059258d94a5797f6f4c,54,stagnant,unproductive_cycle,False,False,True,False,False,
StressFresh100,StressFresh100_T000045,c4159cb4a0ed72bb14872d1dc1af71fb5cfd840d084fb059258d94a5797f6f4c,55,stagnant,unproductive_cycle,False,False,True,False,False,
StressFresh100,StressFresh100_T000045,c4159cb4a0ed72bb14872d1dc1af71fb5cfd840d084fb059258d94a5797f6f4c,56,stagnant,unproductive_cycle,False,False,True,False,False,
StressFresh100,StressFresh100_T000045,c4159cb4a0ed72bb14872d1dc1af71fb5cfd840d084fb059258d94a5797f6f4c,57,stagnant,unproductive_cycle,False,False,True,False,False,
StressFresh100,StressFresh100_T000045,c4159cb4a0ed72bb14872d1dc1af71fb5cfd840d084fb059258d94a5797f6f4c,58,stagnant,unproductive_cycle,False,False,True,False,False,
StressFresh100,StressFresh100_T000045,c4159cb4a0ed72bb14872d1dc1af71fb5cfd840d084fb059258d94a5797f6f4c,59,stagnant,unproductive_cycle,False,False,True,False,False,
StressFresh100,StressFresh100_T000045,c4159cb4a0ed72bb14872d1dc1af71fb5cfd840d084fb059258d94a5797f6f4c,60,stagnant,unproductive_cycle,False,False,True,False,False,
StressFresh100,StressFresh100_T000045,c4159cb4a0ed72bb14872d1dc1af71fb5cfd840d084fb059258d94a5797f6f4c,61,stagnant,unproductive_cycle,False,False,True,False,False,
StressFresh100,StressFresh100_T000045,c4159cb4a0ed72bb14872d1dc1af71fb5cfd840d084fb059258d94a5797f6f4c,62,stagnant,unproductive_cycle,False,False,True,False,False,
StressFresh100,StressFresh100_T000045,c4159cb4a0ed72bb14872d1dc1af71fb5cfd840d084fb059258d94a5797f6f4c,63,stagnant,unproductive_cycle,False,False,True,False,False,
StressFresh100,StressFresh100_T000045,c4159cb4a0ed72bb14872d1dc1af71fb5cfd840d084fb059258d94a5797f6f4c,64,stagnant,unproductive_cycle,False,False,True,False,False,
StressFresh100,StressFresh100_T000045,c4159cb4a0ed72bb14872d1dc1af71fb5cfd840d084fb059258d94a5797f6f4c,65,stagnant,unproductive_cycle,False,False,True,False,False,
StressFresh100,StressFresh100_T000045,c4159cb4a0ed72bb14872d1dc1af71fb5cfd840d084fb059258d94a5797f6f4c,66,stagnant,unproductive_cycle,False,False,True,False,False,
StressFresh100,StressFresh100_T000053,b8b7e9a7fc29571a3dde9f56aa5aa1d7682f7b4567f0beeaad685c054cc198af,0,productive,none,False,False,False,False,False,
StressFresh100,StressFresh100_T000053,b8b7e9a7fc29571a3dde9f56aa5aa1d7682f7b4567f0beeaad685c054cc198af,1,productive,productive_iteration,True,True,False,False,False,
StressFresh100,StressFresh100_T000053,b8b7e9a7fc29571a3dde9f56aa5aa1d7682f7b4567f0beeaad685c054cc198af,2,productive,productive_iteration,True,True,False,False,False,
StressFresh100,StressFresh100_T000053,b8b7e9a7fc29571a3dde9f56aa5aa1d7682f7b4567f0beeaad685c054cc198af,3,productive,productive_iteration,True,True,False,False,False,
StressFresh100,StressFresh100_T000053,b8b7e9a7fc29571a3dde9f56aa5aa1d7682f7b4567f0beeaad685c054cc198af,4,productive,productive_iteration,True,True,False,False,False,
StressFresh100,StressFresh100_T000053,b8b7e9a7fc29571a3dde9f56aa5aa1d7682f7b4567f0beeaad685c054cc198af,5,productive,productive_iteration,True,True,False,False,False,
StressFresh100,StressFresh100_T000053,b8b7e9a7fc29571a3dde9f56aa5aa1d7682f7b4567f0beeaad685c054cc198af,6,productive,productive_iteration,True,True,False,False,False,
StressFresh100,StressFresh100_T000053,b8b7e9a7fc29571a3dde9f56aa5aa1d7682f7b4567f0beeaad685c054cc198af,7,productive,productive_iteration,True,True,False,False,False,
StressFresh100,StressFresh100_T000053,b8b7e9a7fc29571a3dde9f56aa5aa1d7682f7b4567f0beeaad685c054cc198af,8,productive,productive_iteration,True,True,False,False,False,
StressFresh100,StressFresh100_T000053,b8b7e9a7fc29571a3dde9f56aa5aa1d7682f7b4567f0beeaad685c054cc198af,9,productive,productive_iteration,True,True,False,False,False,
StressFresh100,StressFresh100_T000053,b8b7e9a7fc29571a3dde9f56aa5aa1d7682f7b4567f0beeaad685c054cc198af,10,productive,productive_iteration,True,True,False,False,False,
StressFresh100,StressFresh100_T000053,b8b7e9a7fc29571a3dde9f56aa5aa1d7682f7b4567f0beeaad685c054cc198af,11,productive,productive_iteration,True,True,False,False,False,
StressFresh100,StressFresh100_T000053,b8b7e9a7fc29571a3dde9f56aa5aa1d7682f7b4567f0beeaad685c054cc198af,12,productive,productive_iteration,True,True,False,False,False,
StressFresh100,StressFresh100_T000053,b8b7e9a7fc29571a3dde9f56aa5aa1d7682f7b4567f0beeaad685c054cc198af,13,productive,productive_iteration,True,True,False,False,False,
StressFresh100,StressFresh100_T000053,b8b7e9a7fc29571a3dde9f56aa5aa1d7682f7b4567f0beeaad685c054cc198af,14,productive,productive_iteration,True,True,False,False,False,
StressFresh100,StressFresh100_T000053,b8b7e9a7fc29571a3dde9f56aa5aa1d7682f7b4567f0beeaad685c054cc198af,15,productive,productive_iteration,True,True,False,False,False,
StressFresh100,StressFresh100_T000008,f0846470e69894a0e179900f5781259681ada0392ee6deeb9855d2f740f3567f,0,productive,productive_iteration,False,True,False,False,False,
StressFresh100,StressFresh100_T000008,f0846470e69894a0e179900f5781259681ada0392ee6deeb9855d2f740f3567f,1,productive,productive_iteration,False,True,False,False,False,
StressFresh100,StressFresh100_T000008,f0846470e69894a0e179900f5781259681ada0392ee6deeb9855d2f740f3567f,2,productive,productive_iteration,False,True,False,False,False,
StressFresh100,StressFresh100_T000008,f0846470e69894a0e179900f5781259681ada0392ee6deeb9855d2f740f3567f,3,productive,productive_iteration,False,True,False,False,False,
StressFresh100,StressFresh100_T000008,f0846470e69894a0e179900f5781259681ada0392ee6deeb9855d2f740f3567f,4,productive,productive_iteration,False,True,False,False,False,
StressFresh100,StressFresh100_T000008,f0846470e69894a0e179900f5781259681ada0392ee6deeb9855d2f740f3567f,5,productive,productive_iteration,False,True,False,False,False,
StressFresh100,StressFresh100_T000008,f0846470e69894a0e179900f5781259681ada0392ee6deeb9855d2f740f3567f,6,productive,productive_iteration,False,True,False,False,False,
StressFresh100,StressFresh100_T000008,f0846470e69894a0e179900f5781259681ada0392ee6deeb9855d2f740f3567f,7,productive,productive_iteration,False,True,False,False,False,
StressFresh100,StressFresh100_T000008,f0846470e69894a0e179900f5781259681ada0392ee6deeb9855d2f740f3567f,8,productive,productive_iteration,False,True,False,False,False,
StressFresh100,StressFresh100_T000008,f0846470e69894a0e179900f5781259681ada0392ee6deeb9855d2f740f3567f,9,productive,productive_iteration,False,True,False,False,False,
StressFresh100,StressFresh100_T000008,f0846470e69894a0e179900f5781259681ada0392ee6deeb9855d2f740f3567f,10,productive,productive_iteration,False,True,False,False,False,
StressFresh100,StressFresh100_T000008,f0846470e69894a0e179900f5781259681ada0392ee6deeb9855d2f740f3567f,11,productive,productive_iteration,False,True,False,False,False,
StressFresh100,StressFresh100_T000008,f0846470e69894a0e179900f5781259681ada0392ee6deeb9855d2f740f3567f,12,productive,productive_iteration,False,True,False,False,False,
StressFresh100,StressFresh100_T000008,f0846470e69894a0e179900f5781259681ada0392ee6deeb9855d2f740f3567f,13,productive,productive_iteration,False,True,False,False,False,
StressFresh100,StressFresh100_T000008,f0846470e69894a0e179900f5781259681ada0392ee6deeb9855d2f740f3567f,14,productive,productive_iteration,False,True,False,False,False,
StressFresh100,StressFresh100_T000008,f0846470e69894a0e179900f5781259681ada0392ee6deeb9855d2f740f3567f,15,productive,productive_iteration,False,True,False,False,False,
StressFresh100,StressFresh100_T000008,f0846470e69894a0e179900f5781259681ada0392ee6deeb9855d2f740f3567f,16,productive,productive_iteration,False,True,False,False,False,
StressFresh100,StressFresh100_T000008,f0846470e69894a0e179900f5781259681ada0392ee6deeb9855d2f740f3567f,17,stagnant,unproductive_cycle,False,False,True,False,False,
StressFresh100,StressFresh100_T000008,f0846470e69894a0e179900f5781259681ada0392ee6deeb9855d2f740f3567f,18,productive,productive_iteration,False,True,False,False,False,
StressFresh100,StressFresh100_T000008,f0846470e69894a0e179900f5781259681ada0392ee6deeb9855d2f740f3567f,19,productive,productive_iteration,False,True,False,False,False,
StressFresh100,StressFresh100_T000008,f0846470e69894a0e179900f5781259681ada0392ee6deeb9855d2f740f3567f,20,productive,productive_iteration,False,True,False,False,False,
StressFresh100,StressFresh100_T000008,f0846470e69894a0e179900f5781259681ada0392ee6deeb9855d2f740f3567f,21,productive,none,False,False,False,False,False,
StressFresh100,StressFresh100_T000008,f0846470e69894a0e179900f5781259681ada0392ee6deeb9855d2f740f3567f,22,productive,none,False,False,False,False,False,
StressFresh100,StressFresh100_T000043,1bc8dcf37ba330bacf119cac13a4c4d9d26be11694e48a5ff3c61023f1a2587c,0,productive,productive_iteration,True,True,False,False,False,
StressFresh100,StressFresh100_T000043,1bc8dcf37ba330bacf119cac13a4c4d9d26be11694e48a5ff3c61023f1a2587c,1,productive,productive_iteration,True,True,False,False,False,
StressFresh100,StressFresh100_T000043,1bc8dcf37ba330bacf119cac13a4c4d9d26be11694e48a5ff3c61023f1a2587c,2,productive,productive_iteration,True,True,False,False,False,
StressFresh100,StressFresh100_T000043,1bc8dcf37ba330bacf119cac13a4c4d9d26be11694e48a5ff3c61023f1a2587c,3,productive,productive_iteration,True,True,False,False,False,
StressFresh100,StressFresh100_T000043,1bc8dcf37ba330bacf119cac13a4c4d9d26be11694e48a5ff3c61023f1a2587c,4,productive,productive_iteration,True,True,False,False,False,
StressFresh100,StressFresh100_T000043,1bc8dcf37ba330bacf119cac13a4c4d9d26be11694e48a5ff3c61023f1a2587c,5,productive,productive_iteration,True,True,False,False,False,
StressFresh100,StressFresh100_T000043,1bc8dcf37ba330bacf119cac13a4c4d9d26be11694e48a5ff3c61023f1a2587c,6,productive,productive_iteration,True,True,False,False,False,
StressFresh100,StressFresh100_T000043,1bc8dcf37ba330bacf119cac13a4c4d9d26be11694e48a5ff3c61023f1a2587c,7,productive,productive_iteration,True,True,False,False,False,
StressFresh100,StressFresh100_T000043,1bc8dcf37ba330bacf119cac13a4c4d9d26be11694e48a5ff3c61023f1a2587c,8,productive,productive_iteration,True,True,False,False,False,
StressFresh100,StressFresh100_T000043,1bc8dcf37ba330bacf119cac13a4c4d9d26be11694e48a5ff3c61023f1a2587c,9,productive,productive_iteration,True,True,False,False,False,
StressFresh100,StressFresh100_T000043,1bc8dcf37ba330bacf119cac13a4c4d9d26be11694e48a5ff3c61023f1a2587c,10,productive,productive_iteration,True,True,False,False,False,
StressFresh100,StressFresh100_T000043,1bc8dcf37ba330bacf119cac13a4c4d9d26be11694e48a5ff3c61023f1a2587c,11,productive,productive_iteration,True,True,False,False,False,
StressFresh100,StressFresh100_T000043,1bc8dcf37ba330bacf119cac13a4c4d9d26be11694e48a5ff3c61023f1a2587c,12,productive,productive_iteration,True,True,False,False,False,
StressFresh100,StressFresh100_T000043,1bc8dcf37ba330bacf119cac13a4c4d9d26be11694e48a5ff3c61023f1a2587c,13,productive,productive_iteration,True,True,False,False,False,
StressFresh100,StressFresh100_T000043,1bc8dcf37ba330bacf119cac13a4c4d9d26be11694e48a5ff3c61023f1a2587c,14,productive,none,False,False,False,False,False,
StressFresh100,StressFresh100_T000043,1bc8dcf37ba330bacf119cac13a4c4d9d26be11694e48a5ff3c61023f1a2587c,15,productive,none,False,False,False,False,False,
StressFresh100,StressFresh100_T000061,a51df90ff1b5b22bca822f09dc7d4f8c0cc66d65a88712320cea24152dbf7fa4,0,productive,productive_iteration,True,True,False,False,False,
StressFresh100,StressFresh100_T000061,a51df90ff1b5b22bca822f09dc7d4f8c0cc66d65a88712320cea24152dbf7fa4,1,productive,productive_iteration,True,True,False,False,False,
StressFresh100,StressFresh100_T000061,a51df90ff1b5b22bca822f09dc7d4f8c0cc66d65a88712320cea24152dbf7fa4,2,productive,productive_iteration,True,True,False,False,False,
StressFresh100,StressFresh100_T000061,a51df90ff1b5b22bca822f09dc7d4f8c0cc66d65a88712320cea24152dbf7fa4,3,productive,productive_iteration,True,True,False,False,False,
StressFresh100,StressFresh100_T000061,a51df90ff1b5b22bca822f09dc7d4f8c0cc66d65a88712320cea24152dbf7fa4,4,productive,productive_iteration,True,True,False,False,False,
StressFresh100,StressFresh100_T000061,a51df90ff1b5b22bca822f09dc7d4f8c0cc66d65a88712320cea24152dbf7fa4,5,productive,productive_iteration,True,True,False,False,False,
StressFresh100,StressFresh100_T000061,a51df90ff1b5b22bca822f09dc7d4f8c0cc66d65a88712320cea24152dbf7fa4,6,stagnant,unproductive_cycle,False,False,True,False,False,
StressFresh100,StressFresh100_T000061,a51df90ff1b5b22bca822f09dc7d4f8c0cc66d65a88712320cea24152dbf7fa4,7,productive,productive_iteration,True,True,False,False,False,
StressFresh100,StressFresh100_T000061,a51df90ff1b5b22bca822f09dc7d4f8c0cc66d65a88712320cea24152dbf7fa4,8,productive,none,False,False,False,False,False,
StressFresh100,StressFresh100_T000001,e14facb83fe13c44d0c879170b6e1ec2612f29b99fae60f62a68f6205ea24f4c,0,productive,productive_iteration,False,True,False,False,False,
StressFresh100,StressFresh100_T000001,e14facb83fe13c44d0c879170b6e1ec2612f29b99fae60f62a68f6205ea24f4c,1,productive,productive_iteration,False,True,False,False,False,
StressFresh100,StressFresh100_T000001,e14facb83fe13c44d0c879170b6e1ec2612f29b99fae60f62a68f6205ea24f4c,2,productive,productive_iteration,False,True,False,False,False,
StressFresh100,StressFresh100_T000001,e14facb83fe13c44d0c879170b6e1ec2612f29b99fae60f62a68f6205ea24f4c,3,productive,productive_iteration,False,True,False,False,False,
StressFresh100,StressFresh100_T000001,e14facb83fe13c44d0c879170b6e1ec2612f29b99fae60f62a68f6205ea24f4c,4,productive,productive_iteration,False,True,False,False,False,
StressFresh100,StressFresh100_T000001,e14facb83fe13c44d0c879170b6e1ec2612f29b99fae60f62a68f6205ea24f4c,5,productive,productive_iteration,False,True,False,False,False,
StressFresh100,StressFresh100_T000001,e14facb83fe13c44d0c879170b6e1ec2612f29b99fae60f62a68f6205ea24f4c,6,productive,productive_iteration,False,True,False,False,False,
StressFresh100,StressFresh100_T000001,e14facb83fe13c44d0c879170b6e1ec2612f29b99fae60f62a68f6205ea24f4c,7,productive,productive_iteration,False,True,False,False,False,
StressFresh100,StressFresh100_T000001,e14facb83fe13c44d0c879170b6e1ec2612f29b99fae60f62a68f6205ea24f4c,8,productive,productive_iteration,False,True,False,False,False,
StressFresh100,StressFresh100_T000001,e14facb83fe13c44d0c879170b6e1ec2612f29b99fae60f62a68f6205ea24f4c,9,productive,productive_iteration,False,True,False,False,False,
StressFresh100,StressFresh100_T000001,e14facb83fe13c44d0c879170b6e1ec2612f29b99fae60f62a68f6205ea24f4c,10,productive,productive_iteration,False,True,False,False,False,
StressFresh100,StressFresh100_T000001,e14facb83fe13c44d0c879170b6e1ec2612f29b99fae60f62a68f6205ea24f4c,11,productive,productive_iteration,False,True,False,False,False,
StressFresh100,StressFresh100_T000001,e14facb83fe13c44d0c879170b6e1ec2612f29b99fae60f62a68f6205ea24f4c,12,productive,productive_iteration,False,True,False,False,False,
StressFresh100,StressFresh100_T000001,e14facb83fe13c44d0c879170b6e1ec2612f29b99fae60f62a68f6205ea24f4c,13,productive,productive_iteration,False,True,False,False,False,
StressFresh100,StressFresh100_T000001,e14facb83fe13c44d0c879170b6e1ec2612f29b99fae60f62a68f6205ea24f4c,14,productive,productive_iteration,False,True,False,False,False,
StressFresh100,StressFresh100_T000001,e14facb83fe13c44d0c879170b6e1ec2612f29b99fae60f62a68f6205ea24f4c,15,stagnant,unproductive_cycle,False,False,True,False,False,
StressFresh100,StressFresh100_T000001,e14facb83fe13c44d0c879170b6e1ec2612f29b99fae60f62a68f6205ea24f4c,16,stagnant,unproductive_cycle,False,False,True,False,False,
StressFresh100,StressFresh100_T000001,e14facb83fe13c44d0c879170b6e1ec2612f29b99fae60f62a68f6205ea24f4c,17,stagnant,unproductive_cycle,False,False,True,False,False,
StressFresh100,StressFresh100_T000001,e14facb83fe13c44d0c879170b6e1ec2612f29b99fae60f62a68f6205ea24f4c,18,stagnant,unproductive_cycle,False,False,True,False,False,
StressFresh100,StressFresh100_T000001,e14facb83fe13c44d0c879170b6e1ec2612f29b99fae60f62a68f6205ea24f4c,19,stagnant,unproductive_cycle,False,False,True,False,False,
StressFresh100,StressFresh100_T000001,e14facb83fe13c44d0c879170b6e1ec2612f29b99fae60f62a68f6205ea24f4c,20,stagnant,unproductive_cycle,False,False,True,False,False,
StressFresh100,StressFresh100_T000001,e14facb83fe13c44d0c879170b6e1ec2612f29b99fae60f62a68f6205ea24f4c,21,stagnant,unproductive_cycle,False,False,True,False,False,
StressFresh100,StressFresh100_T000001,e14facb83fe13c44d0c879170b6e1ec2612f29b99fae60f62a68f6205ea24f4c,22,stagnant,unproductive_cycle,False,False,True,False,False,
StressFresh100,StressFresh100_T000001,e14facb83fe13c44d0c879170b6e1ec2612f29b99fae60f62a68f6205ea24f4c,23,stagnant,unproductive_cycle,False,False,True,False,False,
StressFresh100,StressFresh100_T000001,e14facb83fe13c44d0c879170b6e1ec2612f29b99fae60f62a68f6205ea24f4c,24,productive,none,False,False,False,False,False,
StressFresh100,StressFresh100_T000001,e14facb83fe13c44d0c879170b6e1ec2612f29b99fae60f62a68f6205ea24f4c,25,stagnant,unproductive_cycle,False,False,True,False,False,
StressFresh100,StressFresh100_T000001,e14facb83fe13c44d0c879170b6e1ec2612f29b99fae60f62a68f6205ea24f4c,26,stagnant,unproductive_cycle,False,False,True,False,False,
StressFresh100,StressFresh100_T000001,e14facb83fe13c44d0c879170b6e1ec2612f29b99fae60f62a68f6205ea24f4c,27,stagnant,unproductive_cycle,False,False,True,False,False,
StressFresh100,StressFresh100_T000001,e14facb83fe13c44d0c879170b6e1ec2612f29b99fae60f62a68f6205ea24f4c,28,stagnant,unproductive_cycle,False,False,True,False,False,
StressFresh100,StressFresh100_T000001,e14facb83fe13c44d0c879170b6e1ec2612f29b99fae60f62a68f6205ea24f4c,29,stagnant,unproductive_cycle,False,False,True,False,False,
StressFresh100,StressFresh100_T000001,e14facb83fe13c44d0c879170b6e1ec2612f29b99fae60f62a68f6205ea24f4c,30,stagnant,unproductive_cycle,False,False,True,False,False,
StressFresh100,StressFresh100_T000001,e14facb83fe13c44d0c879170b6e1ec2612f29b99fae60f62a68f6205ea24f4c,31,stagnant,unproductive_cycle,False,False,True,False,False,
StressFresh100,StressFresh100_T000001,e14facb83fe13c44d0c879170b6e1ec2612f29b99fae60f62a68f6205ea24f4c,32,stagnant,unproductive_cycle,False,False,True,False,False,
StressFresh100,StressFresh100_T000001,e14facb83fe13c44d0c879170b6e1ec2612f29b99fae60f62a68f6205ea24f4c,33,stagnant,unproductive_cycle,False,False,True,False,False,
StressFresh100,StressFresh100_T000001,e14facb83fe13c44d0c879170b6e1ec2612f29b99fae60f62a68f6205ea24f4c,34,stagnant,unproductive_cycle,False,False,True,False,False,
StressFresh100,StressFresh100_T000001,e14facb83fe13c44d0c879170b6e1ec2612f29b99fae60f62a68f6205ea24f4c,35,stagnant,unproductive_cycle,False,False,True,False,False,
StressFresh100,StressFresh100_T000001,e14facb83fe13c44d0c879170b6e1ec2612f29b99fae60f62a68f6205ea24f4c,36,stagnant,unproductive_cycle,False,False,True,False,False,
StressFresh100,StressFresh100_T000001,e14facb83fe13c44d0c879170b6e1ec2612f29b99fae60f62a68f6205ea24f4c,37,stagnant,unproductive_cycle,False,False,True,False,False,
StressFresh100,StressFresh100_T000001,e14facb83fe13c44d0c879170b6e1ec2612f29b99fae60f62a68f6205ea24f4c,38,stagnant,unproductive_cycle,False,False,True,False,False,
StressFresh100,StressFresh100_T000001,e14facb83fe13c44d0c879170b6e1ec2612f29b99fae60f62a68f6205ea24f4c,39,stagnant,unproductive_cycle,False,False,True,False,False,
StressFresh100,StressFresh100_T000001,e14facb83fe13c44d0c879170b6e1ec2612f29b99fae60f62a68f6205ea24f4c,40,stagnant,unproductive_cycle,False,False,True,False,False,
StressFresh100,StressFresh100_T000001,e14facb83fe13c44d0c879170b6e1ec2612f29b99fae60f62a68f6205ea24f4c,41,stagnant,unproductive_cycle,False,False,True,False,False,
StressFresh100,StressFresh100_T000001,e14facb83fe13c44d0c879170b6e1ec2612f29b99fae60f62a68f6205ea24f4c,42,stagnant,unproductive_cycle,False,False,True,False,False,
StressFresh100,StressFresh100_T000001,e14facb83fe13c44d0c879170b6e1ec2612f29b99fae60f62a68f6205ea24f4c,43,stagnant,unproductive_cycle,False,False,True,False,False,
StressFresh100,StressFresh100_T000001,e14facb83fe13c44d0c879170b6e1ec2612f29b99fae60f62a68f6205ea24f4c,44,stagnant,unproductive_cycle,False,False,True,False,False,
StressFresh100,StressFresh100_T000001,e14facb83fe13c44d0c879170b6e1ec2612f29b99fae60f62a68f6205ea24f4c,45,stagnant,unproductive_cycle,False,False,True,False,False,
StressFresh100,StressFresh100_T000001,e14facb83fe13c44d0c879170b6e1ec2612f29b99fae60f62a68f6205ea24f4c,46,stagnant,unproductive_cycle,False,False,True,False,False,
StressFresh100,StressFresh100_T000001,e14facb83fe13c44d0c879170b6e1ec2612f29b99fae60f62a68f6205ea24f4c,47,stagnant,unproductive_cycle,False,False,True,False,False,
StressFresh100,StressFresh100_T000001,e14facb83fe13c44d0c879170b6e1ec2612f29b99fae60f62a68f6205ea24f4c,48,stagnant,unproductive_cycle,False,False,True,False,False,
StressFresh100,StressFresh100_T000001,e14facb83fe13c44d0c879170b6e1ec2612f29b99fae60f62a68f6205ea24f4c,49,stagnant,unproductive_cycle,False,False,True,False,False,
StressFresh100,StressFresh100_T000001,e14facb83fe13c44d0c879170b6e1ec2612f29b99fae60f62a68f6205ea24f4c,50,stagnant,unproductive_cycle,False,False,True,False,False,
StressFresh100,StressFresh100_T000001,e14facb83fe13c44d0c879170b6e1ec2612f29b99fae60f62a68f6205ea24f4c,51,stagnant,unproductive_cycle,False,False,True,False,False,
StressFresh100,StressFresh100_T000001,e14facb83fe13c44d0c879170b6e1ec2612f29b99fae60f62a68f6205ea24f4c,52,stagnant,unproductive_cycle,False,False,True,False,False,
StressFresh100,StressFresh100_T000001,e14facb83fe13c44d0c879170b6e1ec2612f29b99fae60f62a68f6205ea24f4c,53,stagnant,unproductive_cycle,False,False,True,False,False,
StressFresh100,StressFresh100_T000001,e14facb83fe13c44d0c879170b6e1ec2612f29b99fae60f62a68f6205ea24f4c,54,stagnant,unproductive_cycle,False,False,True,False,False,
StressFresh100,StressFresh100_T000001,e14facb83fe13c44d0c879170b6e1ec2612f29b99fae60f62a68f6205ea24f4c,55,stagnant,unproductive_cycle,False,False,True,False,False,
StressFresh100,StressFresh100_T000001,e14facb83fe13c44d0c879170b6e1ec2612f29b99fae60f62a68f6205ea24f4c,56,stagnant,unproductive_cycle,False,False,True,False,False,
StressFresh100,StressFresh100_T000001,e14facb83fe13c44d0c879170b6e1ec2612f29b99fae60f62a68f6205ea24f4c,57,stagnant,unproductive_cycle,False,False,True,False,False,
StressFresh100,StressFresh100_T000001,e14facb83fe13c44d0c879170b6e1ec2612f29b99fae60f62a68f6205ea24f4c,58,stagnant,unproductive_cycle,False,False,True,False,False,
StressFresh100,StressFresh100_T000001,e14facb83fe13c44d0c879170b6e1ec2612f29b99fae60f62a68f6205ea24f4c,59,stagnant,unproductive_cycle,False,False,True,False,False,
StressFresh100,StressFresh100_T000001,e14facb83fe13c44d0c879170b6e1ec2612f29b99fae60f62a68f6205ea24f4c,60,stagnant,unproductive_cycle,False,False,True,False,False,
StressFresh100,StressFresh100_T000001,e14facb83fe13c44d0c879170b6e1ec2612f29b99fae60f62a68f6205ea24f4c,61,stagnant,unproductive_cycle,False,False,True,False,False,
StressFresh100,StressFresh100_T000001,e14facb83fe13c44d0c879170b6e1ec2612f29b99fae60f62a68f6205ea24f4c,62,stagnant,unproductive_cycle,False,False,True,False,False,
StressFresh100,StressFresh100_T000001,e14facb83fe13c44d0c879170b6e1ec2612f29b99fae60f62a68f6205ea24f4c,63,stagnant,unproductive_cycle,False,False,True,False,False,
StressFresh100,StressFresh100_T000001,e14facb83fe13c44d0c879170b6e1ec2612f29b99fae60f62a68f6205ea24f4c,64,stagnant,unproductive_cycle,False,False,True,False,False,
StressFresh100,StressFresh100_T000001,e14facb83fe13c44d0c879170b6e1ec2612f29b99fae60f62a68f6205ea24f4c,65,stagnant,unproductive_cycle,False,False,True,False,False,
StressFresh100,StressFresh100_T000001,e14facb83fe13c44d0c879170b6e1ec2612f29b99fae60f62a68f6205ea24f4c,66,stagnant,unproductive_cycle,False,False,True,False,False,
StressFresh100,StressFresh100_T000001,e14facb83fe13c44d0c879170b6e1ec2612f29b99fae60f62a68f6205ea24f4c,67,stagnant,unproductive_cycle,False,False,True,False,False,
StressFresh100,StressFresh100_T000001,e14facb83fe13c44d0c879170b6e1ec2612f29b99fae60f62a68f6205ea24f4c,68,stagnant,unproductive_cycle,False,False,True,False,False,
StressFresh100,StressFresh100_T000001,e14facb83fe13c44d0c879170b6e1ec2612f29b99fae60f62a68f6205ea24f4c,69,stagnant,unproductive_cycle,False,False,True,False,False,
StressFresh100,StressFresh100_T000001,e14facb83fe13c44d0c879170b6e1ec2612f29b99fae60f62a68f6205ea24f4c,70,stagnant,unproductive_cycle,False,False,True,False,False,
StressFresh100,StressFresh100_T000001,e14facb83fe13c44d0c879170b6e1ec2612f29b99fae60f62a68f6205ea24f4c,71,stagnant,unproductive_cycle,False,False,True,False,False,
StressFresh100,StressFresh100_T000001,e14facb83fe13c44d0c879170b6e1ec2612f29b99fae60f62a68f6205ea24f4c,72,stagnant,unproductive_cycle,False,False,True,False,False,
StressFresh100,StressFresh100_T000001,e14facb83fe13c44d0c879170b6e1ec2612f29b99fae60f62a68f6205ea24f4c,73,stagnant,unproductive_cycle,False,False,True,False,False,
StressFresh100,StressFresh100_T000001,e14facb83fe13c44d0c879170b6e1ec2612f29b99fae60f62a68f6205ea24f4c,74,stagnant,unproductive_cycle,False,False,True,False,False,
StressFresh100,StressFresh100_T000001,e14facb83fe13c44d0c879170b6e1ec2612f29b99fae60f62a68f6205ea24f4c,75,stagnant,unproductive_cycle,False,False,True,False,False,
StressFresh100,StressFresh100_T000001,e14facb83fe13c44d0c879170b6e1ec2612f29b99fae60f62a68f6205ea24f4c,76,stagnant,unproductive_cycle,False,False,True,False,False,
StressFresh100,StressFresh100_T000001,e14facb83fe13c44d0c879170b6e1ec2612f29b99fae60f62a68f6205ea24f4c,77,stagnant,unproductive_cycle,False,False,True,False,False,
StressFresh100,StressFresh100_T000001,e14facb83fe13c44d0c879170b6e1ec2612f29b99fae60f62a68f6205ea24f4c,78,stagnant,unproductive_cycle,False,False,True,False,False,
StressFresh100,StressFresh100_T000001,e14facb83fe13c44d0c879170b6e1ec2612f29b99fae60f62a68f6205ea24f4c,79,stagnant,unproductive_cycle,False,False,True,False,False,
StressFresh100,StressFresh100_T000001,e14facb83fe13c44d0c879170b6e1ec2612f29b99fae60f62a68f6205ea24f4c,80,stagnant,unproductive_cycle,False,False,True,False,False,
StressFresh100,StressFresh100_T000001,e14facb83fe13c44d0c879170b6e1ec2612f29b99fae60f62a68f6205ea24f4c,81,stagnant,unproductive_cycle,False,False,True,False,False,
StressFresh100,StressFresh100_T000001,e14facb83fe13c44d0c879170b6e1ec2612f29b99fae60f62a68f6205ea24f4c,82,stagnant,unproductive_cycle,False,False,True,False,False,
StressFresh100,StressFresh100_T000001,e14facb83fe13c44d0c879170b6e1ec2612f29b99fae60f62a68f6205ea24f4c,83,stagnant,unproductive_cycle,False,False,True,False,False,
StressFresh100,StressFresh100_T000001,e14facb83fe13c44d0c879170b6e1ec2612f29b99fae60f62a68f6205ea24f4c,84,stagnant,unproductive_cycle,False,False,True,False,False,
StressFresh100,StressFresh100_T000001,e14facb83fe13c44d0c879170b6e1ec2612f29b99fae60f62a68f6205ea24f4c,85,stagnant,unproductive_cycle,False,False,True,False,False,
StressFresh100,StressFresh100_T000001,e14facb83fe13c44d0c879170b6e1ec2612f29b99fae60f62a68f6205ea24f4c,86,stagnant,unproductive_cycle,False,False,True,False,False,
StressFresh100,StressFresh100_T000001,e14facb83fe13c44d0c879170b6e1ec2612f29b99fae60f62a68f6205ea24f4c,87,stagnant,unproductive_cycle,False,False,True,False,False,
StressFresh100,StressFresh100_T000001,e14facb83fe13c44d0c879170b6e1ec2612f29b99fae60f62a68f6205ea24f4c,88,stagnant,unproductive_cycle,False,False,True,False,False,
StressFresh100,StressFresh100_T000001,e14facb83fe13c44d0c879170b6e1ec2612f29b99fae60f62a68f6205ea24f4c,89,stagnant,unproductive_cycle,False,False,True,False,False,
StressFresh100,StressFresh100_T000001,e14facb83fe13c44d0c879170b6e1ec2612f29b99fae60f62a68f6205ea24f4c,90,stagnant,unproductive_cycle,False,False,True,False,False,
StressFresh100,StressFresh100_T000001,e14facb83fe13c44d0c879170b6e1ec2612f29b99fae60f62a68f6205ea24f4c,91,stagnant,unproductive_cycle,False,False,True,False,False,
StressFresh100,StressFresh100_T000001,e14facb83fe13c44d0c879170b6e1ec2612f29b99fae60f62a68f6205ea24f4c,92,stagnant,unproductive_cycle,False,False,True,False,False,
StressFresh100,StressFresh100_T000001,e14facb83fe13c44d0c879170b6e1ec2612f29b99fae60f62a68f6205ea24f4c,93,stagnant,unproductive_cycle,False,False,True,False,False,
StressFresh100,StressFresh100_T000001,e14facb83fe13c44d0c879170b6e1ec2612f29b99fae60f62a68f6205ea24f4c,94,stagnant,unproductive_cycle,False,False,True,False,False,
StressFresh100,StressFresh100_T000001,e14facb83fe13c44d0c879170b6e1ec2612f29b99fae60f62a68f6205ea24f4c,95,stagnant,unproductive_cycle,False,False,True,False,False,
StressFresh100,StressFresh100_T000010,c0a598c8d375463a24e1d480f1d824f86b46efdf06eda517a779fbc23aa5ead2,0,productive,productive_iteration,False,True,False,False,False,
StressFresh100,StressFresh100_T000010,c0a598c8d375463a24e1d480f1d824f86b46efdf06eda517a779fbc23aa5ead2,1,stagnant,none,False,False,False,False,False,
StressFresh100,StressFresh100_T000010,c0a598c8d375463a24e1d480f1d824f86b46efdf06eda517a779fbc23aa5ead2,2,stagnant,none,False,False,False,False,False,
StressFresh100,StressFresh100_T000010,c0a598c8d375463a24e1d480f1d824f86b46efdf06eda517a779fbc23aa5ead2,3,productive,productive_iteration,False,True,False,False,False,
StressFresh100,StressFresh100_T000010,c0a598c8d375463a24e1d480f1d824f86b46efdf06eda517a779fbc23aa5ead2,4,productive,productive_iteration,False,True,False,False,False,
StressFresh100,StressFresh100_T000010,c0a598c8d375463a24e1d480f1d824f86b46efdf06eda517a779fbc23aa5ead2,5,productive,productive_iteration,False,True,False,False,False,
StressFresh100,StressFresh100_T000010,c0a598c8d375463a24e1d480f1d824f86b46efdf06eda517a779fbc23aa5ead2,6,stagnant,unproductive_cycle,False,False,True,False,False,
StressFresh100,StressFresh100_T000010,c0a598c8d375463a24e1d480f1d824f86b46efdf06eda517a779fbc23aa5ead2,7,stagnant,unproductive_cycle,False,False,True,False,False,
StressFresh100,StressFresh100_T000010,c0a598c8d375463a24e1d480f1d824f86b46efdf06eda517a779fbc23aa5ead2,8,stagnant,unproductive_cycle,False,False,True,False,False,
StressFresh100,StressFresh100_T000010,c0a598c8d375463a24e1d480f1d824f86b46efdf06eda517a779fbc23aa5ead2,9,stagnant,unproductive_cycle,False,False,True,False,False,
StressFresh100,StressFresh100_T000010,c0a598c8d375463a24e1d480f1d824f86b46efdf06eda517a779fbc23aa5ead2,10,stagnant,unproductive_cycle,False,False,True,False,False,
StressFresh100,StressFresh100_T000010,c0a598c8d375463a24e1d480f1d824f86b46efdf06eda517a779fbc23aa5ead2,11,stagnant,unproductive_cycle,False,False,True,False,False,
StressFresh100,StressFresh100_T000010,c0a598c8d375463a24e1d480f1d824f86b46efdf06eda517a779fbc23aa5ead2,12,stagnant,unproductive_cycle,False,False,True,False,False,
StressFresh100,StressFresh100_T000010,c0a598c8d375463a24e1d480f1d824f86b46efdf06eda517a779fbc23aa5ead2,13,stagnant,unproductive_cycle,False,False,True,False,False,
StressFresh100,StressFresh100_T000010,c0a598c8d375463a24e1d480f1d824f86b46efdf06eda517a779fbc23aa5ead2,14,stagnant,unproductive_cycle,False,False,True,False,False,
StressFresh100,StressFresh100_T000010,c0a598c8d375463a24e1d480f1d824f86b46efdf06eda517a779fbc23aa5ead2,15,stagnant,unproductive_cycle,False,False,True,False,False,
StressFresh100,StressFresh100_T000010,c0a598c8d375463a24e1d480f1d824f86b46efdf06eda517a779fbc23aa5ead2,16,stagnant,unproductive_cycle,False,False,True,False,False,
StressFresh100,StressFresh100_T000010,c0a598c8d375463a24e1d480f1d824f86b46efdf06eda517a779fbc23aa5ead2,17,stagnant,unproductive_cycle,False,False,True,False,False,
StressFresh100,StressFresh100_T000010,c0a598c8d375463a24e1d480f1d824f86b46efdf06eda517a779fbc23aa5ead2,18,stagnant,unproductive_cycle,False,False,True,False,False,
StressFresh100,StressFresh100_T000010,c0a598c8d375463a24e1d480f1d824f86b46efdf06eda517a779fbc23aa5ead2,19,stagnant,unproductive_cycle,False,False,True,False,False,
StressFresh100,StressFresh100_T000010,c0a598c8d375463a24e1d480f1d824f86b46efdf06eda517a779fbc23aa5ead2,20,stagnant,unproductive_cycle,False,False,True,False,False,
StressFresh100,StressFresh100_T000010,c0a598c8d375463a24e1d480f1d824f86b46efdf06eda517a779fbc23aa5ead2,21,productive,productive_iteration,False,True,False,False,False,
StressFresh100,StressFresh100_T000010,c0a598c8d375463a24e1d480f1d824f86b46efdf06eda517a779fbc23aa5ead2,22,stagnant,unproductive_cycle,False,False,True,False,False,
StressFresh100,StressFresh100_T000010,c0a598c8d375463a24e1d480f1d824f86b46efdf06eda517a779fbc23aa5ead2,23,stagnant,unproductive_cycle,False,False,True,False,False,
StressFresh100,StressFresh100_T000010,c0a598c8d375463a24e1d480f1d824f86b46efdf06eda517a779fbc23aa5ead2,24,stagnant,unproductive_cycle,False,False,True,False,False,
StressFresh100,StressFresh100_T000010,c0a598c8d375463a24e1d480f1d824f86b46efdf06eda517a779fbc23aa5ead2,25,stagnant,unproductive_cycle,False,False,True,False,False,
StressFresh100,StressFresh100_T000010,c0a598c8d375463a24e1d480f1d824f86b46efdf06eda517a779fbc23aa5ead2,26,stagnant,unproductive_cycle,False,False,True,False,False,
StressFresh100,StressFresh100_T000011,7f50eabf245f789c54707ceb57e18394640d5332f24c3b151051748aa7ff356e,0,productive,none,False,False,False,False,False,
StressFresh100,StressFresh100_T000011,7f50eabf245f789c54707ceb57e18394640d5332f24c3b151051748aa7ff356e,1,uncertain,none,False,False,False,True,False,
StressFresh100,StressFresh100_T000011,7f50eabf245f789c54707ceb57e18394640d5332f24c3b151051748aa7ff356e,2,productive,none,False,False,False,False,False,
StressFresh100,StressFresh100_T000011,7f50eabf245f789c54707ceb57e18394640d5332f24c3b151051748aa7ff356e,3,productive,none,False,False,False,False,False,
StressFresh100,StressFresh100_T000011,7f50eabf245f789c54707ceb57e18394640d5332f24c3b151051748aa7ff356e,4,productive,none,False,False,False,False,False,
StressFresh100,StressFresh100_T000011,7f50eabf245f789c54707ceb57e18394640d5332f24c3b151051748aa7ff356e,5,productive,none,False,False,False,False,False,
StressFresh100,StressFresh100_T000011,7f50eabf245f789c54707ceb57e18394640d5332f24c3b151051748aa7ff356e,6,stagnant,unproductive_cycle,False,False,True,False,False,
StressFresh100,StressFresh100_T000011,7f50eabf245f789c54707ceb57e18394640d5332f24c3b151051748aa7ff356e,7,stagnant,unproductive_cycle,False,False,True,False,False,
StressFresh100,StressFresh100_T000011,7f50eabf245f789c54707ceb57e18394640d5332f24c3b151051748aa7ff356e,8,stagnant,unproductive_cycle,False,False,True,False,False,
StressFresh100,StressFresh100_T000011,7f50eabf245f789c54707ceb57e18394640d5332f24c3b151051748aa7ff356e,9,stagnant,unproductive_cycle,False,False,True,False,False,
StressFresh100,StressFresh100_T000011,7f50eabf245f789c54707ceb57e18394640d5332f24c3b151051748aa7ff356e,10,stagnant,unproductive_cycle,False,False,True,False,False,
StressFresh100,StressFresh100_T000011,7f50eabf245f789c54707ceb57e18394640d5332f24c3b151051748aa7ff356e,11,stagnant,unproductive_cycle,False,False,True,False,False,
StressFresh100,StressFresh100_T000011,7f50eabf245f789c54707ceb57e18394640d5332f24c3b151051748aa7ff356e,12,stagnant,unproductive_cycle,False,False,True,False,False,
StressFresh100,StressFresh100_T000011,7f50eabf245f789c54707ceb57e18394640d5332f24c3b151051748aa7ff356e,13,stagnant,unproductive_cycle,False,False,True,False,False,
StressFresh100,StressFresh100_T000011,7f50eabf245f789c54707ceb57e18394640d5332f24c3b151051748aa7ff356e,14,stagnant,unproductive_cycle,False,False,True,False,False,
StressFresh100,StressFresh100_T000011,7f50eabf245f789c54707ceb57e18394640d5332f24c3b151051748aa7ff356e,15,stagnant,unproductive_cycle,False,False,True,False,False,
StressFresh100,StressFresh100_T000011,7f50eabf245f789c54707ceb57e18394640d5332f24c3b151051748aa7ff356e,16,stagnant,unproductive_cycle,False,False,True,False,False,
StressFresh100,StressFresh100_T000011,7f50eabf245f789c54707ceb57e18394640d5332f24c3b151051748aa7ff356e,17,stagnant,unproductive_cycle,False,False,True,False,False,
StressFresh100,StressFresh100_T000011,7f50eabf245f789c54707ceb57e18394640d5332f24c3b151051748aa7ff356e,18,stagnant,unproductive_cycle,False,False,True,False,False,
StressFresh100,StressFresh100_T000011,7f50eabf245f789c54707ceb57e18394640d5332f24c3b151051748aa7ff356e,19,stagnant,unproductive_cycle,False,False,True,False,False,
StressFresh100,StressFresh100_T000011,7f50eabf245f789c54707ceb57e18394640d5332f24c3b151051748aa7ff356e,20,stagnant,unproductive_cycle,False,False,True,False,False,
StressFresh100,StressFresh100_T000011,7f50eabf245f789c54707ceb57e18394640d5332f24c3b151051748aa7ff356e,21,stagnant,unproductive_cycle,False,False,True,False,False,
StressFresh100,StressFresh100_T000011,7f50eabf245f789c54707ceb57e18394640d5332f24c3b151051748aa7ff356e,22,stagnant,unproductive_cycle,False,False,True,False,False,
StressFresh100,StressFresh100_T000011,7f50eabf245f789c54707ceb57e18394640d5332f24c3b151051748aa7ff356e,23,stagnant,unproductive_cycle,False,False,True,False,False,
StressFresh100,StressFresh100_T000012,22b7b5f1e20d0d5111267224aa5d5ec7799b8b33faf40b7a47e347e934414010,0,productive,productive_iteration,False,True,False,False,False,
StressFresh100,StressFresh100_T000012,22b7b5f1e20d0d5111267224aa5d5ec7799b8b33faf40b7a47e347e934414010,1,stagnant,none,False,False,False,False,False,
StressFresh100,StressFresh100_T000012,22b7b5f1e20d0d5111267224aa5d5ec7799b8b33faf40b7a47e347e934414010,2,productive,none,False,False,False,False,False,
StressFresh100,StressFresh100_T000012,22b7b5f1e20d0d5111267224aa5d5ec7799b8b33faf40b7a47e347e934414010,3,stagnant,unproductive_cycle,False,False,True,False,False,
StressFresh100,StressFresh100_T000012,22b7b5f1e20d0d5111267224aa5d5ec7799b8b33faf40b7a47e347e934414010,4,stagnant,unproductive_cycle,False,False,True,False,False,
StressFresh100,StressFresh100_T000012,22b7b5f1e20d0d5111267224aa5d5ec7799b8b33faf40b7a47e347e934414010,5,productive,productive_iteration,False,True,False,False,False,
StressFresh100,StressFresh100_T000012,22b7b5f1e20d0d5111267224aa5d5ec7799b8b33faf40b7a47e347e934414010,6,productive,productive_iteration,False,True,False,False,False,
StressFresh100,StressFresh100_T000012,22b7b5f1e20d0d5111267224aa5d5ec7799b8b33faf40b7a47e347e934414010,7,stagnant,unproductive_cycle,False,False,True,False,False,
StressFresh100,StressFresh100_T000012,22b7b5f1e20d0d5111267224aa5d5ec7799b8b33faf40b7a47e347e934414010,8,stagnant,unproductive_cycle,False,False,True,False,False,
StressFresh100,StressFresh100_T000012,22b7b5f1e20d0d5111267224aa5d5ec7799b8b33faf40b7a47e347e934414010,9,stagnant,unproductive_cycle,False,False,True,False,False,
StressFresh100,StressFresh100_T000012,22b7b5f1e20d0d5111267224aa5d5ec7799b8b33faf40b7a47e347e934414010,10,productive,none,False,False,False,False,False,
StressFresh100,StressFresh100_T000012,22b7b5f1e20d0d5111267224aa5d5ec7799b8b33faf40b7a47e347e934414010,11,stagnant,unproductive_cycle,False,False,True,False,False,
StressFresh100,StressFresh100_T000012,22b7b5f1e20d0d5111267224aa5d5ec7799b8b33faf40b7a47e347e934414010,12,uncertain,none,False,False,False,True,False,
StressFresh100,StressFresh100_T000014,05e05d4c2947556b170eb381864b1daef5d19e68c6d418056e481d7beff69d63,0,productive,none,False,False,False,False,False,
StressFresh100,StressFresh100_T000014,05e05d4c2947556b170eb381864b1daef5d19e68c6d418056e481d7beff69d63,1,productive,none,False,False,False,False,False,
StressFresh100,StressFresh100_T000014,05e05d4c2947556b170eb381864b1daef5d19e68c6d418056e481d7beff69d63,2,productive,none,False,False,False,False,False,
StressFresh100,StressFresh100_T000014,05e05d4c2947556b170eb381864b1daef5d19e68c6d418056e481d7beff69d63,3,productive,none,False,False,False,False,False,
StressFresh100,StressFresh100_T000014,05e05d4c2947556b170eb381864b1daef5d19e68c6d418056e481d7beff69d63,4,productive,productive_iteration,True,True,False,False,False,
StressFresh100,StressFresh100_T000014,05e05d4c2947556b170eb381864b1daef5d19e68c6d418056e481d7beff69d63,5,productive,productive_iteration,True,True,False,False,False,
StressFresh100,StressFresh100_T000014,05e05d4c2947556b170eb381864b1daef5d19e68c6d418056e481d7beff69d63,6,uncertain,none,False,False,False,True,False,
StressFresh100,StressFresh100_T000014,05e05d4c2947556b170eb381864b1daef5d19e68c6d418056e481d7beff69d63,7,stagnant,unproductive_cycle,False,False,True,False,False,
StressFresh100,StressFresh100_T000014,05e05d4c2947556b170eb381864b1daef5d19e68c6d418056e481d7beff69d63,8,stagnant,unproductive_cycle,False,False,True,False,False,
StressFresh100,StressFresh100_T000014,05e05d4c2947556b170eb381864b1daef5d19e68c6d418056e481d7beff69d63,9,stagnant,unproductive_cycle,False,False,True,False,False,
StressFresh100,StressFresh100_T000014,05e05d4c2947556b170eb381864b1daef5d19e68c6d418056e481d7beff69d63,10,stagnant,unproductive_cycle,False,False,True,False,False,
StressFresh100,StressFresh100_T000014,05e05d4c2947556b170eb381864b1daef5d19e68c6d418056e481d7beff69d63,11,stagnant,unproductive_cycle,False,False,True,False,False,
StressFresh100,StressFresh100_T000015,ca3a05973fa8a45097cfc56aa901342d1cf11b3523c4430c2cd1bf768536373a,0,productive,none,False,False,False,False,False,
StressFresh100,StressFresh100_T000015,ca3a05973fa8a45097cfc56aa901342d1cf11b3523c4430c2cd1bf768536373a,1,productive,none,False,False,False,False,False,
StressFresh100,StressFresh100_T000015,ca3a05973fa8a45097cfc56aa901342d1cf11b3523c4430c2cd1bf768536373a,2,stagnant,unproductive_cycle,False,False,True,False,False,
StressFresh100,StressFresh100_T000015,ca3a05973fa8a45097cfc56aa901342d1cf11b3523c4430c2cd1bf768536373a,3,stagnant,unproductive_cycle,False,False,True,False,False,
StressFresh100,StressFresh100_T000015,ca3a05973fa8a45097cfc56aa901342d1cf11b3523c4430c2cd1bf768536373a,4,stagnant,unproductive_cycle,False,False,True,False,False,
StressFresh100,StressFresh100_T000015,ca3a05973fa8a45097cfc56aa901342d1cf11b3523c4430c2cd1bf768536373a,5,stagnant,unproductive_cycle,False,False,True,False,False,
StressFresh100,StressFresh100_T000015,ca3a05973fa8a45097cfc56aa901342d1cf11b3523c4430c2cd1bf768536373a,6,stagnant,unproductive_cycle,False,False,True,False,False,
StressFresh100,StressFresh100_T000015,ca3a05973fa8a45097cfc56aa901342d1cf11b3523c4430c2cd1bf768536373a,7,stagnant,unproductive_cycle,False,False,True,False,False,
StressFresh100,StressFresh100_T000015,ca3a05973fa8a45097cfc56aa901342d1cf11b3523c4430c2cd1bf768536373a,8,stagnant,unproductive_cycle,False,False,True,False,False,
StressFresh100,StressFresh100_T000015,ca3a05973fa8a45097cfc56aa901342d1cf11b3523c4430c2cd1bf768536373a,9,stagnant,unproductive_cycle,False,False,True,False,False,
StressFresh100,StressFresh100_T000015,ca3a05973fa8a45097cfc56aa901342d1cf11b3523c4430c2cd1bf768536373a,10,stagnant,unproductive_cycle,False,False,True,False,False,
StressFresh100,StressFresh100_T000015,ca3a05973fa8a45097cfc56aa901342d1cf11b3523c4430c2cd1bf768536373a,11,stagnant,unproductive_cycle,False,False,True,False,False,
StressFresh100,StressFresh100_T000015,ca3a05973fa8a45097cfc56aa901342d1cf11b3523c4430c2cd1bf768536373a,12,stagnant,unproductive_cycle,False,False,True,False,False,
StressFresh100,StressFresh100_T000015,ca3a05973fa8a45097cfc56aa901342d1cf11b3523c4430c2cd1bf768536373a,13,stagnant,unproductive_cycle,False,False,True,False,False,
StressFresh100,StressFresh100_T000015,ca3a05973fa8a45097cfc56aa901342d1cf11b3523c4430c2cd1bf768536373a,14,stagnant,unproductive_cycle,False,False,True,False,False,
StressFresh100,StressFresh100_T000015,ca3a05973fa8a45097cfc56aa901342d1cf11b3523c4430c2cd1bf768536373a,15,stagnant,unproductive_cycle,False,False,True,False,False,
StressFresh100,StressFresh100_T000015,ca3a05973fa8a45097cfc56aa901342d1cf11b3523c4430c2cd1bf768536373a,16,productive,none,False,False,False,False,False,
StressFresh100,StressFresh100_T000015,ca3a05973fa8a45097cfc56aa901342d1cf11b3523c4430c2cd1bf768536373a,17,stagnant,unproductive_cycle,False,False,True,False,False,
StressFresh100,StressFresh100_T000015,ca3a05973fa8a45097cfc56aa901342d1cf11b3523c4430c2cd1bf768536373a,18,stagnant,unproductive_cycle,False,False,True,False,False,
StressFresh100,StressFresh100_T000015,ca3a05973fa8a45097cfc56aa901342d1cf11b3523c4430c2cd1bf768536373a,19,stagnant,unproductive_cycle,False,False,True,False,False,
StressFresh100,StressFresh100_T000015,ca3a05973fa8a45097cfc56aa901342d1cf11b3523c4430c2cd1bf768536373a,20,stagnant,unproductive_cycle,False,False,True,False,False,
StressFresh100,StressFresh100_T000015,ca3a05973fa8a45097cfc56aa901342d1cf11b3523c4430c2cd1bf768536373a,21,stagnant,unproductive_cycle,False,False,True,False,False,
StressFresh100,StressFresh100_T000015,ca3a05973fa8a45097cfc56aa901342d1cf11b3523c4430c2cd1bf768536373a,22,stagnant,unproductive_cycle,False,False,True,False,False,
StressFresh100,StressFresh100_T000015,ca3a05973fa8a45097cfc56aa901342d1cf11b3523c4430c2cd1bf768536373a,23,stagnant,unproductive_cycle,False,False,True,False,False,
StressFresh100,StressFresh100_T000021,d05b61faf40dbab31306d3f00ee318cfbefd750f384da0aa64234d33b29c2e2d,0,productive,productive_iteration,False,True,False,False,False,
StressFresh100,StressFresh100_T000021,d05b61faf40dbab31306d3f00ee318cfbefd750f384da0aa64234d33b29c2e2d,1,productive,productive_iteration,False,True,False,False,False,
StressFresh100,StressFresh100_T000021,d05b61faf40dbab31306d3f00ee318cfbefd750f384da0aa64234d33b29c2e2d,2,productive,productive_iteration,False,True,False,False,False,
StressFresh100,StressFresh100_T000021,d05b61faf40dbab31306d3f00ee318cfbefd750f384da0aa64234d33b29c2e2d,3,productive,productive_iteration,False,True,False,False,False,
StressFresh100,StressFresh100_T000021,d05b61faf40dbab31306d3f00ee318cfbefd750f384da0aa64234d33b29c2e2d,4,productive,productive_iteration,False,True,False,False,False,
StressFresh100,StressFresh100_T000021,d05b61faf40dbab31306d3f00ee318cfbefd750f384da0aa64234d33b29c2e2d,5,stagnant,unproductive_cycle,False,False,True,False,False,
StressFresh100,StressFresh100_T000021,d05b61faf40dbab31306d3f00ee318cfbefd750f384da0aa64234d33b29c2e2d,6,stagnant,unproductive_cycle,False,False,True,False,False,
StressFresh100,StressFresh100_T000021,d05b61faf40dbab31306d3f00ee318cfbefd750f384da0aa64234d33b29c2e2d,7,stagnant,unproductive_cycle,False,False,True,False,False,
StressFresh100,StressFresh100_T000021,d05b61faf40dbab31306d3f00ee318cfbefd750f384da0aa64234d33b29c2e2d,8,productive,productive_iteration,True,True,False,False,False,
StressFresh100,StressFresh100_T000021,d05b61faf40dbab31306d3f00ee318cfbefd750f384da0aa64234d33b29c2e2d,9,stagnant,unproductive_cycle,False,False,True,False,False,
StressFresh100,StressFresh100_T000022,965ae8d15d6ba29ca5f8de0f09c3d625969bf5e3c806adac70810c843d02b099,0,productive,none,False,False,False,False,False,
StressFresh100,StressFresh100_T000022,965ae8d15d6ba29ca5f8de0f09c3d625969bf5e3c806adac70810c843d02b099,1,stagnant,unproductive_cycle,False,False,True,False,False,
StressFresh100,StressFresh100_T000022,965ae8d15d6ba29ca5f8de0f09c3d625969bf5e3c806adac70810c843d02b099,2,stagnant,unproductive_cycle,False,False,True,False,False,
StressFresh100,StressFresh100_T000022,965ae8d15d6ba29ca5f8de0f09c3d625969bf5e3c806adac70810c843d02b099,3,stagnant,unproductive_cycle,False,False,True,False,False,
StressFresh100,StressFresh100_T000022,965ae8d15d6ba29ca5f8de0f09c3d625969bf5e3c806adac70810c843d02b099,4,stagnant,unproductive_cycle,False,False,True,False,False,
StressFresh100,StressFresh100_T000022,965ae8d15d6ba29ca5f8de0f09c3d625969bf5e3c806adac70810c843d02b099,5,stagnant,unproductive_cycle,False,False,True,False,False,
StressFresh100,StressFresh100_T000022,965ae8d15d6ba29ca5f8de0f09c3d625969bf5e3c806adac70810c843d02b099,6,productive,productive_iteration,False,True,False,False,False,
StressFresh100,StressFresh100_T000022,965ae8d15d6ba29ca5f8de0f09c3d625969bf5e3c806adac70810c843d02b099,7,stagnant,none,False,False,False,False,False,
StressFresh100,StressFresh100_T000022,965ae8d15d6ba29ca5f8de0f09c3d625969bf5e3c806adac70810c843d02b099,8,productive,productive_iteration,False,True,False,False,False,
StressFresh100,StressFresh100_T000022,965ae8d15d6ba29ca5f8de0f09c3d625969bf5e3c806adac70810c843d02b099,9,productive,productive_iteration,False,True,False,False,False,
StressFresh100,StressFresh100_T000022,965ae8d15d6ba29ca5f8de0f09c3d625969bf5e3c806adac70810c843d02b099,10,stagnant,unproductive_cycle,False,False,True,False,False,
StressFresh100,StressFresh100_T000022,965ae8d15d6ba29ca5f8de0f09c3d625969bf5e3c806adac70810c843d02b099,11,productive,productive_iteration,True,True,False,False,False,
StressFresh100,StressFresh100_T000022,965ae8d15d6ba29ca5f8de0f09c3d625969bf5e3c806adac70810c843d02b099,12,productive,productive_iteration,True,True,False,False,False,
StressFresh100,StressFresh100_T000023,da052f865425aec706895c510d19e289d4c07d4be7f858c84911da379ff234cb,0,productive,none,False,False,False,False,False,
StressFresh100,StressFresh100_T000023,da052f865425aec706895c510d19e289d4c07d4be7f858c84911da379ff234cb,1,stagnant,none,False,False,False,False,False,
StressFresh100,StressFresh100_T000023,da052f865425aec706895c510d19e289d4c07d4be7f858c84911da379ff234cb,2,productive,productive_iteration,False,True,False,False,False,
StressFresh100,StressFresh100_T000023,da052f865425aec706895c510d19e289d4c07d4be7f858c84911da379ff234cb,3,productive,productive_iteration,False,True,False,False,False,
StressFresh100,StressFresh100_T000023,da052f865425aec706895c510d19e289d4c07d4be7f858c84911da379ff234cb,4,productive,productive_iteration,False,True,False,False,False,
StressFresh100,StressFresh100_T000023,da052f865425aec706895c510d19e289d4c07d4be7f858c84911da379ff234cb,5,productive,productive_iteration,False,True,False,False,False,
StressFresh100,StressFresh100_T000023,da052f865425aec706895c510d19e289d4c07d4be7f858c84911da379ff234cb,6,stagnant,unproductive_cycle,False,False,True,False,False,
StressFresh100,StressFresh100_T000023,da052f865425aec706895c510d19e289d4c07d4be7f858c84911da379ff234cb,7,stagnant,unproductive_cycle,False,False,True,False,False,
StressFresh100,StressFresh100_T000023,da052f865425aec706895c510d19e289d4c07d4be7f858c84911da379ff234cb,8,stagnant,unproductive_cycle,False,False,True,False,False,
StressFresh100,StressFresh100_T000023,da052f865425aec706895c510d19e289d4c07d4be7f858c84911da379ff234cb,9,stagnant,unproductive_cycle,False,False,True,False,False,
StressFresh100,StressFresh100_T000023,da052f865425aec706895c510d19e289d4c07d4be7f858c84911da379ff234cb,10,stagnant,unproductive_cycle,False,False,True,False,False,
StressFresh100,StressFresh100_T000023,da052f865425aec706895c510d19e289d4c07d4be7f858c84911da379ff234cb,11,stagnant,unproductive_cycle,False,False,True,False,False,
StressFresh100,StressFresh100_T000023,da052f865425aec706895c510d19e289d4c07d4be7f858c84911da379ff234cb,12,stagnant,unproductive_cycle,False,False,True,False,False,
StressFresh100,StressFresh100_T000023,da052f865425aec706895c510d19e289d4c07d4be7f858c84911da379ff234cb,13,stagnant,unproductive_cycle,False,False,True,False,False,
StressFresh100,StressFresh100_T000023,da052f865425aec706895c510d19e289d4c07d4be7f858c84911da379ff234cb,14,stagnant,unproductive_cycle,False,False,True,False,False,
StressFresh100,StressFresh100_T000023,da052f865425aec706895c510d19e289d4c07d4be7f858c84911da379ff234cb,15,stagnant,unproductive_cycle,False,False,True,False,False,
StressFresh100,StressFresh100_T000023,da052f865425aec706895c510d19e289d4c07d4be7f858c84911da379ff234cb,16,stagnant,unproductive_cycle,False,False,True,False,False,
StressFresh100,StressFresh100_T000023,da052f865425aec706895c510d19e289d4c07d4be7f858c84911da379ff234cb,17,stagnant,unproductive_cycle,False,False,True,False,False,
StressFresh100,StressFresh100_T000023,da052f865425aec706895c510d19e289d4c07d4be7f858c84911da379ff234cb,18,stagnant,unproductive_cycle,False,False,True,False,False,
StressFresh100,StressFresh100_T000023,da052f865425aec706895c510d19e289d4c07d4be7f858c84911da379ff234cb,19,stagnant,unproductive_cycle,False,False,True,False,False,
StressFresh100,StressFresh100_T000023,da052f865425aec706895c510d19e289d4c07d4be7f858c84911da379ff234cb,20,stagnant,unproductive_cycle,False,False,True,False,False,
StressFresh100,StressFresh100_T000023,da052f865425aec706895c510d19e289d4c07d4be7f858c84911da379ff234cb,21,stagnant,unproductive_cycle,False,False,True,False,False,
StressFresh100,StressFresh100_T000023,da052f865425aec706895c510d19e289d4c07d4be7f858c84911da379ff234cb,22,stagnant,unproductive_cycle,False,False,True,False,False,
StressFresh100,StressFresh100_T000023,da052f865425aec706895c510d19e289d4c07d4be7f858c84911da379ff234cb,23,stagnant,unproductive_cycle,False,False,True,False,False,
StressFresh100,StressFresh100_T000023,da052f865425aec706895c510d19e289d4c07d4be7f858c84911da379ff234cb,24,stagnant,unproductive_cycle,False,False,True,False,False,
StressFresh100,StressFresh100_T000023,da052f865425aec706895c510d19e289d4c07d4be7f858c84911da379ff234cb,25,stagnant,unproductive_cycle,False,False,True,False,False,
StressFresh100,StressFresh100_T000023,da052f865425aec706895c510d19e289d4c07d4be7f858c84911da379ff234cb,26,stagnant,unproductive_cycle,False,False,True,False,False,
StressFresh100,StressFresh100_T000023,da052f865425aec706895c510d19e289d4c07d4be7f858c84911da379ff234cb,27,stagnant,unproductive_cycle,False,False,True,False,False,
StressFresh100,StressFresh100_T000023,da052f865425aec706895c510d19e289d4c07d4be7f858c84911da379ff234cb,28,stagnant,unproductive_cycle,False,False,True,False,False,
StressFresh100,StressFresh100_T000023,da052f865425aec706895c510d19e289d4c07d4be7f858c84911da379ff234cb,29,stagnant,unproductive_cycle,False,False,True,False,False,
StressFresh100,StressFresh100_T000023,da052f865425aec706895c510d19e289d4c07d4be7f858c84911da379ff234cb,30,stagnant,unproductive_cycle,False,False,True,False,False,
StressFresh100,StressFresh100_T000023,da052f865425aec706895c510d19e289d4c07d4be7f858c84911da379ff234cb,31,stagnant,unproductive_cycle,False,False,True,False,False,
StressFresh100,StressFresh100_T000023,da052f865425aec706895c510d19e289d4c07d4be7f858c84911da379ff234cb,32,stagnant,unproductive_cycle,False,False,True,False,False,
StressFresh100,StressFresh100_T000023,da052f865425aec706895c510d19e289d4c07d4be7f858c84911da379ff234cb,33,stagnant,unproductive_cycle,False,False,True,False,False,
StressFresh100,StressFresh100_T000023,da052f865425aec706895c510d19e289d4c07d4be7f858c84911da379ff234cb,34,stagnant,unproductive_cycle,False,False,True,False,False,
StressFresh100,StressFresh100_T000023,da052f865425aec706895c510d19e289d4c07d4be7f858c84911da379ff234cb,35,stagnant,unproductive_cycle,False,False,True,False,False,
StressFresh100,StressFresh100_T000023,da052f865425aec706895c510d19e289d4c07d4be7f858c84911da379ff234cb,36,stagnant,unproductive_cycle,False,False,True,False,False,
StressFresh100,StressFresh100_T000023,da052f865425aec706895c510d19e289d4c07d4be7f858c84911da379ff234cb,37,stagnant,unproductive_cycle,False,False,True,False,False,
StressFresh100,StressFresh100_T000023,da052f865425aec706895c510d19e289d4c07d4be7f858c84911da379ff234cb,38,stagnant,unproductive_cycle,False,False,True,False,False,
StressFresh100,StressFresh100_T000023,da052f865425aec706895c510d19e289d4c07d4be7f858c84911da379ff234cb,39,stagnant,unproductive_cycle,False,False,True,False,False,
StressFresh100,StressFresh100_T000023,da052f865425aec706895c510d19e289d4c07d4be7f858c84911da379ff234cb,40,stagnant,unproductive_cycle,False,False,True,False,False,
StressFresh100,StressFresh100_T000023,da052f865425aec706895c510d19e289d4c07d4be7f858c84911da379ff234cb,41,stagnant,unproductive_cycle,False,False,True,False,False,
StressFresh100,StressFresh100_T000023,da052f865425aec706895c510d19e289d4c07d4be7f858c84911da379ff234cb,42,stagnant,unproductive_cycle,False,False,True,False,False,
StressFresh100,StressFresh100_T000023,da052f865425aec706895c510d19e289d4c07d4be7f858c84911da379ff234cb,43,stagnant,unproductive_cycle,False,False,True,False,False,
StressFresh100,StressFresh100_T000023,da052f865425aec706895c510d19e289d4c07d4be7f858c84911da379ff234cb,44,stagnant,unproductive_cycle,False,False,True,False,False,
StressFresh100,StressFresh100_T000023,da052f865425aec706895c510d19e289d4c07d4be7f858c84911da379ff234cb,45,stagnant,unproductive_cycle,False,False,True,False,False,
StressFresh100,StressFresh100_T000023,da052f865425aec706895c510d19e289d4c07d4be7f858c84911da379ff234cb,46,stagnant,unproductive_cycle,False,False,True,False,False,
StressFresh100,StressFresh100_T000023,da052f865425aec706895c510d19e289d4c07d4be7f858c84911da379ff234cb,47,stagnant,unproductive_cycle,False,False,True,False,False,
StressFresh100,StressFresh100_T000023,da052f865425aec706895c510d19e289d4c07d4be7f858c84911da379ff234cb,48,stagnant,unproductive_cycle,False,False,True,False,False,
StressFresh100,StressFresh100_T000023,da052f865425aec706895c510d19e289d4c07d4be7f858c84911da379ff234cb,49,stagnant,unproductive_cycle,False,False,True,False,False,
StressFresh100,StressFresh100_T000023,da052f865425aec706895c510d19e289d4c07d4be7f858c84911da379ff234cb,50,stagnant,unproductive_cycle,False,False,True,False,False,
StressFresh100,StressFresh100_T000023,da052f865425aec706895c510d19e289d4c07d4be7f858c84911da379ff234cb,51,stagnant,unproductive_cycle,False,False,True,False,False,
StressFresh100,StressFresh100_T000023,da052f865425aec706895c510d19e289d4c07d4be7f858c84911da379ff234cb,52,stagnant,unproductive_cycle,False,False,True,False,False,
StressFresh100,StressFresh100_T000023,da052f865425aec706895c510d19e289d4c07d4be7f858c84911da379ff234cb,53,stagnant,unproductive_cycle,False,False,True,False,False,
StressFresh100,StressFresh100_T000023,da052f865425aec706895c510d19e289d4c07d4be7f858c84911da379ff234cb,54,stagnant,unproductive_cycle,False,False,True,False,False,
StressFresh100,StressFresh100_T000023,da052f865425aec706895c510d19e289d4c07d4be7f858c84911da379ff234cb,55,stagnant,unproductive_cycle,False,False,True,False,False,
StressFresh100,StressFresh100_T000023,da052f865425aec706895c510d19e289d4c07d4be7f858c84911da379ff234cb,56,stagnant,unproductive_cycle,False,False,True,False,False,
StressFresh100,StressFresh100_T000023,da052f865425aec706895c510d19e289d4c07d4be7f858c84911da379ff234cb,57,stagnant,unproductive_cycle,False,False,True,False,False,
StressFresh100,StressFresh100_T000023,da052f865425aec706895c510d19e289d4c07d4be7f858c84911da379ff234cb,58,stagnant,unproductive_cycle,False,False,True,False,False,
StressFresh100,StressFresh100_T000023,da052f865425aec706895c510d19e289d4c07d4be7f858c84911da379ff234cb,59,stagnant,unproductive_cycle,False,False,True,False,False,
StressFresh100,StressFresh100_T000023,da052f865425aec706895c510d19e289d4c07d4be7f858c84911da379ff234cb,60,stagnant,unproductive_cycle,False,False,True,False,False,
StressFresh100,StressFresh100_T000023,da052f865425aec706895c510d19e289d4c07d4be7f858c84911da379ff234cb,61,stagnant,unproductive_cycle,False,False,True,False,False,
StressFresh100,StressFresh100_T000023,da052f865425aec706895c510d19e289d4c07d4be7f858c84911da379ff234cb,62,stagnant,unproductive_cycle,False,False,True,False,False,
StressFresh100,StressFresh100_T000023,da052f865425aec706895c510d19e289d4c07d4be7f858c84911da379ff234cb,63,stagnant,unproductive_cycle,False,False,True,False,False,
StressFresh100,StressFresh100_T000023,da052f865425aec706895c510d19e289d4c07d4be7f858c84911da379ff234cb,64,stagnant,unproductive_cycle,False,False,True,False,False,
StressFresh100,StressFresh100_T000023,da052f865425aec706895c510d19e289d4c07d4be7f858c84911da379ff234cb,65,stagnant,unproductive_cycle,False,False,True,False,False,
StressFresh100,StressFresh100_T000023,da052f865425aec706895c510d19e289d4c07d4be7f858c84911da379ff234cb,66,stagnant,unproductive_cycle,False,False,True,False,False,
StressFresh100,StressFresh100_T000023,da052f865425aec706895c510d19e289d4c07d4be7f858c84911da379ff234cb,67,stagnant,unproductive_cycle,False,False,True,False,False,
StressFresh100,StressFresh100_T000023,da052f865425aec706895c510d19e289d4c07d4be7f858c84911da379ff234cb,68,stagnant,unproductive_cycle,False,False,True,False,False,
StressFresh100,StressFresh100_T000023,da052f865425aec706895c510d19e289d4c07d4be7f858c84911da379ff234cb,69,stagnant,unproductive_cycle,False,False,True,False,False,
StressFresh100,StressFresh100_T000023,da052f865425aec706895c510d19e289d4c07d4be7f858c84911da379ff234cb,70,stagnant,unproductive_cycle,False,False,True,False,False,
StressFresh100,StressFresh100_T000024,22fdee8fbbece0ed14943d83dafacb0ea9aa5a4a5abe8d7c10f11e9041c19dd8,0,productive,none,False,False,False,False,False,
StressFresh100,StressFresh100_T000024,22fdee8fbbece0ed14943d83dafacb0ea9aa5a4a5abe8d7c10f11e9041c19dd8,1,productive,none,False,False,False,False,False,
StressFresh100,StressFresh100_T000024,22fdee8fbbece0ed14943d83dafacb0ea9aa5a4a5abe8d7c10f11e9041c19dd8,2,productive,none,False,False,False,False,False,
StressFresh100,StressFresh100_T000024,22fdee8fbbece0ed14943d83dafacb0ea9aa5a4a5abe8d7c10f11e9041c19dd8,3,productive,none,False,False,False,False,False,
StressFresh100,StressFresh100_T000024,22fdee8fbbece0ed14943d83dafacb0ea9aa5a4a5abe8d7c10f11e9041c19dd8,4,productive,none,False,False,False,False,False,
StressFresh100,StressFresh100_T000024,22fdee8fbbece0ed14943d83dafacb0ea9aa5a4a5abe8d7c10f11e9041c19dd8,5,uncertain,none,False,False,False,True,False,
StressFresh100,StressFresh100_T000024,22fdee8fbbece0ed14943d83dafacb0ea9aa5a4a5abe8d7c10f11e9041c19dd8,6,stagnant,unproductive_cycle,False,False,True,False,False,
StressFresh100,StressFresh100_T000024,22fdee8fbbece0ed14943d83dafacb0ea9aa5a4a5abe8d7c10f11e9041c19dd8,7,stagnant,unproductive_cycle,False,False,True,False,False,
StressFresh100,StressFresh100_T000024,22fdee8fbbece0ed14943d83dafacb0ea9aa5a4a5abe8d7c10f11e9041c19dd8,8,stagnant,unproductive_cycle,False,False,True,False,False,
StressFresh100,StressFresh100_T000024,22fdee8fbbece0ed14943d83dafacb0ea9aa5a4a5abe8d7c10f11e9041c19dd8,9,uncertain,none,False,False,False,True,False,
StressFresh100,StressFresh100_T000024,22fdee8fbbece0ed14943d83dafacb0ea9aa5a4a5abe8d7c10f11e9041c19dd8,10,stagnant,unproductive_cycle,False,False,True,False,False,
StressFresh100,StressFresh100_T000024,22fdee8fbbece0ed14943d83dafacb0ea9aa5a4a5abe8d7c10f11e9041c19dd8,11,stagnant,unproductive_cycle,False,False,True,False,False,
StressFresh100,StressFresh100_T000024,22fdee8fbbece0ed14943d83dafacb0ea9aa5a4a5abe8d7c10f11e9041c19dd8,12,productive,none,False,False,False,False,False,
StressFresh100,StressFresh100_T000024,22fdee8fbbece0ed14943d83dafacb0ea9aa5a4a5abe8d7c10f11e9041c19dd8,13,productive,none,False,False,False,False,False,
StressFresh100,StressFresh100_T000024,22fdee8fbbece0ed14943d83dafacb0ea9aa5a4a5abe8d7c10f11e9041c19dd8,14,uncertain,none,False,False,False,True,False,
StressFresh100,StressFresh100_T000024,22fdee8fbbece0ed14943d83dafacb0ea9aa5a4a5abe8d7c10f11e9041c19dd8,15,productive,none,False,False,False,False,False,
StressFresh100,StressFresh100_T000024,22fdee8fbbece0ed14943d83dafacb0ea9aa5a4a5abe8d7c10f11e9041c19dd8,16,productive,none,False,False,False,False,False,
StressFresh100,StressFresh100_T000024,22fdee8fbbece0ed14943d83dafacb0ea9aa5a4a5abe8d7c10f11e9041c19dd8,17,productive,none,False,False,False,False,False,
StressFresh100,StressFresh100_T000024,22fdee8fbbece0ed14943d83dafacb0ea9aa5a4a5abe8d7c10f11e9041c19dd8,18,stagnant,unproductive_cycle,False,False,True,False,False,
StressFresh100,StressFresh100_T000024,22fdee8fbbece0ed14943d83dafacb0ea9aa5a4a5abe8d7c10f11e9041c19dd8,19,stagnant,unproductive_cycle,False,False,True,False,False,
StressFresh100,StressFresh100_T000024,22fdee8fbbece0ed14943d83dafacb0ea9aa5a4a5abe8d7c10f11e9041c19dd8,20,stagnant,unproductive_cycle,False,False,True,False,False,
StressFresh100,StressFresh100_T000024,22fdee8fbbece0ed14943d83dafacb0ea9aa5a4a5abe8d7c10f11e9041c19dd8,21,stagnant,unproductive_cycle,False,False,True,False,False,
StressFresh100,StressFresh100_T000024,22fdee8fbbece0ed14943d83dafacb0ea9aa5a4a5abe8d7c10f11e9041c19dd8,22,stagnant,unproductive_cycle,False,False,True,False,False,
StressFresh100,StressFresh100_T000024,22fdee8fbbece0ed14943d83dafacb0ea9aa5a4a5abe8d7c10f11e9041c19dd8,23,stagnant,unproductive_cycle,False,False,True,False,False,
StressFresh100,StressFresh100_T000024,22fdee8fbbece0ed14943d83dafacb0ea9aa5a4a5abe8d7c10f11e9041c19dd8,24,stagnant,unproductive_cycle,False,False,True,False,False,
StressFresh100,StressFresh100_T000024,22fdee8fbbece0ed14943d83dafacb0ea9aa5a4a5abe8d7c10f11e9041c19dd8,25,stagnant,unproductive_cycle,False,False,True,False,False,
StressFresh100,StressFresh100_T000024,22fdee8fbbece0ed14943d83dafacb0ea9aa5a4a5abe8d7c10f11e9041c19dd8,26,stagnant,unproductive_cycle,False,False,True,False,False,
StressFresh100,StressFresh100_T000024,22fdee8fbbece0ed14943d83dafacb0ea9aa5a4a5abe8d7c10f11e9041c19dd8,27,stagnant,unproductive_cycle,False,False,True,False,False,
StressFresh100,StressFresh100_T000024,22fdee8fbbece0ed14943d83dafacb0ea9aa5a4a5abe8d7c10f11e9041c19dd8,28,stagnant,unproductive_cycle,False,False,True,False,False,
StressFresh100,StressFresh100_T000024,22fdee8fbbece0ed14943d83dafacb0ea9aa5a4a5abe8d7c10f11e9041c19dd8,29,stagnant,unproductive_cycle,False,False,True,False,False,
StressFresh100,StressFresh100_T000024,22fdee8fbbece0ed14943d83dafacb0ea9aa5a4a5abe8d7c10f11e9041c19dd8,30,stagnant,unproductive_cycle,False,False,True,False,False,
StressFresh100,StressFresh100_T000024,22fdee8fbbece0ed14943d83dafacb0ea9aa5a4a5abe8d7c10f11e9041c19dd8,31,stagnant,unproductive_cycle,False,False,True,False,False,
StressFresh100,StressFresh100_T000024,22fdee8fbbece0ed14943d83dafacb0ea9aa5a4a5abe8d7c10f11e9041c19dd8,32,stagnant,unproductive_cycle,False,False,True,False,False,
StressFresh100,StressFresh100_T000026,5461a9d3d032dad54f3a326269ddc3eaa21da083d49e31832bcfaa33c4696cd2,0,productive,none,False,False,False,False,False,
StressFresh100,StressFresh100_T000026,5461a9d3d032dad54f3a326269ddc3eaa21da083d49e31832bcfaa33c4696cd2,1,productive,none,False,False,False,False,False,
StressFresh100,StressFresh100_T000026,5461a9d3d032dad54f3a326269ddc3eaa21da083d49e31832bcfaa33c4696cd2,2,productive,none,False,False,False,False,False,
StressFresh100,StressFresh100_T000026,5461a9d3d032dad54f3a326269ddc3eaa21da083d49e31832bcfaa33c4696cd2,3,productive,none,False,False,False,False,False,
StressFresh100,StressFresh100_T000026,5461a9d3d032dad54f3a326269ddc3eaa21da083d49e31832bcfaa33c4696cd2,4,productive,none,False,False,False,False,False,
StressFresh100,StressFresh100_T000026,5461a9d3d032dad54f3a326269ddc3eaa21da083d49e31832bcfaa33c4696cd2,5,productive,none,False,False,False,False,False,
StressFresh100,StressFresh100_T000026,5461a9d3d032dad54f3a326269ddc3eaa21da083d49e31832bcfaa33c4696cd2,6,stagnant,unproductive_cycle,False,False,True,False,False,
StressFresh100,StressFresh100_T000026,5461a9d3d032dad54f3a326269ddc3eaa21da083d49e31832bcfaa33c4696cd2,7,stagnant,unproductive_cycle,False,False,True,False,False,
StressFresh100,StressFresh100_T000026,5461a9d3d032dad54f3a326269ddc3eaa21da083d49e31832bcfaa33c4696cd2,8,stagnant,unproductive_cycle,False,False,True,False,False,
StressFresh100,StressFresh100_T000026,5461a9d3d032dad54f3a326269ddc3eaa21da083d49e31832bcfaa33c4696cd2,9,productive,none,False,False,False,False,False,
StressFresh100,StressFresh100_T000026,5461a9d3d032dad54f3a326269ddc3eaa21da083d49e31832bcfaa33c4696cd2,10,productive,none,False,False,False,False,False,
StressFresh100,StressFresh100_T000026,5461a9d3d032dad54f3a326269ddc3eaa21da083d49e31832bcfaa33c4696cd2,11,stagnant,unproductive_cycle,False,False,True,False,False,
StressFresh100,StressFresh100_T000026,5461a9d3d032dad54f3a326269ddc3eaa21da083d49e31832bcfaa33c4696cd2,12,stagnant,unproductive_cycle,False,False,True,False,False,
StressFresh100,StressFresh100_T000026,5461a9d3d032dad54f3a326269ddc3eaa21da083d49e31832bcfaa33c4696cd2,13,stagnant,unproductive_cycle,False,False,True,False,False,
StressFresh100,StressFresh100_T000026,5461a9d3d032dad54f3a326269ddc3eaa21da083d49e31832bcfaa33c4696cd2,14,stagnant,unproductive_cycle,False,False,True,False,False,
StressFresh100,StressFresh100_T000026,5461a9d3d032dad54f3a326269ddc3eaa21da083d49e31832bcfaa33c4696cd2,15,stagnant,none,False,False,False,False,False,
StressFresh100,StressFresh100_T000026,5461a9d3d032dad54f3a326269ddc3eaa21da083d49e31832bcfaa33c4696cd2,16,stagnant,none,False,False,False,False,False,
StressFresh100,StressFresh100_T000027,db4d5176c39a75b66a7b11b16f06661fc766a57caab6e63a3503b04b55b04d4e,0,stagnant,none,False,False,False,False,False,
StressFresh100,StressFresh100_T000027,db4d5176c39a75b66a7b11b16f06661fc766a57caab6e63a3503b04b55b04d4e,1,productive,productive_iteration,False,True,False,False,False,
StressFresh100,StressFresh100_T000027,db4d5176c39a75b66a7b11b16f06661fc766a57caab6e63a3503b04b55b04d4e,2,productive,productive_iteration,False,True,False,False,False,
StressFresh100,StressFresh100_T000027,db4d5176c39a75b66a7b11b16f06661fc766a57caab6e63a3503b04b55b04d4e,3,productive,productive_iteration,False,True,False,False,False,
StressFresh100,StressFresh100_T000027,db4d5176c39a75b66a7b11b16f06661fc766a57caab6e63a3503b04b55b04d4e,4,stagnant,unproductive_cycle,False,False,True,False,False,
StressFresh100,StressFresh100_T000027,db4d5176c39a75b66a7b11b16f06661fc766a57caab6e63a3503b04b55b04d4e,5,stagnant,unproductive_cycle,False,False,True,False,False,
StressFresh100,StressFresh100_T000027,db4d5176c39a75b66a7b11b16f06661fc766a57caab6e63a3503b04b55b04d4e,6,stagnant,unproductive_cycle,False,False,True,False,False,
StressFresh100,StressFresh100_T000027,db4d5176c39a75b66a7b11b16f06661fc766a57caab6e63a3503b04b55b04d4e,7,stagnant,unproductive_cycle,False,False,True,False,False,
StressFresh100,StressFresh100_T000027,db4d5176c39a75b66a7b11b16f06661fc766a57caab6e63a3503b04b55b04d4e,8,stagnant,unproductive_cycle,False,False,True,False,False,
StressFresh100,StressFresh100_T000027,db4d5176c39a75b66a7b11b16f06661fc766a57caab6e63a3503b04b55b04d4e,9,stagnant,unproductive_cycle,False,False,True,False,False,
StressFresh100,StressFresh100_T000027,db4d5176c39a75b66a7b11b16f06661fc766a57caab6e63a3503b04b55b04d4e,10,stagnant,unproductive_cycle,False,False,True,False,False,
StressFresh100,StressFresh100_T000027,db4d5176c39a75b66a7b11b16f06661fc766a57caab6e63a3503b04b55b04d4e,11,stagnant,unproductive_cycle,False,False,True,False,False,
StressFresh100,StressFresh100_T000027,db4d5176c39a75b66a7b11b16f06661fc766a57caab6e63a3503b04b55b04d4e,12,stagnant,unproductive_cycle,False,False,True,False,False,
StressFresh100,StressFresh100_T000027,db4d5176c39a75b66a7b11b16f06661fc766a57caab6e63a3503b04b55b04d4e,13,productive,none,False,False,False,False,False,
StressFresh100,StressFresh100_T000027,db4d5176c39a75b66a7b11b16f06661fc766a57caab6e63a3503b04b55b04d4e,14,stagnant,unproductive_cycle,False,False,True,False,False,
StressFresh100,StressFresh100_T000027,db4d5176c39a75b66a7b11b16f06661fc766a57caab6e63a3503b04b55b04d4e,15,stagnant,unproductive_cycle,False,False,True,False,False,
StressFresh100,StressFresh100_T000027,db4d5176c39a75b66a7b11b16f06661fc766a57caab6e63a3503b04b55b04d4e,16,stagnant,unproductive_cycle,False,False,True,False,False,
StressFresh100,StressFresh100_T000028,4462e9176dffdc62e6da4db7c1a0054f7768a71b4e63b8bcd875cb330ac20934,0,productive,none,False,False,False,False,False,
StressFresh100,StressFresh100_T000028,4462e9176dffdc62e6da4db7c1a0054f7768a71b4e63b8bcd875cb330ac20934,1,productive,none,False,False,False,False,False,
StressFresh100,StressFresh100_T000028,4462e9176dffdc62e6da4db7c1a0054f7768a71b4e63b8bcd875cb330ac20934,2,productive,none,False,False,False,False,False,
StressFresh100,StressFresh100_T000028,4462e9176dffdc62e6da4db7c1a0054f7768a71b4e63b8bcd875cb330ac20934,3,stagnant,unproductive_cycle,False,False,True,False,False,
StressFresh100,StressFresh100_T000028,4462e9176dffdc62e6da4db7c1a0054f7768a71b4e63b8bcd875cb330ac20934,4,stagnant,unproductive_cycle,False,False,True,False,False,
StressFresh100,StressFresh100_T000028,4462e9176dffdc62e6da4db7c1a0054f7768a71b4e63b8bcd875cb330ac20934,5,stagnant,unproductive_cycle,False,False,True,False,False,
StressFresh100,StressFresh100_T000028,4462e9176dffdc62e6da4db7c1a0054f7768a71b4e63b8bcd875cb330ac20934,6,productive,none,False,False,False,False,False,
StressFresh100,StressFresh100_T000028,4462e9176dffdc62e6da4db7c1a0054f7768a71b4e63b8bcd875cb330ac20934,7,productive,none,False,False,False,False,False,
StressFresh100,StressFresh100_T000028,4462e9176dffdc62e6da4db7c1a0054f7768a71b4e63b8bcd875cb330ac20934,8,productive,none,False,False,False,False,False,
StressFresh100,StressFresh100_T000028,4462e9176dffdc62e6da4db7c1a0054f7768a71b4e63b8bcd875cb330ac20934,9,productive,none,False,False,False,False,False,
StressFresh100,StressFresh100_T000028,4462e9176dffdc62e6da4db7c1a0054f7768a71b4e63b8bcd875cb330ac20934,10,productive,productive_iteration,False,True,False,False,False,
StressFresh100,StressFresh100_T000028,4462e9176dffdc62e6da4db7c1a0054f7768a71b4e63b8bcd875cb330ac20934,11,productive,productive_iteration,False,True,False,False,False,
StressFresh100,StressFresh100_T000028,4462e9176dffdc62e6da4db7c1a0054f7768a71b4e63b8bcd875cb330ac20934,12,productive,none,False,False,False,False,False,
StressFresh100,StressFresh100_T000028,4462e9176dffdc62e6da4db7c1a0054f7768a71b4e63b8bcd875cb330ac20934,13,productive,none,False,False,False,False,False,
StressFresh100,StressFresh100_T000031,79ebac843584e2139b357b1c18861e8c80543c8a2fdcacb1f881dabccf5fa456,0,productive,productive_iteration,False,True,False,False,False,
StressFresh100,StressFresh100_T000031,79ebac843584e2139b357b1c18861e8c80543c8a2fdcacb1f881dabccf5fa456,1,productive,productive_iteration,False,True,False,False,False,
StressFresh100,StressFresh100_T000031,79ebac843584e2139b357b1c18861e8c80543c8a2fdcacb1f881dabccf5fa456,2,productive,productive_iteration,False,True,False,False,False,
StressFresh100,StressFresh100_T000031,79ebac843584e2139b357b1c18861e8c80543c8a2fdcacb1f881dabccf5fa456,3,productive,productive_iteration,False,True,False,False,False,
StressFresh100,StressFresh100_T000031,79ebac843584e2139b357b1c18861e8c80543c8a2fdcacb1f881dabccf5fa456,4,productive,productive_iteration,False,True,False,False,False,
StressFresh100,StressFresh100_T000031,79ebac843584e2139b357b1c18861e8c80543c8a2fdcacb1f881dabccf5fa456,5,productive,productive_iteration,False,True,False,False,False,
StressFresh100,StressFresh100_T000031,79ebac843584e2139b357b1c18861e8c80543c8a2fdcacb1f881dabccf5fa456,6,productive,productive_iteration,False,True,False,False,False,
StressFresh100,StressFresh100_T000031,79ebac843584e2139b357b1c18861e8c80543c8a2fdcacb1f881dabccf5fa456,7,uncertain,none,False,False,False,True,False,
StressFresh100,StressFresh100_T000031,79ebac843584e2139b357b1c18861e8c80543c8a2fdcacb1f881dabccf5fa456,8,productive,none,False,False,False,False,False,
StressFresh100,StressFresh100_T000031,79ebac843584e2139b357b1c18861e8c80543c8a2fdcacb1f881dabccf5fa456,9,stagnant,unproductive_cycle,False,False,True,False,False,
StressFresh100,StressFresh100_T000031,79ebac843584e2139b357b1c18861e8c80543c8a2fdcacb1f881dabccf5fa456,10,stagnant,unproductive_cycle,False,False,True,False,False,
StressFresh100,StressFresh100_T000031,79ebac843584e2139b357b1c18861e8c80543c8a2fdcacb1f881dabccf5fa456,11,productive,none,False,False,False,False,False,
StressFresh100,StressFresh100_T000031,79ebac843584e2139b357b1c18861e8c80543c8a2fdcacb1f881dabccf5fa456,12,productive,none,False,False,False,False,False,
StressFresh100,StressFresh100_T000031,79ebac843584e2139b357b1c18861e8c80543c8a2fdcacb1f881dabccf5fa456,13,productive,none,False,False,False,False,False,
StressFresh100,StressFresh100_T000031,79ebac843584e2139b357b1c18861e8c80543c8a2fdcacb1f881dabccf5fa456,14,stagnant,unproductive_cycle,False,False,True,False,False,
StressFresh100,StressFresh100_T000031,79ebac843584e2139b357b1c18861e8c80543c8a2fdcacb1f881dabccf5fa456,15,stagnant,unproductive_cycle,False,False,True,False,False,
StressFresh100,StressFresh100_T000031,79ebac843584e2139b357b1c18861e8c80543c8a2fdcacb1f881dabccf5fa456,16,stagnant,unproductive_cycle,False,False,True,False,False,
StressFresh100,StressFresh100_T000031,79ebac843584e2139b357b1c18861e8c80543c8a2fdcacb1f881dabccf5fa456,17,stagnant,unproductive_cycle,False,False,True,False,False,
StressFresh100,StressFresh100_T000031,79ebac843584e2139b357b1c18861e8c80543c8a2fdcacb1f881dabccf5fa456,18,stagnant,unproductive_cycle,False,False,True,False,False,
StressFresh100,StressFresh100_T000031,79ebac843584e2139b357b1c18861e8c80543c8a2fdcacb1f881dabccf5fa456,19,stagnant,unproductive_cycle,False,False,True,False,False,
StressFresh100,StressFresh100_T000031,79ebac843584e2139b357b1c18861e8c80543c8a2fdcacb1f881dabccf5fa456,20,stagnant,unproductive_cycle,False,False,True,False,False,
StressFresh100,StressFresh100_T000031,79ebac843584e2139b357b1c18861e8c80543c8a2fdcacb1f881dabccf5fa456,21,stagnant,unproductive_cycle,False,False,True,False,False,
StressFresh100,StressFresh100_T000031,79ebac843584e2139b357b1c18861e8c80543c8a2fdcacb1f881dabccf5fa456,22,stagnant,unproductive_cycle,False,False,True,False,False,
StressFresh100,StressFresh100_T000031,79ebac843584e2139b357b1c18861e8c80543c8a2fdcacb1f881dabccf5fa456,23,stagnant,unproductive_cycle,False,False,True,False,False,
StressFresh100,StressFresh100_T000031,79ebac843584e2139b357b1c18861e8c80543c8a2fdcacb1f881dabccf5fa456,24,stagnant,unproductive_cycle,False,False,True,False,False,
StressFresh100,StressFresh100_T000031,79ebac843584e2139b357b1c18861e8c80543c8a2fdcacb1f881dabccf5fa456,25,stagnant,unproductive_cycle,False,False,True,False,False,
StressFresh100,StressFresh100_T000031,79ebac843584e2139b357b1c18861e8c80543c8a2fdcacb1f881dabccf5fa456,26,stagnant,unproductive_cycle,False,False,True,False,False,
StressFresh100,StressFresh100_T000031,79ebac843584e2139b357b1c18861e8c80543c8a2fdcacb1f881dabccf5fa456,27,stagnant,unproductive_cycle,False,False,True,False,False,
StressFresh100,StressFresh100_T000031,79ebac843584e2139b357b1c18861e8c80543c8a2fdcacb1f881dabccf5fa456,28,stagnant,unproductive_cycle,False,False,True,False,False,
StressFresh100,StressFresh100_T000031,79ebac843584e2139b357b1c18861e8c80543c8a2fdcacb1f881dabccf5fa456,29,stagnant,unproductive_cycle,False,False,True,False,False,
StressFresh100,StressFresh100_T000031,79ebac843584e2139b357b1c18861e8c80543c8a2fdcacb1f881dabccf5fa456,30,stagnant,unproductive_cycle,False,False,True,False,False,
StressFresh100,StressFresh100_T000031,79ebac843584e2139b357b1c18861e8c80543c8a2fdcacb1f881dabccf5fa456,31,stagnant,unproductive_cycle,False,False,True,False,False,
StressFresh100,StressFresh100_T000031,79ebac843584e2139b357b1c18861e8c80543c8a2fdcacb1f881dabccf5fa456,32,stagnant,unproductive_cycle,False,False,True,False,False,
StressFresh100,StressFresh100_T000031,79ebac843584e2139b357b1c18861e8c80543c8a2fdcacb1f881dabccf5fa456,33,stagnant,unproductive_cycle,False,False,True,False,False,
StressFresh100,StressFresh100_T000031,79ebac843584e2139b357b1c18861e8c80543c8a2fdcacb1f881dabccf5fa456,34,stagnant,unproductive_cycle,False,False,True,False,False,
StressFresh100,StressFresh100_T000031,79ebac843584e2139b357b1c18861e8c80543c8a2fdcacb1f881dabccf5fa456,35,stagnant,unproductive_cycle,False,False,True,False,False,
StressFresh100,StressFresh100_T000031,79ebac843584e2139b357b1c18861e8c80543c8a2fdcacb1f881dabccf5fa456,36,stagnant,unproductive_cycle,False,False,True,False,False,
StressFresh100,StressFresh100_T000031,79ebac843584e2139b357b1c18861e8c80543c8a2fdcacb1f881dabccf5fa456,37,stagnant,unproductive_cycle,False,False,True,False,False,
StressFresh100,StressFresh100_T000031,79ebac843584e2139b357b1c18861e8c80543c8a2fdcacb1f881dabccf5fa456,38,stagnant,unproductive_cycle,False,False,True,False,False,
StressFresh100,StressFresh100_T000031,79ebac843584e2139b357b1c18861e8c80543c8a2fdcacb1f881dabccf5fa456,39,stagnant,unproductive_cycle,False,False,True,False,False,
StressFresh100,StressFresh100_T000031,79ebac843584e2139b357b1c18861e8c80543c8a2fdcacb1f881dabccf5fa456,40,stagnant,unproductive_cycle,False,False,True,False,False,
StressFresh100,StressFresh100_T000031,79ebac843584e2139b357b1c18861e8c80543c8a2fdcacb1f881dabccf5fa456,41,stagnant,unproductive_cycle,False,False,True,False,False,
StressFresh100,StressFresh100_T000031,79ebac843584e2139b357b1c18861e8c80543c8a2fdcacb1f881dabccf5fa456,42,stagnant,unproductive_cycle,False,False,True,False,False,
StressFresh100,StressFresh100_T000031,79ebac843584e2139b357b1c18861e8c80543c8a2fdcacb1f881dabccf5fa456,43,stagnant,unproductive_cycle,False,False,True,False,False,
StressFresh100,StressFresh100_T000031,79ebac843584e2139b357b1c18861e8c80543c8a2fdcacb1f881dabccf5fa456,44,stagnant,unproductive_cycle,False,False,True,False,False,
StressFresh100,StressFresh100_T000031,79ebac843584e2139b357b1c18861e8c80543c8a2fdcacb1f881dabccf5fa456,45,stagnant,unproductive_cycle,False,False,True,False,False,
StressFresh100,StressFresh100_T000031,79ebac843584e2139b357b1c18861e8c80543c8a2fdcacb1f881dabccf5fa456,46,stagnant,unproductive_cycle,False,False,True,False,False,
StressFresh100,StressFresh100_T000031,79ebac843584e2139b357b1c18861e8c80543c8a2fdcacb1f881dabccf5fa456,47,stagnant,unproductive_cycle,False,False,True,False,False,
StressFresh100,StressFresh100_T000031,79ebac843584e2139b357b1c18861e8c80543c8a2fdcacb1f881dabccf5fa456,48,stagnant,unproductive_cycle,False,False,True,False,False,
StressFresh100,StressFresh100_T000031,79ebac843584e2139b357b1c18861e8c80543c8a2fdcacb1f881dabccf5fa456,49,stagnant,unproductive_cycle,False,False,True,False,False,
StressFresh100,StressFresh100_T000031,79ebac843584e2139b357b1c18861e8c80543c8a2fdcacb1f881dabccf5fa456,50,stagnant,unproductive_cycle,False,False,True,False,False,
StressFresh100,StressFresh100_T000031,79ebac843584e2139b357b1c18861e8c80543c8a2fdcacb1f881dabccf5fa456,51,stagnant,unproductive_cycle,False,False,True,False,False,
StressFresh100,StressFresh100_T000031,79ebac843584e2139b357b1c18861e8c80543c8a2fdcacb1f881dabccf5fa456,52,stagnant,unproductive_cycle,False,False,True,False,False,
StressFresh100,StressFresh100_T000031,79ebac843584e2139b357b1c18861e8c80543c8a2fdcacb1f881dabccf5fa456,53,stagnant,unproductive_cycle,False,False,True,False,False,
StressFresh100,StressFresh100_T000031,79ebac843584e2139b357b1c18861e8c80543c8a2fdcacb1f881dabccf5fa456,54,stagnant,unproductive_cycle,False,False,True,False,False,
StressFresh100,StressFresh100_T000031,79ebac843584e2139b357b1c18861e8c80543c8a2fdcacb1f881dabccf5fa456,55,stagnant,unproductive_cycle,False,False,True,False,False,
StressFresh100,StressFresh100_T000031,79ebac843584e2139b357b1c18861e8c80543c8a2fdcacb1f881dabccf5fa456,56,stagnant,unproductive_cycle,False,False,True,False,False,
StressFresh100,StressFresh100_T000031,79ebac843584e2139b357b1c18861e8c80543c8a2fdcacb1f881dabccf5fa456,57,stagnant,unproductive_cycle,False,False,True,False,False,
StressFresh100,StressFresh100_T000031,79ebac843584e2139b357b1c18861e8c80543c8a2fdcacb1f881dabccf5fa456,58,stagnant,unproductive_cycle,False,False,True,False,False,
StressFresh100,StressFresh100_T000031,79ebac843584e2139b357b1c18861e8c80543c8a2fdcacb1f881dabccf5fa456,59,stagnant,unproductive_cycle,False,False,True,False,False,
StressFresh100,StressFresh100_T000031,79ebac843584e2139b357b1c18861e8c80543c8a2fdcacb1f881dabccf5fa456,60,stagnant,unproductive_cycle,False,False,True,False,False,
StressFresh100,StressFresh100_T000031,79ebac843584e2139b357b1c18861e8c80543c8a2fdcacb1f881dabccf5fa456,61,stagnant,unproductive_cycle,False,False,True,False,False,
StressFresh100,StressFresh100_T000031,79ebac843584e2139b357b1c18861e8c80543c8a2fdcacb1f881dabccf5fa456,62,stagnant,unproductive_cycle,False,False,True,False,False,
StressFresh100,StressFresh100_T000031,79ebac843584e2139b357b1c18861e8c80543c8a2fdcacb1f881dabccf5fa456,63,stagnant,unproductive_cycle,False,False,True,False,False,
StressFresh100,StressFresh100_T000031,79ebac843584e2139b357b1c18861e8c80543c8a2fdcacb1f881dabccf5fa456,64,stagnant,unproductive_cycle,False,False,True,False,False,
StressFresh100,StressFresh100_T000031,79ebac843584e2139b357b1c18861e8c80543c8a2fdcacb1f881dabccf5fa456,65,stagnant,unproductive_cycle,False,False,True,False,False,
StressFresh100,StressFresh100_T000031,79ebac843584e2139b357b1c18861e8c80543c8a2fdcacb1f881dabccf5fa456,66,stagnant,unproductive_cycle,False,False,True,False,False,
StressFresh100,StressFresh100_T000031,79ebac843584e2139b357b1c18861e8c80543c8a2fdcacb1f881dabccf5fa456,67,stagnant,unproductive_cycle,False,False,True,False,False,
StressFresh100,StressFresh100_T000031,79ebac843584e2139b357b1c18861e8c80543c8a2fdcacb1f881dabccf5fa456,68,stagnant,unproductive_cycle,False,False,True,False,False,
StressFresh100,StressFresh100_T000031,79ebac843584e2139b357b1c18861e8c80543c8a2fdcacb1f881dabccf5fa456,69,stagnant,unproductive_cycle,False,False,True,False,False,
StressFresh100,StressFresh100_T000031,79ebac843584e2139b357b1c18861e8c80543c8a2fdcacb1f881dabccf5fa456,70,stagnant,unproductive_cycle,False,False,True,False,False,
StressFresh100,StressFresh100_T000031,79ebac843584e2139b357b1c18861e8c80543c8a2fdcacb1f881dabccf5fa456,71,stagnant,unproductive_cycle,False,False,True,False,False,
StressFresh100,StressFresh100_T000031,79ebac843584e2139b357b1c18861e8c80543c8a2fdcacb1f881dabccf5fa456,72,stagnant,unproductive_cycle,False,False,True,False,False,
StressFresh100,StressFresh100_T000031,79ebac843584e2139b357b1c18861e8c80543c8a2fdcacb1f881dabccf5fa456,73,stagnant,unproductive_cycle,False,False,True,False,False,
StressFresh100,StressFresh100_T000031,79ebac843584e2139b357b1c18861e8c80543c8a2fdcacb1f881dabccf5fa456,74,stagnant,unproductive_cycle,False,False,True,False,False,
StressFresh100,StressFresh100_T000031,79ebac843584e2139b357b1c18861e8c80543c8a2fdcacb1f881dabccf5fa456,75,stagnant,unproductive_cycle,False,False,True,False,False,
StressFresh100,StressFresh100_T000031,79ebac843584e2139b357b1c18861e8c80543c8a2fdcacb1f881dabccf5fa456,76,stagnant,unproductive_cycle,False,False,True,False,False,
StressFresh100,StressFresh100_T000031,79ebac843584e2139b357b1c18861e8c80543c8a2fdcacb1f881dabccf5fa456,77,stagnant,unproductive_cycle,False,False,True,False,False,
StressFresh100,StressFresh100_T000031,79ebac843584e2139b357b1c18861e8c80543c8a2fdcacb1f881dabccf5fa456,78,stagnant,unproductive_cycle,False,False,True,False,False,
StressFresh100,StressFresh100_T000031,79ebac843584e2139b357b1c18861e8c80543c8a2fdcacb1f881dabccf5fa456,79,stagnant,unproductive_cycle,False,False,True,False,False,
StressFresh100,StressFresh100_T000031,79ebac843584e2139b357b1c18861e8c80543c8a2fdcacb1f881dabccf5fa456,80,stagnant,unproductive_cycle,False,False,True,False,False,
StressFresh100,StressFresh100_T000031,79ebac843584e2139b357b1c18861e8c80543c8a2fdcacb1f881dabccf5fa456,81,stagnant,unproductive_cycle,False,False,True,False,False,
StressFresh100,StressFresh100_T000031,79ebac843584e2139b357b1c18861e8c80543c8a2fdcacb1f881dabccf5fa456,82,stagnant,unproductive_cycle,False,False,True,False,False,
StressFresh100,StressFresh100_T000031,79ebac843584e2139b357b1c18861e8c80543c8a2fdcacb1f881dabccf5fa456,83,stagnant,unproductive_cycle,False,False,True,False,False,
StressFresh100,StressFresh100_T000031,79ebac843584e2139b357b1c18861e8c80543c8a2fdcacb1f881dabccf5fa456,84,stagnant,unproductive_cycle,False,False,True,False,False,
StressFresh100,StressFresh100_T000031,79ebac843584e2139b357b1c18861e8c80543c8a2fdcacb1f881dabccf5fa456,85,stagnant,unproductive_cycle,False,False,True,False,False,
StressFresh100,StressFresh100_T000031,79ebac843584e2139b357b1c18861e8c80543c8a2fdcacb1f881dabccf5fa456,86,stagnant,unproductive_cycle,False,False,True,False,False,
StressFresh100,StressFresh100_T000031,79ebac843584e2139b357b1c18861e8c80543c8a2fdcacb1f881dabccf5fa456,87,stagnant,unproductive_cycle,False,False,True,False,False,
StressFresh100,StressFresh100_T000031,79ebac843584e2139b357b1c18861e8c80543c8a2fdcacb1f881dabccf5fa456,88,stagnant,unproductive_cycle,False,False,True,False,False,
StressFresh100,StressFresh100_T000031,79ebac843584e2139b357b1c18861e8c80543c8a2fdcacb1f881dabccf5fa456,89,stagnant,unproductive_cycle,False,False,True,False,False,
StressFresh100,StressFresh100_T000031,79ebac843584e2139b357b1c18861e8c80543c8a2fdcacb1f881dabccf5fa456,90,stagnant,unproductive_cycle,False,False,True,False,False,
StressFresh100,StressFresh100_T000031,79ebac843584e2139b357b1c18861e8c80543c8a2fdcacb1f881dabccf5fa456,91,stagnant,unproductive_cycle,False,False,True,False,False,
StressFresh100,StressFresh100_T000031,79ebac843584e2139b357b1c18861e8c80543c8a2fdcacb1f881dabccf5fa456,92,stagnant,unproductive_cycle,False,False,True,False,False,
StressFresh100,StressFresh100_T000031,79ebac843584e2139b357b1c18861e8c80543c8a2fdcacb1f881dabccf5fa456,93,stagnant,unproductive_cycle,False,False,True,False,False,
StressFresh100,StressFresh100_T000031,79ebac843584e2139b357b1c18861e8c80543c8a2fdcacb1f881dabccf5fa456,94,stagnant,unproductive_cycle,False,False,True,False,False,
StressFresh100,StressFresh100_T000031,79ebac843584e2139b357b1c18861e8c80543c8a2fdcacb1f881dabccf5fa456,95,stagnant,unproductive_cycle,False,False,True,False,False,
StressFresh100,StressFresh100_T000031,79ebac843584e2139b357b1c18861e8c80543c8a2fdcacb1f881dabccf5fa456,96,stagnant,unproductive_cycle,False,False,True,False,False,
StressFresh100,StressFresh100_T000031,79ebac843584e2139b357b1c18861e8c80543c8a2fdcacb1f881dabccf5fa456,97,stagnant,unproductive_cycle,False,False,True,False,False,
StressFresh100,StressFresh100_T000031,79ebac843584e2139b357b1c18861e8c80543c8a2fdcacb1f881dabccf5fa456,98,stagnant,unproductive_cycle,False,False,True,False,False,
StressFresh100,StressFresh100_T000031,79ebac843584e2139b357b1c18861e8c80543c8a2fdcacb1f881dabccf5fa456,99,stagnant,unproductive_cycle,False,False,True,False,False,
StressFresh100,StressFresh100_T000031,79ebac843584e2139b357b1c18861e8c80543c8a2fdcacb1f881dabccf5fa456,100,stagnant,unproductive_cycle,False,False,True,False,False,
StressFresh100,StressFresh100_T000031,79ebac843584e2139b357b1c18861e8c80543c8a2fdcacb1f881dabccf5fa456,101,stagnant,unproductive_cycle,False,False,True,False,False,
StressFresh100,StressFresh100_T000031,79ebac843584e2139b357b1c18861e8c80543c8a2fdcacb1f881dabccf5fa456,102,stagnant,unproductive_cycle,False,False,True,False,False,
StressFresh100,StressFresh100_T000031,79ebac843584e2139b357b1c18861e8c80543c8a2fdcacb1f881dabccf5fa456,103,stagnant,unproductive_cycle,False,False,True,False,False,
StressFresh100,StressFresh100_T000031,79ebac843584e2139b357b1c18861e8c80543c8a2fdcacb1f881dabccf5fa456,104,stagnant,unproductive_cycle,False,False,True,False,False,
StressFresh100,StressFresh100_T000031,79ebac843584e2139b357b1c18861e8c80543c8a2fdcacb1f881dabccf5fa456,105,stagnant,unproductive_cycle,False,False,True,False,False,
StressFresh100,StressFresh100_T000031,79ebac843584e2139b357b1c18861e8c80543c8a2fdcacb1f881dabccf5fa456,106,stagnant,unproductive_cycle,False,False,True,False,False,
StressFresh100,StressFresh100_T000031,79ebac843584e2139b357b1c18861e8c80543c8a2fdcacb1f881dabccf5fa456,107,stagnant,unproductive_cycle,False,False,True,False,False,
StressFresh100,StressFresh100_T000031,79ebac843584e2139b357b1c18861e8c80543c8a2fdcacb1f881dabccf5fa456,108,stagnant,unproductive_cycle,False,False,True,False,False,
StressFresh100,StressFresh100_T000031,79ebac843584e2139b357b1c18861e8c80543c8a2fdcacb1f881dabccf5fa456,109,stagnant,unproductive_cycle,False,False,True,False,False,
StressFresh100,StressFresh100_T000031,79ebac843584e2139b357b1c18861e8c80543c8a2fdcacb1f881dabccf5fa456,110,stagnant,unproductive_cycle,False,False,True,False,False,
StressFresh100,StressFresh100_T000031,79ebac843584e2139b357b1c18861e8c80543c8a2fdcacb1f881dabccf5fa456,111,stagnant,unproductive_cycle,False,False,True,False,False,
StressFresh100,StressFresh100_T000031,79ebac843584e2139b357b1c18861e8c80543c8a2fdcacb1f881dabccf5fa456,112,stagnant,unproductive_cycle,False,False,True,False,False,
StressFresh100,StressFresh100_T000031,79ebac843584e2139b357b1c18861e8c80543c8a2fdcacb1f881dabccf5fa456,113,stagnant,unproductive_cycle,False,False,True,False,False,
StressFresh100,StressFresh100_T000031,79ebac843584e2139b357b1c18861e8c80543c8a2fdcacb1f881dabccf5fa456,114,stagnant,unproductive_cycle,False,False,True,False,False,
StressFresh100,StressFresh100_T000031,79ebac843584e2139b357b1c18861e8c80543c8a2fdcacb1f881dabccf5fa456,115,stagnant,unproductive_cycle,False,False,True,False,False,
StressFresh100,StressFresh100_T000031,79ebac843584e2139b357b1c18861e8c80543c8a2fdcacb1f881dabccf5fa456,116,stagnant,unproductive_cycle,False,False,True,False,False,
StressFresh100,StressFresh100_T000031,79ebac843584e2139b357b1c18861e8c80543c8a2fdcacb1f881dabccf5fa456,117,stagnant,unproductive_cycle,False,False,True,False,False,
StressFresh100,StressFresh100_T000031,79ebac843584e2139b357b1c18861e8c80543c8a2fdcacb1f881dabccf5fa456,118,stagnant,unproductive_cycle,False,False,True,False,False,
StressFresh100,StressFresh100_T000031,79ebac843584e2139b357b1c18861e8c80543c8a2fdcacb1f881dabccf5fa456,119,stagnant,unproductive_cycle,False,False,True,False,False,
StressFresh100,StressFresh100_T000031,79ebac843584e2139b357b1c18861e8c80543c8a2fdcacb1f881dabccf5fa456,120,stagnant,unproductive_cycle,False,False,True,False,False,
StressFresh100,StressFresh100_T000031,79ebac843584e2139b357b1c18861e8c80543c8a2fdcacb1f881dabccf5fa456,121,stagnant,unproductive_cycle,False,False,True,False,False,
StressFresh100,StressFresh100_T000031,79ebac843584e2139b357b1c18861e8c80543c8a2fdcacb1f881dabccf5fa456,122,stagnant,unproductive_cycle,False,False,True,False,False,
StressFresh100,StressFresh100_T000031,79ebac843584e2139b357b1c18861e8c80543c8a2fdcacb1f881dabccf5fa456,123,stagnant,unproductive_cycle,False,False,True,False,False,
StressFresh100,StressFresh100_T000031,79ebac843584e2139b357b1c18861e8c80543c8a2fdcacb1f881dabccf5fa456,124,stagnant,unproductive_cycle,False,False,True,False,False,
StressFresh100,StressFresh100_T000031,79ebac843584e2139b357b1c18861e8c80543c8a2fdcacb1f881dabccf5fa456,125,stagnant,unproductive_cycle,False,False,True,False,False,
StressFresh100,StressFresh100_T000031,79ebac843584e2139b357b1c18861e8c80543c8a2fdcacb1f881dabccf5fa456,126,stagnant,unproductive_cycle,False,False,True,False,False,
StressFresh100,StressFresh100_T000031,79ebac843584e2139b357b1c18861e8c80543c8a2fdcacb1f881dabccf5fa456,127,stagnant,unproductive_cycle,False,False,True,False,False,
StressFresh100,StressFresh100_T000031,79ebac843584e2139b357b1c18861e8c80543c8a2fdcacb1f881dabccf5fa456,128,stagnant,unproductive_cycle,False,False,True,False,False,
StressFresh100,StressFresh100_T000031,79ebac843584e2139b357b1c18861e8c80543c8a2fdcacb1f881dabccf5fa456,129,stagnant,unproductive_cycle,False,False,True,False,False,
StressFresh100,StressFresh100_T000031,79ebac843584e2139b357b1c18861e8c80543c8a2fdcacb1f881dabccf5fa456,130,stagnant,unproductive_cycle,False,False,True,False,False,
StressFresh100,StressFresh100_T000031,79ebac843584e2139b357b1c18861e8c80543c8a2fdcacb1f881dabccf5fa456,131,stagnant,unproductive_cycle,False,False,True,False,False,
StressFresh100,StressFresh100_T000031,79ebac843584e2139b357b1c18861e8c80543c8a2fdcacb1f881dabccf5fa456,132,stagnant,unproductive_cycle,False,False,True,False,False,
StressFresh100,StressFresh100_T000031,79ebac843584e2139b357b1c18861e8c80543c8a2fdcacb1f881dabccf5fa456,133,stagnant,unproductive_cycle,False,False,True,False,False,
StressFresh100,StressFresh100_T000031,79ebac843584e2139b357b1c18861e8c80543c8a2fdcacb1f881dabccf5fa456,134,stagnant,unproductive_cycle,False,False,True,False,False,
StressFresh100,StressFresh100_T000031,79ebac843584e2139b357b1c18861e8c80543c8a2fdcacb1f881dabccf5fa456,135,stagnant,unproductive_cycle,False,False,True,False,False,
StressFresh100,StressFresh100_T000031,79ebac843584e2139b357b1c18861e8c80543c8a2fdcacb1f881dabccf5fa456,136,stagnant,unproductive_cycle,False,False,True,False,False,
StressFresh100,StressFresh100_T000031,79ebac843584e2139b357b1c18861e8c80543c8a2fdcacb1f881dabccf5fa456,137,stagnant,unproductive_cycle,False,False,True,False,False,
StressFresh100,StressFresh100_T000031,79ebac843584e2139b357b1c18861e8c80543c8a2fdcacb1f881dabccf5fa456,138,stagnant,unproductive_cycle,False,False,True,False,False,
StressFresh100,StressFresh100_T000031,79ebac843584e2139b357b1c18861e8c80543c8a2fdcacb1f881dabccf5fa456,139,stagnant,unproductive_cycle,False,False,True,False,False,
StressFresh100,StressFresh100_T000031,79ebac843584e2139b357b1c18861e8c80543c8a2fdcacb1f881dabccf5fa456,140,stagnant,unproductive_cycle,False,False,True,False,False,
StressFresh100,StressFresh100_T000031,79ebac843584e2139b357b1c18861e8c80543c8a2fdcacb1f881dabccf5fa456,141,stagnant,unproductive_cycle,False,False,True,False,False,
StressFresh100,StressFresh100_T000031,79ebac843584e2139b357b1c18861e8c80543c8a2fdcacb1f881dabccf5fa456,142,stagnant,unproductive_cycle,False,False,True,False,False,
StressFresh100,StressFresh100_T000031,79ebac843584e2139b357b1c18861e8c80543c8a2fdcacb1f881dabccf5fa456,143,stagnant,unproductive_cycle,False,False,True,False,False,
StressFresh100,StressFresh100_T000031,79ebac843584e2139b357b1c18861e8c80543c8a2fdcacb1f881dabccf5fa456,144,stagnant,unproductive_cycle,False,False,True,False,False,
StressFresh100,StressFresh100_T000031,79ebac843584e2139b357b1c18861e8c80543c8a2fdcacb1f881dabccf5fa456,145,stagnant,unproductive_cycle,False,False,True,False,False,
StressFresh100,StressFresh100_T000031,79ebac843584e2139b357b1c18861e8c80543c8a2fdcacb1f881dabccf5fa456,146,stagnant,unproductive_cycle,False,False,True,False,False,
StressFresh100,StressFresh100_T000036,e086fa3b46d6313d2a74e106314f91563e7b768573dbbafef9b1b3d89cd4f1c4,0,productive,none,False,False,False,False,False,
StressFresh100,StressFresh100_T000036,e086fa3b46d6313d2a74e106314f91563e7b768573dbbafef9b1b3d89cd4f1c4,1,productive,none,False,False,False,False,False,
StressFresh100,StressFresh100_T000036,e086fa3b46d6313d2a74e106314f91563e7b768573dbbafef9b1b3d89cd4f1c4,2,productive,none,False,False,False,False,False,
StressFresh100,StressFresh100_T000036,e086fa3b46d6313d2a74e106314f91563e7b768573dbbafef9b1b3d89cd4f1c4,3,stagnant,unproductive_cycle,False,False,True,False,False,
StressFresh100,StressFresh100_T000036,e086fa3b46d6313d2a74e106314f91563e7b768573dbbafef9b1b3d89cd4f1c4,4,productive,productive_iteration,False,True,False,False,False,
StressFresh100,StressFresh100_T000036,e086fa3b46d6313d2a74e106314f91563e7b768573dbbafef9b1b3d89cd4f1c4,5,productive,productive_iteration,False,True,False,False,False,
StressFresh100,StressFresh100_T000036,e086fa3b46d6313d2a74e106314f91563e7b768573dbbafef9b1b3d89cd4f1c4,6,productive,productive_iteration,False,True,False,False,False,
StressFresh100,StressFresh100_T000036,e086fa3b46d6313d2a74e106314f91563e7b768573dbbafef9b1b3d89cd4f1c4,7,productive,productive_iteration,False,True,False,False,False,
StressFresh100,StressFresh100_T000036,e086fa3b46d6313d2a74e106314f91563e7b768573dbbafef9b1b3d89cd4f1c4,8,productive,productive_iteration,False,True,False,False,False,
StressFresh100,StressFresh100_T000036,e086fa3b46d6313d2a74e106314f91563e7b768573dbbafef9b1b3d89cd4f1c4,9,productive,productive_iteration,False,True,False,False,False,
StressFresh100,StressFresh100_T000036,e086fa3b46d6313d2a74e106314f91563e7b768573dbbafef9b1b3d89cd4f1c4,10,productive,productive_iteration,False,True,False,False,False,
StressFresh100,StressFresh100_T000036,e086fa3b46d6313d2a74e106314f91563e7b768573dbbafef9b1b3d89cd4f1c4,11,stagnant,unproductive_cycle,False,False,True,False,False,
StressFresh100,StressFresh100_T000036,e086fa3b46d6313d2a74e106314f91563e7b768573dbbafef9b1b3d89cd4f1c4,12,productive,productive_iteration,False,True,False,False,False,
StressFresh100,StressFresh100_T000036,e086fa3b46d6313d2a74e106314f91563e7b768573dbbafef9b1b3d89cd4f1c4,13,productive,productive_iteration,False,True,False,False,False,
StressFresh100,StressFresh100_T000036,e086fa3b46d6313d2a74e106314f91563e7b768573dbbafef9b1b3d89cd4f1c4,14,productive,productive_iteration,False,True,False,False,False,
StressFresh100,StressFresh100_T000036,e086fa3b46d6313d2a74e106314f91563e7b768573dbbafef9b1b3d89cd4f1c4,15,productive,productive_iteration,False,True,False,False,False,
StressFresh100,StressFresh100_T000036,e086fa3b46d6313d2a74e106314f91563e7b768573dbbafef9b1b3d89cd4f1c4,16,productive,productive_iteration,False,True,False,False,False,
StressFresh100,StressFresh100_T000036,e086fa3b46d6313d2a74e106314f91563e7b768573dbbafef9b1b3d89cd4f1c4,17,productive,productive_iteration,False,True,False,False,False,
StressFresh100,StressFresh100_T000036,e086fa3b46d6313d2a74e106314f91563e7b768573dbbafef9b1b3d89cd4f1c4,18,productive,productive_iteration,False,True,False,False,False,
StressFresh100,StressFresh100_T000036,e086fa3b46d6313d2a74e106314f91563e7b768573dbbafef9b1b3d89cd4f1c4,19,stagnant,unproductive_cycle,False,False,True,False,False,
StressFresh100,StressFresh100_T000036,e086fa3b46d6313d2a74e106314f91563e7b768573dbbafef9b1b3d89cd4f1c4,20,stagnant,unproductive_cycle,False,False,True,False,False,
StressFresh100,StressFresh100_T000036,e086fa3b46d6313d2a74e106314f91563e7b768573dbbafef9b1b3d89cd4f1c4,21,stagnant,unproductive_cycle,False,False,True,False,False,
StressFresh100,StressFresh100_T000036,e086fa3b46d6313d2a74e106314f91563e7b768573dbbafef9b1b3d89cd4f1c4,22,stagnant,unproductive_cycle,False,False,True,False,False,
StressFresh100,StressFresh100_T000036,e086fa3b46d6313d2a74e106314f91563e7b768573dbbafef9b1b3d89cd4f1c4,23,productive,productive_iteration,False,True,False,False,False,
StressFresh100,StressFresh100_T000036,e086fa3b46d6313d2a74e106314f91563e7b768573dbbafef9b1b3d89cd4f1c4,24,productive,productive_iteration,False,True,False,False,False,
StressFresh100,StressFresh100_T000036,e086fa3b46d6313d2a74e106314f91563e7b768573dbbafef9b1b3d89cd4f1c4,25,productive,productive_iteration,False,True,False,False,False,
StressFresh100,StressFresh100_T000036,e086fa3b46d6313d2a74e106314f91563e7b768573dbbafef9b1b3d89cd4f1c4,26,productive,productive_iteration,False,True,False,False,False,
StressFresh100,StressFresh100_T000036,e086fa3b46d6313d2a74e106314f91563e7b768573dbbafef9b1b3d89cd4f1c4,27,productive,productive_iteration,False,True,False,False,False,
StressFresh100,StressFresh100_T000036,e086fa3b46d6313d2a74e106314f91563e7b768573dbbafef9b1b3d89cd4f1c4,28,stagnant,unproductive_cycle,False,False,True,False,False,
StressFresh100,StressFresh100_T000036,e086fa3b46d6313d2a74e106314f91563e7b768573dbbafef9b1b3d89cd4f1c4,29,stagnant,unproductive_cycle,False,False,True,False,False,
StressFresh100,StressFresh100_T000036,e086fa3b46d6313d2a74e106314f91563e7b768573dbbafef9b1b3d89cd4f1c4,30,stagnant,unproductive_cycle,False,False,True,False,False,
StressFresh100,StressFresh100_T000036,e086fa3b46d6313d2a74e106314f91563e7b768573dbbafef9b1b3d89cd4f1c4,31,stagnant,unproductive_cycle,False,False,True,False,False,
StressFresh100,StressFresh100_T000036,e086fa3b46d6313d2a74e106314f91563e7b768573dbbafef9b1b3d89cd4f1c4,32,stagnant,unproductive_cycle,False,False,True,False,False,
StressFresh100,StressFresh100_T000037,e241a09b5a4207598c25f1556401366c19c6d0df8f84c6252821f87704dfb7e0,0,productive,productive_iteration,False,True,False,False,False,
StressFresh100,StressFresh100_T000037,e241a09b5a4207598c25f1556401366c19c6d0df8f84c6252821f87704dfb7e0,1,productive,productive_iteration,False,True,False,False,False,
StressFresh100,StressFresh100_T000037,e241a09b5a4207598c25f1556401366c19c6d0df8f84c6252821f87704dfb7e0,2,productive,productive_iteration,False,True,False,False,False,
StressFresh100,StressFresh100_T000037,e241a09b5a4207598c25f1556401366c19c6d0df8f84c6252821f87704dfb7e0,3,productive,productive_iteration,False,True,False,False,False,
StressFresh100,StressFresh100_T000037,e241a09b5a4207598c25f1556401366c19c6d0df8f84c6252821f87704dfb7e0,4,productive,productive_iteration,False,True,False,False,False,
StressFresh100,StressFresh100_T000037,e241a09b5a4207598c25f1556401366c19c6d0df8f84c6252821f87704dfb7e0,5,stagnant,unproductive_cycle,False,False,True,False,False,
StressFresh100,StressFresh100_T000037,e241a09b5a4207598c25f1556401366c19c6d0df8f84c6252821f87704dfb7e0,6,stagnant,unproductive_cycle,False,False,True,False,False,
StressFresh100,StressFresh100_T000037,e241a09b5a4207598c25f1556401366c19c6d0df8f84c6252821f87704dfb7e0,7,stagnant,unproductive_cycle,False,False,True,False,False,
StressFresh100,StressFresh100_T000037,e241a09b5a4207598c25f1556401366c19c6d0df8f84c6252821f87704dfb7e0,8,stagnant,unproductive_cycle,False,False,True,False,False,
StressFresh100,StressFresh100_T000037,e241a09b5a4207598c25f1556401366c19c6d0df8f84c6252821f87704dfb7e0,9,stagnant,unproductive_cycle,False,False,True,False,False,
StressFresh100,StressFresh100_T000037,e241a09b5a4207598c25f1556401366c19c6d0df8f84c6252821f87704dfb7e0,10,stagnant,unproductive_cycle,False,False,True,False,False,
StressFresh100,StressFresh100_T000037,e241a09b5a4207598c25f1556401366c19c6d0df8f84c6252821f87704dfb7e0,11,stagnant,unproductive_cycle,False,False,True,False,False,
StressFresh100,StressFresh100_T000037,e241a09b5a4207598c25f1556401366c19c6d0df8f84c6252821f87704dfb7e0,12,stagnant,unproductive_cycle,False,False,True,False,False,
StressFresh100,StressFresh100_T000037,e241a09b5a4207598c25f1556401366c19c6d0df8f84c6252821f87704dfb7e0,13,stagnant,unproductive_cycle,False,False,True,False,False,
StressFresh100,StressFresh100_T000037,e241a09b5a4207598c25f1556401366c19c6d0df8f84c6252821f87704dfb7e0,14,stagnant,unproductive_cycle,False,False,True,False,False,
StressFresh100,StressFresh100_T000037,e241a09b5a4207598c25f1556401366c19c6d0df8f84c6252821f87704dfb7e0,15,stagnant,unproductive_cycle,False,False,True,False,False,
StressFresh100,StressFresh100_T000037,e241a09b5a4207598c25f1556401366c19c6d0df8f84c6252821f87704dfb7e0,16,stagnant,unproductive_cycle,False,False,True,False,False,
StressFresh100,StressFresh100_T000037,e241a09b5a4207598c25f1556401366c19c6d0df8f84c6252821f87704dfb7e0,17,stagnant,unproductive_cycle,False,False,True,False,False,
StressFresh100,StressFresh100_T000037,e241a09b5a4207598c25f1556401366c19c6d0df8f84c6252821f87704dfb7e0,18,stagnant,unproductive_cycle,False,False,True,False,False,
StressFresh100,StressFresh100_T000037,e241a09b5a4207598c25f1556401366c19c6d0df8f84c6252821f87704dfb7e0,19,stagnant,unproductive_cycle,False,False,True,False,False,
StressFresh100,StressFresh100_T000037,e241a09b5a4207598c25f1556401366c19c6d0df8f84c6252821f87704dfb7e0,20,stagnant,unproductive_cycle,False,False,True,False,False,
StressFresh100,StressFresh100_T000037,e241a09b5a4207598c25f1556401366c19c6d0df8f84c6252821f87704dfb7e0,21,stagnant,unproductive_cycle,False,False,True,False,False,
StressFresh100,StressFresh100_T000037,e241a09b5a4207598c25f1556401366c19c6d0df8f84c6252821f87704dfb7e0,22,stagnant,unproductive_cycle,False,False,True,False,False,
StressFresh100,StressFresh100_T000037,e241a09b5a4207598c25f1556401366c19c6d0df8f84c6252821f87704dfb7e0,23,uncertain,none,False,False,False,True,False,
StressFresh100,StressFresh100_T000038,4b33782f7903b4f025f9bb94357d4130408f35a263046f9807dd16c75399e6f9,0,productive,productive_iteration,False,True,False,False,False,
StressFresh100,StressFresh100_T000038,4b33782f7903b4f025f9bb94357d4130408f35a263046f9807dd16c75399e6f9,1,productive,productive_iteration,False,True,False,False,False,
StressFresh100,StressFresh100_T000038,4b33782f7903b4f025f9bb94357d4130408f35a263046f9807dd16c75399e6f9,2,stagnant,unproductive_cycle,False,False,True,False,False,
StressFresh100,StressFresh100_T000038,4b33782f7903b4f025f9bb94357d4130408f35a263046f9807dd16c75399e6f9,3,productive,productive_iteration,False,True,False,False,False,
StressFresh100,StressFresh100_T000038,4b33782f7903b4f025f9bb94357d4130408f35a263046f9807dd16c75399e6f9,4,productive,productive_iteration,False,True,False,False,False,
StressFresh100,StressFresh100_T000038,4b33782f7903b4f025f9bb94357d4130408f35a263046f9807dd16c75399e6f9,5,productive,productive_iteration,False,True,False,False,False,
StressFresh100,StressFresh100_T000038,4b33782f7903b4f025f9bb94357d4130408f35a263046f9807dd16c75399e6f9,6,productive,productive_iteration,False,True,False,False,False,
StressFresh100,StressFresh100_T000038,4b33782f7903b4f025f9bb94357d4130408f35a263046f9807dd16c75399e6f9,7,stagnant,unproductive_cycle,False,False,True,False,False,
StressFresh100,StressFresh100_T000038,4b33782f7903b4f025f9bb94357d4130408f35a263046f9807dd16c75399e6f9,8,productive,productive_iteration,False,True,False,False,False,
StressFresh100,StressFresh100_T000038,4b33782f7903b4f025f9bb94357d4130408f35a263046f9807dd16c75399e6f9,9,productive,productive_iteration,False,True,False,False,False,
StressFresh100,StressFresh100_T000038,4b33782f7903b4f025f9bb94357d4130408f35a263046f9807dd16c75399e6f9,10,productive,productive_iteration,False,True,False,False,False,
StressFresh100,StressFresh100_T000038,4b33782f7903b4f025f9bb94357d4130408f35a263046f9807dd16c75399e6f9,11,productive,productive_iteration,False,True,False,False,False,
StressFresh100,StressFresh100_T000038,4b33782f7903b4f025f9bb94357d4130408f35a263046f9807dd16c75399e6f9,12,productive,productive_iteration,False,True,False,False,False,
StressFresh100,StressFresh100_T000038,4b33782f7903b4f025f9bb94357d4130408f35a263046f9807dd16c75399e6f9,13,productive,productive_iteration,False,True,False,False,False,
StressFresh100,StressFresh100_T000038,4b33782f7903b4f025f9bb94357d4130408f35a263046f9807dd16c75399e6f9,14,productive,productive_iteration,False,True,False,False,False,
StressFresh100,StressFresh100_T000038,4b33782f7903b4f025f9bb94357d4130408f35a263046f9807dd16c75399e6f9,15,stagnant,unproductive_cycle,False,False,True,False,False,
StressFresh100,StressFresh100_T000038,4b33782f7903b4f025f9bb94357d4130408f35a263046f9807dd16c75399e6f9,16,stagnant,none,False,False,False,False,False,
StressFresh100,StressFresh100_T000038,4b33782f7903b4f025f9bb94357d4130408f35a263046f9807dd16c75399e6f9,17,stagnant,unproductive_cycle,False,False,True,False,False,
StressFresh100,StressFresh100_T000038,4b33782f7903b4f025f9bb94357d4130408f35a263046f9807dd16c75399e6f9,18,uncertain,none,False,False,False,True,False,
StressFresh100,StressFresh100_T000038,4b33782f7903b4f025f9bb94357d4130408f35a263046f9807dd16c75399e6f9,19,productive,productive_iteration,False,True,False,False,False,
StressFresh100,StressFresh100_T000038,4b33782f7903b4f025f9bb94357d4130408f35a263046f9807dd16c75399e6f9,20,productive,productive_iteration,False,True,False,False,False,
StressFresh100,StressFresh100_T000038,4b33782f7903b4f025f9bb94357d4130408f35a263046f9807dd16c75399e6f9,21,productive,productive_iteration,False,True,False,False,False,
StressFresh100,StressFresh100_T000038,4b33782f7903b4f025f9bb94357d4130408f35a263046f9807dd16c75399e6f9,22,productive,productive_iteration,False,True,False,False,False,
StressFresh100,StressFresh100_T000038,4b33782f7903b4f025f9bb94357d4130408f35a263046f9807dd16c75399e6f9,23,productive,productive_iteration,False,True,False,False,False,
StressFresh100,StressFresh100_T000038,4b33782f7903b4f025f9bb94357d4130408f35a263046f9807dd16c75399e6f9,24,productive,productive_iteration,False,True,False,False,False,
StressFresh100,StressFresh100_T000038,4b33782f7903b4f025f9bb94357d4130408f35a263046f9807dd16c75399e6f9,25,productive,none,False,False,False,False,False,
StressFresh100,StressFresh100_T000038,4b33782f7903b4f025f9bb94357d4130408f35a263046f9807dd16c75399e6f9,26,productive,none,False,False,False,False,False,
StressFresh100,StressFresh100_T000038,4b33782f7903b4f025f9bb94357d4130408f35a263046f9807dd16c75399e6f9,27,productive,none,False,False,False,False,False,
StressFresh100,StressFresh100_T000038,4b33782f7903b4f025f9bb94357d4130408f35a263046f9807dd16c75399e6f9,28,productive,productive_iteration,False,True,False,False,False,
StressFresh100,StressFresh100_T000038,4b33782f7903b4f025f9bb94357d4130408f35a263046f9807dd16c75399e6f9,29,stagnant,unproductive_cycle,False,False,True,False,False,
StressFresh100,StressFresh100_T000038,4b33782f7903b4f025f9bb94357d4130408f35a263046f9807dd16c75399e6f9,30,stagnant,unproductive_cycle,False,False,True,False,False,
StressFresh100,StressFresh100_T000038,4b33782f7903b4f025f9bb94357d4130408f35a263046f9807dd16c75399e6f9,31,stagnant,unproductive_cycle,False,False,True,False,False,
StressFresh100,StressFresh100_T000039,42792b5b64d448831cbd97c2aa6e280852f0a2b73a4191e58c1accb081cd0dd8,0,productive,productive_iteration,False,True,False,False,False,
StressFresh100,StressFresh100_T000039,42792b5b64d448831cbd97c2aa6e280852f0a2b73a4191e58c1accb081cd0dd8,1,productive,productive_iteration,False,True,False,False,False,
StressFresh100,StressFresh100_T000039,42792b5b64d448831cbd97c2aa6e280852f0a2b73a4191e58c1accb081cd0dd8,2,productive,productive_iteration,False,True,False,False,False,
StressFresh100,StressFresh100_T000039,42792b5b64d448831cbd97c2aa6e280852f0a2b73a4191e58c1accb081cd0dd8,3,uncertain,none,False,False,False,True,False,
StressFresh100,StressFresh100_T000039,42792b5b64d448831cbd97c2aa6e280852f0a2b73a4191e58c1accb081cd0dd8,4,stagnant,unproductive_cycle,False,False,True,False,False,
StressFresh100,StressFresh100_T000039,42792b5b64d448831cbd97c2aa6e280852f0a2b73a4191e58c1accb081cd0dd8,5,stagnant,unproductive_cycle,False,False,True,False,False,
StressFresh100,StressFresh100_T000039,42792b5b64d448831cbd97c2aa6e280852f0a2b73a4191e58c1accb081cd0dd8,6,stagnant,unproductive_cycle,False,False,True,False,False,
StressFresh100,StressFresh100_T000039,42792b5b64d448831cbd97c2aa6e280852f0a2b73a4191e58c1accb081cd0dd8,7,stagnant,unproductive_cycle,False,False,True,False,False,
StressFresh100,StressFresh100_T000039,42792b5b64d448831cbd97c2aa6e280852f0a2b73a4191e58c1accb081cd0dd8,8,productive,productive_iteration,True,True,False,False,False,
StressFresh100,StressFresh100_T000039,42792b5b64d448831cbd97c2aa6e280852f0a2b73a4191e58c1accb081cd0dd8,9,productive,productive_iteration,True,True,False,False,False,
StressFresh100,StressFresh100_T000039,42792b5b64d448831cbd97c2aa6e280852f0a2b73a4191e58c1accb081cd0dd8,10,stagnant,unproductive_cycle,False,False,True,False,False,
StressFresh100,StressFresh100_T000039,42792b5b64d448831cbd97c2aa6e280852f0a2b73a4191e58c1accb081cd0dd8,11,stagnant,unproductive_cycle,False,False,True,False,False,
StressFresh100,StressFresh100_T000039,42792b5b64d448831cbd97c2aa6e280852f0a2b73a4191e58c1accb081cd0dd8,12,stagnant,unproductive_cycle,False,False,True,False,False,
StressFresh100,StressFresh100_T000039,42792b5b64d448831cbd97c2aa6e280852f0a2b73a4191e58c1accb081cd0dd8,13,stagnant,unproductive_cycle,False,False,True,False,False,
StressFresh100,StressFresh100_T000039,42792b5b64d448831cbd97c2aa6e280852f0a2b73a4191e58c1accb081cd0dd8,14,productive,productive_iteration,False,True,False,False,False,
StressFresh100,StressFresh100_T000039,42792b5b64d448831cbd97c2aa6e280852f0a2b73a4191e58c1accb081cd0dd8,15,productive,productive_iteration,False,True,False,False,False,
StressFresh100,StressFresh100_T000039,42792b5b64d448831cbd97c2aa6e280852f0a2b73a4191e58c1accb081cd0dd8,16,productive,productive_iteration,False,True,False,False,False,
StressFresh100,StressFresh100_T000039,42792b5b64d448831cbd97c2aa6e280852f0a2b73a4191e58c1accb081cd0dd8,17,stagnant,unproductive_cycle,False,False,True,False,False,
StressFresh100,StressFresh100_T000039,42792b5b64d448831cbd97c2aa6e280852f0a2b73a4191e58c1accb081cd0dd8,18,productive,productive_iteration,False,True,False,False,False,
StressFresh100,StressFresh100_T000039,42792b5b64d448831cbd97c2aa6e280852f0a2b73a4191e58c1accb081cd0dd8,19,productive,productive_iteration,False,True,False,False,False,
StressFresh100,StressFresh100_T000039,42792b5b64d448831cbd97c2aa6e280852f0a2b73a4191e58c1accb081cd0dd8,20,productive,productive_iteration,False,True,False,False,False,
StressFresh100,StressFresh100_T000039,42792b5b64d448831cbd97c2aa6e280852f0a2b73a4191e58c1accb081cd0dd8,21,productive,productive_iteration,False,True,False,False,False,
StressFresh100,StressFresh100_T000039,42792b5b64d448831cbd97c2aa6e280852f0a2b73a4191e58c1accb081cd0dd8,22,stagnant,unproductive_cycle,False,False,True,False,False,
StressFresh100,StressFresh100_T000039,42792b5b64d448831cbd97c2aa6e280852f0a2b73a4191e58c1accb081cd0dd8,23,stagnant,unproductive_cycle,False,False,True,False,False,
StressFresh100,StressFresh100_T000039,42792b5b64d448831cbd97c2aa6e280852f0a2b73a4191e58c1accb081cd0dd8,24,stagnant,unproductive_cycle,False,False,True,False,False,
StressFresh100,StressFresh100_T000039,42792b5b64d448831cbd97c2aa6e280852f0a2b73a4191e58c1accb081cd0dd8,25,stagnant,unproductive_cycle,False,False,True,False,False,
StressFresh100,StressFresh100_T000039,42792b5b64d448831cbd97c2aa6e280852f0a2b73a4191e58c1accb081cd0dd8,26,stagnant,unproductive_cycle,False,False,True,False,False,
StressFresh100,StressFresh100_T000039,42792b5b64d448831cbd97c2aa6e280852f0a2b73a4191e58c1accb081cd0dd8,27,stagnant,unproductive_cycle,False,False,True,False,False,
StressFresh100,StressFresh100_T000039,42792b5b64d448831cbd97c2aa6e280852f0a2b73a4191e58c1accb081cd0dd8,28,stagnant,unproductive_cycle,False,False,True,False,False,
StressFresh100,StressFresh100_T000039,42792b5b64d448831cbd97c2aa6e280852f0a2b73a4191e58c1accb081cd0dd8,29,stagnant,unproductive_cycle,False,False,True,False,False,
StressFresh100,StressFresh100_T000039,42792b5b64d448831cbd97c2aa6e280852f0a2b73a4191e58c1accb081cd0dd8,30,stagnant,unproductive_cycle,False,False,True,False,False,
StressFresh100,StressFresh100_T000039,42792b5b64d448831cbd97c2aa6e280852f0a2b73a4191e58c1accb081cd0dd8,31,stagnant,unproductive_cycle,False,False,True,False,False,
StressFresh100,StressFresh100_T000039,42792b5b64d448831cbd97c2aa6e280852f0a2b73a4191e58c1accb081cd0dd8,32,stagnant,unproductive_cycle,False,False,True,False,False,
StressFresh100,StressFresh100_T000039,42792b5b64d448831cbd97c2aa6e280852f0a2b73a4191e58c1accb081cd0dd8,33,stagnant,unproductive_cycle,False,False,True,False,False,
StressFresh100,StressFresh100_T000039,42792b5b64d448831cbd97c2aa6e280852f0a2b73a4191e58c1accb081cd0dd8,34,stagnant,unproductive_cycle,False,False,True,False,False,
StressFresh100,StressFresh100_T000039,42792b5b64d448831cbd97c2aa6e280852f0a2b73a4191e58c1accb081cd0dd8,35,stagnant,unproductive_cycle,False,False,True,False,False,
StressFresh100,StressFresh100_T000039,42792b5b64d448831cbd97c2aa6e280852f0a2b73a4191e58c1accb081cd0dd8,36,stagnant,unproductive_cycle,False,False,True,False,False,
StressFresh100,StressFresh100_T000039,42792b5b64d448831cbd97c2aa6e280852f0a2b73a4191e58c1accb081cd0dd8,37,stagnant,unproductive_cycle,False,False,True,False,False,
StressFresh100,StressFresh100_T000039,42792b5b64d448831cbd97c2aa6e280852f0a2b73a4191e58c1accb081cd0dd8,38,stagnant,unproductive_cycle,False,False,True,False,False,
StressFresh100,StressFresh100_T000039,42792b5b64d448831cbd97c2aa6e280852f0a2b73a4191e58c1accb081cd0dd8,39,stagnant,unproductive_cycle,False,False,True,False,False,
StressFresh100,StressFresh100_T000039,42792b5b64d448831cbd97c2aa6e280852f0a2b73a4191e58c1accb081cd0dd8,40,stagnant,unproductive_cycle,False,False,True,False,False,
StressFresh100,StressFresh100_T000039,42792b5b64d448831cbd97c2aa6e280852f0a2b73a4191e58c1accb081cd0dd8,41,stagnant,unproductive_cycle,False,False,True,False,False,
StressFresh100,StressFresh100_T000039,42792b5b64d448831cbd97c2aa6e280852f0a2b73a4191e58c1accb081cd0dd8,42,stagnant,unproductive_cycle,False,False,True,False,False,
StressFresh100,StressFresh100_T000039,42792b5b64d448831cbd97c2aa6e280852f0a2b73a4191e58c1accb081cd0dd8,43,stagnant,unproductive_cycle,False,False,True,False,False,
StressFresh100,StressFresh100_T000039,42792b5b64d448831cbd97c2aa6e280852f0a2b73a4191e58c1accb081cd0dd8,44,stagnant,unproductive_cycle,False,False,True,False,False,
StressFresh100,StressFresh100_T000039,42792b5b64d448831cbd97c2aa6e280852f0a2b73a4191e58c1accb081cd0dd8,45,stagnant,unproductive_cycle,False,False,True,False,False,
StressFresh100,StressFresh100_T000039,42792b5b64d448831cbd97c2aa6e280852f0a2b73a4191e58c1accb081cd0dd8,46,stagnant,unproductive_cycle,False,False,True,False,False,
StressFresh100,StressFresh100_T000039,42792b5b64d448831cbd97c2aa6e280852f0a2b73a4191e58c1accb081cd0dd8,47,stagnant,unproductive_cycle,False,False,True,False,False,
StressFresh100,StressFresh100_T000039,42792b5b64d448831cbd97c2aa6e280852f0a2b73a4191e58c1accb081cd0dd8,48,productive,productive_iteration,False,True,False,False,False,
StressFresh100,StressFresh100_T000039,42792b5b64d448831cbd97c2aa6e280852f0a2b73a4191e58c1accb081cd0dd8,49,productive,productive_iteration,False,True,False,False,False,
StressFresh100,StressFresh100_T000039,42792b5b64d448831cbd97c2aa6e280852f0a2b73a4191e58c1accb081cd0dd8,50,stagnant,unproductive_cycle,False,False,True,False,False,
StressFresh100,StressFresh100_T000039,42792b5b64d448831cbd97c2aa6e280852f0a2b73a4191e58c1accb081cd0dd8,51,stagnant,unproductive_cycle,False,False,True,False,False,
StressFresh100,StressFresh100_T000039,42792b5b64d448831cbd97c2aa6e280852f0a2b73a4191e58c1accb081cd0dd8,52,stagnant,unproductive_cycle,False,False,True,False,False,
StressFresh100,StressFresh100_T000039,42792b5b64d448831cbd97c2aa6e280852f0a2b73a4191e58c1accb081cd0dd8,53,stagnant,unproductive_cycle,False,False,True,False,False,
StressFresh100,StressFresh100_T000039,42792b5b64d448831cbd97c2aa6e280852f0a2b73a4191e58c1accb081cd0dd8,54,stagnant,unproductive_cycle,False,False,True,False,False,
StressFresh100,StressFresh100_T000039,42792b5b64d448831cbd97c2aa6e280852f0a2b73a4191e58c1accb081cd0dd8,55,stagnant,unproductive_cycle,False,False,True,False,False,
StressFresh100,StressFresh100_T000039,42792b5b64d448831cbd97c2aa6e280852f0a2b73a4191e58c1accb081cd0dd8,56,stagnant,unproductive_cycle,False,False,True,False,False,
StressFresh100,StressFresh100_T000039,42792b5b64d448831cbd97c2aa6e280852f0a2b73a4191e58c1accb081cd0dd8,57,stagnant,unproductive_cycle,False,False,True,False,False,
StressFresh100,StressFresh100_T000039,42792b5b64d448831cbd97c2aa6e280852f0a2b73a4191e58c1accb081cd0dd8,58,stagnant,unproductive_cycle,False,False,True,False,False,
StressFresh100,StressFresh100_T000044,4f15f236016036637e59e48a191562348969b8ba693a009fcf5b5eff24e309f6,0,productive,none,False,False,False,False,False,
StressFresh100,StressFresh100_T000044,4f15f236016036637e59e48a191562348969b8ba693a009fcf5b5eff24e309f6,1,productive,none,False,False,False,False,False,
StressFresh100,StressFresh100_T000044,4f15f236016036637e59e48a191562348969b8ba693a009fcf5b5eff24e309f6,2,productive,none,False,False,False,False,False,
StressFresh100,StressFresh100_T000044,4f15f236016036637e59e48a191562348969b8ba693a009fcf5b5eff24e309f6,3,productive,none,False,False,False,False,False,
StressFresh100,StressFresh100_T000044,4f15f236016036637e59e48a191562348969b8ba693a009fcf5b5eff24e309f6,4,productive,none,False,False,False,False,False,
StressFresh100,StressFresh100_T000044,4f15f236016036637e59e48a191562348969b8ba693a009fcf5b5eff24e309f6,5,productive,productive_iteration,False,True,False,False,False,
StressFresh100,StressFresh100_T000044,4f15f236016036637e59e48a191562348969b8ba693a009fcf5b5eff24e309f6,6,productive,productive_iteration,False,True,False,False,False,
StressFresh100,StressFresh100_T000044,4f15f236016036637e59e48a191562348969b8ba693a009fcf5b5eff24e309f6,7,productive,productive_iteration,False,True,False,False,False,
StressFresh100,StressFresh100_T000044,4f15f236016036637e59e48a191562348969b8ba693a009fcf5b5eff24e309f6,8,stagnant,unproductive_cycle,False,False,True,False,False,
StressFresh100,StressFresh100_T000044,4f15f236016036637e59e48a191562348969b8ba693a009fcf5b5eff24e309f6,9,stagnant,unproductive_cycle,False,False,True,False,False,
StressFresh100,StressFresh100_T000044,4f15f236016036637e59e48a191562348969b8ba693a009fcf5b5eff24e309f6,10,productive,none,False,False,False,False,False,
StressFresh100,StressFresh100_T000044,4f15f236016036637e59e48a191562348969b8ba693a009fcf5b5eff24e309f6,11,productive,none,False,False,False,False,False,
StressFresh100,StressFresh100_T000044,4f15f236016036637e59e48a191562348969b8ba693a009fcf5b5eff24e309f6,12,productive,none,False,False,False,False,False,
StressFresh100,StressFresh100_T000044,4f15f236016036637e59e48a191562348969b8ba693a009fcf5b5eff24e309f6,13,stagnant,unproductive_cycle,False,False,True,False,False,
StressFresh100,StressFresh100_T000044,4f15f236016036637e59e48a191562348969b8ba693a009fcf5b5eff24e309f6,14,stagnant,unproductive_cycle,False,False,True,False,False,
StressFresh100,StressFresh100_T000044,4f15f236016036637e59e48a191562348969b8ba693a009fcf5b5eff24e309f6,15,stagnant,unproductive_cycle,False,False,True,False,False,
StressFresh100,StressFresh100_T000044,4f15f236016036637e59e48a191562348969b8ba693a009fcf5b5eff24e309f6,16,stagnant,unproductive_cycle,False,False,True,False,False,
StressFresh100,StressFresh100_T000046,d5b971143817982ada57bb3f1ff87081a4fbca0140d4db7c5e5b71ba037bb430,0,productive,none,False,False,False,False,False,
StressFresh100,StressFresh100_T000046,d5b971143817982ada57bb3f1ff87081a4fbca0140d4db7c5e5b71ba037bb430,1,productive,none,False,False,False,False,False,
StressFresh100,StressFresh100_T000046,d5b971143817982ada57bb3f1ff87081a4fbca0140d4db7c5e5b71ba037bb430,2,productive,none,False,False,False,False,False,
StressFresh100,StressFresh100_T000046,d5b971143817982ada57bb3f1ff87081a4fbca0140d4db7c5e5b71ba037bb430,3,productive,none,False,False,False,False,False,
StressFresh100,StressFresh100_T000046,d5b971143817982ada57bb3f1ff87081a4fbca0140d4db7c5e5b71ba037bb430,4,productive,none,False,False,False,False,False,
StressFresh100,StressFresh100_T000046,d5b971143817982ada57bb3f1ff87081a4fbca0140d4db7c5e5b71ba037bb430,5,productive,none,False,False,False,False,False,
StressFresh100,StressFresh100_T000046,d5b971143817982ada57bb3f1ff87081a4fbca0140d4db7c5e5b71ba037bb430,6,productive,none,False,False,False,False,False,
StressFresh100,StressFresh100_T000046,d5b971143817982ada57bb3f1ff87081a4fbca0140d4db7c5e5b71ba037bb430,7,productive,none,False,False,False,False,False,
StressFresh100,StressFresh100_T000046,d5b971143817982ada57bb3f1ff87081a4fbca0140d4db7c5e5b71ba037bb430,8,productive,none,False,False,False,False,False,
StressFresh100,StressFresh100_T000046,d5b971143817982ada57bb3f1ff87081a4fbca0140d4db7c5e5b71ba037bb430,9,productive,none,False,False,False,False,False,
StressFresh100,StressFresh100_T000046,d5b971143817982ada57bb3f1ff87081a4fbca0140d4db7c5e5b71ba037bb430,10,productive,none,False,False,False,False,False,
StressFresh100,StressFresh100_T000046,d5b971143817982ada57bb3f1ff87081a4fbca0140d4db7c5e5b71ba037bb430,11,productive,none,False,False,False,False,False,
StressFresh100,StressFresh100_T000046,d5b971143817982ada57bb3f1ff87081a4fbca0140d4db7c5e5b71ba037bb430,12,productive,none,False,False,False,False,False,
StressFresh100,StressFresh100_T000046,d5b971143817982ada57bb3f1ff87081a4fbca0140d4db7c5e5b71ba037bb430,13,productive,none,False,False,False,False,False,
StressFresh100,StressFresh100_T000046,d5b971143817982ada57bb3f1ff87081a4fbca0140d4db7c5e5b71ba037bb430,14,productive,none,False,False,False,False,False,
StressFresh100,StressFresh100_T000046,d5b971143817982ada57bb3f1ff87081a4fbca0140d4db7c5e5b71ba037bb430,15,productive,none,False,False,False,False,False,
StressFresh100,StressFresh100_T000046,d5b971143817982ada57bb3f1ff87081a4fbca0140d4db7c5e5b71ba037bb430,16,productive,none,False,False,False,False,False,
StressFresh100,StressFresh100_T000046,d5b971143817982ada57bb3f1ff87081a4fbca0140d4db7c5e5b71ba037bb430,17,stagnant,none,False,False,False,False,False,
StressFresh100,StressFresh100_T000046,d5b971143817982ada57bb3f1ff87081a4fbca0140d4db7c5e5b71ba037bb430,18,stagnant,none,False,False,False,False,False,
StressFresh100,StressFresh100_T000046,d5b971143817982ada57bb3f1ff87081a4fbca0140d4db7c5e5b71ba037bb430,19,stagnant,unproductive_cycle,False,False,True,False,False,
StressFresh100,StressFresh100_T000046,d5b971143817982ada57bb3f1ff87081a4fbca0140d4db7c5e5b71ba037bb430,20,stagnant,unproductive_cycle,False,False,True,False,False,
StressFresh100,StressFresh100_T000046,d5b971143817982ada57bb3f1ff87081a4fbca0140d4db7c5e5b71ba037bb430,21,stagnant,unproductive_cycle,False,False,True,False,False,
StressFresh100,StressFresh100_T000048,ebd14b8050bc9e6b40fb81e0469c408cf2a2d12f0d184b3c57b8aa810ed35fdc,0,productive,productive_iteration,False,True,False,False,False,
StressFresh100,StressFresh100_T000048,ebd14b8050bc9e6b40fb81e0469c408cf2a2d12f0d184b3c57b8aa810ed35fdc,1,productive,productive_iteration,False,True,False,False,False,
StressFresh100,StressFresh100_T000048,ebd14b8050bc9e6b40fb81e0469c408cf2a2d12f0d184b3c57b8aa810ed35fdc,2,stagnant,none,False,False,False,False,False,
StressFresh100,StressFresh100_T000048,ebd14b8050bc9e6b40fb81e0469c408cf2a2d12f0d184b3c57b8aa810ed35fdc,3,productive,productive_iteration,False,True,False,False,False,
StressFresh100,StressFresh100_T000048,ebd14b8050bc9e6b40fb81e0469c408cf2a2d12f0d184b3c57b8aa810ed35fdc,4,productive,productive_iteration,False,True,False,False,False,
StressFresh100,StressFresh100_T000048,ebd14b8050bc9e6b40fb81e0469c408cf2a2d12f0d184b3c57b8aa810ed35fdc,5,productive,productive_iteration,False,True,False,False,False,
StressFresh100,StressFresh100_T000048,ebd14b8050bc9e6b40fb81e0469c408cf2a2d12f0d184b3c57b8aa810ed35fdc,6,productive,productive_iteration,False,True,False,False,False,
StressFresh100,StressFresh100_T000048,ebd14b8050bc9e6b40fb81e0469c408cf2a2d12f0d184b3c57b8aa810ed35fdc,7,stagnant,none,False,False,False,False,False,
StressFresh100,StressFresh100_T000048,ebd14b8050bc9e6b40fb81e0469c408cf2a2d12f0d184b3c57b8aa810ed35fdc,8,productive,productive_iteration,False,True,False,False,False,
StressFresh100,StressFresh100_T000048,ebd14b8050bc9e6b40fb81e0469c408cf2a2d12f0d184b3c57b8aa810ed35fdc,9,productive,productive_iteration,False,True,False,False,False,
StressFresh100,StressFresh100_T000048,ebd14b8050bc9e6b40fb81e0469c408cf2a2d12f0d184b3c57b8aa810ed35fdc,10,productive,productive_iteration,False,True,False,False,False,
StressFresh100,StressFresh100_T000048,ebd14b8050bc9e6b40fb81e0469c408cf2a2d12f0d184b3c57b8aa810ed35fdc,11,productive,productive_iteration,False,True,False,False,False,
StressFresh100,StressFresh100_T000048,ebd14b8050bc9e6b40fb81e0469c408cf2a2d12f0d184b3c57b8aa810ed35fdc,12,productive,productive_iteration,False,True,False,False,False,
StressFresh100,StressFresh100_T000048,ebd14b8050bc9e6b40fb81e0469c408cf2a2d12f0d184b3c57b8aa810ed35fdc,13,productive,productive_iteration,False,True,False,False,False,
StressFresh100,StressFresh100_T000048,ebd14b8050bc9e6b40fb81e0469c408cf2a2d12f0d184b3c57b8aa810ed35fdc,14,productive,productive_iteration,False,True,False,False,False,
StressFresh100,StressFresh100_T000048,ebd14b8050bc9e6b40fb81e0469c408cf2a2d12f0d184b3c57b8aa810ed35fdc,15,stagnant,none,False,False,False,False,False,
StressFresh100,StressFresh100_T000048,ebd14b8050bc9e6b40fb81e0469c408cf2a2d12f0d184b3c57b8aa810ed35fdc,16,productive,none,False,False,False,False,False,
StressFresh100,StressFresh100_T000048,ebd14b8050bc9e6b40fb81e0469c408cf2a2d12f0d184b3c57b8aa810ed35fdc,17,productive,none,False,False,False,False,False,
StressFresh100,StressFresh100_T000048,ebd14b8050bc9e6b40fb81e0469c408cf2a2d12f0d184b3c57b8aa810ed35fdc,18,productive,none,False,False,False,False,False,
StressFresh100,StressFresh100_T000048,ebd14b8050bc9e6b40fb81e0469c408cf2a2d12f0d184b3c57b8aa810ed35fdc,19,stagnant,unproductive_cycle,False,False,True,False,False,
StressFresh100,StressFresh100_T000048,ebd14b8050bc9e6b40fb81e0469c408cf2a2d12f0d184b3c57b8aa810ed35fdc,20,stagnant,unproductive_cycle,False,False,True,False,False,
StressFresh100,StressFresh100_T000048,ebd14b8050bc9e6b40fb81e0469c408cf2a2d12f0d184b3c57b8aa810ed35fdc,21,stagnant,unproductive_cycle,False,False,True,False,False,
StressFresh100,StressFresh100_T000048,ebd14b8050bc9e6b40fb81e0469c408cf2a2d12f0d184b3c57b8aa810ed35fdc,22,stagnant,unproductive_cycle,False,False,True,False,False,
StressFresh100,StressFresh100_T000048,ebd14b8050bc9e6b40fb81e0469c408cf2a2d12f0d184b3c57b8aa810ed35fdc,23,stagnant,unproductive_cycle,False,False,True,False,False,
StressFresh100,StressFresh100_T000048,ebd14b8050bc9e6b40fb81e0469c408cf2a2d12f0d184b3c57b8aa810ed35fdc,24,stagnant,unproductive_cycle,False,False,True,False,False,
StressFresh100,StressFresh100_T000048,ebd14b8050bc9e6b40fb81e0469c408cf2a2d12f0d184b3c57b8aa810ed35fdc,25,productive,none,False,False,False,False,False,
StressFresh100,StressFresh100_T000051,e5dae32698d66044f26f06853ff1e72e5356ef4496d20b0f20971793cf01f8b1,0,productive,productive_iteration,False,True,False,False,False,
StressFresh100,StressFresh100_T000051,e5dae32698d66044f26f06853ff1e72e5356ef4496d20b0f20971793cf01f8b1,1,productive,productive_iteration,False,True,False,False,False,
StressFresh100,StressFresh100_T000051,e5dae32698d66044f26f06853ff1e72e5356ef4496d20b0f20971793cf01f8b1,2,productive,productive_iteration,False,True,False,False,False,
StressFresh100,StressFresh100_T000051,e5dae32698d66044f26f06853ff1e72e5356ef4496d20b0f20971793cf01f8b1,3,productive,productive_iteration,False,True,False,False,False,
StressFresh100,StressFresh100_T000051,e5dae32698d66044f26f06853ff1e72e5356ef4496d20b0f20971793cf01f8b1,4,productive,productive_iteration,False,True,False,False,False,
StressFresh100,StressFresh100_T000051,e5dae32698d66044f26f06853ff1e72e5356ef4496d20b0f20971793cf01f8b1,5,productive,productive_iteration,False,True,False,False,False,
StressFresh100,StressFresh100_T000051,e5dae32698d66044f26f06853ff1e72e5356ef4496d20b0f20971793cf01f8b1,6,productive,productive_iteration,False,True,False,False,False,
StressFresh100,StressFresh100_T000051,e5dae32698d66044f26f06853ff1e72e5356ef4496d20b0f20971793cf01f8b1,7,productive,productive_iteration,False,True,False,False,False,
StressFresh100,StressFresh100_T000051,e5dae32698d66044f26f06853ff1e72e5356ef4496d20b0f20971793cf01f8b1,8,productive,productive_iteration,False,True,False,False,False,
StressFresh100,StressFresh100_T000051,e5dae32698d66044f26f06853ff1e72e5356ef4496d20b0f20971793cf01f8b1,9,productive,productive_iteration,False,True,False,False,False,
StressFresh100,StressFresh100_T000051,e5dae32698d66044f26f06853ff1e72e5356ef4496d20b0f20971793cf01f8b1,10,productive,productive_iteration,False,True,False,False,False,
StressFresh100,StressFresh100_T000051,e5dae32698d66044f26f06853ff1e72e5356ef4496d20b0f20971793cf01f8b1,11,productive,productive_iteration,False,True,False,False,False,
StressFresh100,StressFresh100_T000051,e5dae32698d66044f26f06853ff1e72e5356ef4496d20b0f20971793cf01f8b1,12,productive,productive_iteration,False,True,False,False,False,
StressFresh100,StressFresh100_T000051,e5dae32698d66044f26f06853ff1e72e5356ef4496d20b0f20971793cf01f8b1,13,productive,productive_iteration,False,True,False,False,False,
StressFresh100,StressFresh100_T000051,e5dae32698d66044f26f06853ff1e72e5356ef4496d20b0f20971793cf01f8b1,14,productive,productive_iteration,False,True,False,False,False,
StressFresh100,StressFresh100_T000051,e5dae32698d66044f26f06853ff1e72e5356ef4496d20b0f20971793cf01f8b1,15,productive,productive_iteration,False,True,False,False,False,
StressFresh100,StressFresh100_T000051,e5dae32698d66044f26f06853ff1e72e5356ef4496d20b0f20971793cf01f8b1,16,productive,productive_iteration,False,True,False,False,False,
StressFresh100,StressFresh100_T000051,e5dae32698d66044f26f06853ff1e72e5356ef4496d20b0f20971793cf01f8b1,17,productive,productive_iteration,False,True,False,False,False,
StressFresh100,StressFresh100_T000051,e5dae32698d66044f26f06853ff1e72e5356ef4496d20b0f20971793cf01f8b1,18,productive,productive_iteration,False,True,False,False,False,
StressFresh100,StressFresh100_T000051,e5dae32698d66044f26f06853ff1e72e5356ef4496d20b0f20971793cf01f8b1,19,productive,productive_iteration,False,True,False,False,False,
StressFresh100,StressFresh100_T000051,e5dae32698d66044f26f06853ff1e72e5356ef4496d20b0f20971793cf01f8b1,20,productive,productive_iteration,False,True,False,False,False,
StressFresh100,StressFresh100_T000051,e5dae32698d66044f26f06853ff1e72e5356ef4496d20b0f20971793cf01f8b1,21,productive,productive_iteration,False,True,False,False,False,
StressFresh100,StressFresh100_T000051,e5dae32698d66044f26f06853ff1e72e5356ef4496d20b0f20971793cf01f8b1,22,productive,productive_iteration,False,True,False,False,False,
StressFresh100,StressFresh100_T000051,e5dae32698d66044f26f06853ff1e72e5356ef4496d20b0f20971793cf01f8b1,23,stagnant,unproductive_cycle,False,False,True,False,False,
StressFresh100,StressFresh100_T000051,e5dae32698d66044f26f06853ff1e72e5356ef4496d20b0f20971793cf01f8b1,24,stagnant,unproductive_cycle,False,False,True,False,False,
StressFresh100,StressFresh100_T000051,e5dae32698d66044f26f06853ff1e72e5356ef4496d20b0f20971793cf01f8b1,25,stagnant,none,False,False,False,False,False,
StressFresh100,StressFresh100_T000051,e5dae32698d66044f26f06853ff1e72e5356ef4496d20b0f20971793cf01f8b1,26,productive,productive_iteration,False,True,False,False,False,
StressFresh100,StressFresh100_T000051,e5dae32698d66044f26f06853ff1e72e5356ef4496d20b0f20971793cf01f8b1,27,productive,productive_iteration,False,True,False,False,False,
StressFresh100,StressFresh100_T000051,e5dae32698d66044f26f06853ff1e72e5356ef4496d20b0f20971793cf01f8b1,28,productive,productive_iteration,False,True,False,False,False,
StressFresh100,StressFresh100_T000051,e5dae32698d66044f26f06853ff1e72e5356ef4496d20b0f20971793cf01f8b1,29,productive,productive_iteration,False,True,False,False,False,
StressFresh100,StressFresh100_T000051,e5dae32698d66044f26f06853ff1e72e5356ef4496d20b0f20971793cf01f8b1,30,productive,productive_iteration,False,True,False,False,False,
StressFresh100,StressFresh100_T000051,e5dae32698d66044f26f06853ff1e72e5356ef4496d20b0f20971793cf01f8b1,31,productive,productive_iteration,False,True,False,False,False,
StressFresh100,StressFresh100_T000051,e5dae32698d66044f26f06853ff1e72e5356ef4496d20b0f20971793cf01f8b1,32,stagnant,unproductive_cycle,False,False,True,False,False,
StressFresh100,StressFresh100_T000051,e5dae32698d66044f26f06853ff1e72e5356ef4496d20b0f20971793cf01f8b1,33,stagnant,unproductive_cycle,False,False,True,False,False,
StressFresh100,StressFresh100_T000051,e5dae32698d66044f26f06853ff1e72e5356ef4496d20b0f20971793cf01f8b1,34,stagnant,unproductive_cycle,False,False,True,False,False,
StressFresh100,StressFresh100_T000051,e5dae32698d66044f26f06853ff1e72e5356ef4496d20b0f20971793cf01f8b1,35,productive,productive_iteration,False,True,False,False,False,
StressFresh100,StressFresh100_T000051,e5dae32698d66044f26f06853ff1e72e5356ef4496d20b0f20971793cf01f8b1,36,stagnant,unproductive_cycle,False,False,True,False,False,
StressFresh100,StressFresh100_T000051,e5dae32698d66044f26f06853ff1e72e5356ef4496d20b0f20971793cf01f8b1,37,productive,productive_iteration,False,True,False,False,False,
StressFresh100,StressFresh100_T000051,e5dae32698d66044f26f06853ff1e72e5356ef4496d20b0f20971793cf01f8b1,38,stagnant,unproductive_cycle,False,False,True,False,False,
StressFresh100,StressFresh100_T000051,e5dae32698d66044f26f06853ff1e72e5356ef4496d20b0f20971793cf01f8b1,39,stagnant,unproductive_cycle,False,False,True,False,False,
StressFresh100,StressFresh100_T000051,e5dae32698d66044f26f06853ff1e72e5356ef4496d20b0f20971793cf01f8b1,40,stagnant,unproductive_cycle,False,False,True,False,False,
StressFresh100,StressFresh100_T000051,e5dae32698d66044f26f06853ff1e72e5356ef4496d20b0f20971793cf01f8b1,41,stagnant,unproductive_cycle,False,False,True,False,False,
StressFresh100,StressFresh100_T000051,e5dae32698d66044f26f06853ff1e72e5356ef4496d20b0f20971793cf01f8b1,42,stagnant,unproductive_cycle,False,False,True,False,False,
StressFresh100,StressFresh100_T000051,e5dae32698d66044f26f06853ff1e72e5356ef4496d20b0f20971793cf01f8b1,43,stagnant,unproductive_cycle,False,False,True,False,False,
StressFresh100,StressFresh100_T000051,e5dae32698d66044f26f06853ff1e72e5356ef4496d20b0f20971793cf01f8b1,44,stagnant,unproductive_cycle,False,False,True,False,False,
StressFresh100,StressFresh100_T000051,e5dae32698d66044f26f06853ff1e72e5356ef4496d20b0f20971793cf01f8b1,45,stagnant,unproductive_cycle,False,False,True,False,False,
StressFresh100,StressFresh100_T000051,e5dae32698d66044f26f06853ff1e72e5356ef4496d20b0f20971793cf01f8b1,46,stagnant,unproductive_cycle,False,False,True,False,False,
StressFresh100,StressFresh100_T000051,e5dae32698d66044f26f06853ff1e72e5356ef4496d20b0f20971793cf01f8b1,47,stagnant,unproductive_cycle,False,False,True,False,False,
StressFresh100,StressFresh100_T000051,e5dae32698d66044f26f06853ff1e72e5356ef4496d20b0f20971793cf01f8b1,48,stagnant,unproductive_cycle,False,False,True,False,False,
StressFresh100,StressFresh100_T000051,e5dae32698d66044f26f06853ff1e72e5356ef4496d20b0f20971793cf01f8b1,49,stagnant,unproductive_cycle,False,False,True,False,False,
StressFresh100,StressFresh100_T000051,e5dae32698d66044f26f06853ff1e72e5356ef4496d20b0f20971793cf01f8b1,50,stagnant,unproductive_cycle,False,False,True,False,False,
StressFresh100,StressFresh100_T000051,e5dae32698d66044f26f06853ff1e72e5356ef4496d20b0f20971793cf01f8b1,51,productive,productive_iteration,False,True,False,False,False,
StressFresh100,StressFresh100_T000051,e5dae32698d66044f26f06853ff1e72e5356ef4496d20b0f20971793cf01f8b1,52,productive,productive_iteration,False,True,False,False,False,
StressFresh100,StressFresh100_T000051,e5dae32698d66044f26f06853ff1e72e5356ef4496d20b0f20971793cf01f8b1,53,stagnant,unproductive_cycle,False,False,True,False,False,
StressFresh100,StressFresh100_T000051,e5dae32698d66044f26f06853ff1e72e5356ef4496d20b0f20971793cf01f8b1,54,stagnant,unproductive_cycle,False,False,True,False,False,
StressFresh100,StressFresh100_T000051,e5dae32698d66044f26f06853ff1e72e5356ef4496d20b0f20971793cf01f8b1,55,stagnant,unproductive_cycle,False,False,True,False,False,
StressFresh100,StressFresh100_T000051,e5dae32698d66044f26f06853ff1e72e5356ef4496d20b0f20971793cf01f8b1,56,productive,productive_iteration,False,True,False,False,False,
StressFresh100,StressFresh100_T000057,12a0ffb24717381aeab48ebff843dd13cbc4014f1efcac4cea8742d7a2fa5b12,0,productive,productive_iteration,False,True,False,False,False,
StressFresh100,StressFresh100_T000057,12a0ffb24717381aeab48ebff843dd13cbc4014f1efcac4cea8742d7a2fa5b12,1,productive,productive_iteration,False,True,False,False,False,
StressFresh100,StressFresh100_T000057,12a0ffb24717381aeab48ebff843dd13cbc4014f1efcac4cea8742d7a2fa5b12,2,productive,productive_iteration,False,True,False,False,False,
StressFresh100,StressFresh100_T000057,12a0ffb24717381aeab48ebff843dd13cbc4014f1efcac4cea8742d7a2fa5b12,3,productive,productive_iteration,False,True,False,False,False,
StressFresh100,StressFresh100_T000057,12a0ffb24717381aeab48ebff843dd13cbc4014f1efcac4cea8742d7a2fa5b12,4,productive,productive_iteration,False,True,False,False,False,
StressFresh100,StressFresh100_T000057,12a0ffb24717381aeab48ebff843dd13cbc4014f1efcac4cea8742d7a2fa5b12,5,productive,productive_iteration,False,True,False,False,False,
StressFresh100,StressFresh100_T000057,12a0ffb24717381aeab48ebff843dd13cbc4014f1efcac4cea8742d7a2fa5b12,6,productive,productive_iteration,False,True,False,False,False,
StressFresh100,StressFresh100_T000057,12a0ffb24717381aeab48ebff843dd13cbc4014f1efcac4cea8742d7a2fa5b12,7,stagnant,unproductive_cycle,False,False,True,False,False,
StressFresh100,StressFresh100_T000057,12a0ffb24717381aeab48ebff843dd13cbc4014f1efcac4cea8742d7a2fa5b12,8,productive,productive_iteration,False,True,False,False,False,
StressFresh100,StressFresh100_T000057,12a0ffb24717381aeab48ebff843dd13cbc4014f1efcac4cea8742d7a2fa5b12,9,productive,productive_iteration,False,True,False,False,False,
StressFresh100,StressFresh100_T000057,12a0ffb24717381aeab48ebff843dd13cbc4014f1efcac4cea8742d7a2fa5b12,10,stagnant,unproductive_cycle,False,False,True,False,False,
StressFresh100,StressFresh100_T000057,12a0ffb24717381aeab48ebff843dd13cbc4014f1efcac4cea8742d7a2fa5b12,11,productive,productive_iteration,False,True,False,False,False,
StressFresh100,StressFresh100_T000057,12a0ffb24717381aeab48ebff843dd13cbc4014f1efcac4cea8742d7a2fa5b12,12,productive,productive_iteration,False,True,False,False,False,
StressFresh100,StressFresh100_T000057,12a0ffb24717381aeab48ebff843dd13cbc4014f1efcac4cea8742d7a2fa5b12,13,productive,productive_iteration,False,True,False,False,False,
StressFresh100,StressFresh100_T000057,12a0ffb24717381aeab48ebff843dd13cbc4014f1efcac4cea8742d7a2fa5b12,14,productive,productive_iteration,False,True,False,False,False,
StressFresh100,StressFresh100_T000057,12a0ffb24717381aeab48ebff843dd13cbc4014f1efcac4cea8742d7a2fa5b12,15,productive,productive_iteration,False,True,False,False,False,
StressFresh100,StressFresh100_T000057,12a0ffb24717381aeab48ebff843dd13cbc4014f1efcac4cea8742d7a2fa5b12,16,productive,productive_iteration,False,True,False,False,False,
StressFresh100,StressFresh100_T000059,c67af9453f75488e77590b10dd970e31c6c6d613e1961f6b7b0fac78f4b9acbf,0,productive,productive_iteration,True,True,False,False,False,
StressFresh100,StressFresh100_T000059,c67af9453f75488e77590b10dd970e31c6c6d613e1961f6b7b0fac78f4b9acbf,1,productive,productive_iteration,True,True,False,False,False,
StressFresh100,StressFresh100_T000059,c67af9453f75488e77590b10dd970e31c6c6d613e1961f6b7b0fac78f4b9acbf,2,productive,productive_iteration,True,True,False,False,False,
StressFresh100,StressFresh100_T000059,c67af9453f75488e77590b10dd970e31c6c6d613e1961f6b7b0fac78f4b9acbf,3,productive,productive_iteration,True,True,False,False,False,
StressFresh100,StressFresh100_T000059,c67af9453f75488e77590b10dd970e31c6c6d613e1961f6b7b0fac78f4b9acbf,4,productive,productive_iteration,True,True,False,False,False,
StressFresh100,StressFresh100_T000059,c67af9453f75488e77590b10dd970e31c6c6d613e1961f6b7b0fac78f4b9acbf,5,productive,productive_iteration,True,True,False,False,False,
StressFresh100,StressFresh100_T000059,c67af9453f75488e77590b10dd970e31c6c6d613e1961f6b7b0fac78f4b9acbf,6,productive,productive_iteration,True,True,False,False,False,
StressFresh100,StressFresh100_T000059,c67af9453f75488e77590b10dd970e31c6c6d613e1961f6b7b0fac78f4b9acbf,7,productive,productive_iteration,True,True,False,False,False,
StressFresh100,StressFresh100_T000059,c67af9453f75488e77590b10dd970e31c6c6d613e1961f6b7b0fac78f4b9acbf,8,productive,productive_iteration,True,True,False,False,False,
StressFresh100,StressFresh100_T000059,c67af9453f75488e77590b10dd970e31c6c6d613e1961f6b7b0fac78f4b9acbf,9,productive,productive_iteration,True,True,False,False,False,
StressFresh100,StressFresh100_T000059,c67af9453f75488e77590b10dd970e31c6c6d613e1961f6b7b0fac78f4b9acbf,10,productive,productive_iteration,True,True,False,False,False,
StressFresh100,StressFresh100_T000059,c67af9453f75488e77590b10dd970e31c6c6d613e1961f6b7b0fac78f4b9acbf,11,productive,productive_iteration,True,True,False,False,False,
StressFresh100,StressFresh100_T000059,c67af9453f75488e77590b10dd970e31c6c6d613e1961f6b7b0fac78f4b9acbf,12,productive,productive_iteration,True,True,False,False,False,
StressFresh100,StressFresh100_T000059,c67af9453f75488e77590b10dd970e31c6c6d613e1961f6b7b0fac78f4b9acbf,13,productive,productive_iteration,True,True,False,False,False,
StressFresh100,StressFresh100_T000059,c67af9453f75488e77590b10dd970e31c6c6d613e1961f6b7b0fac78f4b9acbf,14,productive,productive_iteration,True,True,False,False,False,
StressFresh100,StressFresh100_T000059,c67af9453f75488e77590b10dd970e31c6c6d613e1961f6b7b0fac78f4b9acbf,15,stagnant,unproductive_cycle,False,False,True,False,False,
StressFresh100,StressFresh100_T000059,c67af9453f75488e77590b10dd970e31c6c6d613e1961f6b7b0fac78f4b9acbf,16,productive,productive_iteration,False,True,False,False,False,
StressFresh100,StressFresh100_T000059,c67af9453f75488e77590b10dd970e31c6c6d613e1961f6b7b0fac78f4b9acbf,17,productive,productive_iteration,False,True,False,False,False,
StressFresh100,StressFresh100_T000059,c67af9453f75488e77590b10dd970e31c6c6d613e1961f6b7b0fac78f4b9acbf,18,productive,productive_iteration,False,True,False,False,False,
StressFresh100,StressFresh100_T000059,c67af9453f75488e77590b10dd970e31c6c6d613e1961f6b7b0fac78f4b9acbf,19,productive,productive_iteration,False,True,False,False,False,
StressFresh100,StressFresh100_T000059,c67af9453f75488e77590b10dd970e31c6c6d613e1961f6b7b0fac78f4b9acbf,20,productive,productive_iteration,False,True,False,False,False,
StressFresh100,StressFresh100_T000059,c67af9453f75488e77590b10dd970e31c6c6d613e1961f6b7b0fac78f4b9acbf,21,stagnant,unproductive_cycle,False,False,True,False,False,
StressFresh100,StressFresh100_T000059,c67af9453f75488e77590b10dd970e31c6c6d613e1961f6b7b0fac78f4b9acbf,22,productive,productive_iteration,False,True,False,False,False,
StressFresh100,StressFresh100_T000059,c67af9453f75488e77590b10dd970e31c6c6d613e1961f6b7b0fac78f4b9acbf,23,productive,productive_iteration,False,True,False,False,False,
StressFresh100,StressFresh100_T000059,c67af9453f75488e77590b10dd970e31c6c6d613e1961f6b7b0fac78f4b9acbf,24,productive,productive_iteration,False,True,False,False,False,
StressFresh100,StressFresh100_T000059,c67af9453f75488e77590b10dd970e31c6c6d613e1961f6b7b0fac78f4b9acbf,25,stagnant,unproductive_cycle,False,False,True,False,False,
StressFresh100,StressFresh100_T000059,c67af9453f75488e77590b10dd970e31c6c6d613e1961f6b7b0fac78f4b9acbf,26,productive,productive_iteration,False,True,False,False,False,
StressFresh100,StressFresh100_T000059,c67af9453f75488e77590b10dd970e31c6c6d613e1961f6b7b0fac78f4b9acbf,27,stagnant,unproductive_cycle,False,False,True,False,False,
StressFresh100,StressFresh100_T000059,c67af9453f75488e77590b10dd970e31c6c6d613e1961f6b7b0fac78f4b9acbf,28,stagnant,unproductive_cycle,False,False,True,False,False,
StressFresh100,StressFresh100_T000059,c67af9453f75488e77590b10dd970e31c6c6d613e1961f6b7b0fac78f4b9acbf,29,stagnant,unproductive_cycle,False,False,True,False,False,
StressFresh100,StressFresh100_T000059,c67af9453f75488e77590b10dd970e31c6c6d613e1961f6b7b0fac78f4b9acbf,30,stagnant,unproductive_cycle,False,False,True,False,False,
StressFresh100,StressFresh100_T000059,c67af9453f75488e77590b10dd970e31c6c6d613e1961f6b7b0fac78f4b9acbf,31,stagnant,unproductive_cycle,False,False,True,False,False,
StressFresh100,StressFresh100_T000059,c67af9453f75488e77590b10dd970e31c6c6d613e1961f6b7b0fac78f4b9acbf,32,stagnant,unproductive_cycle,False,False,True,False,False,
StressFresh100,StressFresh100_T000059,c67af9453f75488e77590b10dd970e31c6c6d613e1961f6b7b0fac78f4b9acbf,33,stagnant,unproductive_cycle,False,False,True,False,False,
StressFresh100,StressFresh100_T000059,c67af9453f75488e77590b10dd970e31c6c6d613e1961f6b7b0fac78f4b9acbf,34,stagnant,unproductive_cycle,False,False,True,False,False,
StressFresh100,StressFresh100_T000059,c67af9453f75488e77590b10dd970e31c6c6d613e1961f6b7b0fac78f4b9acbf,35,stagnant,unproductive_cycle,False,False,True,False,False,
StressFresh100,StressFresh100_T000059,c67af9453f75488e77590b10dd970e31c6c6d613e1961f6b7b0fac78f4b9acbf,36,stagnant,unproductive_cycle,False,False,True,False,False,
StressFresh100,StressFresh100_T000059,c67af9453f75488e77590b10dd970e31c6c6d613e1961f6b7b0fac78f4b9acbf,37,stagnant,unproductive_cycle,False,False,True,False,False,
StressFresh100,StressFresh100_T000059,c67af9453f75488e77590b10dd970e31c6c6d613e1961f6b7b0fac78f4b9acbf,38,stagnant,unproductive_cycle,False,False,True,False,False,
StressFresh100,StressFresh100_T000059,c67af9453f75488e77590b10dd970e31c6c6d613e1961f6b7b0fac78f4b9acbf,39,stagnant,unproductive_cycle,False,False,True,False,False,
StressFresh100,StressFresh100_T000059,c67af9453f75488e77590b10dd970e31c6c6d613e1961f6b7b0fac78f4b9acbf,40,stagnant,unproductive_cycle,False,False,True,False,False,
StressFresh100,StressFresh100_T000059,c67af9453f75488e77590b10dd970e31c6c6d613e1961f6b7b0fac78f4b9acbf,41,stagnant,unproductive_cycle,False,False,True,False,False,
StressFresh100,StressFresh100_T000059,c67af9453f75488e77590b10dd970e31c6c6d613e1961f6b7b0fac78f4b9acbf,42,stagnant,unproductive_cycle,False,False,True,False,False,
StressFresh100,StressFresh100_T000059,c67af9453f75488e77590b10dd970e31c6c6d613e1961f6b7b0fac78f4b9acbf,43,stagnant,unproductive_cycle,False,False,True,False,False,
StressFresh100,StressFresh100_T000059,c67af9453f75488e77590b10dd970e31c6c6d613e1961f6b7b0fac78f4b9acbf,44,stagnant,unproductive_cycle,False,False,True,False,False,
StressFresh100,StressFresh100_T000059,c67af9453f75488e77590b10dd970e31c6c6d613e1961f6b7b0fac78f4b9acbf,45,stagnant,unproductive_cycle,False,False,True,False,False,
StressFresh100,StressFresh100_T000059,c67af9453f75488e77590b10dd970e31c6c6d613e1961f6b7b0fac78f4b9acbf,46,stagnant,unproductive_cycle,False,False,True,False,False,
StressFresh100,StressFresh100_T000059,c67af9453f75488e77590b10dd970e31c6c6d613e1961f6b7b0fac78f4b9acbf,47,stagnant,unproductive_cycle,False,False,True,False,False,
StressFresh100,StressFresh100_T000059,c67af9453f75488e77590b10dd970e31c6c6d613e1961f6b7b0fac78f4b9acbf,48,stagnant,unproductive_cycle,False,False,True,False,False,
StressFresh100,StressFresh100_T000060,264c713dd5947776605140d61e9c0e7c179c4e1052241744bc37fb9270f4a68b,0,productive,productive_iteration,False,True,False,False,False,
StressFresh100,StressFresh100_T000060,264c713dd5947776605140d61e9c0e7c179c4e1052241744bc37fb9270f4a68b,1,productive,productive_iteration,False,True,False,False,False,
StressFresh100,StressFresh100_T000060,264c713dd5947776605140d61e9c0e7c179c4e1052241744bc37fb9270f4a68b,2,productive,productive_iteration,False,True,False,False,False,
StressFresh100,StressFresh100_T000060,264c713dd5947776605140d61e9c0e7c179c4e1052241744bc37fb9270f4a68b,3,productive,none,False,False,False,False,False,
StressFresh100,StressFresh100_T000060,264c713dd5947776605140d61e9c0e7c179c4e1052241744bc37fb9270f4a68b,4,productive,productive_iteration,False,True,False,False,False,
StressFresh100,StressFresh100_T000060,264c713dd5947776605140d61e9c0e7c179c4e1052241744bc37fb9270f4a68b,5,productive,productive_iteration,False,True,False,False,False,
StressFresh100,StressFresh100_T000060,264c713dd5947776605140d61e9c0e7c179c4e1052241744bc37fb9270f4a68b,6,productive,productive_iteration,False,True,False,False,False,
StressFresh100,StressFresh100_T000060,264c713dd5947776605140d61e9c0e7c179c4e1052241744bc37fb9270f4a68b,7,productive,productive_iteration,False,True,False,False,False,
StressFresh100,StressFresh100_T000060,264c713dd5947776605140d61e9c0e7c179c4e1052241744bc37fb9270f4a68b,8,productive,productive_iteration,False,True,False,False,False,
StressFresh100,StressFresh100_T000060,264c713dd5947776605140d61e9c0e7c179c4e1052241744bc37fb9270f4a68b,9,stagnant,unproductive_cycle,False,False,True,False,False,
StressFresh100,StressFresh100_T000060,264c713dd5947776605140d61e9c0e7c179c4e1052241744bc37fb9270f4a68b,10,stagnant,unproductive_cycle,False,False,True,False,False,
StressFresh100,StressFresh100_T000060,264c713dd5947776605140d61e9c0e7c179c4e1052241744bc37fb9270f4a68b,11,stagnant,unproductive_cycle,False,False,True,False,False,
StressFresh100,StressFresh100_T000064,8b401b1ec2674e697a1bd749782a9ee0395addf8afd8e034aa8cc89a3f52dc93,0,productive,none,False,False,False,False,False,
StressFresh100,StressFresh100_T000064,8b401b1ec2674e697a1bd749782a9ee0395addf8afd8e034aa8cc89a3f52dc93,1,stagnant,unproductive_cycle,False,False,True,False,False,
StressFresh100,StressFresh100_T000064,8b401b1ec2674e697a1bd749782a9ee0395addf8afd8e034aa8cc89a3f52dc93,2,stagnant,unproductive_cycle,False,False,True,False,False,
StressFresh100,StressFresh100_T000064,8b401b1ec2674e697a1bd749782a9ee0395addf8afd8e034aa8cc89a3f52dc93,3,productive,productive_iteration,True,True,False,False,False,
StressFresh100,StressFresh100_T000064,8b401b1ec2674e697a1bd749782a9ee0395addf8afd8e034aa8cc89a3f52dc93,4,productive,productive_iteration,True,True,False,False,False,
StressFresh100,StressFresh100_T000064,8b401b1ec2674e697a1bd749782a9ee0395addf8afd8e034aa8cc89a3f52dc93,5,productive,productive_iteration,True,True,False,False,False,
StressFresh100,StressFresh100_T000064,8b401b1ec2674e697a1bd749782a9ee0395addf8afd8e034aa8cc89a3f52dc93,6,productive,productive_iteration,True,True,False,False,False,
StressFresh100,StressFresh100_T000064,8b401b1ec2674e697a1bd749782a9ee0395addf8afd8e034aa8cc89a3f52dc93,7,productive,productive_iteration,True,True,False,False,False,
StressFresh100,StressFresh100_T000064,8b401b1ec2674e697a1bd749782a9ee0395addf8afd8e034aa8cc89a3f52dc93,8,productive,productive_iteration,True,True,False,False,False,
StressFresh100,StressFresh100_T000064,8b401b1ec2674e697a1bd749782a9ee0395addf8afd8e034aa8cc89a3f52dc93,9,productive,productive_iteration,True,True,False,False,False,
StressFresh100,StressFresh100_T000064,8b401b1ec2674e697a1bd749782a9ee0395addf8afd8e034aa8cc89a3f52dc93,10,productive,productive_iteration,True,True,False,False,False,
StressFresh100,StressFresh100_T000064,8b401b1ec2674e697a1bd749782a9ee0395addf8afd8e034aa8cc89a3f52dc93,11,productive,productive_iteration,True,True,False,False,False,
StressFresh100,StressFresh100_T000064,8b401b1ec2674e697a1bd749782a9ee0395addf8afd8e034aa8cc89a3f52dc93,12,productive,productive_iteration,True,True,False,False,False,
StressFresh100,StressFresh100_T000064,8b401b1ec2674e697a1bd749782a9ee0395addf8afd8e034aa8cc89a3f52dc93,13,productive,productive_iteration,True,True,False,False,False,
StressFresh100,StressFresh100_T000064,8b401b1ec2674e697a1bd749782a9ee0395addf8afd8e034aa8cc89a3f52dc93,14,stagnant,unproductive_cycle,False,False,True,False,False,
StressFresh100,StressFresh100_T000064,8b401b1ec2674e697a1bd749782a9ee0395addf8afd8e034aa8cc89a3f52dc93,15,stagnant,unproductive_cycle,False,False,True,False,False,
StressFresh100,StressFresh100_T000064,8b401b1ec2674e697a1bd749782a9ee0395addf8afd8e034aa8cc89a3f52dc93,16,productive,productive_iteration,False,True,False,False,False,
StressFresh100,StressFresh100_T000064,8b401b1ec2674e697a1bd749782a9ee0395addf8afd8e034aa8cc89a3f52dc93,17,productive,productive_iteration,False,True,False,False,False,
StressFresh100,StressFresh100_T000064,8b401b1ec2674e697a1bd749782a9ee0395addf8afd8e034aa8cc89a3f52dc93,18,productive,productive_iteration,False,True,False,False,False,
StressFresh100,StressFresh100_T000064,8b401b1ec2674e697a1bd749782a9ee0395addf8afd8e034aa8cc89a3f52dc93,19,productive,productive_iteration,False,True,False,False,False,
StressFresh100,StressFresh100_T000064,8b401b1ec2674e697a1bd749782a9ee0395addf8afd8e034aa8cc89a3f52dc93,20,productive,productive_iteration,False,True,False,False,False,
StressFresh100,StressFresh100_T000064,8b401b1ec2674e697a1bd749782a9ee0395addf8afd8e034aa8cc89a3f52dc93,21,productive,productive_iteration,False,True,False,False,False,
StressFresh100,StressFresh100_T000064,8b401b1ec2674e697a1bd749782a9ee0395addf8afd8e034aa8cc89a3f52dc93,22,productive,productive_iteration,False,True,False,False,False,
StressFresh100,StressFresh100_T000064,8b401b1ec2674e697a1bd749782a9ee0395addf8afd8e034aa8cc89a3f52dc93,23,stagnant,unproductive_cycle,False,False,True,False,False,
StressFresh100,StressFresh100_T000064,8b401b1ec2674e697a1bd749782a9ee0395addf8afd8e034aa8cc89a3f52dc93,24,stagnant,unproductive_cycle,False,False,True,False,False,
StressFresh100,StressFresh100_T000064,8b401b1ec2674e697a1bd749782a9ee0395addf8afd8e034aa8cc89a3f52dc93,25,stagnant,unproductive_cycle,False,False,True,False,False,
StressFresh100,StressFresh100_T000064,8b401b1ec2674e697a1bd749782a9ee0395addf8afd8e034aa8cc89a3f52dc93,26,productive,productive_iteration,False,True,False,False,False,
StressFresh100,StressFresh100_T000064,8b401b1ec2674e697a1bd749782a9ee0395addf8afd8e034aa8cc89a3f52dc93,27,productive,productive_iteration,False,True,False,False,False,
StressFresh100,StressFresh100_T000064,8b401b1ec2674e697a1bd749782a9ee0395addf8afd8e034aa8cc89a3f52dc93,28,productive,productive_iteration,False,True,False,False,False,
StressFresh100,StressFresh100_T000064,8b401b1ec2674e697a1bd749782a9ee0395addf8afd8e034aa8cc89a3f52dc93,29,stagnant,unproductive_cycle,False,False,True,False,False,
StressFresh100,StressFresh100_T000064,8b401b1ec2674e697a1bd749782a9ee0395addf8afd8e034aa8cc89a3f52dc93,30,productive,productive_iteration,True,True,False,False,False,
StressFresh100,StressFresh100_T000064,8b401b1ec2674e697a1bd749782a9ee0395addf8afd8e034aa8cc89a3f52dc93,31,productive,productive_iteration,True,True,False,False,False,
StressFresh100,StressFresh100_T000064,8b401b1ec2674e697a1bd749782a9ee0395addf8afd8e034aa8cc89a3f52dc93,32,productive,productive_iteration,True,True,False,False,False,
StressFresh100,StressFresh100_T000064,8b401b1ec2674e697a1bd749782a9ee0395addf8afd8e034aa8cc89a3f52dc93,33,productive,productive_iteration,True,True,False,False,False,
StressFresh100,StressFresh100_T000064,8b401b1ec2674e697a1bd749782a9ee0395addf8afd8e034aa8cc89a3f52dc93,34,productive,productive_iteration,True,True,False,False,False,
StressFresh100,StressFresh100_T000064,8b401b1ec2674e697a1bd749782a9ee0395addf8afd8e034aa8cc89a3f52dc93,35,productive,productive_iteration,True,True,False,False,False,
StressFresh100,StressFresh100_T000064,8b401b1ec2674e697a1bd749782a9ee0395addf8afd8e034aa8cc89a3f52dc93,36,productive,productive_iteration,True,True,False,False,False,
StressFresh100,StressFresh100_T000064,8b401b1ec2674e697a1bd749782a9ee0395addf8afd8e034aa8cc89a3f52dc93,37,productive,productive_iteration,True,True,False,False,False,
StressFresh100,StressFresh100_T000064,8b401b1ec2674e697a1bd749782a9ee0395addf8afd8e034aa8cc89a3f52dc93,38,stagnant,unproductive_cycle,False,False,True,False,False,
StressFresh100,StressFresh100_T000064,8b401b1ec2674e697a1bd749782a9ee0395addf8afd8e034aa8cc89a3f52dc93,39,stagnant,unproductive_cycle,False,False,True,False,False,
StressFresh100,StressFresh100_T000064,8b401b1ec2674e697a1bd749782a9ee0395addf8afd8e034aa8cc89a3f52dc93,40,stagnant,unproductive_cycle,False,False,True,False,False,
StressFresh100,StressFresh100_T000064,8b401b1ec2674e697a1bd749782a9ee0395addf8afd8e034aa8cc89a3f52dc93,41,stagnant,unproductive_cycle,False,False,True,False,False,
StressFresh100,StressFresh100_T000064,8b401b1ec2674e697a1bd749782a9ee0395addf8afd8e034aa8cc89a3f52dc93,42,stagnant,unproductive_cycle,False,False,True,False,False,
StressFresh100,StressFresh100_T000064,8b401b1ec2674e697a1bd749782a9ee0395addf8afd8e034aa8cc89a3f52dc93,43,stagnant,unproductive_cycle,False,False,True,False,False,
StressFresh100,StressFresh100_T000064,8b401b1ec2674e697a1bd749782a9ee0395addf8afd8e034aa8cc89a3f52dc93,44,stagnant,unproductive_cycle,False,False,True,False,False,
StressFresh100,StressFresh100_T000064,8b401b1ec2674e697a1bd749782a9ee0395addf8afd8e034aa8cc89a3f52dc93,45,stagnant,unproductive_cycle,False,False,True,False,False,
StressFresh100,StressFresh100_T000064,8b401b1ec2674e697a1bd749782a9ee0395addf8afd8e034aa8cc89a3f52dc93,46,stagnant,unproductive_cycle,False,False,True,False,False,
StressFresh100,StressFresh100_T000064,8b401b1ec2674e697a1bd749782a9ee0395addf8afd8e034aa8cc89a3f52dc93,47,stagnant,unproductive_cycle,False,False,True,False,False,
StressFresh100,StressFresh100_T000064,8b401b1ec2674e697a1bd749782a9ee0395addf8afd8e034aa8cc89a3f52dc93,48,stagnant,unproductive_cycle,False,False,True,False,False,
StressFresh100,StressFresh100_T000064,8b401b1ec2674e697a1bd749782a9ee0395addf8afd8e034aa8cc89a3f52dc93,49,stagnant,unproductive_cycle,False,False,True,False,False,
StressFresh100,StressFresh100_T000064,8b401b1ec2674e697a1bd749782a9ee0395addf8afd8e034aa8cc89a3f52dc93,50,productive,productive_iteration,False,True,False,False,False,
StressFresh100,StressFresh100_T000064,8b401b1ec2674e697a1bd749782a9ee0395addf8afd8e034aa8cc89a3f52dc93,51,productive,productive_iteration,False,True,False,False,False,
StressFresh100,StressFresh100_T000068,b956608f3d0d05fc81448c3b0f5b278ea7ac5652d9b5b18d101f261760375a2a,0,productive,none,False,False,False,False,False,
StressFresh100,StressFresh100_T000068,b956608f3d0d05fc81448c3b0f5b278ea7ac5652d9b5b18d101f261760375a2a,1,productive,none,False,False,False,False,False,
StressFresh100,StressFresh100_T000068,b956608f3d0d05fc81448c3b0f5b278ea7ac5652d9b5b18d101f261760375a2a,2,productive,none,False,False,False,False,False,
StressFresh100,StressFresh100_T000068,b956608f3d0d05fc81448c3b0f5b278ea7ac5652d9b5b18d101f261760375a2a,3,productive,none,False,False,False,False,False,
StressFresh100,StressFresh100_T000068,b956608f3d0d05fc81448c3b0f5b278ea7ac5652d9b5b18d101f261760375a2a,4,productive,none,False,False,False,False,False,
StressFresh100,StressFresh100_T000068,b956608f3d0d05fc81448c3b0f5b278ea7ac5652d9b5b18d101f261760375a2a,5,productive,none,False,False,False,False,False,
StressFresh100,StressFresh100_T000068,b956608f3d0d05fc81448c3b0f5b278ea7ac5652d9b5b18d101f261760375a2a,6,stagnant,unproductive_cycle,False,False,True,False,False,
StressFresh100,StressFresh100_T000068,b956608f3d0d05fc81448c3b0f5b278ea7ac5652d9b5b18d101f261760375a2a,7,stagnant,unproductive_cycle,False,False,True,False,False,
StressFresh100,StressFresh100_T000068,b956608f3d0d05fc81448c3b0f5b278ea7ac5652d9b5b18d101f261760375a2a,8,stagnant,unproductive_cycle,False,False,True,False,False,
StressFresh100,StressFresh100_T000068,b956608f3d0d05fc81448c3b0f5b278ea7ac5652d9b5b18d101f261760375a2a,9,stagnant,unproductive_cycle,False,False,True,False,False,
StressFresh100,StressFresh100_T000068,b956608f3d0d05fc81448c3b0f5b278ea7ac5652d9b5b18d101f261760375a2a,10,productive,none,False,False,False,False,False,
StressFresh100,StressFresh100_T000068,b956608f3d0d05fc81448c3b0f5b278ea7ac5652d9b5b18d101f261760375a2a,11,stagnant,unproductive_cycle,False,False,True,False,False,
StressFresh100,StressFresh100_T000068,b956608f3d0d05fc81448c3b0f5b278ea7ac5652d9b5b18d101f261760375a2a,12,stagnant,unproductive_cycle,False,False,True,False,False,
StressFresh100,StressFresh100_T000068,b956608f3d0d05fc81448c3b0f5b278ea7ac5652d9b5b18d101f261760375a2a,13,productive,productive_iteration,False,True,False,False,False,
StressFresh100,StressFresh100_T000068,b956608f3d0d05fc81448c3b0f5b278ea7ac5652d9b5b18d101f261760375a2a,14,productive,productive_iteration,False,True,False,False,False,
StressFresh100,StressFresh100_T000068,b956608f3d0d05fc81448c3b0f5b278ea7ac5652d9b5b18d101f261760375a2a,15,productive,none,False,False,False,False,False,
StressFresh100,StressFresh100_T000069,8b9153342eb62fb3be7a52cf457d9f9d710e1abd14b4022c512369fe3d20fc20,0,productive,productive_iteration,False,True,False,False,False,
StressFresh100,StressFresh100_T000069,8b9153342eb62fb3be7a52cf457d9f9d710e1abd14b4022c512369fe3d20fc20,1,productive,productive_iteration,False,True,False,False,False,
StressFresh100,StressFresh100_T000069,8b9153342eb62fb3be7a52cf457d9f9d710e1abd14b4022c512369fe3d20fc20,2,productive,productive_iteration,False,True,False,False,False,
StressFresh100,StressFresh100_T000069,8b9153342eb62fb3be7a52cf457d9f9d710e1abd14b4022c512369fe3d20fc20,3,uncertain,none,False,False,False,True,False,
StressFresh100,StressFresh100_T000069,8b9153342eb62fb3be7a52cf457d9f9d710e1abd14b4022c512369fe3d20fc20,4,productive,none,False,False,False,False,False,
StressFresh100,StressFresh100_T000069,8b9153342eb62fb3be7a52cf457d9f9d710e1abd14b4022c512369fe3d20fc20,5,productive,none,False,False,False,False,False,
StressFresh100,StressFresh100_T000069,8b9153342eb62fb3be7a52cf457d9f9d710e1abd14b4022c512369fe3d20fc20,6,productive,none,False,False,False,False,False,
StressFresh100,StressFresh100_T000069,8b9153342eb62fb3be7a52cf457d9f9d710e1abd14b4022c512369fe3d20fc20,7,productive,none,False,False,False,False,False,
StressFresh100,StressFresh100_T000069,8b9153342eb62fb3be7a52cf457d9f9d710e1abd14b4022c512369fe3d20fc20,8,productive,none,False,False,False,False,False,
StressFresh100,StressFresh100_T000069,8b9153342eb62fb3be7a52cf457d9f9d710e1abd14b4022c512369fe3d20fc20,9,stagnant,unproductive_cycle,False,False,True,False,False,
StressFresh100,StressFresh100_T000069,8b9153342eb62fb3be7a52cf457d9f9d710e1abd14b4022c512369fe3d20fc20,10,stagnant,unproductive_cycle,False,False,True,False,False,
StressFresh100,StressFresh100_T000069,8b9153342eb62fb3be7a52cf457d9f9d710e1abd14b4022c512369fe3d20fc20,11,stagnant,unproductive_cycle,False,False,True,False,False,
StressFresh100,StressFresh100_T000069,8b9153342eb62fb3be7a52cf457d9f9d710e1abd14b4022c512369fe3d20fc20,12,stagnant,unproductive_cycle,False,False,True,False,False,
StressFresh100,StressFresh100_T000069,8b9153342eb62fb3be7a52cf457d9f9d710e1abd14b4022c512369fe3d20fc20,13,stagnant,unproductive_cycle,False,False,True,False,False,
StressFresh100,StressFresh100_T000069,8b9153342eb62fb3be7a52cf457d9f9d710e1abd14b4022c512369fe3d20fc20,14,stagnant,unproductive_cycle,False,False,True,False,False,
StressFresh100,StressFresh100_T000069,8b9153342eb62fb3be7a52cf457d9f9d710e1abd14b4022c512369fe3d20fc20,15,stagnant,unproductive_cycle,False,False,True,False,False,
StressFresh100,StressFresh100_T000069,8b9153342eb62fb3be7a52cf457d9f9d710e1abd14b4022c512369fe3d20fc20,16,stagnant,unproductive_cycle,False,False,True,False,False,
StressFresh100,StressFresh100_T000069,8b9153342eb62fb3be7a52cf457d9f9d710e1abd14b4022c512369fe3d20fc20,17,stagnant,unproductive_cycle,False,False,True,False,False,
StressFresh100,StressFresh100_T000069,8b9153342eb62fb3be7a52cf457d9f9d710e1abd14b4022c512369fe3d20fc20,18,stagnant,unproductive_cycle,False,False,True,False,False,
StressFresh100,StressFresh100_T000069,8b9153342eb62fb3be7a52cf457d9f9d710e1abd14b4022c512369fe3d20fc20,19,productive,none,False,False,False,False,False,
StressFresh100,StressFresh100_T000069,8b9153342eb62fb3be7a52cf457d9f9d710e1abd14b4022c512369fe3d20fc20,20,productive,none,False,False,False,False,False,
StressFresh100,StressFresh100_T000069,8b9153342eb62fb3be7a52cf457d9f9d710e1abd14b4022c512369fe3d20fc20,21,productive,none,False,False,False,False,False,
StressFresh100,StressFresh100_T000069,8b9153342eb62fb3be7a52cf457d9f9d710e1abd14b4022c512369fe3d20fc20,22,productive,none,False,False,False,False,False,
StressFresh100,StressFresh100_T000069,8b9153342eb62fb3be7a52cf457d9f9d710e1abd14b4022c512369fe3d20fc20,23,stagnant,none,False,False,False,False,False,
StressFresh100,StressFresh100_T000069,8b9153342eb62fb3be7a52cf457d9f9d710e1abd14b4022c512369fe3d20fc20,24,stagnant,unproductive_cycle,False,False,True,False,False,
StressFresh100,StressFresh100_T000069,8b9153342eb62fb3be7a52cf457d9f9d710e1abd14b4022c512369fe3d20fc20,25,stagnant,unproductive_cycle,False,False,True,False,False,
StressFresh100,StressFresh100_T000069,8b9153342eb62fb3be7a52cf457d9f9d710e1abd14b4022c512369fe3d20fc20,26,stagnant,unproductive_cycle,False,False,True,False,False,
StressFresh100,StressFresh100_T000069,8b9153342eb62fb3be7a52cf457d9f9d710e1abd14b4022c512369fe3d20fc20,27,stagnant,none,False,False,False,False,False,
StressFresh100,StressFresh100_T000071,d44c444735f35d7c02e48d92b4f814cbe08ceb4f8f3622e80b4e75b2c87b90f8,0,productive,productive_iteration,True,True,False,False,False,
StressFresh100,StressFresh100_T000071,d44c444735f35d7c02e48d92b4f814cbe08ceb4f8f3622e80b4e75b2c87b90f8,1,productive,productive_iteration,True,True,False,False,False,
StressFresh100,StressFresh100_T000071,d44c444735f35d7c02e48d92b4f814cbe08ceb4f8f3622e80b4e75b2c87b90f8,2,productive,productive_iteration,True,True,False,False,False,
StressFresh100,StressFresh100_T000071,d44c444735f35d7c02e48d92b4f814cbe08ceb4f8f3622e80b4e75b2c87b90f8,3,productive,productive_iteration,True,True,False,False,False,
StressFresh100,StressFresh100_T000071,d44c444735f35d7c02e48d92b4f814cbe08ceb4f8f3622e80b4e75b2c87b90f8,4,productive,productive_iteration,True,True,False,False,False,
StressFresh100,StressFresh100_T000071,d44c444735f35d7c02e48d92b4f814cbe08ceb4f8f3622e80b4e75b2c87b90f8,5,productive,none,False,False,False,False,False,
StressFresh100,StressFresh100_T000071,d44c444735f35d7c02e48d92b4f814cbe08ceb4f8f3622e80b4e75b2c87b90f8,6,productive,none,False,False,False,False,False,
StressFresh100,StressFresh100_T000071,d44c444735f35d7c02e48d92b4f814cbe08ceb4f8f3622e80b4e75b2c87b90f8,7,productive,none,False,False,False,False,False,
StressFresh100,StressFresh100_T000071,d44c444735f35d7c02e48d92b4f814cbe08ceb4f8f3622e80b4e75b2c87b90f8,8,productive,none,False,False,False,False,False,
StressFresh100,StressFresh100_T000071,d44c444735f35d7c02e48d92b4f814cbe08ceb4f8f3622e80b4e75b2c87b90f8,9,stagnant,unproductive_cycle,False,False,True,False,False,
StressFresh100,StressFresh100_T000071,d44c444735f35d7c02e48d92b4f814cbe08ceb4f8f3622e80b4e75b2c87b90f8,10,stagnant,unproductive_cycle,False,False,True,False,False,
StressFresh100,StressFresh100_T000071,d44c444735f35d7c02e48d92b4f814cbe08ceb4f8f3622e80b4e75b2c87b90f8,11,stagnant,unproductive_cycle,False,False,True,False,False,
StressFresh100,StressFresh100_T000071,d44c444735f35d7c02e48d92b4f814cbe08ceb4f8f3622e80b4e75b2c87b90f8,12,productive,none,False,False,False,False,False,
StressFresh100,StressFresh100_T000071,d44c444735f35d7c02e48d92b4f814cbe08ceb4f8f3622e80b4e75b2c87b90f8,13,productive,none,False,False,False,False,False,
StressFresh100,StressFresh100_T000071,d44c444735f35d7c02e48d92b4f814cbe08ceb4f8f3622e80b4e75b2c87b90f8,14,stagnant,unproductive_cycle,False,False,True,False,False,
StressFresh100,StressFresh100_T000071,d44c444735f35d7c02e48d92b4f814cbe08ceb4f8f3622e80b4e75b2c87b90f8,15,productive,none,False,False,False,False,False,
StressFresh100,StressFresh100_T000071,d44c444735f35d7c02e48d92b4f814cbe08ceb4f8f3622e80b4e75b2c87b90f8,16,stagnant,unproductive_cycle,False,False,True,False,False,
StressFresh100,StressFresh100_T000071,d44c444735f35d7c02e48d92b4f814cbe08ceb4f8f3622e80b4e75b2c87b90f8,17,productive,none,False,False,False,False,False,
StressFresh100,StressFresh100_T000071,d44c444735f35d7c02e48d92b4f814cbe08ceb4f8f3622e80b4e75b2c87b90f8,18,productive,productive_iteration,True,True,False,False,False,
StressFresh100,StressFresh100_T000071,d44c444735f35d7c02e48d92b4f814cbe08ceb4f8f3622e80b4e75b2c87b90f8,19,productive,productive_iteration,True,True,False,False,False,
StressFresh100,StressFresh100_T000071,d44c444735f35d7c02e48d92b4f814cbe08ceb4f8f3622e80b4e75b2c87b90f8,20,productive,productive_iteration,True,True,False,False,False,
StressFresh100,StressFresh100_T000071,d44c444735f35d7c02e48d92b4f814cbe08ceb4f8f3622e80b4e75b2c87b90f8,21,productive,productive_iteration,True,True,False,False,False,
StressFresh100,StressFresh100_T000071,d44c444735f35d7c02e48d92b4f814cbe08ceb4f8f3622e80b4e75b2c87b90f8,22,productive,none,False,False,False,False,False,
StressFresh100,StressFresh100_T000071,d44c444735f35d7c02e48d92b4f814cbe08ceb4f8f3622e80b4e75b2c87b90f8,23,productive,none,False,False,False,False,False,
StressFresh100,StressFresh100_T000072,86208502cd27fb57fd7c3faf799e1e06b46716db23f3eefe3edbef006a0bc8d4,0,productive,productive_iteration,False,True,False,False,False,
StressFresh100,StressFresh100_T000072,86208502cd27fb57fd7c3faf799e1e06b46716db23f3eefe3edbef006a0bc8d4,1,productive,productive_iteration,False,True,False,False,False,
StressFresh100,StressFresh100_T000072,86208502cd27fb57fd7c3faf799e1e06b46716db23f3eefe3edbef006a0bc8d4,2,productive,productive_iteration,False,True,False,False,False,
StressFresh100,StressFresh100_T000072,86208502cd27fb57fd7c3faf799e1e06b46716db23f3eefe3edbef006a0bc8d4,3,uncertain,none,False,False,False,True,False,
StressFresh100,StressFresh100_T000072,86208502cd27fb57fd7c3faf799e1e06b46716db23f3eefe3edbef006a0bc8d4,4,uncertain,none,False,False,False,True,False,
StressFresh100,StressFresh100_T000072,86208502cd27fb57fd7c3faf799e1e06b46716db23f3eefe3edbef006a0bc8d4,5,productive,none,False,False,False,False,False,
StressFresh100,StressFresh100_T000072,86208502cd27fb57fd7c3faf799e1e06b46716db23f3eefe3edbef006a0bc8d4,6,uncertain,unproductive_cycle,False,False,True,True,False,
StressFresh100,StressFresh100_T000072,86208502cd27fb57fd7c3faf799e1e06b46716db23f3eefe3edbef006a0bc8d4,7,productive,none,False,False,False,False,False,
StressFresh100,StressFresh100_T000072,86208502cd27fb57fd7c3faf799e1e06b46716db23f3eefe3edbef006a0bc8d4,8,productive,productive_iteration,False,True,False,False,False,
StressFresh100,StressFresh100_T000072,86208502cd27fb57fd7c3faf799e1e06b46716db23f3eefe3edbef006a0bc8d4,9,productive,productive_iteration,False,True,False,False,False,
StressFresh100,StressFresh100_T000072,86208502cd27fb57fd7c3faf799e1e06b46716db23f3eefe3edbef006a0bc8d4,10,productive,none,False,False,False,False,False,
StressFresh100,StressFresh100_T000072,86208502cd27fb57fd7c3faf799e1e06b46716db23f3eefe3edbef006a0bc8d4,11,productive,none,False,False,False,False,False,
StressFresh100,StressFresh100_T000072,86208502cd27fb57fd7c3faf799e1e06b46716db23f3eefe3edbef006a0bc8d4,12,productive,productive_iteration,False,True,False,False,False,
StressFresh100,StressFresh100_T000072,86208502cd27fb57fd7c3faf799e1e06b46716db23f3eefe3edbef006a0bc8d4,13,productive,productive_iteration,False,True,False,False,False,
StressFresh100,StressFresh100_T000072,86208502cd27fb57fd7c3faf799e1e06b46716db23f3eefe3edbef006a0bc8d4,14,productive,productive_iteration,False,True,False,False,False,
StressFresh100,StressFresh100_T000072,86208502cd27fb57fd7c3faf799e1e06b46716db23f3eefe3edbef006a0bc8d4,15,productive,none,False,False,False,False,False,
StressFresh100,StressFresh100_T000072,86208502cd27fb57fd7c3faf799e1e06b46716db23f3eefe3edbef006a0bc8d4,16,stagnant,none,False,False,False,False,False,
StressFresh100,StressFresh100_T000072,86208502cd27fb57fd7c3faf799e1e06b46716db23f3eefe3edbef006a0bc8d4,17,productive,productive_iteration,False,True,False,False,False,
StressFresh100,StressFresh100_T000072,86208502cd27fb57fd7c3faf799e1e06b46716db23f3eefe3edbef006a0bc8d4,18,productive,productive_iteration,False,True,False,False,False,
StressFresh100,StressFresh100_T000072,86208502cd27fb57fd7c3faf799e1e06b46716db23f3eefe3edbef006a0bc8d4,19,productive,productive_iteration,False,True,False,False,False,
StressFresh100,StressFresh100_T000072,86208502cd27fb57fd7c3faf799e1e06b46716db23f3eefe3edbef006a0bc8d4,20,productive,productive_iteration,False,True,False,False,False,
StressFresh100,StressFresh100_T000072,86208502cd27fb57fd7c3faf799e1e06b46716db23f3eefe3edbef006a0bc8d4,21,productive,productive_iteration,False,True,False,False,False,
StressFresh100,StressFresh100_T000072,86208502cd27fb57fd7c3faf799e1e06b46716db23f3eefe3edbef006a0bc8d4,22,productive,productive_iteration,False,True,False,False,False,
StressFresh100,StressFresh100_T000072,86208502cd27fb57fd7c3faf799e1e06b46716db23f3eefe3edbef006a0bc8d4,23,productive,productive_iteration,False,True,False,False,False,
StressFresh100,StressFresh100_T000072,86208502cd27fb57fd7c3faf799e1e06b46716db23f3eefe3edbef006a0bc8d4,24,productive,productive_iteration,False,True,False,False,False,
StressFresh100,StressFresh100_T000072,86208502cd27fb57fd7c3faf799e1e06b46716db23f3eefe3edbef006a0bc8d4,25,productive,productive_iteration,False,True,False,False,False,
StressFresh100,StressFresh100_T000072,86208502cd27fb57fd7c3faf799e1e06b46716db23f3eefe3edbef006a0bc8d4,26,productive,productive_iteration,False,True,False,False,False,
StressFresh100,StressFresh100_T000075,95d5e2593020189b0bacec1c9f8364d73105690a0ed2b3f09dd1f22e61d26e38,0,productive,productive_iteration,False,True,False,False,False,
StressFresh100,StressFresh100_T000075,95d5e2593020189b0bacec1c9f8364d73105690a0ed2b3f09dd1f22e61d26e38,1,productive,productive_iteration,False,True,False,False,False,
StressFresh100,StressFresh100_T000075,95d5e2593020189b0bacec1c9f8364d73105690a0ed2b3f09dd1f22e61d26e38,2,productive,productive_iteration,False,True,False,False,False,
StressFresh100,StressFresh100_T000075,95d5e2593020189b0bacec1c9f8364d73105690a0ed2b3f09dd1f22e61d26e38,3,productive,productive_iteration,False,True,False,False,False,
StressFresh100,StressFresh100_T000075,95d5e2593020189b0bacec1c9f8364d73105690a0ed2b3f09dd1f22e61d26e38,4,productive,productive_iteration,False,True,False,False,False,
StressFresh100,StressFresh100_T000075,95d5e2593020189b0bacec1c9f8364d73105690a0ed2b3f09dd1f22e61d26e38,5,productive,productive_iteration,False,True,False,False,False,
StressFresh100,StressFresh100_T000075,95d5e2593020189b0bacec1c9f8364d73105690a0ed2b3f09dd1f22e61d26e38,6,productive,productive_iteration,False,True,False,False,False,
StressFresh100,StressFresh100_T000075,95d5e2593020189b0bacec1c9f8364d73105690a0ed2b3f09dd1f22e61d26e38,7,productive,productive_iteration,False,True,False,False,False,
StressFresh100,StressFresh100_T000075,95d5e2593020189b0bacec1c9f8364d73105690a0ed2b3f09dd1f22e61d26e38,8,productive,productive_iteration,False,True,False,False,False,
StressFresh100,StressFresh100_T000075,95d5e2593020189b0bacec1c9f8364d73105690a0ed2b3f09dd1f22e61d26e38,9,productive,productive_iteration,False,True,False,False,False,
StressFresh100,StressFresh100_T000075,95d5e2593020189b0bacec1c9f8364d73105690a0ed2b3f09dd1f22e61d26e38,10,productive,productive_iteration,False,True,False,False,False,
StressFresh100,StressFresh100_T000075,95d5e2593020189b0bacec1c9f8364d73105690a0ed2b3f09dd1f22e61d26e38,11,productive,productive_iteration,False,True,False,False,False,
StressFresh100,StressFresh100_T000075,95d5e2593020189b0bacec1c9f8364d73105690a0ed2b3f09dd1f22e61d26e38,12,productive,productive_iteration,False,True,False,False,False,
StressFresh100,StressFresh100_T000075,95d5e2593020189b0bacec1c9f8364d73105690a0ed2b3f09dd1f22e61d26e38,13,productive,productive_iteration,False,True,False,False,False,
StressFresh100,StressFresh100_T000075,95d5e2593020189b0bacec1c9f8364d73105690a0ed2b3f09dd1f22e61d26e38,14,productive,productive_iteration,False,True,False,False,False,
StressFresh100,StressFresh100_T000075,95d5e2593020189b0bacec1c9f8364d73105690a0ed2b3f09dd1f22e61d26e38,15,productive,productive_iteration,False,True,False,False,False,
StressFresh100,StressFresh100_T000075,95d5e2593020189b0bacec1c9f8364d73105690a0ed2b3f09dd1f22e61d26e38,16,productive,productive_iteration,False,True,False,False,False,
StressFresh100,StressFresh100_T000075,95d5e2593020189b0bacec1c9f8364d73105690a0ed2b3f09dd1f22e61d26e38,17,productive,productive_iteration,False,True,False,False,False,
StressFresh100,StressFresh100_T000075,95d5e2593020189b0bacec1c9f8364d73105690a0ed2b3f09dd1f22e61d26e38,18,productive,productive_iteration,False,True,False,False,False,
StressFresh100,StressFresh100_T000075,95d5e2593020189b0bacec1c9f8364d73105690a0ed2b3f09dd1f22e61d26e38,19,productive,productive_iteration,False,True,False,False,False,
StressFresh100,StressFresh100_T000075,95d5e2593020189b0bacec1c9f8364d73105690a0ed2b3f09dd1f22e61d26e38,20,productive,productive_iteration,False,True,False,False,False,
StressFresh100,StressFresh100_T000075,95d5e2593020189b0bacec1c9f8364d73105690a0ed2b3f09dd1f22e61d26e38,21,productive,productive_iteration,False,True,False,False,False,
StressFresh100,StressFresh100_T000075,95d5e2593020189b0bacec1c9f8364d73105690a0ed2b3f09dd1f22e61d26e38,22,stagnant,unproductive_cycle,False,False,True,False,False,
StressFresh100,StressFresh100_T000075,95d5e2593020189b0bacec1c9f8364d73105690a0ed2b3f09dd1f22e61d26e38,23,productive,productive_iteration,False,True,False,False,False,
StressFresh100,StressFresh100_T000075,95d5e2593020189b0bacec1c9f8364d73105690a0ed2b3f09dd1f22e61d26e38,24,stagnant,unproductive_cycle,False,False,True,False,False,
StressFresh100,StressFresh100_T000075,95d5e2593020189b0bacec1c9f8364d73105690a0ed2b3f09dd1f22e61d26e38,25,stagnant,unproductive_cycle,False,False,True,False,False,
StressFresh100,StressFresh100_T000075,95d5e2593020189b0bacec1c9f8364d73105690a0ed2b3f09dd1f22e61d26e38,26,stagnant,unproductive_cycle,False,False,True,False,False,
StressFresh100,StressFresh100_T000075,95d5e2593020189b0bacec1c9f8364d73105690a0ed2b3f09dd1f22e61d26e38,27,stagnant,unproductive_cycle,False,False,True,False,False,
StressFresh100,StressFresh100_T000075,95d5e2593020189b0bacec1c9f8364d73105690a0ed2b3f09dd1f22e61d26e38,28,stagnant,unproductive_cycle,False,False,True,False,False,
StressFresh100,StressFresh100_T000075,95d5e2593020189b0bacec1c9f8364d73105690a0ed2b3f09dd1f22e61d26e38,29,stagnant,unproductive_cycle,False,False,True,False,False,
StressFresh100,StressFresh100_T000075,95d5e2593020189b0bacec1c9f8364d73105690a0ed2b3f09dd1f22e61d26e38,30,productive,productive_iteration,False,True,False,False,False,
StressFresh100,StressFresh100_T000075,95d5e2593020189b0bacec1c9f8364d73105690a0ed2b3f09dd1f22e61d26e38,31,productive,productive_iteration,False,True,False,False,False,
StressFresh100,StressFresh100_T000075,95d5e2593020189b0bacec1c9f8364d73105690a0ed2b3f09dd1f22e61d26e38,32,productive,productive_iteration,False,True,False,False,False,
StressFresh100,StressFresh100_T000075,95d5e2593020189b0bacec1c9f8364d73105690a0ed2b3f09dd1f22e61d26e38,33,stagnant,unproductive_cycle,False,False,True,False,False,
StressFresh100,StressFresh100_T000075,95d5e2593020189b0bacec1c9f8364d73105690a0ed2b3f09dd1f22e61d26e38,34,productive,none,False,False,False,False,False,
StressFresh100,StressFresh100_T000077,339d47e033eeba09502789bd4b7178e26bd3b9b37680a8c978d7faf1d351e18e,0,productive,productive_iteration,False,True,False,False,False,
StressFresh100,StressFresh100_T000077,339d47e033eeba09502789bd4b7178e26bd3b9b37680a8c978d7faf1d351e18e,1,productive,productive_iteration,False,True,False,False,False,
StressFresh100,StressFresh100_T000077,339d47e033eeba09502789bd4b7178e26bd3b9b37680a8c978d7faf1d351e18e,2,productive,productive_iteration,False,True,False,False,False,
StressFresh100,StressFresh100_T000077,339d47e033eeba09502789bd4b7178e26bd3b9b37680a8c978d7faf1d351e18e,3,productive,none,False,False,False,False,False,
StressFresh100,StressFresh100_T000077,339d47e033eeba09502789bd4b7178e26bd3b9b37680a8c978d7faf1d351e18e,4,productive,productive_iteration,False,True,False,False,False,
StressFresh100,StressFresh100_T000077,339d47e033eeba09502789bd4b7178e26bd3b9b37680a8c978d7faf1d351e18e,5,uncertain,none,False,False,False,True,False,
StressFresh100,StressFresh100_T000077,339d47e033eeba09502789bd4b7178e26bd3b9b37680a8c978d7faf1d351e18e,6,stagnant,none,False,False,False,False,False,
StressFresh100,StressFresh100_T000077,339d47e033eeba09502789bd4b7178e26bd3b9b37680a8c978d7faf1d351e18e,7,productive,productive_iteration,False,True,False,False,False,
StressFresh100,StressFresh100_T000077,339d47e033eeba09502789bd4b7178e26bd3b9b37680a8c978d7faf1d351e18e,8,productive,productive_iteration,False,True,False,False,False,
StressFresh100,StressFresh100_T000077,339d47e033eeba09502789bd4b7178e26bd3b9b37680a8c978d7faf1d351e18e,9,productive,productive_iteration,False,True,False,False,False,
StressFresh100,StressFresh100_T000077,339d47e033eeba09502789bd4b7178e26bd3b9b37680a8c978d7faf1d351e18e,10,productive,productive_iteration,False,True,False,False,False,
StressFresh100,StressFresh100_T000077,339d47e033eeba09502789bd4b7178e26bd3b9b37680a8c978d7faf1d351e18e,11,productive,none,False,False,False,False,False,
StressFresh100,StressFresh100_T000077,339d47e033eeba09502789bd4b7178e26bd3b9b37680a8c978d7faf1d351e18e,12,productive,none,False,False,False,False,False,
StressFresh100,StressFresh100_T000077,339d47e033eeba09502789bd4b7178e26bd3b9b37680a8c978d7faf1d351e18e,13,productive,none,False,False,False,False,False,
StressFresh100,StressFresh100_T000077,339d47e033eeba09502789bd4b7178e26bd3b9b37680a8c978d7faf1d351e18e,14,productive,productive_iteration,False,True,False,False,False,
StressFresh100,StressFresh100_T000077,339d47e033eeba09502789bd4b7178e26bd3b9b37680a8c978d7faf1d351e18e,15,productive,productive_iteration,False,True,False,False,False,
StressFresh100,StressFresh100_T000077,339d47e033eeba09502789bd4b7178e26bd3b9b37680a8c978d7faf1d351e18e,16,stagnant,unproductive_cycle,False,False,True,False,False,
StressFresh100,StressFresh100_T000077,339d47e033eeba09502789bd4b7178e26bd3b9b37680a8c978d7faf1d351e18e,17,stagnant,unproductive_cycle,False,False,True,False,False,
StressFresh100,StressFresh100_T000077,339d47e033eeba09502789bd4b7178e26bd3b9b37680a8c978d7faf1d351e18e,18,stagnant,unproductive_cycle,False,False,True,False,False,
StressFresh100,StressFresh100_T000077,339d47e033eeba09502789bd4b7178e26bd3b9b37680a8c978d7faf1d351e18e,19,stagnant,unproductive_cycle,False,False,True,False,False,
StressFresh100,StressFresh100_T000077,339d47e033eeba09502789bd4b7178e26bd3b9b37680a8c978d7faf1d351e18e,20,stagnant,unproductive_cycle,False,False,True,False,False,
StressFresh100,StressFresh100_T000077,339d47e033eeba09502789bd4b7178e26bd3b9b37680a8c978d7faf1d351e18e,21,stagnant,unproductive_cycle,False,False,True,False,False,
StressFresh100,StressFresh100_T000077,339d47e033eeba09502789bd4b7178e26bd3b9b37680a8c978d7faf1d351e18e,22,productive,productive_iteration,False,True,False,False,False,
StressFresh100,StressFresh100_T000077,339d47e033eeba09502789bd4b7178e26bd3b9b37680a8c978d7faf1d351e18e,23,productive,productive_iteration,False,True,False,False,False,
StressFresh100,StressFresh100_T000077,339d47e033eeba09502789bd4b7178e26bd3b9b37680a8c978d7faf1d351e18e,24,uncertain,none,False,False,False,True,False,
StressFresh100,StressFresh100_T000077,339d47e033eeba09502789bd4b7178e26bd3b9b37680a8c978d7faf1d351e18e,25,productive,productive_iteration,False,True,False,False,False,
StressFresh100,StressFresh100_T000077,339d47e033eeba09502789bd4b7178e26bd3b9b37680a8c978d7faf1d351e18e,26,productive,productive_iteration,False,True,False,False,False,
StressFresh100,StressFresh100_T000077,339d47e033eeba09502789bd4b7178e26bd3b9b37680a8c978d7faf1d351e18e,27,uncertain,none,False,False,False,True,False,
StressFresh100,StressFresh100_T000077,339d47e033eeba09502789bd4b7178e26bd3b9b37680a8c978d7faf1d351e18e,28,stagnant,unproductive_cycle,False,False,True,False,False,
StressFresh100,StressFresh100_T000077,339d47e033eeba09502789bd4b7178e26bd3b9b37680a8c978d7faf1d351e18e,29,productive,productive_iteration,False,True,False,False,False,
StressFresh100,StressFresh100_T000077,339d47e033eeba09502789bd4b7178e26bd3b9b37680a8c978d7faf1d351e18e,30,productive,productive_iteration,False,True,False,False,False,
StressFresh100,StressFresh100_T000077,339d47e033eeba09502789bd4b7178e26bd3b9b37680a8c978d7faf1d351e18e,31,productive,productive_iteration,False,True,False,False,False,
StressFresh100,StressFresh100_T000077,339d47e033eeba09502789bd4b7178e26bd3b9b37680a8c978d7faf1d351e18e,32,productive,none,False,False,False,False,False,
StressFresh100,StressFresh100_T000078,1ba915e0f36013c8153afe5ca72194b87cf76366ebc8242166731981e79d332a,0,productive,none,False,False,False,False,False,
StressFresh100,StressFresh100_T000078,1ba915e0f36013c8153afe5ca72194b87cf76366ebc8242166731981e79d332a,1,productive,none,False,False,False,False,False,
StressFresh100,StressFresh100_T000078,1ba915e0f36013c8153afe5ca72194b87cf76366ebc8242166731981e79d332a,2,stagnant,unproductive_cycle,False,False,True,False,False,
StressFresh100,StressFresh100_T000078,1ba915e0f36013c8153afe5ca72194b87cf76366ebc8242166731981e79d332a,3,stagnant,unproductive_cycle,False,False,True,False,False,
StressFresh100,StressFresh100_T000078,1ba915e0f36013c8153afe5ca72194b87cf76366ebc8242166731981e79d332a,4,stagnant,unproductive_cycle,False,False,True,False,False,
StressFresh100,StressFresh100_T000078,1ba915e0f36013c8153afe5ca72194b87cf76366ebc8242166731981e79d332a,5,stagnant,unproductive_cycle,False,False,True,False,False,
StressFresh100,StressFresh100_T000078,1ba915e0f36013c8153afe5ca72194b87cf76366ebc8242166731981e79d332a,6,productive,productive_iteration,True,True,False,False,False,
StressFresh100,StressFresh100_T000078,1ba915e0f36013c8153afe5ca72194b87cf76366ebc8242166731981e79d332a,7,productive,none,False,False,False,False,False,
StressFresh100,StressFresh100_T000078,1ba915e0f36013c8153afe5ca72194b87cf76366ebc8242166731981e79d332a,8,productive,none,False,False,False,False,False,
StressFresh100,StressFresh100_T000078,1ba915e0f36013c8153afe5ca72194b87cf76366ebc8242166731981e79d332a,9,uncertain,none,False,False,False,True,False,
StressFresh100,StressFresh100_T000078,1ba915e0f36013c8153afe5ca72194b87cf76366ebc8242166731981e79d332a,10,productive,productive_iteration,False,True,False,False,False,
StressFresh100,StressFresh100_T000078,1ba915e0f36013c8153afe5ca72194b87cf76366ebc8242166731981e79d332a,11,stagnant,unproductive_cycle,False,False,True,False,False,
StressFresh100,StressFresh100_T000078,1ba915e0f36013c8153afe5ca72194b87cf76366ebc8242166731981e79d332a,12,stagnant,unproductive_cycle,False,False,True,False,False,
StressFresh100,StressFresh100_T000078,1ba915e0f36013c8153afe5ca72194b87cf76366ebc8242166731981e79d332a,13,stagnant,unproductive_cycle,False,False,True,False,False,
StressFresh100,StressFresh100_T000078,1ba915e0f36013c8153afe5ca72194b87cf76366ebc8242166731981e79d332a,14,stagnant,unproductive_cycle,False,False,True,False,False,
StressFresh100,StressFresh100_T000078,1ba915e0f36013c8153afe5ca72194b87cf76366ebc8242166731981e79d332a,15,stagnant,unproductive_cycle,False,False,True,False,False,
StressFresh100,StressFresh100_T000078,1ba915e0f36013c8153afe5ca72194b87cf76366ebc8242166731981e79d332a,16,stagnant,unproductive_cycle,False,False,True,False,False,
StressFresh100,StressFresh100_T000078,1ba915e0f36013c8153afe5ca72194b87cf76366ebc8242166731981e79d332a,17,stagnant,unproductive_cycle,False,False,True,False,False,
StressFresh100,StressFresh100_T000078,1ba915e0f36013c8153afe5ca72194b87cf76366ebc8242166731981e79d332a,18,stagnant,unproductive_cycle,False,False,True,False,False,
StressFresh100,StressFresh100_T000078,1ba915e0f36013c8153afe5ca72194b87cf76366ebc8242166731981e79d332a,19,stagnant,unproductive_cycle,False,False,True,False,False,
StressFresh100,StressFresh100_T000078,1ba915e0f36013c8153afe5ca72194b87cf76366ebc8242166731981e79d332a,20,stagnant,unproductive_cycle,False,False,True,False,False,
StressFresh100,StressFresh100_T000078,1ba915e0f36013c8153afe5ca72194b87cf76366ebc8242166731981e79d332a,21,stagnant,unproductive_cycle,False,False,True,False,False,
StressFresh100,StressFresh100_T000078,1ba915e0f36013c8153afe5ca72194b87cf76366ebc8242166731981e79d332a,22,stagnant,unproductive_cycle,False,False,True,False,False,
StressFresh100,StressFresh100_T000078,1ba915e0f36013c8153afe5ca72194b87cf76366ebc8242166731981e79d332a,23,stagnant,unproductive_cycle,False,False,True,False,False,
StressFresh100,StressFresh100_T000078,1ba915e0f36013c8153afe5ca72194b87cf76366ebc8242166731981e79d332a,24,stagnant,unproductive_cycle,False,False,True,False,False,
StressFresh100,StressFresh100_T000078,1ba915e0f36013c8153afe5ca72194b87cf76366ebc8242166731981e79d332a,25,stagnant,unproductive_cycle,False,False,True,False,False,
StressFresh100,StressFresh100_T000078,1ba915e0f36013c8153afe5ca72194b87cf76366ebc8242166731981e79d332a,26,stagnant,unproductive_cycle,False,False,True,False,False,
StressFresh100,StressFresh100_T000078,1ba915e0f36013c8153afe5ca72194b87cf76366ebc8242166731981e79d332a,27,stagnant,unproductive_cycle,False,False,True,False,False,
StressFresh100,StressFresh100_T000078,1ba915e0f36013c8153afe5ca72194b87cf76366ebc8242166731981e79d332a,28,stagnant,unproductive_cycle,False,False,True,False,False,
StressFresh100,StressFresh100_T000078,1ba915e0f36013c8153afe5ca72194b87cf76366ebc8242166731981e79d332a,29,stagnant,unproductive_cycle,False,False,True,False,False,
StressFresh100,StressFresh100_T000078,1ba915e0f36013c8153afe5ca72194b87cf76366ebc8242166731981e79d332a,30,stagnant,unproductive_cycle,False,False,True,False,False,
StressFresh100,StressFresh100_T000078,1ba915e0f36013c8153afe5ca72194b87cf76366ebc8242166731981e79d332a,31,stagnant,unproductive_cycle,False,False,True,False,False,
StressFresh100,StressFresh100_T000078,1ba915e0f36013c8153afe5ca72194b87cf76366ebc8242166731981e79d332a,32,stagnant,unproductive_cycle,False,False,True,False,False,
StressFresh100,StressFresh100_T000078,1ba915e0f36013c8153afe5ca72194b87cf76366ebc8242166731981e79d332a,33,stagnant,unproductive_cycle,False,False,True,False,False,
StressFresh100,StressFresh100_T000078,1ba915e0f36013c8153afe5ca72194b87cf76366ebc8242166731981e79d332a,34,stagnant,unproductive_cycle,False,False,True,False,False,
StressFresh100,StressFresh100_T000078,1ba915e0f36013c8153afe5ca72194b87cf76366ebc8242166731981e79d332a,35,stagnant,unproductive_cycle,False,False,True,False,False,
StressFresh100,StressFresh100_T000078,1ba915e0f36013c8153afe5ca72194b87cf76366ebc8242166731981e79d332a,36,stagnant,unproductive_cycle,False,False,True,False,False,
StressFresh100,StressFresh100_T000078,1ba915e0f36013c8153afe5ca72194b87cf76366ebc8242166731981e79d332a,37,stagnant,unproductive_cycle,False,False,True,False,False,
StressFresh100,StressFresh100_T000078,1ba915e0f36013c8153afe5ca72194b87cf76366ebc8242166731981e79d332a,38,stagnant,unproductive_cycle,False,False,True,False,False,
StressFresh100,StressFresh100_T000078,1ba915e0f36013c8153afe5ca72194b87cf76366ebc8242166731981e79d332a,39,stagnant,unproductive_cycle,False,False,True,False,False,
StressFresh100,StressFresh100_T000078,1ba915e0f36013c8153afe5ca72194b87cf76366ebc8242166731981e79d332a,40,stagnant,unproductive_cycle,False,False,True,False,False,
StressFresh100,StressFresh100_T000078,1ba915e0f36013c8153afe5ca72194b87cf76366ebc8242166731981e79d332a,41,stagnant,unproductive_cycle,False,False,True,False,False,
StressFresh100,StressFresh100_T000078,1ba915e0f36013c8153afe5ca72194b87cf76366ebc8242166731981e79d332a,42,stagnant,unproductive_cycle,False,False,True,False,False,
StressFresh100,StressFresh100_T000078,1ba915e0f36013c8153afe5ca72194b87cf76366ebc8242166731981e79d332a,43,stagnant,unproductive_cycle,False,False,True,False,False,
StressFresh100,StressFresh100_T000078,1ba915e0f36013c8153afe5ca72194b87cf76366ebc8242166731981e79d332a,44,stagnant,unproductive_cycle,False,False,True,False,False,
StressFresh100,StressFresh100_T000078,1ba915e0f36013c8153afe5ca72194b87cf76366ebc8242166731981e79d332a,45,stagnant,unproductive_cycle,False,False,True,False,False,
StressFresh100,StressFresh100_T000079,06beaab9ee8987fd5aff5760c4c852bfe9cd3101a852008ef6cf9332ae563c85,0,productive,productive_iteration,False,True,False,False,False,
StressFresh100,StressFresh100_T000079,06beaab9ee8987fd5aff5760c4c852bfe9cd3101a852008ef6cf9332ae563c85,1,productive,productive_iteration,False,True,False,False,False,
StressFresh100,StressFresh100_T000079,06beaab9ee8987fd5aff5760c4c852bfe9cd3101a852008ef6cf9332ae563c85,2,productive,productive_iteration,False,True,False,False,False,
StressFresh100,StressFresh100_T000079,06beaab9ee8987fd5aff5760c4c852bfe9cd3101a852008ef6cf9332ae563c85,3,productive,productive_iteration,False,True,False,False,False,
StressFresh100,StressFresh100_T000079,06beaab9ee8987fd5aff5760c4c852bfe9cd3101a852008ef6cf9332ae563c85,4,productive,productive_iteration,False,True,False,False,False,
StressFresh100,StressFresh100_T000079,06beaab9ee8987fd5aff5760c4c852bfe9cd3101a852008ef6cf9332ae563c85,5,productive,productive_iteration,False,True,False,False,False,
StressFresh100,StressFresh100_T000079,06beaab9ee8987fd5aff5760c4c852bfe9cd3101a852008ef6cf9332ae563c85,6,stagnant,unproductive_cycle,False,False,True,False,False,
StressFresh100,StressFresh100_T000079,06beaab9ee8987fd5aff5760c4c852bfe9cd3101a852008ef6cf9332ae563c85,7,stagnant,unproductive_cycle,False,False,True,False,False,
StressFresh100,StressFresh100_T000079,06beaab9ee8987fd5aff5760c4c852bfe9cd3101a852008ef6cf9332ae563c85,8,stagnant,unproductive_cycle,False,False,True,False,False,
StressFresh100,StressFresh100_T000079,06beaab9ee8987fd5aff5760c4c852bfe9cd3101a852008ef6cf9332ae563c85,9,stagnant,unproductive_cycle,False,False,True,False,False,
StressFresh100,StressFresh100_T000079,06beaab9ee8987fd5aff5760c4c852bfe9cd3101a852008ef6cf9332ae563c85,10,stagnant,unproductive_cycle,False,False,True,False,False,
StressFresh100,StressFresh100_T000079,06beaab9ee8987fd5aff5760c4c852bfe9cd3101a852008ef6cf9332ae563c85,11,stagnant,unproductive_cycle,False,False,True,False,False,
StressFresh100,StressFresh100_T000079,06beaab9ee8987fd5aff5760c4c852bfe9cd3101a852008ef6cf9332ae563c85,12,stagnant,unproductive_cycle,False,False,True,False,False,
StressFresh100,StressFresh100_T000079,06beaab9ee8987fd5aff5760c4c852bfe9cd3101a852008ef6cf9332ae563c85,13,productive,productive_iteration,False,True,False,False,False,
StressFresh100,StressFresh100_T000079,06beaab9ee8987fd5aff5760c4c852bfe9cd3101a852008ef6cf9332ae563c85,14,productive,productive_iteration,False,True,False,False,False,
StressFresh100,StressFresh100_T000079,06beaab9ee8987fd5aff5760c4c852bfe9cd3101a852008ef6cf9332ae563c85,15,productive,productive_iteration,False,True,False,False,False,
StressFresh100,StressFresh100_T000079,06beaab9ee8987fd5aff5760c4c852bfe9cd3101a852008ef6cf9332ae563c85,16,productive,productive_iteration,False,True,False,False,False,
StressFresh100,StressFresh100_T000079,06beaab9ee8987fd5aff5760c4c852bfe9cd3101a852008ef6cf9332ae563c85,17,stagnant,unproductive_cycle,False,False,True,False,False,
StressFresh100,StressFresh100_T000079,06beaab9ee8987fd5aff5760c4c852bfe9cd3101a852008ef6cf9332ae563c85,18,stagnant,unproductive_cycle,False,False,True,False,False,
StressFresh100,StressFresh100_T000079,06beaab9ee8987fd5aff5760c4c852bfe9cd3101a852008ef6cf9332ae563c85,19,productive,productive_iteration,False,True,False,False,False,
StressFresh100,StressFresh100_T000079,06beaab9ee8987fd5aff5760c4c852bfe9cd3101a852008ef6cf9332ae563c85,20,productive,productive_iteration,False,True,False,False,False,
StressFresh100,StressFresh100_T000079,06beaab9ee8987fd5aff5760c4c852bfe9cd3101a852008ef6cf9332ae563c85,21,productive,productive_iteration,False,True,False,False,False,
StressFresh100,StressFresh100_T000079,06beaab9ee8987fd5aff5760c4c852bfe9cd3101a852008ef6cf9332ae563c85,22,productive,productive_iteration,False,True,False,False,False,
StressFresh100,StressFresh100_T000079,06beaab9ee8987fd5aff5760c4c852bfe9cd3101a852008ef6cf9332ae563c85,23,stagnant,unproductive_cycle,False,False,True,False,False,
StressFresh100,StressFresh100_T000079,06beaab9ee8987fd5aff5760c4c852bfe9cd3101a852008ef6cf9332ae563c85,24,stagnant,unproductive_cycle,False,False,True,False,False,
StressFresh100,StressFresh100_T000079,06beaab9ee8987fd5aff5760c4c852bfe9cd3101a852008ef6cf9332ae563c85,25,stagnant,unproductive_cycle,False,False,True,False,False,
StressFresh100,StressFresh100_T000079,06beaab9ee8987fd5aff5760c4c852bfe9cd3101a852008ef6cf9332ae563c85,26,productive,productive_iteration,True,True,False,False,False,
StressFresh100,StressFresh100_T000079,06beaab9ee8987fd5aff5760c4c852bfe9cd3101a852008ef6cf9332ae563c85,27,productive,productive_iteration,True,True,False,False,False,
StressFresh100,StressFresh100_T000079,06beaab9ee8987fd5aff5760c4c852bfe9cd3101a852008ef6cf9332ae563c85,28,productive,productive_iteration,True,True,False,False,False,
StressFresh100,StressFresh100_T000079,06beaab9ee8987fd5aff5760c4c852bfe9cd3101a852008ef6cf9332ae563c85,29,productive,productive_iteration,True,True,False,False,False,
StressFresh100,StressFresh100_T000079,06beaab9ee8987fd5aff5760c4c852bfe9cd3101a852008ef6cf9332ae563c85,30,productive,productive_iteration,True,True,False,False,False,
StressFresh100,StressFresh100_T000079,06beaab9ee8987fd5aff5760c4c852bfe9cd3101a852008ef6cf9332ae563c85,31,productive,productive_iteration,True,True,False,False,False,
StressFresh100,StressFresh100_T000079,06beaab9ee8987fd5aff5760c4c852bfe9cd3101a852008ef6cf9332ae563c85,32,productive,productive_iteration,True,True,False,False,False,
StressFresh100,StressFresh100_T000079,06beaab9ee8987fd5aff5760c4c852bfe9cd3101a852008ef6cf9332ae563c85,33,productive,productive_iteration,True,True,False,False,False,
StressFresh100,StressFresh100_T000079,06beaab9ee8987fd5aff5760c4c852bfe9cd3101a852008ef6cf9332ae563c85,34,productive,productive_iteration,True,True,False,False,False,
StressFresh100,StressFresh100_T000079,06beaab9ee8987fd5aff5760c4c852bfe9cd3101a852008ef6cf9332ae563c85,35,productive,productive_iteration,True,True,False,False,False,
StressFresh100,StressFresh100_T000079,06beaab9ee8987fd5aff5760c4c852bfe9cd3101a852008ef6cf9332ae563c85,36,productive,productive_iteration,True,True,False,False,False,
StressFresh100,StressFresh100_T000079,06beaab9ee8987fd5aff5760c4c852bfe9cd3101a852008ef6cf9332ae563c85,37,productive,productive_iteration,True,True,False,False,False,
StressFresh100,StressFresh100_T000079,06beaab9ee8987fd5aff5760c4c852bfe9cd3101a852008ef6cf9332ae563c85,38,productive,productive_iteration,True,True,False,False,False,
StressFresh100,StressFresh100_T000079,06beaab9ee8987fd5aff5760c4c852bfe9cd3101a852008ef6cf9332ae563c85,39,productive,none,False,False,False,False,False,
StressFresh100,StressFresh100_T000080,b4a27d721510aa8297c706d7d319f67f4d0e05a891e3555ae79e071753f31b8f,0,productive,productive_iteration,False,True,False,False,False,
StressFresh100,StressFresh100_T000080,b4a27d721510aa8297c706d7d319f67f4d0e05a891e3555ae79e071753f31b8f,1,productive,none,False,False,False,False,False,
StressFresh100,StressFresh100_T000080,b4a27d721510aa8297c706d7d319f67f4d0e05a891e3555ae79e071753f31b8f,2,productive,productive_iteration,False,True,False,False,False,
StressFresh100,StressFresh100_T000080,b4a27d721510aa8297c706d7d319f67f4d0e05a891e3555ae79e071753f31b8f,3,productive,productive_iteration,False,True,False,False,False,
StressFresh100,StressFresh100_T000080,b4a27d721510aa8297c706d7d319f67f4d0e05a891e3555ae79e071753f31b8f,4,productive,productive_iteration,False,True,False,False,False,
StressFresh100,StressFresh100_T000080,b4a27d721510aa8297c706d7d319f67f4d0e05a891e3555ae79e071753f31b8f,5,productive,productive_iteration,False,True,False,False,False,
StressFresh100,StressFresh100_T000080,b4a27d721510aa8297c706d7d319f67f4d0e05a891e3555ae79e071753f31b8f,6,productive,productive_iteration,False,True,False,False,False,
StressFresh100,StressFresh100_T000080,b4a27d721510aa8297c706d7d319f67f4d0e05a891e3555ae79e071753f31b8f,7,productive,none,False,False,False,False,False,
StressFresh100,StressFresh100_T000080,b4a27d721510aa8297c706d7d319f67f4d0e05a891e3555ae79e071753f31b8f,8,productive,none,False,False,False,False,False,
StressFresh100,StressFresh100_T000080,b4a27d721510aa8297c706d7d319f67f4d0e05a891e3555ae79e071753f31b8f,9,productive,none,False,False,False,False,False,
StressFresh100,StressFresh100_T000080,b4a27d721510aa8297c706d7d319f67f4d0e05a891e3555ae79e071753f31b8f,10,stagnant,unproductive_cycle,False,False,True,False,False,
StressFresh100,StressFresh100_T000080,b4a27d721510aa8297c706d7d319f67f4d0e05a891e3555ae79e071753f31b8f,11,stagnant,unproductive_cycle,False,False,True,False,False,
StressFresh100,StressFresh100_T000080,b4a27d721510aa8297c706d7d319f67f4d0e05a891e3555ae79e071753f31b8f,12,stagnant,unproductive_cycle,False,False,True,False,False,
StressFresh100,StressFresh100_T000080,b4a27d721510aa8297c706d7d319f67f4d0e05a891e3555ae79e071753f31b8f,13,stagnant,unproductive_cycle,False,False,True,False,False,
StressFresh100,StressFresh100_T000080,b4a27d721510aa8297c706d7d319f67f4d0e05a891e3555ae79e071753f31b8f,14,stagnant,unproductive_cycle,False,False,True,False,False,
StressFresh100,StressFresh100_T000080,b4a27d721510aa8297c706d7d319f67f4d0e05a891e3555ae79e071753f31b8f,15,stagnant,unproductive_cycle,False,False,True,False,False,
StressFresh100,StressFresh100_T000080,b4a27d721510aa8297c706d7d319f67f4d0e05a891e3555ae79e071753f31b8f,16,stagnant,unproductive_cycle,False,False,True,False,False,
StressFresh100,StressFresh100_T000080,b4a27d721510aa8297c706d7d319f67f4d0e05a891e3555ae79e071753f31b8f,17,stagnant,unproductive_cycle,False,False,True,False,False,
StressFresh100,StressFresh100_T000080,b4a27d721510aa8297c706d7d319f67f4d0e05a891e3555ae79e071753f31b8f,18,stagnant,unproductive_cycle,False,False,True,False,False,
StressFresh100,StressFresh100_T000080,b4a27d721510aa8297c706d7d319f67f4d0e05a891e3555ae79e071753f31b8f,19,stagnant,unproductive_cycle,False,False,True,False,False,
StressFresh100,StressFresh100_T000080,b4a27d721510aa8297c706d7d319f67f4d0e05a891e3555ae79e071753f31b8f,20,stagnant,unproductive_cycle,False,False,True,False,False,
StressFresh100,StressFresh100_T000080,b4a27d721510aa8297c706d7d319f67f4d0e05a891e3555ae79e071753f31b8f,21,stagnant,unproductive_cycle,False,False,True,False,False,
StressFresh100,StressFresh100_T000080,b4a27d721510aa8297c706d7d319f67f4d0e05a891e3555ae79e071753f31b8f,22,stagnant,unproductive_cycle,False,False,True,False,False,
StressFresh100,StressFresh100_T000080,b4a27d721510aa8297c706d7d319f67f4d0e05a891e3555ae79e071753f31b8f,23,stagnant,unproductive_cycle,False,False,True,False,False,
StressFresh100,StressFresh100_T000080,b4a27d721510aa8297c706d7d319f67f4d0e05a891e3555ae79e071753f31b8f,24,stagnant,unproductive_cycle,False,False,True,False,False,
StressFresh100,StressFresh100_T000080,b4a27d721510aa8297c706d7d319f67f4d0e05a891e3555ae79e071753f31b8f,25,stagnant,unproductive_cycle,False,False,True,False,False,
StressFresh100,StressFresh100_T000080,b4a27d721510aa8297c706d7d319f67f4d0e05a891e3555ae79e071753f31b8f,26,stagnant,unproductive_cycle,False,False,True,False,False,
StressFresh100,StressFresh100_T000080,b4a27d721510aa8297c706d7d319f67f4d0e05a891e3555ae79e071753f31b8f,27,stagnant,unproductive_cycle,False,False,True,False,False,
StressFresh100,StressFresh100_T000080,b4a27d721510aa8297c706d7d319f67f4d0e05a891e3555ae79e071753f31b8f,28,stagnant,unproductive_cycle,False,False,True,False,False,
StressFresh100,StressFresh100_T000080,b4a27d721510aa8297c706d7d319f67f4d0e05a891e3555ae79e071753f31b8f,29,stagnant,unproductive_cycle,False,False,True,False,False,
StressFresh100,StressFresh100_T000080,b4a27d721510aa8297c706d7d319f67f4d0e05a891e3555ae79e071753f31b8f,30,stagnant,unproductive_cycle,False,False,True,False,False,
StressFresh100,StressFresh100_T000080,b4a27d721510aa8297c706d7d319f67f4d0e05a891e3555ae79e071753f31b8f,31,stagnant,unproductive_cycle,False,False,True,False,False,
StressFresh100,StressFresh100_T000080,b4a27d721510aa8297c706d7d319f67f4d0e05a891e3555ae79e071753f31b8f,32,stagnant,unproductive_cycle,False,False,True,False,False,
StressFresh100,StressFresh100_T000080,b4a27d721510aa8297c706d7d319f67f4d0e05a891e3555ae79e071753f31b8f,33,stagnant,unproductive_cycle,False,False,True,False,False,
StressFresh100,StressFresh100_T000080,b4a27d721510aa8297c706d7d319f67f4d0e05a891e3555ae79e071753f31b8f,34,stagnant,unproductive_cycle,False,False,True,False,False,
StressFresh100,StressFresh100_T000080,b4a27d721510aa8297c706d7d319f67f4d0e05a891e3555ae79e071753f31b8f,35,stagnant,unproductive_cycle,False,False,True,False,False,
StressFresh100,StressFresh100_T000080,b4a27d721510aa8297c706d7d319f67f4d0e05a891e3555ae79e071753f31b8f,36,stagnant,unproductive_cycle,False,False,True,False,False,
StressFresh100,StressFresh100_T000080,b4a27d721510aa8297c706d7d319f67f4d0e05a891e3555ae79e071753f31b8f,37,stagnant,unproductive_cycle,False,False,True,False,False,
StressFresh100,StressFresh100_T000080,b4a27d721510aa8297c706d7d319f67f4d0e05a891e3555ae79e071753f31b8f,38,stagnant,unproductive_cycle,False,False,True,False,False,
StressFresh100,StressFresh100_T000080,b4a27d721510aa8297c706d7d319f67f4d0e05a891e3555ae79e071753f31b8f,39,stagnant,unproductive_cycle,False,False,True,False,False,
StressFresh100,StressFresh100_T000080,b4a27d721510aa8297c706d7d319f67f4d0e05a891e3555ae79e071753f31b8f,40,stagnant,unproductive_cycle,False,False,True,False,False,
StressFresh100,StressFresh100_T000080,b4a27d721510aa8297c706d7d319f67f4d0e05a891e3555ae79e071753f31b8f,41,stagnant,unproductive_cycle,False,False,True,False,False,
StressFresh100,StressFresh100_T000080,b4a27d721510aa8297c706d7d319f67f4d0e05a891e3555ae79e071753f31b8f,42,stagnant,unproductive_cycle,False,False,True,False,False,
StressFresh100,StressFresh100_T000080,b4a27d721510aa8297c706d7d319f67f4d0e05a891e3555ae79e071753f31b8f,43,stagnant,unproductive_cycle,False,False,True,False,False,
StressFresh100,StressFresh100_T000080,b4a27d721510aa8297c706d7d319f67f4d0e05a891e3555ae79e071753f31b8f,44,stagnant,unproductive_cycle,False,False,True,False,False,
StressFresh100,StressFresh100_T000080,b4a27d721510aa8297c706d7d319f67f4d0e05a891e3555ae79e071753f31b8f,45,stagnant,unproductive_cycle,False,False,True,False,False,
StressFresh100,StressFresh100_T000080,b4a27d721510aa8297c706d7d319f67f4d0e05a891e3555ae79e071753f31b8f,46,stagnant,unproductive_cycle,False,False,True,False,False,
StressFresh100,StressFresh100_T000080,b4a27d721510aa8297c706d7d319f67f4d0e05a891e3555ae79e071753f31b8f,47,stagnant,unproductive_cycle,False,False,True,False,False,
StressFresh100,StressFresh100_T000080,b4a27d721510aa8297c706d7d319f67f4d0e05a891e3555ae79e071753f31b8f,48,stagnant,unproductive_cycle,False,False,True,False,False,
StressFresh100,StressFresh100_T000080,b4a27d721510aa8297c706d7d319f67f4d0e05a891e3555ae79e071753f31b8f,49,stagnant,unproductive_cycle,False,False,True,False,False,
StressFresh100,StressFresh100_T000080,b4a27d721510aa8297c706d7d319f67f4d0e05a891e3555ae79e071753f31b8f,50,stagnant,unproductive_cycle,False,False,True,False,False,
StressFresh100,StressFresh100_T000080,b4a27d721510aa8297c706d7d319f67f4d0e05a891e3555ae79e071753f31b8f,51,stagnant,unproductive_cycle,False,False,True,False,False,
StressFresh100,StressFresh100_T000080,b4a27d721510aa8297c706d7d319f67f4d0e05a891e3555ae79e071753f31b8f,52,stagnant,unproductive_cycle,False,False,True,False,False,
StressFresh100,StressFresh100_T000081,7e3cc74f4183ea09f99b4185f044759a8899efe41c183e715f9f5a108a7244dd,0,productive,productive_iteration,False,True,False,False,False,
StressFresh100,StressFresh100_T000081,7e3cc74f4183ea09f99b4185f044759a8899efe41c183e715f9f5a108a7244dd,1,productive,productive_iteration,False,True,False,False,False,
StressFresh100,StressFresh100_T000081,7e3cc74f4183ea09f99b4185f044759a8899efe41c183e715f9f5a108a7244dd,2,stagnant,unproductive_cycle,False,False,True,False,False,
StressFresh100,StressFresh100_T000081,7e3cc74f4183ea09f99b4185f044759a8899efe41c183e715f9f5a108a7244dd,3,stagnant,unproductive_cycle,False,False,True,False,False,
StressFresh100,StressFresh100_T000081,7e3cc74f4183ea09f99b4185f044759a8899efe41c183e715f9f5a108a7244dd,4,productive,productive_iteration,False,True,False,False,False,
StressFresh100,StressFresh100_T000081,7e3cc74f4183ea09f99b4185f044759a8899efe41c183e715f9f5a108a7244dd,5,stagnant,unproductive_cycle,False,False,True,False,False,
StressFresh100,StressFresh100_T000081,7e3cc74f4183ea09f99b4185f044759a8899efe41c183e715f9f5a108a7244dd,6,stagnant,unproductive_cycle,False,False,True,False,False,
StressFresh100,StressFresh100_T000081,7e3cc74f4183ea09f99b4185f044759a8899efe41c183e715f9f5a108a7244dd,7,productive,productive_iteration,False,True,False,False,False,
StressFresh100,StressFresh100_T000081,7e3cc74f4183ea09f99b4185f044759a8899efe41c183e715f9f5a108a7244dd,8,productive,productive_iteration,False,True,False,False,False,
StressFresh100,StressFresh100_T000081,7e3cc74f4183ea09f99b4185f044759a8899efe41c183e715f9f5a108a7244dd,9,productive,productive_iteration,False,True,False,False,False,
StressFresh100,StressFresh100_T000081,7e3cc74f4183ea09f99b4185f044759a8899efe41c183e715f9f5a108a7244dd,10,productive,productive_iteration,False,True,False,False,False,
StressFresh100,StressFresh100_T000081,7e3cc74f4183ea09f99b4185f044759a8899efe41c183e715f9f5a108a7244dd,11,productive,productive_iteration,False,True,False,False,False,
StressFresh100,StressFresh100_T000081,7e3cc74f4183ea09f99b4185f044759a8899efe41c183e715f9f5a108a7244dd,12,productive,productive_iteration,False,True,False,False,False,
StressFresh100,StressFresh100_T000081,7e3cc74f4183ea09f99b4185f044759a8899efe41c183e715f9f5a108a7244dd,13,productive,none,False,False,False,False,False,
StressFresh100,StressFresh100_T000083,c09491af46a81ddd4ef50d3617e341a97f2b1a1aba7cb13701b661c1670525aa,0,productive,productive_iteration,False,True,False,False,False,
StressFresh100,StressFresh100_T000083,c09491af46a81ddd4ef50d3617e341a97f2b1a1aba7cb13701b661c1670525aa,1,productive,productive_iteration,False,True,False,False,False,
StressFresh100,StressFresh100_T000083,c09491af46a81ddd4ef50d3617e341a97f2b1a1aba7cb13701b661c1670525aa,2,productive,productive_iteration,False,True,False,False,False,
StressFresh100,StressFresh100_T000083,c09491af46a81ddd4ef50d3617e341a97f2b1a1aba7cb13701b661c1670525aa,3,productive,productive_iteration,False,True,False,False,False,
StressFresh100,StressFresh100_T000083,c09491af46a81ddd4ef50d3617e341a97f2b1a1aba7cb13701b661c1670525aa,4,productive,productive_iteration,False,True,False,False,False,
StressFresh100,StressFresh100_T000083,c09491af46a81ddd4ef50d3617e341a97f2b1a1aba7cb13701b661c1670525aa,5,productive,productive_iteration,False,True,False,False,False,
StressFresh100,StressFresh100_T000083,c09491af46a81ddd4ef50d3617e341a97f2b1a1aba7cb13701b661c1670525aa,6,productive,productive_iteration,False,True,False,False,False,
StressFresh100,StressFresh100_T000083,c09491af46a81ddd4ef50d3617e341a97f2b1a1aba7cb13701b661c1670525aa,7,productive,productive_iteration,False,True,False,False,False,
StressFresh100,StressFresh100_T000083,c09491af46a81ddd4ef50d3617e341a97f2b1a1aba7cb13701b661c1670525aa,8,productive,productive_iteration,False,True,False,False,False,
StressFresh100,StressFresh100_T000083,c09491af46a81ddd4ef50d3617e341a97f2b1a1aba7cb13701b661c1670525aa,9,productive,productive_iteration,False,True,False,False,False,
StressFresh100,StressFresh100_T000083,c09491af46a81ddd4ef50d3617e341a97f2b1a1aba7cb13701b661c1670525aa,10,productive,productive_iteration,False,True,False,False,False,
StressFresh100,StressFresh100_T000083,c09491af46a81ddd4ef50d3617e341a97f2b1a1aba7cb13701b661c1670525aa,11,productive,productive_iteration,False,True,False,False,False,
StressFresh100,StressFresh100_T000083,c09491af46a81ddd4ef50d3617e341a97f2b1a1aba7cb13701b661c1670525aa,12,productive,productive_iteration,False,True,False,False,False,
StressFresh100,StressFresh100_T000083,c09491af46a81ddd4ef50d3617e341a97f2b1a1aba7cb13701b661c1670525aa,13,productive,productive_iteration,False,True,False,False,False,
StressFresh100,StressFresh100_T000083,c09491af46a81ddd4ef50d3617e341a97f2b1a1aba7cb13701b661c1670525aa,14,productive,productive_iteration,False,True,False,False,False,
StressFresh100,StressFresh100_T000083,c09491af46a81ddd4ef50d3617e341a97f2b1a1aba7cb13701b661c1670525aa,15,productive,productive_iteration,False,True,False,False,False,
StressFresh100,StressFresh100_T000083,c09491af46a81ddd4ef50d3617e341a97f2b1a1aba7cb13701b661c1670525aa,16,productive,productive_iteration,False,True,False,False,False,
StressFresh100,StressFresh100_T000083,c09491af46a81ddd4ef50d3617e341a97f2b1a1aba7cb13701b661c1670525aa,17,productive,productive_iteration,False,True,False,False,False,
StressFresh100,StressFresh100_T000083,c09491af46a81ddd4ef50d3617e341a97f2b1a1aba7cb13701b661c1670525aa,18,stagnant,unproductive_cycle,False,False,True,False,False,
StressFresh100,StressFresh100_T000083,c09491af46a81ddd4ef50d3617e341a97f2b1a1aba7cb13701b661c1670525aa,19,stagnant,unproductive_cycle,False,False,True,False,False,
StressFresh100,StressFresh100_T000083,c09491af46a81ddd4ef50d3617e341a97f2b1a1aba7cb13701b661c1670525aa,20,stagnant,unproductive_cycle,False,False,True,False,False,
StressFresh100,StressFresh100_T000083,c09491af46a81ddd4ef50d3617e341a97f2b1a1aba7cb13701b661c1670525aa,21,productive,productive_iteration,False,True,False,False,False,
StressFresh100,StressFresh100_T000083,c09491af46a81ddd4ef50d3617e341a97f2b1a1aba7cb13701b661c1670525aa,22,productive,productive_iteration,False,True,False,False,False,
StressFresh100,StressFresh100_T000083,c09491af46a81ddd4ef50d3617e341a97f2b1a1aba7cb13701b661c1670525aa,23,productive,productive_iteration,False,True,False,False,False,
StressFresh100,StressFresh100_T000083,c09491af46a81ddd4ef50d3617e341a97f2b1a1aba7cb13701b661c1670525aa,24,productive,productive_iteration,False,True,False,False,False,
StressFresh100,StressFresh100_T000083,c09491af46a81ddd4ef50d3617e341a97f2b1a1aba7cb13701b661c1670525aa,25,productive,productive_iteration,False,True,False,False,False,
StressFresh100,StressFresh100_T000083,c09491af46a81ddd4ef50d3617e341a97f2b1a1aba7cb13701b661c1670525aa,26,productive,productive_iteration,False,True,False,False,False,
StressFresh100,StressFresh100_T000083,c09491af46a81ddd4ef50d3617e341a97f2b1a1aba7cb13701b661c1670525aa,27,productive,productive_iteration,False,True,False,False,False,
StressFresh100,StressFresh100_T000083,c09491af46a81ddd4ef50d3617e341a97f2b1a1aba7cb13701b661c1670525aa,28,productive,productive_iteration,False,True,False,False,False,
StressFresh100,StressFresh100_T000083,c09491af46a81ddd4ef50d3617e341a97f2b1a1aba7cb13701b661c1670525aa,29,productive,productive_iteration,False,True,False,False,False,
StressFresh100,StressFresh100_T000083,c09491af46a81ddd4ef50d3617e341a97f2b1a1aba7cb13701b661c1670525aa,30,stagnant,unproductive_cycle,False,False,True,False,False,
StressFresh100,StressFresh100_T000083,c09491af46a81ddd4ef50d3617e341a97f2b1a1aba7cb13701b661c1670525aa,31,stagnant,unproductive_cycle,False,False,True,False,False,
StressFresh100,StressFresh100_T000083,c09491af46a81ddd4ef50d3617e341a97f2b1a1aba7cb13701b661c1670525aa,32,stagnant,unproductive_cycle,False,False,True,False,False,
StressFresh100,StressFresh100_T000083,c09491af46a81ddd4ef50d3617e341a97f2b1a1aba7cb13701b661c1670525aa,33,stagnant,unproductive_cycle,False,False,True,False,False,
StressFresh100,StressFresh100_T000083,c09491af46a81ddd4ef50d3617e341a97f2b1a1aba7cb13701b661c1670525aa,34,stagnant,unproductive_cycle,False,False,True,False,False,
StressFresh100,StressFresh100_T000083,c09491af46a81ddd4ef50d3617e341a97f2b1a1aba7cb13701b661c1670525aa,35,stagnant,unproductive_cycle,False,False,True,False,False,
StressFresh100,StressFresh100_T000083,c09491af46a81ddd4ef50d3617e341a97f2b1a1aba7cb13701b661c1670525aa,36,stagnant,unproductive_cycle,False,False,True,False,False,
StressFresh100,StressFresh100_T000083,c09491af46a81ddd4ef50d3617e341a97f2b1a1aba7cb13701b661c1670525aa,37,stagnant,unproductive_cycle,False,False,True,False,False,
StressFresh100,StressFresh100_T000083,c09491af46a81ddd4ef50d3617e341a97f2b1a1aba7cb13701b661c1670525aa,38,stagnant,unproductive_cycle,False,False,True,False,False,
StressFresh100,StressFresh100_T000083,c09491af46a81ddd4ef50d3617e341a97f2b1a1aba7cb13701b661c1670525aa,39,stagnant,unproductive_cycle,False,False,True,False,False,
StressFresh100,StressFresh100_T000083,c09491af46a81ddd4ef50d3617e341a97f2b1a1aba7cb13701b661c1670525aa,40,stagnant,unproductive_cycle,False,False,True,False,False,
StressFresh100,StressFresh100_T000083,c09491af46a81ddd4ef50d3617e341a97f2b1a1aba7cb13701b661c1670525aa,41,stagnant,unproductive_cycle,False,False,True,False,False,
StressFresh100,StressFresh100_T000083,c09491af46a81ddd4ef50d3617e341a97f2b1a1aba7cb13701b661c1670525aa,42,stagnant,unproductive_cycle,False,False,True,False,False,
StressFresh100,StressFresh100_T000083,c09491af46a81ddd4ef50d3617e341a97f2b1a1aba7cb13701b661c1670525aa,43,stagnant,unproductive_cycle,False,False,True,False,False,
StressFresh100,StressFresh100_T000083,c09491af46a81ddd4ef50d3617e341a97f2b1a1aba7cb13701b661c1670525aa,44,stagnant,unproductive_cycle,False,False,True,False,False,
StressFresh100,StressFresh100_T000083,c09491af46a81ddd4ef50d3617e341a97f2b1a1aba7cb13701b661c1670525aa,45,stagnant,unproductive_cycle,False,False,True,False,False,
StressFresh100,StressFresh100_T000083,c09491af46a81ddd4ef50d3617e341a97f2b1a1aba7cb13701b661c1670525aa,46,stagnant,unproductive_cycle,False,False,True,False,False,
StressFresh100,StressFresh100_T000083,c09491af46a81ddd4ef50d3617e341a97f2b1a1aba7cb13701b661c1670525aa,47,stagnant,unproductive_cycle,False,False,True,False,False,
StressFresh100,StressFresh100_T000083,c09491af46a81ddd4ef50d3617e341a97f2b1a1aba7cb13701b661c1670525aa,48,stagnant,unproductive_cycle,False,False,True,False,False,
StressFresh100,StressFresh100_T000083,c09491af46a81ddd4ef50d3617e341a97f2b1a1aba7cb13701b661c1670525aa,49,stagnant,unproductive_cycle,False,False,True,False,False,
StressFresh100,StressFresh100_T000083,c09491af46a81ddd4ef50d3617e341a97f2b1a1aba7cb13701b661c1670525aa,50,stagnant,unproductive_cycle,False,False,True,False,False,
StressFresh100,StressFresh100_T000083,c09491af46a81ddd4ef50d3617e341a97f2b1a1aba7cb13701b661c1670525aa,51,stagnant,unproductive_cycle,False,False,True,False,False,
StressFresh100,StressFresh100_T000083,c09491af46a81ddd4ef50d3617e341a97f2b1a1aba7cb13701b661c1670525aa,52,stagnant,unproductive_cycle,False,False,True,False,False,
StressFresh100,StressFresh100_T000083,c09491af46a81ddd4ef50d3617e341a97f2b1a1aba7cb13701b661c1670525aa,53,stagnant,unproductive_cycle,False,False,True,False,False,
StressFresh100,StressFresh100_T000083,c09491af46a81ddd4ef50d3617e341a97f2b1a1aba7cb13701b661c1670525aa,54,stagnant,unproductive_cycle,False,False,True,False,False,
StressFresh100,StressFresh100_T000085,3d2387f3ae4c099d25a71d74f943d4d600aea25b2b08d97c860b3199868084c0,0,productive,productive_iteration,False,True,False,False,False,
StressFresh100,StressFresh100_T000085,3d2387f3ae4c099d25a71d74f943d4d600aea25b2b08d97c860b3199868084c0,1,productive,productive_iteration,False,True,False,False,False,
StressFresh100,StressFresh100_T000085,3d2387f3ae4c099d25a71d74f943d4d600aea25b2b08d97c860b3199868084c0,2,productive,productive_iteration,False,True,False,False,False,
StressFresh100,StressFresh100_T000085,3d2387f3ae4c099d25a71d74f943d4d600aea25b2b08d97c860b3199868084c0,3,productive,productive_iteration,False,True,False,False,False,
StressFresh100,StressFresh100_T000085,3d2387f3ae4c099d25a71d74f943d4d600aea25b2b08d97c860b3199868084c0,4,productive,productive_iteration,False,True,False,False,False,
StressFresh100,StressFresh100_T000085,3d2387f3ae4c099d25a71d74f943d4d600aea25b2b08d97c860b3199868084c0,5,productive,productive_iteration,False,True,False,False,False,
StressFresh100,StressFresh100_T000085,3d2387f3ae4c099d25a71d74f943d4d600aea25b2b08d97c860b3199868084c0,6,productive,productive_iteration,False,True,False,False,False,
StressFresh100,StressFresh100_T000085,3d2387f3ae4c099d25a71d74f943d4d600aea25b2b08d97c860b3199868084c0,7,stagnant,unproductive_cycle,False,False,True,False,False,
StressFresh100,StressFresh100_T000085,3d2387f3ae4c099d25a71d74f943d4d600aea25b2b08d97c860b3199868084c0,8,stagnant,unproductive_cycle,False,False,True,False,False,
StressFresh100,StressFresh100_T000085,3d2387f3ae4c099d25a71d74f943d4d600aea25b2b08d97c860b3199868084c0,9,productive,productive_iteration,False,True,False,False,False,
StressFresh100,StressFresh100_T000085,3d2387f3ae4c099d25a71d74f943d4d600aea25b2b08d97c860b3199868084c0,10,productive,productive_iteration,False,True,False,False,False,
StressFresh100,StressFresh100_T000085,3d2387f3ae4c099d25a71d74f943d4d600aea25b2b08d97c860b3199868084c0,11,productive,productive_iteration,False,True,False,False,False,
StressFresh100,StressFresh100_T000085,3d2387f3ae4c099d25a71d74f943d4d600aea25b2b08d97c860b3199868084c0,12,productive,productive_iteration,False,True,False,False,False,
StressFresh100,StressFresh100_T000085,3d2387f3ae4c099d25a71d74f943d4d600aea25b2b08d97c860b3199868084c0,13,productive,productive_iteration,False,True,False,False,False,
StressFresh100,StressFresh100_T000085,3d2387f3ae4c099d25a71d74f943d4d600aea25b2b08d97c860b3199868084c0,14,productive,productive_iteration,False,True,False,False,False,
StressFresh100,StressFresh100_T000085,3d2387f3ae4c099d25a71d74f943d4d600aea25b2b08d97c860b3199868084c0,15,productive,productive_iteration,False,True,False,False,False,
StressFresh100,StressFresh100_T000085,3d2387f3ae4c099d25a71d74f943d4d600aea25b2b08d97c860b3199868084c0,16,productive,productive_iteration,False,True,False,False,False,
StressFresh100,StressFresh100_T000085,3d2387f3ae4c099d25a71d74f943d4d600aea25b2b08d97c860b3199868084c0,17,productive,productive_iteration,False,True,False,False,False,
StressFresh100,StressFresh100_T000085,3d2387f3ae4c099d25a71d74f943d4d600aea25b2b08d97c860b3199868084c0,18,productive,productive_iteration,False,True,False,False,False,
StressFresh100,StressFresh100_T000085,3d2387f3ae4c099d25a71d74f943d4d600aea25b2b08d97c860b3199868084c0,19,productive,productive_iteration,False,True,False,False,False,
StressFresh100,StressFresh100_T000085,3d2387f3ae4c099d25a71d74f943d4d600aea25b2b08d97c860b3199868084c0,20,stagnant,none,False,False,False,False,False,
StressFresh100,StressFresh100_T000085,3d2387f3ae4c099d25a71d74f943d4d600aea25b2b08d97c860b3199868084c0,21,productive,productive_iteration,False,True,False,False,False,
StressFresh100,StressFresh100_T000085,3d2387f3ae4c099d25a71d74f943d4d600aea25b2b08d97c860b3199868084c0,22,productive,productive_iteration,False,True,False,False,False,
StressFresh100,StressFresh100_T000085,3d2387f3ae4c099d25a71d74f943d4d600aea25b2b08d97c860b3199868084c0,23,productive,productive_iteration,False,True,False,False,False,
StressFresh100,StressFresh100_T000085,3d2387f3ae4c099d25a71d74f943d4d600aea25b2b08d97c860b3199868084c0,24,stagnant,unproductive_cycle,False,False,True,False,False,
StressFresh100,StressFresh100_T000085,3d2387f3ae4c099d25a71d74f943d4d600aea25b2b08d97c860b3199868084c0,25,stagnant,unproductive_cycle,False,False,True,False,False,
StressFresh100,StressFresh100_T000085,3d2387f3ae4c099d25a71d74f943d4d600aea25b2b08d97c860b3199868084c0,26,stagnant,unproductive_cycle,False,False,True,False,False,
StressFresh100,StressFresh100_T000085,3d2387f3ae4c099d25a71d74f943d4d600aea25b2b08d97c860b3199868084c0,27,stagnant,unproductive_cycle,False,False,True,False,False,
StressFresh100,StressFresh100_T000085,3d2387f3ae4c099d25a71d74f943d4d600aea25b2b08d97c860b3199868084c0,28,stagnant,unproductive_cycle,False,False,True,False,False,
StressFresh100,StressFresh100_T000085,3d2387f3ae4c099d25a71d74f943d4d600aea25b2b08d97c860b3199868084c0,29,stagnant,unproductive_cycle,False,False,True,False,False,
StressFresh100,StressFresh100_T000085,3d2387f3ae4c099d25a71d74f943d4d600aea25b2b08d97c860b3199868084c0,30,stagnant,unproductive_cycle,False,False,True,False,False,
StressFresh100,StressFresh100_T000085,3d2387f3ae4c099d25a71d74f943d4d600aea25b2b08d97c860b3199868084c0,31,stagnant,unproductive_cycle,False,False,True,False,False,
StressFresh100,StressFresh100_T000085,3d2387f3ae4c099d25a71d74f943d4d600aea25b2b08d97c860b3199868084c0,32,stagnant,unproductive_cycle,False,False,True,False,False,
StressFresh100,StressFresh100_T000085,3d2387f3ae4c099d25a71d74f943d4d600aea25b2b08d97c860b3199868084c0,33,stagnant,unproductive_cycle,False,False,True,False,False,
StressFresh100,StressFresh100_T000085,3d2387f3ae4c099d25a71d74f943d4d600aea25b2b08d97c860b3199868084c0,34,stagnant,unproductive_cycle,False,False,True,False,False,
StressFresh100,StressFresh100_T000085,3d2387f3ae4c099d25a71d74f943d4d600aea25b2b08d97c860b3199868084c0,35,stagnant,unproductive_cycle,False,False,True,False,False,
StressFresh100,StressFresh100_T000085,3d2387f3ae4c099d25a71d74f943d4d600aea25b2b08d97c860b3199868084c0,36,stagnant,unproductive_cycle,False,False,True,False,False,
StressFresh100,StressFresh100_T000085,3d2387f3ae4c099d25a71d74f943d4d600aea25b2b08d97c860b3199868084c0,37,stagnant,unproductive_cycle,False,False,True,False,False,
StressFresh100,StressFresh100_T000085,3d2387f3ae4c099d25a71d74f943d4d600aea25b2b08d97c860b3199868084c0,38,stagnant,unproductive_cycle,False,False,True,False,False,
StressFresh100,StressFresh100_T000085,3d2387f3ae4c099d25a71d74f943d4d600aea25b2b08d97c860b3199868084c0,39,stagnant,unproductive_cycle,False,False,True,False,False,
StressFresh100,StressFresh100_T000085,3d2387f3ae4c099d25a71d74f943d4d600aea25b2b08d97c860b3199868084c0,40,stagnant,unproductive_cycle,False,False,True,False,False,
StressFresh100,StressFresh100_T000085,3d2387f3ae4c099d25a71d74f943d4d600aea25b2b08d97c860b3199868084c0,41,stagnant,unproductive_cycle,False,False,True,False,False,
StressFresh100,StressFresh100_T000085,3d2387f3ae4c099d25a71d74f943d4d600aea25b2b08d97c860b3199868084c0,42,stagnant,unproductive_cycle,False,False,True,False,False,
StressFresh100,StressFresh100_T000085,3d2387f3ae4c099d25a71d74f943d4d600aea25b2b08d97c860b3199868084c0,43,stagnant,unproductive_cycle,False,False,True,False,False,
StressFresh100,StressFresh100_T000088,6a70e0339e115a382e34572a5c8ff0e8b928a6091e49c52d560db6026890db64,0,productive,productive_iteration,False,True,False,False,False,
StressFresh100,StressFresh100_T000088,6a70e0339e115a382e34572a5c8ff0e8b928a6091e49c52d560db6026890db64,1,productive,productive_iteration,False,True,False,False,False,
StressFresh100,StressFresh100_T000088,6a70e0339e115a382e34572a5c8ff0e8b928a6091e49c52d560db6026890db64,2,productive,productive_iteration,False,True,False,False,False,
StressFresh100,StressFresh100_T000088,6a70e0339e115a382e34572a5c8ff0e8b928a6091e49c52d560db6026890db64,3,productive,productive_iteration,False,True,False,False,False,
StressFresh100,StressFresh100_T000088,6a70e0339e115a382e34572a5c8ff0e8b928a6091e49c52d560db6026890db64,4,productive,productive_iteration,False,True,False,False,False,
StressFresh100,StressFresh100_T000088,6a70e0339e115a382e34572a5c8ff0e8b928a6091e49c52d560db6026890db64,5,productive,productive_iteration,False,True,False,False,False,
StressFresh100,StressFresh100_T000088,6a70e0339e115a382e34572a5c8ff0e8b928a6091e49c52d560db6026890db64,6,productive,productive_iteration,False,True,False,False,False,
StressFresh100,StressFresh100_T000088,6a70e0339e115a382e34572a5c8ff0e8b928a6091e49c52d560db6026890db64,7,productive,productive_iteration,False,True,False,False,False,
StressFresh100,StressFresh100_T000088,6a70e0339e115a382e34572a5c8ff0e8b928a6091e49c52d560db6026890db64,8,productive,productive_iteration,False,True,False,False,False,
StressFresh100,StressFresh100_T000088,6a70e0339e115a382e34572a5c8ff0e8b928a6091e49c52d560db6026890db64,9,productive,productive_iteration,False,True,False,False,False,
StressFresh100,StressFresh100_T000088,6a70e0339e115a382e34572a5c8ff0e8b928a6091e49c52d560db6026890db64,10,productive,productive_iteration,False,True,False,False,False,
StressFresh100,StressFresh100_T000088,6a70e0339e115a382e34572a5c8ff0e8b928a6091e49c52d560db6026890db64,11,productive,productive_iteration,False,True,False,False,False,
StressFresh100,StressFresh100_T000088,6a70e0339e115a382e34572a5c8ff0e8b928a6091e49c52d560db6026890db64,12,productive,productive_iteration,False,True,False,False,False,
StressFresh100,StressFresh100_T000088,6a70e0339e115a382e34572a5c8ff0e8b928a6091e49c52d560db6026890db64,13,productive,productive_iteration,False,True,False,False,False,
StressFresh100,StressFresh100_T000088,6a70e0339e115a382e34572a5c8ff0e8b928a6091e49c52d560db6026890db64,14,productive,productive_iteration,False,True,False,False,False,
StressFresh100,StressFresh100_T000088,6a70e0339e115a382e34572a5c8ff0e8b928a6091e49c52d560db6026890db64,15,productive,productive_iteration,False,True,False,False,False,
StressFresh100,StressFresh100_T000088,6a70e0339e115a382e34572a5c8ff0e8b928a6091e49c52d560db6026890db64,16,stagnant,unproductive_cycle,False,False,True,False,False,
StressFresh100,StressFresh100_T000088,6a70e0339e115a382e34572a5c8ff0e8b928a6091e49c52d560db6026890db64,17,productive,productive_iteration,False,True,False,False,False,
StressFresh100,StressFresh100_T000088,6a70e0339e115a382e34572a5c8ff0e8b928a6091e49c52d560db6026890db64,18,productive,productive_iteration,False,True,False,False,False,
StressFresh100,StressFresh100_T000088,6a70e0339e115a382e34572a5c8ff0e8b928a6091e49c52d560db6026890db64,19,productive,productive_iteration,False,True,False,False,False,
StressFresh100,StressFresh100_T000088,6a70e0339e115a382e34572a5c8ff0e8b928a6091e49c52d560db6026890db64,20,productive,productive_iteration,False,True,False,False,False,
StressFresh100,StressFresh100_T000088,6a70e0339e115a382e34572a5c8ff0e8b928a6091e49c52d560db6026890db64,21,productive,productive_iteration,False,True,False,False,False,
StressFresh100,StressFresh100_T000088,6a70e0339e115a382e34572a5c8ff0e8b928a6091e49c52d560db6026890db64,22,productive,productive_iteration,False,True,False,False,False,
StressFresh100,StressFresh100_T000088,6a70e0339e115a382e34572a5c8ff0e8b928a6091e49c52d560db6026890db64,23,productive,productive_iteration,False,True,False,False,False,
StressFresh100,StressFresh100_T000088,6a70e0339e115a382e34572a5c8ff0e8b928a6091e49c52d560db6026890db64,24,stagnant,unproductive_cycle,False,False,True,False,False,
StressFresh100,StressFresh100_T000088,6a70e0339e115a382e34572a5c8ff0e8b928a6091e49c52d560db6026890db64,25,productive,none,False,False,False,False,False,
StressFresh100,StressFresh100_T000088,6a70e0339e115a382e34572a5c8ff0e8b928a6091e49c52d560db6026890db64,26,productive,productive_iteration,False,True,False,False,False,
StressFresh100,StressFresh100_T000088,6a70e0339e115a382e34572a5c8ff0e8b928a6091e49c52d560db6026890db64,27,productive,productive_iteration,False,True,False,False,False,
StressFresh100,StressFresh100_T000088,6a70e0339e115a382e34572a5c8ff0e8b928a6091e49c52d560db6026890db64,28,stagnant,unproductive_cycle,False,False,True,False,False,
StressFresh100,StressFresh100_T000088,6a70e0339e115a382e34572a5c8ff0e8b928a6091e49c52d560db6026890db64,29,stagnant,unproductive_cycle,False,False,True,False,False,
StressFresh100,StressFresh100_T000088,6a70e0339e115a382e34572a5c8ff0e8b928a6091e49c52d560db6026890db64,30,stagnant,unproductive_cycle,False,False,True,False,False,
StressFresh100,StressFresh100_T000088,6a70e0339e115a382e34572a5c8ff0e8b928a6091e49c52d560db6026890db64,31,stagnant,unproductive_cycle,False,False,True,False,False,
StressFresh100,StressFresh100_T000088,6a70e0339e115a382e34572a5c8ff0e8b928a6091e49c52d560db6026890db64,32,stagnant,unproductive_cycle,False,False,True,False,False,
StressFresh100,StressFresh100_T000088,6a70e0339e115a382e34572a5c8ff0e8b928a6091e49c52d560db6026890db64,33,stagnant,unproductive_cycle,False,False,True,False,False,
StressFresh100,StressFresh100_T000088,6a70e0339e115a382e34572a5c8ff0e8b928a6091e49c52d560db6026890db64,34,stagnant,unproductive_cycle,False,False,True,False,False,
StressFresh100,StressFresh100_T000092,be28d70d5d79bdc37e7f08d6866db88c207275528ff9f1e278e9756531806310,0,productive,productive_iteration,False,True,False,False,False,
StressFresh100,StressFresh100_T000092,be28d70d5d79bdc37e7f08d6866db88c207275528ff9f1e278e9756531806310,1,productive,productive_iteration,False,True,False,False,False,
StressFresh100,StressFresh100_T000092,be28d70d5d79bdc37e7f08d6866db88c207275528ff9f1e278e9756531806310,2,productive,productive_iteration,False,True,False,False,False,
StressFresh100,StressFresh100_T000092,be28d70d5d79bdc37e7f08d6866db88c207275528ff9f1e278e9756531806310,3,stagnant,unproductive_cycle,False,False,True,False,False,
StressFresh100,StressFresh100_T000092,be28d70d5d79bdc37e7f08d6866db88c207275528ff9f1e278e9756531806310,4,stagnant,unproductive_cycle,False,False,True,False,False,
StressFresh100,StressFresh100_T000092,be28d70d5d79bdc37e7f08d6866db88c207275528ff9f1e278e9756531806310,5,stagnant,unproductive_cycle,False,False,True,False,False,
StressFresh100,StressFresh100_T000092,be28d70d5d79bdc37e7f08d6866db88c207275528ff9f1e278e9756531806310,6,productive,productive_iteration,False,True,False,False,False,
StressFresh100,StressFresh100_T000092,be28d70d5d79bdc37e7f08d6866db88c207275528ff9f1e278e9756531806310,7,productive,productive_iteration,False,True,False,False,False,
StressFresh100,StressFresh100_T000092,be28d70d5d79bdc37e7f08d6866db88c207275528ff9f1e278e9756531806310,8,productive,none,False,False,False,False,False,
StressFresh100,StressFresh100_T000092,be28d70d5d79bdc37e7f08d6866db88c207275528ff9f1e278e9756531806310,9,productive,productive_iteration,False,True,False,False,False,
StressFresh100,StressFresh100_T000092,be28d70d5d79bdc37e7f08d6866db88c207275528ff9f1e278e9756531806310,10,productive,productive_iteration,False,True,False,False,False,
StressFresh100,StressFresh100_T000092,be28d70d5d79bdc37e7f08d6866db88c207275528ff9f1e278e9756531806310,11,productive,productive_iteration,False,True,False,False,False,
StressFresh100,StressFresh100_T000092,be28d70d5d79bdc37e7f08d6866db88c207275528ff9f1e278e9756531806310,12,productive,productive_iteration,False,True,False,False,False,
StressFresh100,StressFresh100_T000092,be28d70d5d79bdc37e7f08d6866db88c207275528ff9f1e278e9756531806310,13,productive,productive_iteration,False,True,False,False,False,
StressFresh100,StressFresh100_T000092,be28d70d5d79bdc37e7f08d6866db88c207275528ff9f1e278e9756531806310,14,productive,productive_iteration,False,True,False,False,False,
StressFresh100,StressFresh100_T000092,be28d70d5d79bdc37e7f08d6866db88c207275528ff9f1e278e9756531806310,15,productive,productive_iteration,False,True,False,False,False,
StressFresh100,StressFresh100_T000092,be28d70d5d79bdc37e7f08d6866db88c207275528ff9f1e278e9756531806310,16,productive,productive_iteration,False,True,False,False,False,
StressFresh100,StressFresh100_T000092,be28d70d5d79bdc37e7f08d6866db88c207275528ff9f1e278e9756531806310,17,productive,productive_iteration,False,True,False,False,False,
StressFresh100,StressFresh100_T000092,be28d70d5d79bdc37e7f08d6866db88c207275528ff9f1e278e9756531806310,18,productive,productive_iteration,False,True,False,False,False,
StressFresh100,StressFresh100_T000092,be28d70d5d79bdc37e7f08d6866db88c207275528ff9f1e278e9756531806310,19,productive,productive_iteration,False,True,False,False,False,
StressFresh100,StressFresh100_T000092,be28d70d5d79bdc37e7f08d6866db88c207275528ff9f1e278e9756531806310,20,productive,productive_iteration,False,True,False,False,False,
StressFresh100,StressFresh100_T000092,be28d70d5d79bdc37e7f08d6866db88c207275528ff9f1e278e9756531806310,21,stagnant,unproductive_cycle,False,False,True,False,False,
StressFresh100,StressFresh100_T000092,be28d70d5d79bdc37e7f08d6866db88c207275528ff9f1e278e9756531806310,22,stagnant,unproductive_cycle,False,False,True,False,False,
StressFresh100,StressFresh100_T000092,be28d70d5d79bdc37e7f08d6866db88c207275528ff9f1e278e9756531806310,23,productive,productive_iteration,False,True,False,False,False,
StressFresh100,StressFresh100_T000092,be28d70d5d79bdc37e7f08d6866db88c207275528ff9f1e278e9756531806310,24,stagnant,unproductive_cycle,False,False,True,False,False,
StressFresh100,StressFresh100_T000092,be28d70d5d79bdc37e7f08d6866db88c207275528ff9f1e278e9756531806310,25,stagnant,unproductive_cycle,False,False,True,False,False,
StressFresh100,StressFresh100_T000092,be28d70d5d79bdc37e7f08d6866db88c207275528ff9f1e278e9756531806310,26,stagnant,unproductive_cycle,False,False,True,False,False,
StressFresh100,StressFresh100_T000092,be28d70d5d79bdc37e7f08d6866db88c207275528ff9f1e278e9756531806310,27,stagnant,unproductive_cycle,False,False,True,False,False,
StressFresh100,StressFresh100_T000092,be28d70d5d79bdc37e7f08d6866db88c207275528ff9f1e278e9756531806310,28,stagnant,unproductive_cycle,False,False,True,False,False,
StressFresh100,StressFresh100_T000092,be28d70d5d79bdc37e7f08d6866db88c207275528ff9f1e278e9756531806310,29,stagnant,unproductive_cycle,False,False,True,False,False,
StressFresh100,StressFresh100_T000092,be28d70d5d79bdc37e7f08d6866db88c207275528ff9f1e278e9756531806310,30,stagnant,unproductive_cycle,False,False,True,False,False,
StressFresh100,StressFresh100_T000092,be28d70d5d79bdc37e7f08d6866db88c207275528ff9f1e278e9756531806310,31,stagnant,unproductive_cycle,False,False,True,False,False,
StressFresh100,StressFresh100_T000092,be28d70d5d79bdc37e7f08d6866db88c207275528ff9f1e278e9756531806310,32,stagnant,unproductive_cycle,False,False,True,False,False,
StressFresh100,StressFresh100_T000092,be28d70d5d79bdc37e7f08d6866db88c207275528ff9f1e278e9756531806310,33,stagnant,unproductive_cycle,False,False,True,False,False,
StressFresh100,StressFresh100_T000092,be28d70d5d79bdc37e7f08d6866db88c207275528ff9f1e278e9756531806310,34,stagnant,unproductive_cycle,False,False,True,False,False,
StressFresh100,StressFresh100_T000092,be28d70d5d79bdc37e7f08d6866db88c207275528ff9f1e278e9756531806310,35,stagnant,unproductive_cycle,False,False,True,False,False,
StressFresh100,StressFresh100_T000092,be28d70d5d79bdc37e7f08d6866db88c207275528ff9f1e278e9756531806310,36,stagnant,unproductive_cycle,False,False,True,False,False,
StressFresh100,StressFresh100_T000092,be28d70d5d79bdc37e7f08d6866db88c207275528ff9f1e278e9756531806310,37,stagnant,unproductive_cycle,False,False,True,False,False,
StressFresh100,StressFresh100_T000092,be28d70d5d79bdc37e7f08d6866db88c207275528ff9f1e278e9756531806310,38,stagnant,unproductive_cycle,False,False,True,False,False,
StressFresh100,StressFresh100_T000092,be28d70d5d79bdc37e7f08d6866db88c207275528ff9f1e278e9756531806310,39,stagnant,unproductive_cycle,False,False,True,False,False,
StressFresh100,StressFresh100_T000092,be28d70d5d79bdc37e7f08d6866db88c207275528ff9f1e278e9756531806310,40,stagnant,unproductive_cycle,False,False,True,False,False,
StressFresh100,StressFresh100_T000092,be28d70d5d79bdc37e7f08d6866db88c207275528ff9f1e278e9756531806310,41,stagnant,unproductive_cycle,False,False,True,False,False,
StressFresh100,StressFresh100_T000092,be28d70d5d79bdc37e7f08d6866db88c207275528ff9f1e278e9756531806310,42,stagnant,unproductive_cycle,False,False,True,False,False,
StressFresh100,StressFresh100_T000092,be28d70d5d79bdc37e7f08d6866db88c207275528ff9f1e278e9756531806310,43,stagnant,unproductive_cycle,False,False,True,False,False,
StressFresh100,StressFresh100_T000092,be28d70d5d79bdc37e7f08d6866db88c207275528ff9f1e278e9756531806310,44,stagnant,unproductive_cycle,False,False,True,False,False,
StressFresh100,StressFresh100_T000092,be28d70d5d79bdc37e7f08d6866db88c207275528ff9f1e278e9756531806310,45,stagnant,unproductive_cycle,False,False,True,False,False,
StressFresh100,StressFresh100_T000092,be28d70d5d79bdc37e7f08d6866db88c207275528ff9f1e278e9756531806310,46,stagnant,unproductive_cycle,False,False,True,False,False,
StressFresh100,StressFresh100_T000092,be28d70d5d79bdc37e7f08d6866db88c207275528ff9f1e278e9756531806310,47,stagnant,unproductive_cycle,False,False,True,False,False,
StressFresh100,StressFresh100_T000094,f680cf154c272dc43846cc0723e1d21e5d85c4118c2a166d0dec4720fb916041,0,productive,productive_iteration,False,True,False,False,False,
StressFresh100,StressFresh100_T000094,f680cf154c272dc43846cc0723e1d21e5d85c4118c2a166d0dec4720fb916041,1,productive,productive_iteration,False,True,False,False,False,
StressFresh100,StressFresh100_T000094,f680cf154c272dc43846cc0723e1d21e5d85c4118c2a166d0dec4720fb916041,2,productive,productive_iteration,False,True,False,False,False,
StressFresh100,StressFresh100_T000094,f680cf154c272dc43846cc0723e1d21e5d85c4118c2a166d0dec4720fb916041,3,productive,productive_iteration,False,True,False,False,False,
StressFresh100,StressFresh100_T000094,f680cf154c272dc43846cc0723e1d21e5d85c4118c2a166d0dec4720fb916041,4,productive,productive_iteration,False,True,False,False,False,
StressFresh100,StressFresh100_T000094,f680cf154c272dc43846cc0723e1d21e5d85c4118c2a166d0dec4720fb916041,5,productive,productive_iteration,False,True,False,False,False,
StressFresh100,StressFresh100_T000094,f680cf154c272dc43846cc0723e1d21e5d85c4118c2a166d0dec4720fb916041,6,productive,productive_iteration,False,True,False,False,False,
StressFresh100,StressFresh100_T000094,f680cf154c272dc43846cc0723e1d21e5d85c4118c2a166d0dec4720fb916041,7,productive,productive_iteration,False,True,False,False,False,
StressFresh100,StressFresh100_T000094,f680cf154c272dc43846cc0723e1d21e5d85c4118c2a166d0dec4720fb916041,8,productive,productive_iteration,False,True,False,False,False,
StressFresh100,StressFresh100_T000094,f680cf154c272dc43846cc0723e1d21e5d85c4118c2a166d0dec4720fb916041,9,productive,productive_iteration,False,True,False,False,False,
StressFresh100,StressFresh100_T000094,f680cf154c272dc43846cc0723e1d21e5d85c4118c2a166d0dec4720fb916041,10,stagnant,unproductive_cycle,False,False,True,False,False,
StressFresh100,StressFresh100_T000094,f680cf154c272dc43846cc0723e1d21e5d85c4118c2a166d0dec4720fb916041,11,productive,productive_iteration,False,True,False,False,False,
StressFresh100,StressFresh100_T000094,f680cf154c272dc43846cc0723e1d21e5d85c4118c2a166d0dec4720fb916041,12,productive,productive_iteration,False,True,False,False,False,
StressFresh100,StressFresh100_T000094,f680cf154c272dc43846cc0723e1d21e5d85c4118c2a166d0dec4720fb916041,13,stagnant,unproductive_cycle,False,False,True,False,False,
StressFresh100,StressFresh100_T000094,f680cf154c272dc43846cc0723e1d21e5d85c4118c2a166d0dec4720fb916041,14,stagnant,unproductive_cycle,False,False,True,False,False,
StressFresh100,StressFresh100_T000094,f680cf154c272dc43846cc0723e1d21e5d85c4118c2a166d0dec4720fb916041,15,stagnant,unproductive_cycle,False,False,True,False,False,
StressFresh100,StressFresh100_T000094,f680cf154c272dc43846cc0723e1d21e5d85c4118c2a166d0dec4720fb916041,16,productive,productive_iteration,True,True,False,False,False,
StressFresh100,StressFresh100_T000094,f680cf154c272dc43846cc0723e1d21e5d85c4118c2a166d0dec4720fb916041,17,productive,productive_iteration,True,True,False,False,False,
StressFresh100,StressFresh100_T000094,f680cf154c272dc43846cc0723e1d21e5d85c4118c2a166d0dec4720fb916041,18,productive,productive_iteration,True,True,False,False,False,
StressFresh100,StressFresh100_T000094,f680cf154c272dc43846cc0723e1d21e5d85c4118c2a166d0dec4720fb916041,19,productive,productive_iteration,True,True,False,False,False,
StressFresh100,StressFresh100_T000094,f680cf154c272dc43846cc0723e1d21e5d85c4118c2a166d0dec4720fb916041,20,productive,productive_iteration,True,True,False,False,False,
StressFresh100,StressFresh100_T000094,f680cf154c272dc43846cc0723e1d21e5d85c4118c2a166d0dec4720fb916041,21,productive,productive_iteration,True,True,False,False,False,
StressFresh100,StressFresh100_T000094,f680cf154c272dc43846cc0723e1d21e5d85c4118c2a166d0dec4720fb916041,22,productive,productive_iteration,True,True,False,False,False,
StressFresh100,StressFresh100_T000094,f680cf154c272dc43846cc0723e1d21e5d85c4118c2a166d0dec4720fb916041,23,productive,productive_iteration,True,True,False,False,False,
StressFresh100,StressFresh100_T000094,f680cf154c272dc43846cc0723e1d21e5d85c4118c2a166d0dec4720fb916041,24,productive,productive_iteration,True,True,False,False,False,
StressFresh100,StressFresh100_T000094,f680cf154c272dc43846cc0723e1d21e5d85c4118c2a166d0dec4720fb916041,25,productive,productive_iteration,True,True,False,False,False,
StressFresh100,StressFresh100_T000094,f680cf154c272dc43846cc0723e1d21e5d85c4118c2a166d0dec4720fb916041,26,stagnant,unproductive_cycle,False,False,True,False,False,
StressFresh100,StressFresh100_T000094,f680cf154c272dc43846cc0723e1d21e5d85c4118c2a166d0dec4720fb916041,27,stagnant,unproductive_cycle,False,False,True,False,False,
StressFresh100,StressFresh100_T000094,f680cf154c272dc43846cc0723e1d21e5d85c4118c2a166d0dec4720fb916041,28,stagnant,unproductive_cycle,False,False,True,False,False,
StressFresh100,StressFresh100_T000094,f680cf154c272dc43846cc0723e1d21e5d85c4118c2a166d0dec4720fb916041,29,stagnant,unproductive_cycle,False,False,True,False,False,
StressFresh100,StressFresh100_T000094,f680cf154c272dc43846cc0723e1d21e5d85c4118c2a166d0dec4720fb916041,30,stagnant,unproductive_cycle,False,False,True,False,False,
StressFresh100,StressFresh100_T000094,f680cf154c272dc43846cc0723e1d21e5d85c4118c2a166d0dec4720fb916041,31,productive,productive_iteration,True,True,False,False,False,
StressFresh100,StressFresh100_T000094,f680cf154c272dc43846cc0723e1d21e5d85c4118c2a166d0dec4720fb916041,32,productive,productive_iteration,True,True,False,False,False,
StressFresh100,StressFresh100_T000094,f680cf154c272dc43846cc0723e1d21e5d85c4118c2a166d0dec4720fb916041,33,stagnant,unproductive_cycle,False,False,True,False,False,
StressFresh100,StressFresh100_T000094,f680cf154c272dc43846cc0723e1d21e5d85c4118c2a166d0dec4720fb916041,34,stagnant,unproductive_cycle,False,False,True,False,False,
StressFresh100,StressFresh100_T000094,f680cf154c272dc43846cc0723e1d21e5d85c4118c2a166d0dec4720fb916041,35,stagnant,unproductive_cycle,False,False,True,False,False,
StressFresh100,StressFresh100_T000094,f680cf154c272dc43846cc0723e1d21e5d85c4118c2a166d0dec4720fb916041,36,stagnant,unproductive_cycle,False,False,True,False,False,
StressFresh100,StressFresh100_T000094,f680cf154c272dc43846cc0723e1d21e5d85c4118c2a166d0dec4720fb916041,37,stagnant,unproductive_cycle,False,False,True,False,False,
StressFresh100,StressFresh100_T000094,f680cf154c272dc43846cc0723e1d21e5d85c4118c2a166d0dec4720fb916041,38,stagnant,unproductive_cycle,False,False,True,False,False,
StressFresh100,StressFresh100_T000094,f680cf154c272dc43846cc0723e1d21e5d85c4118c2a166d0dec4720fb916041,39,stagnant,unproductive_cycle,False,False,True,False,False,
StressFresh100,StressFresh100_T000094,f680cf154c272dc43846cc0723e1d21e5d85c4118c2a166d0dec4720fb916041,40,stagnant,unproductive_cycle,False,False,True,False,False,
StressFresh100,StressFresh100_T000094,f680cf154c272dc43846cc0723e1d21e5d85c4118c2a166d0dec4720fb916041,41,stagnant,unproductive_cycle,False,False,True,False,False,
StressFresh100,StressFresh100_T000094,f680cf154c272dc43846cc0723e1d21e5d85c4118c2a166d0dec4720fb916041,42,stagnant,unproductive_cycle,False,False,True,False,False,
StressFresh100,StressFresh100_T000094,f680cf154c272dc43846cc0723e1d21e5d85c4118c2a166d0dec4720fb916041,43,stagnant,unproductive_cycle,False,False,True,False,False,
StressFresh100,StressFresh100_T000094,f680cf154c272dc43846cc0723e1d21e5d85c4118c2a166d0dec4720fb916041,44,stagnant,unproductive_cycle,False,False,True,False,False,
StressFresh100,StressFresh100_T000094,f680cf154c272dc43846cc0723e1d21e5d85c4118c2a166d0dec4720fb916041,45,stagnant,unproductive_cycle,False,False,True,False,False,
StressFresh100,StressFresh100_T000094,f680cf154c272dc43846cc0723e1d21e5d85c4118c2a166d0dec4720fb916041,46,stagnant,unproductive_cycle,False,False,True,False,False,
StressFresh100,StressFresh100_T000094,f680cf154c272dc43846cc0723e1d21e5d85c4118c2a166d0dec4720fb916041,47,stagnant,unproductive_cycle,False,False,True,False,False,
StressFresh100,StressFresh100_T000095,95b270711780a838f0e8295d602a75ba4e31394e80ec26afc68c2bbd96822c4b,0,productive,none,False,False,False,False,False,
StressFresh100,StressFresh100_T000095,95b270711780a838f0e8295d602a75ba4e31394e80ec26afc68c2bbd96822c4b,1,productive,none,False,False,False,False,False,
StressFresh100,StressFresh100_T000095,95b270711780a838f0e8295d602a75ba4e31394e80ec26afc68c2bbd96822c4b,2,productive,none,False,False,False,False,False,
StressFresh100,StressFresh100_T000095,95b270711780a838f0e8295d602a75ba4e31394e80ec26afc68c2bbd96822c4b,3,productive,none,False,False,False,False,False,
StressFresh100,StressFresh100_T000095,95b270711780a838f0e8295d602a75ba4e31394e80ec26afc68c2bbd96822c4b,4,productive,none,False,False,False,False,False,
StressFresh100,StressFresh100_T000095,95b270711780a838f0e8295d602a75ba4e31394e80ec26afc68c2bbd96822c4b,5,productive,none,False,False,False,False,False,
StressFresh100,StressFresh100_T000095,95b270711780a838f0e8295d602a75ba4e31394e80ec26afc68c2bbd96822c4b,6,productive,none,False,False,False,False,False,
StressFresh100,StressFresh100_T000095,95b270711780a838f0e8295d602a75ba4e31394e80ec26afc68c2bbd96822c4b,7,productive,none,False,False,False,False,False,
StressFresh100,StressFresh100_T000095,95b270711780a838f0e8295d602a75ba4e31394e80ec26afc68c2bbd96822c4b,8,productive,none,False,False,False,False,False,
StressFresh100,StressFresh100_T000095,95b270711780a838f0e8295d602a75ba4e31394e80ec26afc68c2bbd96822c4b,9,productive,none,False,False,False,False,False,
StressFresh100,StressFresh100_T000095,95b270711780a838f0e8295d602a75ba4e31394e80ec26afc68c2bbd96822c4b,10,productive,none,False,False,False,False,False,
StressFresh100,StressFresh100_T000095,95b270711780a838f0e8295d602a75ba4e31394e80ec26afc68c2bbd96822c4b,11,productive,none,False,False,False,False,False,
StressFresh100,StressFresh100_T000095,95b270711780a838f0e8295d602a75ba4e31394e80ec26afc68c2bbd96822c4b,12,productive,none,False,False,False,False,False,
StressFresh100,StressFresh100_T000095,95b270711780a838f0e8295d602a75ba4e31394e80ec26afc68c2bbd96822c4b,13,productive,none,False,False,False,False,False,
StressFresh100,StressFresh100_T000095,95b270711780a838f0e8295d602a75ba4e31394e80ec26afc68c2bbd96822c4b,14,productive,productive_iteration,False,True,False,False,False,
StressFresh100,StressFresh100_T000095,95b270711780a838f0e8295d602a75ba4e31394e80ec26afc68c2bbd96822c4b,15,productive,none,False,False,False,False,False,
StressFresh100,StressFresh100_T000095,95b270711780a838f0e8295d602a75ba4e31394e80ec26afc68c2bbd96822c4b,16,productive,none,False,False,False,False,False,
StressFresh100,StressFresh100_T000095,95b270711780a838f0e8295d602a75ba4e31394e80ec26afc68c2bbd96822c4b,17,productive,none,False,False,False,False,False,
StressFresh100,StressFresh100_T000095,95b270711780a838f0e8295d602a75ba4e31394e80ec26afc68c2bbd96822c4b,18,productive,productive_iteration,False,True,False,False,False,
StressFresh100,StressFresh100_T000095,95b270711780a838f0e8295d602a75ba4e31394e80ec26afc68c2bbd96822c4b,19,stagnant,unproductive_cycle,False,False,True,False,False,
StressFresh100,StressFresh100_T000095,95b270711780a838f0e8295d602a75ba4e31394e80ec26afc68c2bbd96822c4b,20,productive,none,False,False,False,False,False,
StressFresh100,StressFresh100_T000095,95b270711780a838f0e8295d602a75ba4e31394e80ec26afc68c2bbd96822c4b,21,productive,productive_iteration,False,True,False,False,False,
StressFresh100,StressFresh100_T000095,95b270711780a838f0e8295d602a75ba4e31394e80ec26afc68c2bbd96822c4b,22,productive,none,False,False,False,False,False,
StressFresh100,StressFresh100_T000095,95b270711780a838f0e8295d602a75ba4e31394e80ec26afc68c2bbd96822c4b,23,stagnant,unproductive_cycle,False,False,True,False,False,
StressFresh100,StressFresh100_T000095,95b270711780a838f0e8295d602a75ba4e31394e80ec26afc68c2bbd96822c4b,24,productive,productive_iteration,False,True,False,False,False,
StressFresh100,StressFresh100_T000095,95b270711780a838f0e8295d602a75ba4e31394e80ec26afc68c2bbd96822c4b,25,productive,productive_iteration,False,True,False,False,False,
StressFresh100,StressFresh100_T000095,95b270711780a838f0e8295d602a75ba4e31394e80ec26afc68c2bbd96822c4b,26,productive,productive_iteration,False,True,False,False,False,
StressFresh100,StressFresh100_T000095,95b270711780a838f0e8295d602a75ba4e31394e80ec26afc68c2bbd96822c4b,27,productive,productive_iteration,False,True,False,False,False,
StressFresh100,StressFresh100_T000095,95b270711780a838f0e8295d602a75ba4e31394e80ec26afc68c2bbd96822c4b,28,productive,productive_iteration,False,True,False,False,False,
StressFresh100,StressFresh100_T000095,95b270711780a838f0e8295d602a75ba4e31394e80ec26afc68c2bbd96822c4b,29,productive,productive_iteration,False,True,False,False,False,
StressFresh100,StressFresh100_T000095,95b270711780a838f0e8295d602a75ba4e31394e80ec26afc68c2bbd96822c4b,30,stagnant,unproductive_cycle,False,False,True,False,False,
StressFresh100,StressFresh100_T000095,95b270711780a838f0e8295d602a75ba4e31394e80ec26afc68c2bbd96822c4b,31,stagnant,unproductive_cycle,False,False,True,False,False,
StressFresh100,StressFresh100_T000095,95b270711780a838f0e8295d602a75ba4e31394e80ec26afc68c2bbd96822c4b,32,stagnant,unproductive_cycle,False,False,True,False,False,
StressFresh100,StressFresh100_T000095,95b270711780a838f0e8295d602a75ba4e31394e80ec26afc68c2bbd96822c4b,33,stagnant,unproductive_cycle,False,False,True,False,False,
StressFresh100,StressFresh100_T000095,95b270711780a838f0e8295d602a75ba4e31394e80ec26afc68c2bbd96822c4b,34,productive,none,False,False,False,False,False,
StressFresh100,StressFresh100_T000096,c346ec7a0c581ed72c76d7c73adfced4c84eb677d485d3e986acf72bb899ec4a,0,productive,none,False,False,False,False,False,
StressFresh100,StressFresh100_T000096,c346ec7a0c581ed72c76d7c73adfced4c84eb677d485d3e986acf72bb899ec4a,1,productive,none,False,False,False,False,False,
StressFresh100,StressFresh100_T000096,c346ec7a0c581ed72c76d7c73adfced4c84eb677d485d3e986acf72bb899ec4a,2,productive,none,False,False,False,False,False,
StressFresh100,StressFresh100_T000096,c346ec7a0c581ed72c76d7c73adfced4c84eb677d485d3e986acf72bb899ec4a,3,productive,none,False,False,False,False,False,
StressFresh100,StressFresh100_T000096,c346ec7a0c581ed72c76d7c73adfced4c84eb677d485d3e986acf72bb899ec4a,4,productive,none,False,False,False,False,False,
StressFresh100,StressFresh100_T000096,c346ec7a0c581ed72c76d7c73adfced4c84eb677d485d3e986acf72bb899ec4a,5,productive,none,False,False,False,False,False,
StressFresh100,StressFresh100_T000096,c346ec7a0c581ed72c76d7c73adfced4c84eb677d485d3e986acf72bb899ec4a,6,productive,none,False,False,False,False,False,
StressFresh100,StressFresh100_T000096,c346ec7a0c581ed72c76d7c73adfced4c84eb677d485d3e986acf72bb899ec4a,7,productive,none,False,False,False,False,False,
StressFresh100,StressFresh100_T000096,c346ec7a0c581ed72c76d7c73adfced4c84eb677d485d3e986acf72bb899ec4a,8,productive,none,False,False,False,False,False,
StressFresh100,StressFresh100_T000096,c346ec7a0c581ed72c76d7c73adfced4c84eb677d485d3e986acf72bb899ec4a,9,stagnant,unproductive_cycle,False,False,True,False,False,
StressFresh100,StressFresh100_T000096,c346ec7a0c581ed72c76d7c73adfced4c84eb677d485d3e986acf72bb899ec4a,10,stagnant,unproductive_cycle,False,False,True,False,False,
StressFresh100,StressFresh100_T000096,c346ec7a0c581ed72c76d7c73adfced4c84eb677d485d3e986acf72bb899ec4a,11,productive,none,False,False,False,False,False,
StressFresh100,StressFresh100_T000096,c346ec7a0c581ed72c76d7c73adfced4c84eb677d485d3e986acf72bb899ec4a,12,productive,none,False,False,False,False,False,
StressFresh100,StressFresh100_T000096,c346ec7a0c581ed72c76d7c73adfced4c84eb677d485d3e986acf72bb899ec4a,13,productive,none,False,False,False,False,False,
StressFresh100,StressFresh100_T000096,c346ec7a0c581ed72c76d7c73adfced4c84eb677d485d3e986acf72bb899ec4a,14,productive,none,False,False,False,False,False,
StressFresh100,StressFresh100_T000096,c346ec7a0c581ed72c76d7c73adfced4c84eb677d485d3e986acf72bb899ec4a,15,stagnant,none,False,False,False,False,False,
StressFresh100,StressFresh100_T000097,4b15c9a57abbb8c639881b5651f18c0ea7f96842722cb3c7d7df74119c6bfe4f,0,productive,productive_iteration,False,True,False,False,False,
StressFresh100,StressFresh100_T000097,4b15c9a57abbb8c639881b5651f18c0ea7f96842722cb3c7d7df74119c6bfe4f,1,productive,productive_iteration,False,True,False,False,False,
StressFresh100,StressFresh100_T000097,4b15c9a57abbb8c639881b5651f18c0ea7f96842722cb3c7d7df74119c6bfe4f,2,productive,productive_iteration,False,True,False,False,False,
StressFresh100,StressFresh100_T000097,4b15c9a57abbb8c639881b5651f18c0ea7f96842722cb3c7d7df74119c6bfe4f,3,productive,productive_iteration,False,True,False,False,False,
StressFresh100,StressFresh100_T000097,4b15c9a57abbb8c639881b5651f18c0ea7f96842722cb3c7d7df74119c6bfe4f,4,productive,productive_iteration,False,True,False,False,False,
StressFresh100,StressFresh100_T000097,4b15c9a57abbb8c639881b5651f18c0ea7f96842722cb3c7d7df74119c6bfe4f,5,productive,productive_iteration,False,True,False,False,False,
StressFresh100,StressFresh100_T000097,4b15c9a57abbb8c639881b5651f18c0ea7f96842722cb3c7d7df74119c6bfe4f,6,productive,productive_iteration,False,True,False,False,False,
StressFresh100,StressFresh100_T000097,4b15c9a57abbb8c639881b5651f18c0ea7f96842722cb3c7d7df74119c6bfe4f,7,productive,productive_iteration,False,True,False,False,False,
StressFresh100,StressFresh100_T000097,4b15c9a57abbb8c639881b5651f18c0ea7f96842722cb3c7d7df74119c6bfe4f,8,productive,productive_iteration,False,True,False,False,False,
StressFresh100,StressFresh100_T000097,4b15c9a57abbb8c639881b5651f18c0ea7f96842722cb3c7d7df74119c6bfe4f,9,productive,productive_iteration,False,True,False,False,False,
StressFresh100,StressFresh100_T000097,4b15c9a57abbb8c639881b5651f18c0ea7f96842722cb3c7d7df74119c6bfe4f,10,productive,productive_iteration,False,True,False,False,False,
StressFresh100,StressFresh100_T000097,4b15c9a57abbb8c639881b5651f18c0ea7f96842722cb3c7d7df74119c6bfe4f,11,stagnant,none,False,False,False,False,False,
StressFresh100,StressFresh100_T000097,4b15c9a57abbb8c639881b5651f18c0ea7f96842722cb3c7d7df74119c6bfe4f,12,productive,productive_iteration,False,True,False,False,False,
StressFresh100,StressFresh100_T000097,4b15c9a57abbb8c639881b5651f18c0ea7f96842722cb3c7d7df74119c6bfe4f,13,productive,productive_iteration,False,True,False,False,False,
StressFresh100,StressFresh100_T000097,4b15c9a57abbb8c639881b5651f18c0ea7f96842722cb3c7d7df74119c6bfe4f,14,productive,productive_iteration,False,True,False,False,False,
StressFresh100,StressFresh100_T000097,4b15c9a57abbb8c639881b5651f18c0ea7f96842722cb3c7d7df74119c6bfe4f,15,productive,productive_iteration,False,True,False,False,False,
StressFresh100,StressFresh100_T000097,4b15c9a57abbb8c639881b5651f18c0ea7f96842722cb3c7d7df74119c6bfe4f,16,productive,none,False,False,False,False,False,
StressFresh100,StressFresh100_T000097,4b15c9a57abbb8c639881b5651f18c0ea7f96842722cb3c7d7df74119c6bfe4f,17,stagnant,unproductive_cycle,False,False,True,False,False,
StressFresh100,StressFresh100_T000097,4b15c9a57abbb8c639881b5651f18c0ea7f96842722cb3c7d7df74119c6bfe4f,18,stagnant,unproductive_cycle,False,False,True,False,False,
StressFresh100,StressFresh100_T000097,4b15c9a57abbb8c639881b5651f18c0ea7f96842722cb3c7d7df74119c6bfe4f,19,stagnant,unproductive_cycle,False,False,True,False,False,
StressFresh100,StressFresh100_T000097,4b15c9a57abbb8c639881b5651f18c0ea7f96842722cb3c7d7df74119c6bfe4f,20,stagnant,unproductive_cycle,False,False,True,False,False,
StressFresh100,StressFresh100_T000097,4b15c9a57abbb8c639881b5651f18c0ea7f96842722cb3c7d7df74119c6bfe4f,21,stagnant,unproductive_cycle,False,False,True,False,False,
StressFresh100,StressFresh100_T000097,4b15c9a57abbb8c639881b5651f18c0ea7f96842722cb3c7d7df74119c6bfe4f,22,stagnant,unproductive_cycle,False,False,True,False,False,
StressFresh100,StressFresh100_T000097,4b15c9a57abbb8c639881b5651f18c0ea7f96842722cb3c7d7df74119c6bfe4f,23,stagnant,unproductive_cycle,False,False,True,False,False,
StressFresh100,StressFresh100_T000097,4b15c9a57abbb8c639881b5651f18c0ea7f96842722cb3c7d7df74119c6bfe4f,24,stagnant,unproductive_cycle,False,False,True,False,False,
StressFresh100,StressFresh100_T000097,4b15c9a57abbb8c639881b5651f18c0ea7f96842722cb3c7d7df74119c6bfe4f,25,stagnant,unproductive_cycle,False,False,True,False,False,
StressFresh100,StressFresh100_T000097,4b15c9a57abbb8c639881b5651f18c0ea7f96842722cb3c7d7df74119c6bfe4f,26,stagnant,unproductive_cycle,False,False,True,False,False,
StressFresh100,StressFresh100_T000097,4b15c9a57abbb8c639881b5651f18c0ea7f96842722cb3c7d7df74119c6bfe4f,27,stagnant,unproductive_cycle,False,False,True,False,False,
StressFresh100,StressFresh100_T000097,4b15c9a57abbb8c639881b5651f18c0ea7f96842722cb3c7d7df74119c6bfe4f,28,stagnant,unproductive_cycle,False,False,True,False,False,
StressFresh100,StressFresh100_T000097,4b15c9a57abbb8c639881b5651f18c0ea7f96842722cb3c7d7df74119c6bfe4f,29,stagnant,unproductive_cycle,False,False,True,False,False,
StressFresh100,StressFresh100_T000097,4b15c9a57abbb8c639881b5651f18c0ea7f96842722cb3c7d7df74119c6bfe4f,30,stagnant,unproductive_cycle,False,False,True,False,False,
StressFresh100,StressFresh100_T000097,4b15c9a57abbb8c639881b5651f18c0ea7f96842722cb3c7d7df74119c6bfe4f,31,stagnant,unproductive_cycle,False,False,True,False,False,
StressFresh100,StressFresh100_T000097,4b15c9a57abbb8c639881b5651f18c0ea7f96842722cb3c7d7df74119c6bfe4f,32,stagnant,unproductive_cycle,False,False,True,False,False,
StressFresh100,StressFresh100_T000097,4b15c9a57abbb8c639881b5651f18c0ea7f96842722cb3c7d7df74119c6bfe4f,33,stagnant,unproductive_cycle,False,False,True,False,False,
StressFresh100,StressFresh100_T000097,4b15c9a57abbb8c639881b5651f18c0ea7f96842722cb3c7d7df74119c6bfe4f,34,stagnant,unproductive_cycle,False,False,True,False,False,
StressFresh100,StressFresh100_T000097,4b15c9a57abbb8c639881b5651f18c0ea7f96842722cb3c7d7df74119c6bfe4f,35,stagnant,unproductive_cycle,False,False,True,False,False,
StressFresh100,StressFresh100_T000097,4b15c9a57abbb8c639881b5651f18c0ea7f96842722cb3c7d7df74119c6bfe4f,36,stagnant,unproductive_cycle,False,False,True,False,False,
StressFresh100,StressFresh100_T000097,4b15c9a57abbb8c639881b5651f18c0ea7f96842722cb3c7d7df74119c6bfe4f,37,stagnant,unproductive_cycle,False,False,True,False,False,
StressFresh100,StressFresh100_T000097,4b15c9a57abbb8c639881b5651f18c0ea7f96842722cb3c7d7df74119c6bfe4f,38,stagnant,unproductive_cycle,False,False,True,False,False,
StressFresh100,StressFresh100_T000097,4b15c9a57abbb8c639881b5651f18c0ea7f96842722cb3c7d7df74119c6bfe4f,39,stagnant,unproductive_cycle,False,False,True,False,False,
StressFresh100,StressFresh100_T000100,0b3c3f42a8245bff6d87cfe02658d3694d622073913e459b4e4cbb854d42c31c,0,productive,productive_iteration,False,True,False,False,False,
StressFresh100,StressFresh100_T000100,0b3c3f42a8245bff6d87cfe02658d3694d622073913e459b4e4cbb854d42c31c,1,productive,productive_iteration,False,True,False,False,False,
StressFresh100,StressFresh100_T000100,0b3c3f42a8245bff6d87cfe02658d3694d622073913e459b4e4cbb854d42c31c,2,productive,productive_iteration,False,True,False,False,False,
StressFresh100,StressFresh100_T000100,0b3c3f42a8245bff6d87cfe02658d3694d622073913e459b4e4cbb854d42c31c,3,productive,productive_iteration,False,True,False,False,False,
StressFresh100,StressFresh100_T000100,0b3c3f42a8245bff6d87cfe02658d3694d622073913e459b4e4cbb854d42c31c,4,productive,productive_iteration,False,True,False,False,False,
StressFresh100,StressFresh100_T000100,0b3c3f42a8245bff6d87cfe02658d3694d622073913e459b4e4cbb854d42c31c,5,productive,productive_iteration,False,True,False,False,False,
StressFresh100,StressFresh100_T000100,0b3c3f42a8245bff6d87cfe02658d3694d622073913e459b4e4cbb854d42c31c,6,productive,productive_iteration,False,True,False,False,False,
StressFresh100,StressFresh100_T000100,0b3c3f42a8245bff6d87cfe02658d3694d622073913e459b4e4cbb854d42c31c,7,productive,productive_iteration,False,True,False,False,False,
StressFresh100,StressFresh100_T000100,0b3c3f42a8245bff6d87cfe02658d3694d622073913e459b4e4cbb854d42c31c,8,productive,productive_iteration,False,True,False,False,False,
StressFresh100,StressFresh100_T000100,0b3c3f42a8245bff6d87cfe02658d3694d622073913e459b4e4cbb854d42c31c,9,productive,productive_iteration,False,True,False,False,False,
StressFresh100,StressFresh100_T000100,0b3c3f42a8245bff6d87cfe02658d3694d622073913e459b4e4cbb854d42c31c,10,productive,productive_iteration,False,True,False,False,False,
StressFresh100,StressFresh100_T000100,0b3c3f42a8245bff6d87cfe02658d3694d622073913e459b4e4cbb854d42c31c,11,productive,productive_iteration,False,True,False,False,False,
StressFresh100,StressFresh100_T000100,0b3c3f42a8245bff6d87cfe02658d3694d622073913e459b4e4cbb854d42c31c,12,stagnant,unproductive_cycle,False,False,True,False,False,
StressFresh100,StressFresh100_T000100,0b3c3f42a8245bff6d87cfe02658d3694d622073913e459b4e4cbb854d42c31c,13,stagnant,unproductive_cycle,False,False,True,False,False,
StressFresh100,StressFresh100_T000100,0b3c3f42a8245bff6d87cfe02658d3694d622073913e459b4e4cbb854d42c31c,14,stagnant,unproductive_cycle,False,False,True,False,False,
StressFresh100,StressFresh100_T000100,0b3c3f42a8245bff6d87cfe02658d3694d622073913e459b4e4cbb854d42c31c,15,stagnant,unproductive_cycle,False,False,True,False,False,
StressFresh100,StressFresh100_T000100,0b3c3f42a8245bff6d87cfe02658d3694d622073913e459b4e4cbb854d42c31c,16,stagnant,unproductive_cycle,False,False,True,False,False,
StressFresh100,StressFresh100_T000100,0b3c3f42a8245bff6d87cfe02658d3694d622073913e459b4e4cbb854d42c31c,17,productive,productive_iteration,False,True,False,False,False,
StressFresh100,StressFresh100_T000100,0b3c3f42a8245bff6d87cfe02658d3694d622073913e459b4e4cbb854d42c31c,18,productive,productive_iteration,False,True,False,False,False,
StressFresh100,StressFresh100_T000100,0b3c3f42a8245bff6d87cfe02658d3694d622073913e459b4e4cbb854d42c31c,19,productive,none,False,False,False,False,False,
StressFresh100,StressFresh100_T000100,0b3c3f42a8245bff6d87cfe02658d3694d622073913e459b4e4cbb854d42c31c,20,productive,none,False,False,False,False,False,
StressFresh100,StressFresh100_T000003,88278ba9269cd4d5efbd26712106d393eb881c56870d8606eae1705d3c3ec68d,0,productive,none,False,False,False,False,False,
StressFresh100,StressFresh100_T000003,88278ba9269cd4d5efbd26712106d393eb881c56870d8606eae1705d3c3ec68d,1,productive,none,False,False,False,False,False,
StressFresh100,StressFresh100_T000003,88278ba9269cd4d5efbd26712106d393eb881c56870d8606eae1705d3c3ec68d,2,productive,none,False,False,False,False,False,
StressFresh100,StressFresh100_T000003,88278ba9269cd4d5efbd26712106d393eb881c56870d8606eae1705d3c3ec68d,3,productive,none,False,False,False,False,False,
StressFresh100,StressFresh100_T000003,88278ba9269cd4d5efbd26712106d393eb881c56870d8606eae1705d3c3ec68d,4,productive,none,False,False,False,False,False,
StressFresh100,StressFresh100_T000003,88278ba9269cd4d5efbd26712106d393eb881c56870d8606eae1705d3c3ec68d,5,productive,none,False,False,False,False,False,
StressFresh100,StressFresh100_T000003,88278ba9269cd4d5efbd26712106d393eb881c56870d8606eae1705d3c3ec68d,6,productive,none,False,False,False,False,False,
StressFresh100,StressFresh100_T000003,88278ba9269cd4d5efbd26712106d393eb881c56870d8606eae1705d3c3ec68d,7,productive,none,False,False,False,False,False,
StressFresh100,StressFresh100_T000003,88278ba9269cd4d5efbd26712106d393eb881c56870d8606eae1705d3c3ec68d,8,productive,none,False,False,False,False,False,
StressFresh100,StressFresh100_T000003,88278ba9269cd4d5efbd26712106d393eb881c56870d8606eae1705d3c3ec68d,9,stagnant,unproductive_cycle,False,False,True,False,False,
StressFresh100,StressFresh100_T000003,88278ba9269cd4d5efbd26712106d393eb881c56870d8606eae1705d3c3ec68d,10,stagnant,unproductive_cycle,False,False,True,False,False,
StressFresh100,StressFresh100_T000003,88278ba9269cd4d5efbd26712106d393eb881c56870d8606eae1705d3c3ec68d,11,productive,productive_iteration,False,True,False,False,False,
StressFresh100,StressFresh100_T000003,88278ba9269cd4d5efbd26712106d393eb881c56870d8606eae1705d3c3ec68d,12,productive,productive_iteration,False,True,False,False,False,
StressFresh100,StressFresh100_T000003,88278ba9269cd4d5efbd26712106d393eb881c56870d8606eae1705d3c3ec68d,13,productive,none,False,False,False,False,False,
StressFresh100,StressFresh100_T000003,88278ba9269cd4d5efbd26712106d393eb881c56870d8606eae1705d3c3ec68d,14,productive,none,False,False,False,False,False,
StressFresh100,StressFresh100_T000005,f2c90e9810fed1bc40c2b8dcafd192a64d5366e8d60e71e5d83e9069a92d0cf6,0,productive,productive_iteration,False,True,False,False,False,
StressFresh100,StressFresh100_T000005,f2c90e9810fed1bc40c2b8dcafd192a64d5366e8d60e71e5d83e9069a92d0cf6,1,productive,productive_iteration,False,True,False,False,False,
StressFresh100,StressFresh100_T000005,f2c90e9810fed1bc40c2b8dcafd192a64d5366e8d60e71e5d83e9069a92d0cf6,2,productive,productive_iteration,False,True,False,False,False,
StressFresh100,StressFresh100_T000005,f2c90e9810fed1bc40c2b8dcafd192a64d5366e8d60e71e5d83e9069a92d0cf6,3,productive,none,False,False,False,False,False,
StressFresh100,StressFresh100_T000005,f2c90e9810fed1bc40c2b8dcafd192a64d5366e8d60e71e5d83e9069a92d0cf6,4,productive,productive_iteration,False,True,False,False,False,
StressFresh100,StressFresh100_T000005,f2c90e9810fed1bc40c2b8dcafd192a64d5366e8d60e71e5d83e9069a92d0cf6,5,productive,productive_iteration,False,True,False,False,False,
StressFresh100,StressFresh100_T000005,f2c90e9810fed1bc40c2b8dcafd192a64d5366e8d60e71e5d83e9069a92d0cf6,6,productive,productive_iteration,False,True,False,False,False,
StressFresh100,StressFresh100_T000005,f2c90e9810fed1bc40c2b8dcafd192a64d5366e8d60e71e5d83e9069a92d0cf6,7,productive,productive_iteration,False,True,False,False,False,
StressFresh100,StressFresh100_T000005,f2c90e9810fed1bc40c2b8dcafd192a64d5366e8d60e71e5d83e9069a92d0cf6,8,productive,productive_iteration,False,True,False,False,False,
StressFresh100,StressFresh100_T000005,f2c90e9810fed1bc40c2b8dcafd192a64d5366e8d60e71e5d83e9069a92d0cf6,9,productive,productive_iteration,False,True,False,False,False,
StressFresh100,StressFresh100_T000005,f2c90e9810fed1bc40c2b8dcafd192a64d5366e8d60e71e5d83e9069a92d0cf6,10,productive,productive_iteration,False,True,False,False,False,
StressFresh100,StressFresh100_T000005,f2c90e9810fed1bc40c2b8dcafd192a64d5366e8d60e71e5d83e9069a92d0cf6,11,productive,productive_iteration,False,True,False,False,False,
StressFresh100,StressFresh100_T000005,f2c90e9810fed1bc40c2b8dcafd192a64d5366e8d60e71e5d83e9069a92d0cf6,12,stagnant,unproductive_cycle,False,False,True,False,False,
StressFresh100,StressFresh100_T000005,f2c90e9810fed1bc40c2b8dcafd192a64d5366e8d60e71e5d83e9069a92d0cf6,13,stagnant,unproductive_cycle,False,False,True,False,False,
StressFresh100,StressFresh100_T000005,f2c90e9810fed1bc40c2b8dcafd192a64d5366e8d60e71e5d83e9069a92d0cf6,14,stagnant,unproductive_cycle,False,False,True,False,False,
StressFresh100,StressFresh100_T000005,f2c90e9810fed1bc40c2b8dcafd192a64d5366e8d60e71e5d83e9069a92d0cf6,15,stagnant,unproductive_cycle,False,False,True,False,False,
StressFresh100,StressFresh100_T000005,f2c90e9810fed1bc40c2b8dcafd192a64d5366e8d60e71e5d83e9069a92d0cf6,16,stagnant,unproductive_cycle,False,False,True,False,False,
StressFresh100,StressFresh100_T000005,f2c90e9810fed1bc40c2b8dcafd192a64d5366e8d60e71e5d83e9069a92d0cf6,17,stagnant,unproductive_cycle,False,False,True,False,False,
StressFresh100,StressFresh100_T000005,f2c90e9810fed1bc40c2b8dcafd192a64d5366e8d60e71e5d83e9069a92d0cf6,18,stagnant,unproductive_cycle,False,False,True,False,False,
StressFresh100,StressFresh100_T000005,f2c90e9810fed1bc40c2b8dcafd192a64d5366e8d60e71e5d83e9069a92d0cf6,19,stagnant,unproductive_cycle,False,False,True,False,False,
StressFresh100,StressFresh100_T000005,f2c90e9810fed1bc40c2b8dcafd192a64d5366e8d60e71e5d83e9069a92d0cf6,20,stagnant,unproductive_cycle,False,False,True,False,False,
StressFresh100,StressFresh100_T000005,f2c90e9810fed1bc40c2b8dcafd192a64d5366e8d60e71e5d83e9069a92d0cf6,21,stagnant,unproductive_cycle,False,False,True,False,False,
StressFresh100,StressFresh100_T000005,f2c90e9810fed1bc40c2b8dcafd192a64d5366e8d60e71e5d83e9069a92d0cf6,22,stagnant,unproductive_cycle,False,False,True,False,False,
StressFresh100,StressFresh100_T000005,f2c90e9810fed1bc40c2b8dcafd192a64d5366e8d60e71e5d83e9069a92d0cf6,23,stagnant,unproductive_cycle,False,False,True,False,False,
StressFresh100,StressFresh100_T000005,f2c90e9810fed1bc40c2b8dcafd192a64d5366e8d60e71e5d83e9069a92d0cf6,24,stagnant,unproductive_cycle,False,False,True,False,False,
StressFresh100,StressFresh100_T000005,f2c90e9810fed1bc40c2b8dcafd192a64d5366e8d60e71e5d83e9069a92d0cf6,25,stagnant,unproductive_cycle,False,False,True,False,False,
StressFresh100,StressFresh100_T000005,f2c90e9810fed1bc40c2b8dcafd192a64d5366e8d60e71e5d83e9069a92d0cf6,26,stagnant,unproductive_cycle,False,False,True,False,False,
StressFresh100,StressFresh100_T000005,f2c90e9810fed1bc40c2b8dcafd192a64d5366e8d60e71e5d83e9069a92d0cf6,27,stagnant,unproductive_cycle,False,False,True,False,False,
StressFresh100,StressFresh100_T000005,f2c90e9810fed1bc40c2b8dcafd192a64d5366e8d60e71e5d83e9069a92d0cf6,28,stagnant,unproductive_cycle,False,False,True,False,False,
StressFresh100,StressFresh100_T000005,f2c90e9810fed1bc40c2b8dcafd192a64d5366e8d60e71e5d83e9069a92d0cf6,29,stagnant,unproductive_cycle,False,False,True,False,False,
StressFresh100,StressFresh100_T000005,f2c90e9810fed1bc40c2b8dcafd192a64d5366e8d60e71e5d83e9069a92d0cf6,30,stagnant,unproductive_cycle,False,False,True,False,False,
StressFresh100,StressFresh100_T000005,f2c90e9810fed1bc40c2b8dcafd192a64d5366e8d60e71e5d83e9069a92d0cf6,31,stagnant,unproductive_cycle,False,False,True,False,False,
StressFresh100,StressFresh100_T000005,f2c90e9810fed1bc40c2b8dcafd192a64d5366e8d60e71e5d83e9069a92d0cf6,32,stagnant,unproductive_cycle,False,False,True,False,False,
StressFresh100,StressFresh100_T000005,f2c90e9810fed1bc40c2b8dcafd192a64d5366e8d60e71e5d83e9069a92d0cf6,33,stagnant,unproductive_cycle,False,False,True,False,False,
StressFresh100,StressFresh100_T000005,f2c90e9810fed1bc40c2b8dcafd192a64d5366e8d60e71e5d83e9069a92d0cf6,34,stagnant,unproductive_cycle,False,False,True,False,False,
StressFresh100,StressFresh100_T000006,b4fe28667a7430dd92d6e1dad1558460d71bb4ba32ae926a2205bc13b453052d,0,productive,none,False,False,False,False,False,
StressFresh100,StressFresh100_T000006,b4fe28667a7430dd92d6e1dad1558460d71bb4ba32ae926a2205bc13b453052d,1,productive,none,False,False,False,False,False,
StressFresh100,StressFresh100_T000006,b4fe28667a7430dd92d6e1dad1558460d71bb4ba32ae926a2205bc13b453052d,2,productive,none,False,False,False,False,False,
StressFresh100,StressFresh100_T000006,b4fe28667a7430dd92d6e1dad1558460d71bb4ba32ae926a2205bc13b453052d,3,uncertain,none,False,False,False,True,False,
StressFresh100,StressFresh100_T000006,b4fe28667a7430dd92d6e1dad1558460d71bb4ba32ae926a2205bc13b453052d,4,productive,none,False,False,False,False,False,
StressFresh100,StressFresh100_T000006,b4fe28667a7430dd92d6e1dad1558460d71bb4ba32ae926a2205bc13b453052d,5,stagnant,unproductive_cycle,False,False,True,False,False,
StressFresh100,StressFresh100_T000006,b4fe28667a7430dd92d6e1dad1558460d71bb4ba32ae926a2205bc13b453052d,6,productive,none,False,False,False,False,False,
StressFresh100,StressFresh100_T000006,b4fe28667a7430dd92d6e1dad1558460d71bb4ba32ae926a2205bc13b453052d,7,stagnant,unproductive_cycle,False,False,True,False,False,
StressFresh100,StressFresh100_T000006,b4fe28667a7430dd92d6e1dad1558460d71bb4ba32ae926a2205bc13b453052d,8,stagnant,unproductive_cycle,False,False,True,False,False,
StressFresh100,StressFresh100_T000006,b4fe28667a7430dd92d6e1dad1558460d71bb4ba32ae926a2205bc13b453052d,9,stagnant,unproductive_cycle,False,False,True,False,False,
StressFresh100,StressFresh100_T000006,b4fe28667a7430dd92d6e1dad1558460d71bb4ba32ae926a2205bc13b453052d,10,stagnant,unproductive_cycle,False,False,True,False,False,
StressFresh100,StressFresh100_T000006,b4fe28667a7430dd92d6e1dad1558460d71bb4ba32ae926a2205bc13b453052d,11,stagnant,unproductive_cycle,False,False,True,False,False,
StressFresh100,StressFresh100_T000006,b4fe28667a7430dd92d6e1dad1558460d71bb4ba32ae926a2205bc13b453052d,12,stagnant,unproductive_cycle,False,False,True,False,False,
StressFresh100,StressFresh100_T000006,b4fe28667a7430dd92d6e1dad1558460d71bb4ba32ae926a2205bc13b453052d,13,productive,none,False,False,False,False,False,
StressFresh100,StressFresh100_T000006,b4fe28667a7430dd92d6e1dad1558460d71bb4ba32ae926a2205bc13b453052d,14,stagnant,unproductive_cycle,False,False,True,False,False,
StressFresh100,StressFresh100_T000006,b4fe28667a7430dd92d6e1dad1558460d71bb4ba32ae926a2205bc13b453052d,15,stagnant,unproductive_cycle,False,False,True,False,False,
StressFresh100,StressFresh100_T000006,b4fe28667a7430dd92d6e1dad1558460d71bb4ba32ae926a2205bc13b453052d,16,stagnant,unproductive_cycle,False,False,True,False,False,
StressFresh100,StressFresh100_T000006,b4fe28667a7430dd92d6e1dad1558460d71bb4ba32ae926a2205bc13b453052d,17,stagnant,unproductive_cycle,False,False,True,False,False,
StressFresh100,StressFresh100_T000006,b4fe28667a7430dd92d6e1dad1558460d71bb4ba32ae926a2205bc13b453052d,18,stagnant,unproductive_cycle,False,False,True,False,False,
StressFresh100,StressFresh100_T000006,b4fe28667a7430dd92d6e1dad1558460d71bb4ba32ae926a2205bc13b453052d,19,stagnant,unproductive_cycle,False,False,True,False,False,
StressFresh100,StressFresh100_T000006,b4fe28667a7430dd92d6e1dad1558460d71bb4ba32ae926a2205bc13b453052d,20,stagnant,unproductive_cycle,False,False,True,False,False,
StressFresh100,StressFresh100_T000006,b4fe28667a7430dd92d6e1dad1558460d71bb4ba32ae926a2205bc13b453052d,21,stagnant,unproductive_cycle,False,False,True,False,False,
StressFresh100,StressFresh100_T000006,b4fe28667a7430dd92d6e1dad1558460d71bb4ba32ae926a2205bc13b453052d,22,stagnant,unproductive_cycle,False,False,True,False,False,
StressFresh100,StressFresh100_T000006,b4fe28667a7430dd92d6e1dad1558460d71bb4ba32ae926a2205bc13b453052d,23,stagnant,unproductive_cycle,False,False,True,False,False,
StressFresh100,StressFresh100_T000006,b4fe28667a7430dd92d6e1dad1558460d71bb4ba32ae926a2205bc13b453052d,24,stagnant,unproductive_cycle,False,False,True,False,False,
StressFresh100,StressFresh100_T000006,b4fe28667a7430dd92d6e1dad1558460d71bb4ba32ae926a2205bc13b453052d,25,stagnant,unproductive_cycle,False,False,True,False,False,
StressFresh100,StressFresh100_T000006,b4fe28667a7430dd92d6e1dad1558460d71bb4ba32ae926a2205bc13b453052d,26,stagnant,unproductive_cycle,False,False,True,False,False,
StressFresh100,StressFresh100_T000006,b4fe28667a7430dd92d6e1dad1558460d71bb4ba32ae926a2205bc13b453052d,27,stagnant,unproductive_cycle,False,False,True,False,False,
StressFresh100,StressFresh100_T000006,b4fe28667a7430dd92d6e1dad1558460d71bb4ba32ae926a2205bc13b453052d,28,stagnant,unproductive_cycle,False,False,True,False,False,
StressFresh100,StressFresh100_T000006,b4fe28667a7430dd92d6e1dad1558460d71bb4ba32ae926a2205bc13b453052d,29,stagnant,unproductive_cycle,False,False,True,False,False,
StressFresh100,StressFresh100_T000006,b4fe28667a7430dd92d6e1dad1558460d71bb4ba32ae926a2205bc13b453052d,30,stagnant,unproductive_cycle,False,False,True,False,False,
StressFresh100,StressFresh100_T000006,b4fe28667a7430dd92d6e1dad1558460d71bb4ba32ae926a2205bc13b453052d,31,stagnant,unproductive_cycle,False,False,True,False,False,
StressFresh100,StressFresh100_T000006,b4fe28667a7430dd92d6e1dad1558460d71bb4ba32ae926a2205bc13b453052d,32,stagnant,unproductive_cycle,False,False,True,False,False,
StressFresh100,StressFresh100_T000006,b4fe28667a7430dd92d6e1dad1558460d71bb4ba32ae926a2205bc13b453052d,33,stagnant,unproductive_cycle,False,False,True,False,False,
StressFresh100,StressFresh100_T000006,b4fe28667a7430dd92d6e1dad1558460d71bb4ba32ae926a2205bc13b453052d,34,stagnant,unproductive_cycle,False,False,True,False,False,
StressFresh100,StressFresh100_T000006,b4fe28667a7430dd92d6e1dad1558460d71bb4ba32ae926a2205bc13b453052d,35,stagnant,unproductive_cycle,False,False,True,False,False,
StressFresh100,StressFresh100_T000006,b4fe28667a7430dd92d6e1dad1558460d71bb4ba32ae926a2205bc13b453052d,36,stagnant,unproductive_cycle,False,False,True,False,False,
StressFresh100,StressFresh100_T000006,b4fe28667a7430dd92d6e1dad1558460d71bb4ba32ae926a2205bc13b453052d,37,stagnant,unproductive_cycle,False,False,True,False,False,
StressFresh100,StressFresh100_T000006,b4fe28667a7430dd92d6e1dad1558460d71bb4ba32ae926a2205bc13b453052d,38,stagnant,unproductive_cycle,False,False,True,False,False,
StressFresh100,StressFresh100_T000006,b4fe28667a7430dd92d6e1dad1558460d71bb4ba32ae926a2205bc13b453052d,39,stagnant,unproductive_cycle,False,False,True,False,False,
StressFresh100,StressFresh100_T000006,b4fe28667a7430dd92d6e1dad1558460d71bb4ba32ae926a2205bc13b453052d,40,stagnant,unproductive_cycle,False,False,True,False,False,
StressFresh100,StressFresh100_T000006,b4fe28667a7430dd92d6e1dad1558460d71bb4ba32ae926a2205bc13b453052d,41,stagnant,unproductive_cycle,False,False,True,False,False,
StressFresh100,StressFresh100_T000006,b4fe28667a7430dd92d6e1dad1558460d71bb4ba32ae926a2205bc13b453052d,42,stagnant,unproductive_cycle,False,False,True,False,False,
StressFresh100,StressFresh100_T000006,b4fe28667a7430dd92d6e1dad1558460d71bb4ba32ae926a2205bc13b453052d,43,stagnant,unproductive_cycle,False,False,True,False,False,
StressFresh100,StressFresh100_T000006,b4fe28667a7430dd92d6e1dad1558460d71bb4ba32ae926a2205bc13b453052d,44,stagnant,unproductive_cycle,False,False,True,False,False,
StressFresh100,StressFresh100_T000006,b4fe28667a7430dd92d6e1dad1558460d71bb4ba32ae926a2205bc13b453052d,45,stagnant,unproductive_cycle,False,False,True,False,False,
StressFresh100,StressFresh100_T000006,b4fe28667a7430dd92d6e1dad1558460d71bb4ba32ae926a2205bc13b453052d,46,stagnant,unproductive_cycle,False,False,True,False,False,
StressFresh100,StressFresh100_T000006,b4fe28667a7430dd92d6e1dad1558460d71bb4ba32ae926a2205bc13b453052d,47,stagnant,unproductive_cycle,False,False,True,False,False,
StressFresh100,StressFresh100_T000006,b4fe28667a7430dd92d6e1dad1558460d71bb4ba32ae926a2205bc13b453052d,48,stagnant,unproductive_cycle,False,False,True,False,False,
StressFresh100,StressFresh100_T000006,b4fe28667a7430dd92d6e1dad1558460d71bb4ba32ae926a2205bc13b453052d,49,stagnant,unproductive_cycle,False,False,True,False,False,
StressFresh100,StressFresh100_T000006,b4fe28667a7430dd92d6e1dad1558460d71bb4ba32ae926a2205bc13b453052d,50,stagnant,unproductive_cycle,False,False,True,False,False,
StressFresh100,StressFresh100_T000006,b4fe28667a7430dd92d6e1dad1558460d71bb4ba32ae926a2205bc13b453052d,51,stagnant,unproductive_cycle,False,False,True,False,False,
StressFresh100,StressFresh100_T000006,b4fe28667a7430dd92d6e1dad1558460d71bb4ba32ae926a2205bc13b453052d,52,stagnant,unproductive_cycle,False,False,True,False,False,
StressFresh100,StressFresh100_T000006,b4fe28667a7430dd92d6e1dad1558460d71bb4ba32ae926a2205bc13b453052d,53,stagnant,unproductive_cycle,False,False,True,False,False,
StressFresh100,StressFresh100_T000006,b4fe28667a7430dd92d6e1dad1558460d71bb4ba32ae926a2205bc13b453052d,54,stagnant,unproductive_cycle,False,False,True,False,False,
StressFresh100,StressFresh100_T000006,b4fe28667a7430dd92d6e1dad1558460d71bb4ba32ae926a2205bc13b453052d,55,stagnant,unproductive_cycle,False,False,True,False,False,
StressFresh100,StressFresh100_T000006,b4fe28667a7430dd92d6e1dad1558460d71bb4ba32ae926a2205bc13b453052d,56,stagnant,unproductive_cycle,False,False,True,False,False,
StressFresh100,StressFresh100_T000006,b4fe28667a7430dd92d6e1dad1558460d71bb4ba32ae926a2205bc13b453052d,57,stagnant,unproductive_cycle,False,False,True,False,False,
StressFresh100,StressFresh100_T000006,b4fe28667a7430dd92d6e1dad1558460d71bb4ba32ae926a2205bc13b453052d,58,stagnant,unproductive_cycle,False,False,True,False,False,
StressFresh100,StressFresh100_T000006,b4fe28667a7430dd92d6e1dad1558460d71bb4ba32ae926a2205bc13b453052d,59,stagnant,unproductive_cycle,False,False,True,False,False,
StressFresh100,StressFresh100_T000006,b4fe28667a7430dd92d6e1dad1558460d71bb4ba32ae926a2205bc13b453052d,60,stagnant,unproductive_cycle,False,False,True,False,False,
StressFresh100,StressFresh100_T000006,b4fe28667a7430dd92d6e1dad1558460d71bb4ba32ae926a2205bc13b453052d,61,stagnant,unproductive_cycle,False,False,True,False,False,
StressFresh100,StressFresh100_T000006,b4fe28667a7430dd92d6e1dad1558460d71bb4ba32ae926a2205bc13b453052d,62,stagnant,unproductive_cycle,False,False,True,False,False,
StressFresh100,StressFresh100_T000006,b4fe28667a7430dd92d6e1dad1558460d71bb4ba32ae926a2205bc13b453052d,63,stagnant,unproductive_cycle,False,False,True,False,False,
StressFresh100,StressFresh100_T000006,b4fe28667a7430dd92d6e1dad1558460d71bb4ba32ae926a2205bc13b453052d,64,stagnant,unproductive_cycle,False,False,True,False,False,
StressFresh100,StressFresh100_T000006,b4fe28667a7430dd92d6e1dad1558460d71bb4ba32ae926a2205bc13b453052d,65,stagnant,unproductive_cycle,False,False,True,False,False,
StressFresh100,StressFresh100_T000013,224fa0cbadaac13958575d095b834d3cff5b3f937c2e7e665899d8952b62865c,0,productive,none,False,False,False,False,False,
StressFresh100,StressFresh100_T000013,224fa0cbadaac13958575d095b834d3cff5b3f937c2e7e665899d8952b62865c,1,productive,none,False,False,False,False,False,
StressFresh100,StressFresh100_T000013,224fa0cbadaac13958575d095b834d3cff5b3f937c2e7e665899d8952b62865c,2,productive,none,False,False,False,False,False,
StressFresh100,StressFresh100_T000013,224fa0cbadaac13958575d095b834d3cff5b3f937c2e7e665899d8952b62865c,3,stagnant,unproductive_cycle,False,False,True,False,False,
StressFresh100,StressFresh100_T000013,224fa0cbadaac13958575d095b834d3cff5b3f937c2e7e665899d8952b62865c,4,productive,productive_iteration,False,True,False,False,False,
StressFresh100,StressFresh100_T000013,224fa0cbadaac13958575d095b834d3cff5b3f937c2e7e665899d8952b62865c,5,stagnant,unproductive_cycle,False,False,True,False,False,
StressFresh100,StressFresh100_T000013,224fa0cbadaac13958575d095b834d3cff5b3f937c2e7e665899d8952b62865c,6,stagnant,unproductive_cycle,False,False,True,False,False,
StressFresh100,StressFresh100_T000013,224fa0cbadaac13958575d095b834d3cff5b3f937c2e7e665899d8952b62865c,7,productive,productive_iteration,False,True,False,False,False,
StressFresh100,StressFresh100_T000013,224fa0cbadaac13958575d095b834d3cff5b3f937c2e7e665899d8952b62865c,8,productive,productive_iteration,False,True,False,False,False,
StressFresh100,StressFresh100_T000013,224fa0cbadaac13958575d095b834d3cff5b3f937c2e7e665899d8952b62865c,9,productive,none,False,False,False,False,False,
StressFresh100,StressFresh100_T000016,57c05fee43398a84d9d86e6ecb80ce4c5714fdc282e5c54279e527038d4b7013,0,productive,productive_iteration,False,True,False,False,False,
StressFresh100,StressFresh100_T000016,57c05fee43398a84d9d86e6ecb80ce4c5714fdc282e5c54279e527038d4b7013,1,productive,productive_iteration,False,True,False,False,False,
StressFresh100,StressFresh100_T000016,57c05fee43398a84d9d86e6ecb80ce4c5714fdc282e5c54279e527038d4b7013,2,productive,productive_iteration,False,True,False,False,False,
StressFresh100,StressFresh100_T000016,57c05fee43398a84d9d86e6ecb80ce4c5714fdc282e5c54279e527038d4b7013,3,productive,productive_iteration,False,True,False,False,False,
StressFresh100,StressFresh100_T000016,57c05fee43398a84d9d86e6ecb80ce4c5714fdc282e5c54279e527038d4b7013,4,productive,productive_iteration,False,True,False,False,False,
StressFresh100,StressFresh100_T000016,57c05fee43398a84d9d86e6ecb80ce4c5714fdc282e5c54279e527038d4b7013,5,productive,productive_iteration,False,True,False,False,False,
StressFresh100,StressFresh100_T000016,57c05fee43398a84d9d86e6ecb80ce4c5714fdc282e5c54279e527038d4b7013,6,productive,productive_iteration,False,True,False,False,False,
StressFresh100,StressFresh100_T000016,57c05fee43398a84d9d86e6ecb80ce4c5714fdc282e5c54279e527038d4b7013,7,productive,productive_iteration,False,True,False,False,False,
StressFresh100,StressFresh100_T000016,57c05fee43398a84d9d86e6ecb80ce4c5714fdc282e5c54279e527038d4b7013,8,productive,productive_iteration,False,True,False,False,False,
StressFresh100,StressFresh100_T000016,57c05fee43398a84d9d86e6ecb80ce4c5714fdc282e5c54279e527038d4b7013,9,stagnant,unproductive_cycle,False,False,True,False,False,
StressFresh100,StressFresh100_T000016,57c05fee43398a84d9d86e6ecb80ce4c5714fdc282e5c54279e527038d4b7013,10,stagnant,unproductive_cycle,False,False,True,False,False,
StressFresh100,StressFresh100_T000016,57c05fee43398a84d9d86e6ecb80ce4c5714fdc282e5c54279e527038d4b7013,11,stagnant,unproductive_cycle,False,False,True,False,False,
StressFresh100,StressFresh100_T000016,57c05fee43398a84d9d86e6ecb80ce4c5714fdc282e5c54279e527038d4b7013,12,stagnant,unproductive_cycle,False,False,True,False,False,
StressFresh100,StressFresh100_T000016,57c05fee43398a84d9d86e6ecb80ce4c5714fdc282e5c54279e527038d4b7013,13,stagnant,unproductive_cycle,False,False,True,False,False,
StressFresh100,StressFresh100_T000016,57c05fee43398a84d9d86e6ecb80ce4c5714fdc282e5c54279e527038d4b7013,14,stagnant,unproductive_cycle,False,False,True,False,False,
StressFresh100,StressFresh100_T000016,57c05fee43398a84d9d86e6ecb80ce4c5714fdc282e5c54279e527038d4b7013,15,stagnant,unproductive_cycle,False,False,True,False,False,
StressFresh100,StressFresh100_T000016,57c05fee43398a84d9d86e6ecb80ce4c5714fdc282e5c54279e527038d4b7013,16,productive,productive_iteration,False,True,False,False,False,
StressFresh100,StressFresh100_T000016,57c05fee43398a84d9d86e6ecb80ce4c5714fdc282e5c54279e527038d4b7013,17,productive,productive_iteration,False,True,False,False,False,
StressFresh100,StressFresh100_T000016,57c05fee43398a84d9d86e6ecb80ce4c5714fdc282e5c54279e527038d4b7013,18,stagnant,unproductive_cycle,False,False,True,False,False,
StressFresh100,StressFresh100_T000016,57c05fee43398a84d9d86e6ecb80ce4c5714fdc282e5c54279e527038d4b7013,19,stagnant,unproductive_cycle,False,False,True,False,False,
StressFresh100,StressFresh100_T000016,57c05fee43398a84d9d86e6ecb80ce4c5714fdc282e5c54279e527038d4b7013,20,stagnant,unproductive_cycle,False,False,True,False,False,
StressFresh100,StressFresh100_T000016,57c05fee43398a84d9d86e6ecb80ce4c5714fdc282e5c54279e527038d4b7013,21,stagnant,unproductive_cycle,False,False,True,False,False,
StressFresh100,StressFresh100_T000016,57c05fee43398a84d9d86e6ecb80ce4c5714fdc282e5c54279e527038d4b7013,22,stagnant,unproductive_cycle,False,False,True,False,False,
StressFresh100,StressFresh100_T000016,57c05fee43398a84d9d86e6ecb80ce4c5714fdc282e5c54279e527038d4b7013,23,stagnant,unproductive_cycle,False,False,True,False,False,
StressFresh100,StressFresh100_T000016,57c05fee43398a84d9d86e6ecb80ce4c5714fdc282e5c54279e527038d4b7013,24,stagnant,unproductive_cycle,False,False,True,False,False,
StressFresh100,StressFresh100_T000016,57c05fee43398a84d9d86e6ecb80ce4c5714fdc282e5c54279e527038d4b7013,25,stagnant,unproductive_cycle,False,False,True,False,False,
StressFresh100,StressFresh100_T000016,57c05fee43398a84d9d86e6ecb80ce4c5714fdc282e5c54279e527038d4b7013,26,stagnant,unproductive_cycle,False,False,True,False,False,
StressFresh100,StressFresh100_T000016,57c05fee43398a84d9d86e6ecb80ce4c5714fdc282e5c54279e527038d4b7013,27,stagnant,unproductive_cycle,False,False,True,False,False,
StressFresh100,StressFresh100_T000016,57c05fee43398a84d9d86e6ecb80ce4c5714fdc282e5c54279e527038d4b7013,28,stagnant,unproductive_cycle,False,False,True,False,False,
StressFresh100,StressFresh100_T000016,57c05fee43398a84d9d86e6ecb80ce4c5714fdc282e5c54279e527038d4b7013,29,stagnant,unproductive_cycle,False,False,True,False,False,
StressFresh100,StressFresh100_T000016,57c05fee43398a84d9d86e6ecb80ce4c5714fdc282e5c54279e527038d4b7013,30,stagnant,unproductive_cycle,False,False,True,False,False,
StressFresh100,StressFresh100_T000016,57c05fee43398a84d9d86e6ecb80ce4c5714fdc282e5c54279e527038d4b7013,31,stagnant,unproductive_cycle,False,False,True,False,False,
StressFresh100,StressFresh100_T000019,45692b306dfd8b9db79b0d88c36b4aebce30159f1bd7846932b91884aabfacd1,0,productive,none,False,False,False,False,False,
StressFresh100,StressFresh100_T000019,45692b306dfd8b9db79b0d88c36b4aebce30159f1bd7846932b91884aabfacd1,1,productive,none,False,False,False,False,False,
StressFresh100,StressFresh100_T000019,45692b306dfd8b9db79b0d88c36b4aebce30159f1bd7846932b91884aabfacd1,2,productive,none,False,False,False,False,False,
StressFresh100,StressFresh100_T000019,45692b306dfd8b9db79b0d88c36b4aebce30159f1bd7846932b91884aabfacd1,3,productive,none,False,False,False,False,False,
StressFresh100,StressFresh100_T000019,45692b306dfd8b9db79b0d88c36b4aebce30159f1bd7846932b91884aabfacd1,4,productive,none,False,False,False,False,False,
StressFresh100,StressFresh100_T000019,45692b306dfd8b9db79b0d88c36b4aebce30159f1bd7846932b91884aabfacd1,5,productive,none,False,False,False,False,False,
StressFresh100,StressFresh100_T000019,45692b306dfd8b9db79b0d88c36b4aebce30159f1bd7846932b91884aabfacd1,6,productive,none,False,False,False,False,False,
StressFresh100,StressFresh100_T000019,45692b306dfd8b9db79b0d88c36b4aebce30159f1bd7846932b91884aabfacd1,7,productive,none,False,False,False,False,False,
StressFresh100,StressFresh100_T000019,45692b306dfd8b9db79b0d88c36b4aebce30159f1bd7846932b91884aabfacd1,8,productive,productive_iteration,False,True,False,False,False,
StressFresh100,StressFresh100_T000019,45692b306dfd8b9db79b0d88c36b4aebce30159f1bd7846932b91884aabfacd1,9,stagnant,unproductive_cycle,False,False,True,False,False,
StressFresh100,StressFresh100_T000019,45692b306dfd8b9db79b0d88c36b4aebce30159f1bd7846932b91884aabfacd1,10,productive,productive_iteration,False,True,False,False,False,
StressFresh100,StressFresh100_T000019,45692b306dfd8b9db79b0d88c36b4aebce30159f1bd7846932b91884aabfacd1,11,productive,productive_iteration,False,True,False,False,False,
StressFresh100,StressFresh100_T000019,45692b306dfd8b9db79b0d88c36b4aebce30159f1bd7846932b91884aabfacd1,12,stagnant,unproductive_cycle,False,False,True,False,False,
StressFresh100,StressFresh100_T000019,45692b306dfd8b9db79b0d88c36b4aebce30159f1bd7846932b91884aabfacd1,13,productive,productive_iteration,False,True,False,False,False,
StressFresh100,StressFresh100_T000019,45692b306dfd8b9db79b0d88c36b4aebce30159f1bd7846932b91884aabfacd1,14,productive,productive_iteration,False,True,False,False,False,
StressFresh100,StressFresh100_T000019,45692b306dfd8b9db79b0d88c36b4aebce30159f1bd7846932b91884aabfacd1,15,productive,productive_iteration,False,True,False,False,False,
StressFresh100,StressFresh100_T000019,45692b306dfd8b9db79b0d88c36b4aebce30159f1bd7846932b91884aabfacd1,16,productive,productive_iteration,False,True,False,False,False,
StressFresh100,StressFresh100_T000019,45692b306dfd8b9db79b0d88c36b4aebce30159f1bd7846932b91884aabfacd1,17,stagnant,unproductive_cycle,False,False,True,False,False,
StressFresh100,StressFresh100_T000019,45692b306dfd8b9db79b0d88c36b4aebce30159f1bd7846932b91884aabfacd1,18,stagnant,unproductive_cycle,False,False,True,False,False,
StressFresh100,StressFresh100_T000019,45692b306dfd8b9db79b0d88c36b4aebce30159f1bd7846932b91884aabfacd1,19,stagnant,unproductive_cycle,False,False,True,False,False,
StressFresh100,StressFresh100_T000019,45692b306dfd8b9db79b0d88c36b4aebce30159f1bd7846932b91884aabfacd1,20,stagnant,unproductive_cycle,False,False,True,False,False,
StressFresh100,StressFresh100_T000019,45692b306dfd8b9db79b0d88c36b4aebce30159f1bd7846932b91884aabfacd1,21,stagnant,unproductive_cycle,False,False,True,False,False,
StressFresh100,StressFresh100_T000019,45692b306dfd8b9db79b0d88c36b4aebce30159f1bd7846932b91884aabfacd1,22,productive,productive_iteration,False,True,False,False,False,
StressFresh100,StressFresh100_T000020,c88628ac07d356bee07bdaaacf483119bfa4a26673742164909e08c445686e41,0,productive,productive_iteration,False,True,False,False,False,
StressFresh100,StressFresh100_T000020,c88628ac07d356bee07bdaaacf483119bfa4a26673742164909e08c445686e41,1,productive,productive_iteration,False,True,False,False,False,
StressFresh100,StressFresh100_T000020,c88628ac07d356bee07bdaaacf483119bfa4a26673742164909e08c445686e41,2,productive,productive_iteration,False,True,False,False,False,
StressFresh100,StressFresh100_T000020,c88628ac07d356bee07bdaaacf483119bfa4a26673742164909e08c445686e41,3,productive,productive_iteration,False,True,False,False,False,
StressFresh100,StressFresh100_T000020,c88628ac07d356bee07bdaaacf483119bfa4a26673742164909e08c445686e41,4,productive,productive_iteration,False,True,False,False,False,
StressFresh100,StressFresh100_T000020,c88628ac07d356bee07bdaaacf483119bfa4a26673742164909e08c445686e41,5,productive,productive_iteration,False,True,False,False,False,
StressFresh100,StressFresh100_T000020,c88628ac07d356bee07bdaaacf483119bfa4a26673742164909e08c445686e41,6,stagnant,none,False,False,False,False,False,
StressFresh100,StressFresh100_T000020,c88628ac07d356bee07bdaaacf483119bfa4a26673742164909e08c445686e41,7,productive,productive_iteration,False,True,False,False,False,
StressFresh100,StressFresh100_T000020,c88628ac07d356bee07bdaaacf483119bfa4a26673742164909e08c445686e41,8,productive,productive_iteration,False,True,False,False,False,
StressFresh100,StressFresh100_T000020,c88628ac07d356bee07bdaaacf483119bfa4a26673742164909e08c445686e41,9,stagnant,none,False,False,False,False,False,
StressFresh100,StressFresh100_T000020,c88628ac07d356bee07bdaaacf483119bfa4a26673742164909e08c445686e41,10,productive,productive_iteration,False,True,False,False,False,
StressFresh100,StressFresh100_T000020,c88628ac07d356bee07bdaaacf483119bfa4a26673742164909e08c445686e41,11,stagnant,unproductive_cycle,False,False,True,False,False,
StressFresh100,StressFresh100_T000020,c88628ac07d356bee07bdaaacf483119bfa4a26673742164909e08c445686e41,12,stagnant,unproductive_cycle,False,False,True,False,False,
StressFresh100,StressFresh100_T000020,c88628ac07d356bee07bdaaacf483119bfa4a26673742164909e08c445686e41,13,productive,productive_iteration,False,True,False,False,False,
StressFresh100,StressFresh100_T000020,c88628ac07d356bee07bdaaacf483119bfa4a26673742164909e08c445686e41,14,productive,productive_iteration,False,True,False,False,False,
StressFresh100,StressFresh100_T000020,c88628ac07d356bee07bdaaacf483119bfa4a26673742164909e08c445686e41,15,productive,productive_iteration,False,True,False,False,False,
StressFresh100,StressFresh100_T000020,c88628ac07d356bee07bdaaacf483119bfa4a26673742164909e08c445686e41,16,productive,productive_iteration,False,True,False,False,False,
StressFresh100,StressFresh100_T000020,c88628ac07d356bee07bdaaacf483119bfa4a26673742164909e08c445686e41,17,stagnant,unproductive_cycle,False,False,True,False,False,
StressFresh100,StressFresh100_T000020,c88628ac07d356bee07bdaaacf483119bfa4a26673742164909e08c445686e41,18,stagnant,unproductive_cycle,False,False,True,False,False,
StressFresh100,StressFresh100_T000020,c88628ac07d356bee07bdaaacf483119bfa4a26673742164909e08c445686e41,19,productive,productive_iteration,False,True,False,False,False,
StressFresh100,StressFresh100_T000020,c88628ac07d356bee07bdaaacf483119bfa4a26673742164909e08c445686e41,20,productive,productive_iteration,False,True,False,False,False,
StressFresh100,StressFresh100_T000020,c88628ac07d356bee07bdaaacf483119bfa4a26673742164909e08c445686e41,21,productive,productive_iteration,False,True,False,False,False,
StressFresh100,StressFresh100_T000020,c88628ac07d356bee07bdaaacf483119bfa4a26673742164909e08c445686e41,22,stagnant,unproductive_cycle,False,False,True,False,False,
StressFresh100,StressFresh100_T000020,c88628ac07d356bee07bdaaacf483119bfa4a26673742164909e08c445686e41,23,stagnant,unproductive_cycle,False,False,True,False,False,
StressFresh100,StressFresh100_T000020,c88628ac07d356bee07bdaaacf483119bfa4a26673742164909e08c445686e41,24,stagnant,unproductive_cycle,False,False,True,False,False,
StressFresh100,StressFresh100_T000020,c88628ac07d356bee07bdaaacf483119bfa4a26673742164909e08c445686e41,25,stagnant,unproductive_cycle,False,False,True,False,False,
StressFresh100,StressFresh100_T000020,c88628ac07d356bee07bdaaacf483119bfa4a26673742164909e08c445686e41,26,stagnant,unproductive_cycle,False,False,True,False,False,
StressFresh100,StressFresh100_T000020,c88628ac07d356bee07bdaaacf483119bfa4a26673742164909e08c445686e41,27,stagnant,unproductive_cycle,False,False,True,False,False,
StressFresh100,StressFresh100_T000020,c88628ac07d356bee07bdaaacf483119bfa4a26673742164909e08c445686e41,28,stagnant,unproductive_cycle,False,False,True,False,False,
StressFresh100,StressFresh100_T000020,c88628ac07d356bee07bdaaacf483119bfa4a26673742164909e08c445686e41,29,stagnant,unproductive_cycle,False,False,True,False,False,
StressFresh100,StressFresh100_T000020,c88628ac07d356bee07bdaaacf483119bfa4a26673742164909e08c445686e41,30,stagnant,unproductive_cycle,False,False,True,False,False,
StressFresh100,StressFresh100_T000020,c88628ac07d356bee07bdaaacf483119bfa4a26673742164909e08c445686e41,31,stagnant,unproductive_cycle,False,False,True,False,False,
StressFresh100,StressFresh100_T000020,c88628ac07d356bee07bdaaacf483119bfa4a26673742164909e08c445686e41,32,stagnant,unproductive_cycle,False,False,True,False,False,
StressFresh100,StressFresh100_T000020,c88628ac07d356bee07bdaaacf483119bfa4a26673742164909e08c445686e41,33,stagnant,unproductive_cycle,False,False,True,False,False,
StressFresh100,StressFresh100_T000020,c88628ac07d356bee07bdaaacf483119bfa4a26673742164909e08c445686e41,34,stagnant,unproductive_cycle,False,False,True,False,False,
StressFresh100,StressFresh100_T000020,c88628ac07d356bee07bdaaacf483119bfa4a26673742164909e08c445686e41,35,stagnant,unproductive_cycle,False,False,True,False,False,
StressFresh100,StressFresh100_T000020,c88628ac07d356bee07bdaaacf483119bfa4a26673742164909e08c445686e41,36,stagnant,unproductive_cycle,False,False,True,False,False,
StressFresh100,StressFresh100_T000020,c88628ac07d356bee07bdaaacf483119bfa4a26673742164909e08c445686e41,37,stagnant,unproductive_cycle,False,False,True,False,False,
